{"type":"FeatureCollection","features":[{"type":"Feature","properties":{"r":295,"k":0,"d":106.1},"geometry":{"type":"MultiPolygon","coordinates":[[[[129.376191,36.2780476],[129.3765073,36.2779409],[129.3767255,36.2778077],[129.3768314,36.2776545],[129.3769274,36.2776342],[129.3769969,36.2776034],[129.3770947,36.277494],[129.3771647,36.2775013],[129.3772477,36.2776447],[129.3771037,36.2777476],[129.376948,36.2779063],[129.3767133,36.2780517],[129.3762693,36.278189],[129.376191,36.2780476]]]]}},{"type":"Feature","properties":{"r":199,"k":0,"d":85.1},"geometry":{"type":"MultiPolygon","coordinates":[[[[129.376322,36.290998],[129.3762357,36.2908195],[129.3763628,36.2907891],[129.3763768,36.2907869],[129.3764479,36.2909666],[129.376322,36.290998]]]]}},{"type":"Feature","properties":{"r":639,"k":0,"d":172.0},"geometry":{"type":"MultiPolygon","coordinates":[[[[129.3739912,36.2906184],[129.3739602,36.2906218],[129.3739272,36.2906284],[129.3739904,36.2905699],[129.3739912,36.2906184]]]]}},{"type":"Feature","properties":{"r":71,"k":0,"d":59.6},"geometry":{"type":"MultiPolygon","coordinates":[[[[129.3740308,36.2865466],[129.3740253,36.2865379],[129.3740131,36.2864564],[129.3741042,36.2864396],[129.3740877,36.2865614],[129.3740607,36.2865474],[129.3740308,36.2865466]]]]}},{"type":"Feature","properties":{"r":262,"k":0,"d":100.6},"geometry":{"type":"MultiPolygon","coordinates":[[[[129.3738978,36.2853275],[129.3738243,36.2852353],[129.3736663,36.2852363],[129.3736682,36.2852322],[129.3737138,36.2852165],[129.3738575,36.2852266],[129.3739065,36.2853133],[129.3738978,36.2853275]]]]}},{"type":"Feature","properties":{"r":802,"k":0,"d":194.3},"geometry":{"type":"MultiPolygon","coordinates":[[[[129.3741154,36.2817014],[129.3741336,36.2816442],[129.3741481,36.2816295],[129.3741782,36.2816308],[129.374188,36.2815824],[129.374257,36.2816072],[129.3741624,36.2817269],[129.3741154,36.2817014]]]]}},{"type":"Feature","properties":{"r":714,"k":0,"d":181.7},"geometry":{"type":"MultiPolygon","coordinates":[[[[129.3727879,36.2861701],[129.3727854,36.28617],[129.3727567,36.2860447],[129.3727602,36.2860421],[129.3727714,36.2861006],[129.3727879,36.2861701]]]]}},{"type":"Feature","properties":{"r":609,"k":0,"d":168.4},"geometry":{"type":"MultiPolygon","coordinates":[[[[129.3733952,36.2840888],[129.3734214,36.2839862],[129.3734782,36.2839931],[129.3734776,36.2839787],[129.373498,36.2839795],[129.3735388,36.2840081],[129.3735205,36.2841071],[129.3733952,36.2840888]]]]}},{"type":"Feature","properties":{"r":666,"k":0,"d":175.5},"geometry":{"type":"MultiPolygon","coordinates":[[[[129.3774875,36.2762434],[129.377323,36.2762663],[129.3772812,36.2761809],[129.3772802,36.2761411],[129.3773175,36.2760095],[129.3773968,36.2758636],[129.3774735,36.2757481],[129.3776203,36.275499],[129.3776496,36.2754194],[129.3778457,36.2754977],[129.3777673,36.2756863],[129.3777292,36.2758046],[129.377673,36.2758651],[129.3775919,36.2759481],[129.3774858,36.2761429],[129.3774875,36.2762434]]]]}},{"type":"Feature","properties":{"r":114,"k":0,"d":68.5},"geometry":{"type":"MultiPolygon","coordinates":[[[[129.3737164,36.2878068],[129.3736106,36.2874229],[129.3738746,36.2873836],[129.3738436,36.2875184],[129.3738053,36.2877918],[129.3737164,36.2878068]]]]}},{"type":"Feature","properties":{"r":21,"k":0,"d":32.6},"geometry":{"type":"MultiPolygon","coordinates":[[[[129.3738866,36.287778],[129.3739656,36.2873699],[129.3742665,36.2873255],[129.374236,36.2874312],[129.3742403,36.2874835],[129.37425,36.2877191],[129.3738866,36.287778]]]]}},{"type":"Feature","properties":{"r":153,"k":0,"d":74.9},"geometry":{"type":"MultiPolygon","coordinates":[[[[129.3743823,36.2845681],[129.3743885,36.284566],[129.3744281,36.2845709],[129.3744264,36.2846004],[129.3743786,36.2845982],[129.3743571,36.2846041],[129.3743565,36.2845782],[129.3743823,36.2845681]]]]}},{"type":"Feature","properties":{"r":517,"k":0,"d":153.8},"geometry":{"type":"MultiPolygon","coordinates":[[[[129.3733118,36.2851026],[129.3732879,36.28509],[129.3733369,36.2850669],[129.3733785,36.2850089],[129.3733597,36.2850544],[129.3733118,36.2851026]]]]}},{"type":"Feature","properties":{"r":361,"k":0,"d":121.6},"geometry":{"type":"MultiPolygon","coordinates":[[[[129.3732595,36.288554],[129.3732899,36.2886826],[129.373067,36.2887176],[129.3730394,36.2885854],[129.3732595,36.288554]]]]}},{"type":"Feature","properties":{"r":96,"k":0,"d":64.8},"geometry":{"type":"MultiPolygon","coordinates":[[[[129.3738655,36.2879004],[129.373788,36.2879138],[129.3738053,36.2877918],[129.3738866,36.287778],[129.3738655,36.2879004]]]]}},{"type":"Feature","properties":{"r":271,"k":0,"d":102.4},"geometry":{"type":"MultiPolygon","coordinates":[[[[129.3737328,36.2894843],[129.3736842,36.2893235],[129.373594,36.2890382],[129.3735606,36.2889156],[129.373525,36.2888121],[129.3734433,36.2885232],[129.3736098,36.2890333],[129.3736692,36.2892269],[129.3737618,36.2894852],[129.3737328,36.2894843]]]]}},{"type":"Feature","properties":{"r":81,"k":0,"d":61.1},"geometry":{"type":"MultiPolygon","coordinates":[[[[129.3767555,36.2790086],[129.3767205,36.279013],[129.3766986,36.278996],[129.3766877,36.2789561],[129.3767254,36.278891],[129.3768627,36.2787381],[129.3769962,36.2785991],[129.3770522,36.2785297],[129.3774102,36.2783708],[129.3775493,36.278269],[129.3767555,36.2790086]]]]}},{"type":"Feature","properties":{"r":432,"k":0,"d":138.0},"geometry":{"type":"MultiPolygon","coordinates":[[[[129.3744662,36.2906357],[129.3744028,36.2906412],[129.3743789,36.2906251],[129.3743831,36.2904785],[129.3744439,36.2904626],[129.3744742,36.2905294],[129.3744762,36.2905394],[129.3744662,36.2906357]]]]}},{"type":"Feature","properties":{"r":543,"k":0,"d":158.0},"geometry":{"type":"MultiPolygon","coordinates":[[[[129.3735996,36.2901081],[129.373462,36.2901539],[129.3734249,36.2901494],[129.3733913,36.2900882],[129.373585,36.2901045],[129.3735996,36.2901081]]]]}},{"type":"Feature","properties":{"r":713,"k":0,"d":181.5},"geometry":{"type":"MultiPolygon","coordinates":[[[[129.3783509,36.2757699],[129.3783067,36.2757863],[129.3783114,36.2756189],[129.3783184,36.2756171],[129.3783506,36.2755491],[129.3783509,36.2757699]]]]}},{"type":"Feature","properties":{"r":795,"k":0,"d":193.5},"geometry":{"type":"MultiPolygon","coordinates":[[[[129.373181,36.2842393],[129.3730345,36.2842658],[129.3730158,36.2842739],[129.373048,36.284113],[129.3731009,36.2841115],[129.3731362,36.2841157],[129.373181,36.2842393]]]]}},{"type":"Feature","properties":{"r":578,"k":0,"d":163.4},"geometry":{"type":"MultiPolygon","coordinates":[[[[129.3758257,36.2916377],[129.3757456,36.2917045],[129.3756167,36.2916269],[129.375509,36.2915073],[129.3754134,36.2914459],[129.3753936,36.2914371],[129.375344,36.2913892],[129.3752024,36.2912301],[129.375231,36.291233],[129.3753938,36.2912723],[129.3755658,36.2913667],[129.3756708,36.2914561],[129.3758257,36.2916377]]]]}},{"type":"Feature","properties":{"r":342,"k":0,"d":117.3},"geometry":{"type":"MultiPolygon","coordinates":[[[[129.3750649,36.2906148],[129.3751651,36.2905917],[129.3751746,36.2906348],[129.3750649,36.2906148]]]]}},{"type":"Feature","properties":{"r":861,"k":0,"d":208.4},"geometry":{"type":"MultiPolygon","coordinates":[[[[129.375237,36.2917016],[129.3752257,36.2917275],[129.3752278,36.2917457],[129.3751999,36.2917529],[129.3750708,36.2917754],[129.3749906,36.2917362],[129.3750065,36.2917124],[129.3748804,36.2916538],[129.3749624,36.2915413],[129.37525,36.2916708],[129.375237,36.2917016]]]]}},{"type":"Feature","properties":{"r":783,"k":0,"d":191.3},"geometry":{"type":"MultiPolygon","coordinates":[[[[129.3736194,36.2832131],[129.373519,36.2831513],[129.3735688,36.2831584],[129.3736194,36.2832131]]]]}},{"type":"Feature","properties":{"r":469,"k":0,"d":145.4},"geometry":{"type":"MultiPolygon","coordinates":[[[[129.3766056,36.2914531],[129.376528,36.2914869],[129.376514,36.2914892],[129.3765051,36.2914958],[129.3764803,36.2914655],[129.3764018,36.2913781],[129.376454,36.2913626],[129.3765523,36.2913233],[129.3765713,36.291348],[129.3766056,36.2914531]]]]}},{"type":"Feature","properties":{"r":317,"k":0,"d":110.8},"geometry":{"type":"MultiPolygon","coordinates":[[[[129.3742056,36.2840659],[129.374184,36.2840362],[129.3742204,36.2840601],[129.3742056,36.2840659]]]]}},{"type":"Feature","properties":{"r":169,"k":0,"d":78.6},"geometry":{"type":"MultiPolygon","coordinates":[[[[129.3744031,36.2845419],[129.3744006,36.2845506],[129.3743714,36.2845654],[129.3743563,36.2845622],[129.374354,36.2845479],[129.3744031,36.2845419]]]]}},{"type":"Feature","properties":{"r":817,"k":0,"d":196.8},"geometry":{"type":"MultiPolygon","coordinates":[[[[129.3722894,36.2885875],[129.3722536,36.2885691],[129.3719612,36.2886142],[129.3719462,36.2885982],[129.3724308,36.2885189],[129.3724352,36.2885403],[129.3723872,36.2885478],[129.3723579,36.2885814],[129.3724695,36.2891259],[129.3723831,36.2890386],[129.3722894,36.2885875]]]]}},{"type":"Feature","properties":{"r":368,"k":0,"d":122.9},"geometry":{"type":"MultiPolygon","coordinates":[[[[129.3765755,36.291292],[129.37653,36.2912995],[129.3764718,36.291328],[129.3763672,36.29117],[129.3765096,36.2911237],[129.3765755,36.291292]]]]}},{"type":"Feature","properties":{"r":92,"k":0,"d":64.4},"geometry":{"type":"MultiPolygon","coordinates":[[[[129.3743215,36.285193],[129.3743407,36.2850956],[129.3743505,36.2851827],[129.3743215,36.285193]]]]}},{"type":"Feature","properties":{"r":362,"k":0,"d":121.8},"geometry":{"type":"MultiPolygon","coordinates":[[[[129.3736876,36.285109],[129.3735849,36.2850939],[129.3736144,36.2849584],[129.3736714,36.2849669],[129.3737485,36.2849655],[129.3737269,36.2850676],[129.3736876,36.285109]]]]}},{"type":"Feature","properties":{"r":195,"k":0,"d":83.9},"geometry":{"type":"MultiPolygon","coordinates":[[[[129.3742182,36.2848892],[129.3741701,36.2848952],[129.3741044,36.2848925],[129.3740771,36.2848695],[129.3740841,36.284795],[129.3741243,36.2847863],[129.3741323,36.2847542],[129.3741586,36.2847517],[129.3742427,36.2847681],[129.3742431,36.2848151],[129.3742182,36.2848892]]]]}},{"type":"Feature","properties":{"r":497,"k":0,"d":150.3},"geometry":{"type":"MultiPolygon","coordinates":[[[[129.3735871,36.2844379],[129.3734174,36.2844519],[129.373416,36.2844289],[129.3735256,36.2844148],[129.3735234,36.2843079],[129.3735839,36.2843024],[129.3736336,36.2843037],[129.3736279,36.2843909],[129.3735871,36.2844379]]]]}},{"type":"Feature","properties":{"r":193,"k":0,"d":83.7},"geometry":{"type":"MultiPolygon","coordinates":[[[[129.374628,36.2838313],[129.3743944,36.2838318],[129.3743178,36.2838709],[129.3741682,36.2834699],[129.3743286,36.2835253],[129.3744988,36.2835392],[129.3745658,36.2835417],[129.3746391,36.2838231],[129.374628,36.2838313]]]]}},{"type":"Feature","properties":{"r":553,"k":0,"d":160.1},"geometry":{"type":"MultiPolygon","coordinates":[[[[129.3748194,36.2908969],[129.3748094,36.2908669],[129.3748343,36.2908764],[129.3748581,36.2908886],[129.3748511,36.2908915],[129.3748194,36.2908969]]]]}},{"type":"Feature","properties":{"r":47,"k":0,"d":51.0},"geometry":{"type":"MultiPolygon","coordinates":[[[[129.37411,36.2892316],[129.3742819,36.2892146],[129.3743326,36.2894705],[129.3743456,36.2895],[129.3741808,36.289496],[129.37411,36.2892316]]]]}},{"type":"Feature","properties":{"r":465,"k":0,"d":144.3},"geometry":{"type":"MultiPolygon","coordinates":[[[[129.3757134,36.2799977],[129.3756989,36.2799914],[129.3757028,36.2799594],[129.3757238,36.2799659],[129.3760567,36.2794932],[129.3761147,36.2794641],[129.3757134,36.2799977]]]]}},{"type":"Feature","properties":{"r":824,"k":0,"d":197.3},"geometry":{"type":"MultiPolygon","coordinates":[[[[129.3725092,36.286388],[129.3724081,36.286264],[129.3724976,36.2862404],[129.372583,36.2863258],[129.3725092,36.286388]]]]}},{"type":"Feature","properties":{"r":567,"k":0,"d":161.7},"geometry":{"type":"MultiPolygon","coordinates":[[[[129.374279,36.2906399],[129.3742917,36.2906372],[129.3742938,36.2906457],[129.374279,36.2906399]]]]}},{"type":"Feature","properties":{"r":1,"k":0,"d":8.2},"geometry":{"type":"MultiPolygon","coordinates":[[[[129.375894,36.2900572],[129.3758564,36.290076],[129.3758562,36.2900544],[129.3762004,36.290034],[129.3761863,36.2900517],[129.3760859,36.2900646],[129.3759508,36.2901032],[129.375894,36.2900572]]]]}},{"type":"Feature","properties":{"r":549,"k":0,"d":159.4},"geometry":{"type":"MultiPolygon","coordinates":[[[[129.3728486,36.2861734],[129.3728664,36.2860686],[129.372975,36.2860983],[129.3730553,36.2860997],[129.3730219,36.2861727],[129.3729594,36.2862074],[129.3728486,36.2861734]]]]}},{"type":"Feature","properties":{"r":865,"k":0,"d":215.8},"geometry":{"type":"MultiPolygon","coordinates":[[[[129.373537,36.2910539],[129.3735235,36.2910518],[129.3734946,36.2909001],[129.3736441,36.2908545],[129.3737032,36.2910397],[129.373537,36.2910539]]]]}},{"type":"Feature","properties":{"r":758,"k":0,"d":188.1},"geometry":{"type":"MultiPolygon","coordinates":[[[[129.3734321,36.2834439],[129.3734745,36.2833605],[129.3734365,36.2833498],[129.3734557,36.2833115],[129.3735984,36.2833576],[129.3735406,36.2834766],[129.3734321,36.2834439]]]]}},{"type":"Feature","properties":{"r":181,"k":0,"d":81.1},"geometry":{"type":"MultiPolygon","coordinates":[[[[129.373883,36.2863259],[129.373886,36.2863493],[129.3737912,36.2863804],[129.3736716,36.2864179],[129.3736659,36.2863956],[129.3737836,36.2863643],[129.373883,36.2863259]]]]}},{"type":"Feature","properties":{"r":123,"k":0,"d":70.7},"geometry":{"type":"MultiPolygon","coordinates":[[[[129.3777948,36.2773925],[129.3777255,36.2773515],[129.3777287,36.2773401],[129.3779977,36.2770773],[129.3780462,36.2771024],[129.3777948,36.2773925]]]]}},{"type":"Feature","properties":{"r":308,"k":0,"d":108.5},"geometry":{"type":"MultiPolygon","coordinates":[[[[129.375915,36.2911417],[129.3758878,36.291166],[129.3758166,36.2910875],[129.3756282,36.2909242],[129.3757255,36.290854],[129.3758664,36.291035],[129.3759311,36.2911268],[129.375915,36.2911417]]]]}},{"type":"Feature","properties":{"r":742,"k":0,"d":185.4},"geometry":{"type":"MultiPolygon","coordinates":[[[[129.3724801,36.2887553],[129.3725809,36.2887401],[129.3726037,36.2888455],[129.372502,36.2888602],[129.3724801,36.2887553]]]]}},{"type":"Feature","properties":{"r":329,"k":0,"d":113.6},"geometry":{"type":"MultiPolygon","coordinates":[[[[129.3753918,36.2907364],[129.3753226,36.2907273],[129.375313,36.2906696],[129.3753943,36.2907299],[129.3753918,36.2907364]]]]}},{"type":"Feature","properties":{"r":180,"k":0,"d":80.4},"geometry":{"type":"MultiPolygon","coordinates":[[[[129.3737376,36.2890021],[129.3737197,36.2888635],[129.3738009,36.2888429],[129.3738167,36.2889831],[129.3737376,36.2890021]]]]}},{"type":"Feature","properties":{"r":351,"k":0,"d":119.2},"geometry":{"type":"MultiPolygon","coordinates":[[[[129.3738588,36.2847563],[129.3738408,36.2847602],[129.3737885,36.2847608],[129.3738596,36.2847484],[129.3738588,36.2847563]]]]}},{"type":"Feature","properties":{"r":349,"k":0,"d":119.0},"geometry":{"type":"MultiPolygon","coordinates":[[[[129.3741509,36.2839939],[129.3741365,36.2839755],[129.3741445,36.2839741],[129.3741509,36.2839939]]]]}},{"type":"Feature","properties":{"r":230,"k":0,"d":91.9},"geometry":{"type":"MultiPolygon","coordinates":[[[[129.3743815,36.284162],[129.3743658,36.2841561],[129.3743361,36.2840391],[129.3743202,36.2839738],[129.3743498,36.2839799],[129.3743887,36.2841064],[129.3744031,36.2841547],[129.3743815,36.284162]]]]}},{"type":"Feature","properties":{"r":722,"k":0,"d":182.6},"geometry":{"type":"MultiPolygon","coordinates":[[[[129.3745241,36.2812199],[129.3745769,36.2811919],[129.3745917,36.2811995],[129.3744063,36.281419],[129.3745241,36.2812199]]]]}},{"type":"Feature","properties":{"r":448,"k":0,"d":141.6},"geometry":{"type":"MultiPolygon","coordinates":[[[[129.3733001,36.2853601],[129.3732935,36.2853963],[129.3732706,36.2854047],[129.3731922,36.2853743],[129.3732107,36.2852582],[129.373316,36.2852743],[129.3733138,36.285286],[129.3734373,36.2852989],[129.3734237,36.2853666],[129.3733001,36.2853601]]]]}},{"type":"Feature","properties":{"r":717,"k":0,"d":182.0},"geometry":{"type":"MultiPolygon","coordinates":[[[[129.3751768,36.291363],[129.3751638,36.2914331],[129.3749981,36.2913482],[129.374964,36.2913208],[129.3751768,36.291363]]]]}},{"type":"Feature","properties":{"r":486,"k":0,"d":149.0},"geometry":{"type":"MultiPolygon","coordinates":[[[[129.3764443,36.2915392],[129.3764107,36.2915575],[129.3762797,36.2913825],[129.3763104,36.2913738],[129.3763205,36.2913861],[129.3763882,36.2913628],[129.3764041,36.2913806],[129.3763353,36.2914042],[129.3764443,36.2915392]]]]}},{"type":"Feature","properties":{"r":343,"k":0,"d":117.5},"geometry":{"type":"MultiPolygon","coordinates":[[[[129.3737794,36.2898278],[129.3737737,36.2897933],[129.3737463,36.2896905],[129.3737616,36.2896844],[129.373796,36.2898317],[129.3737794,36.2898278]]]]}},{"type":"Feature","properties":{"r":834,"k":0,"d":198.7},"geometry":{"type":"MultiPolygon","coordinates":[[[[129.3727037,36.285638],[129.3726871,36.2855027],[129.3727508,36.2855011],[129.372728,36.2856375],[129.3727037,36.285638]]]]}},{"type":"Feature","properties":{"r":201,"k":0,"d":85.2},"geometry":{"type":"MultiPolygon","coordinates":[[[[129.3776831,36.2772742],[129.3777219,36.2772213],[129.3777382,36.2772323],[129.3776831,36.2772742]]]]}},{"type":"Feature","properties":{"r":471,"k":0,"d":145.9},"geometry":{"type":"MultiPolygon","coordinates":[[[[129.3769803,36.2771595],[129.3769174,36.2770778],[129.3767943,36.2769678],[129.3769224,36.2767496],[129.3769428,36.276695],[129.3770976,36.2768169],[129.377179,36.2768771],[129.3772173,36.2768773],[129.3769803,36.2771595]]]]}},{"type":"Feature","properties":{"r":87,"k":0,"d":63.3},"geometry":{"type":"MultiPolygon","coordinates":[[[[129.376,36.2907518],[129.3760065,36.2907742],[129.3759743,36.290781],[129.3759561,36.2907106],[129.3758874,36.2906501],[129.3759361,36.2906343],[129.3758484,36.2905192],[129.3759077,36.290511],[129.3760193,36.290521],[129.3760769,36.2905372],[129.3761105,36.2907264],[129.376,36.2907518]]]]}},{"type":"Feature","properties":{"r":116,"k":0,"d":69.4},"geometry":{"type":"MultiPolygon","coordinates":[[[[129.3735175,36.2866061],[129.3735856,36.2865949],[129.3739202,36.2865456],[129.3739804,36.2865466],[129.3739514,36.2865634],[129.3738383,36.2866046],[129.3737456,36.2867162],[129.3735815,36.2866975],[129.3735684,36.2867128],[129.3735696,36.2867137],[129.3735337,36.2867201],[129.3735148,36.2866403],[129.3735175,36.2866061]]]]}},{"type":"Feature","properties":{"r":183,"k":0,"d":81.5},"geometry":{"type":"MultiPolygon","coordinates":[[[[129.3743463,36.2843933],[129.3743211,36.2843973],[129.3743403,36.2843358],[129.3743574,36.2843156],[129.3743992,36.2842593],[129.3743916,36.2842179],[129.374394,36.2842118],[129.3742622,36.2841371],[129.374181,36.2840725],[129.3741381,36.2840635],[129.3741041,36.2840514],[129.3741023,36.284056],[129.374091,36.2840536],[129.3740368,36.2841573],[129.3740187,36.2842215],[129.373895,36.2842123],[129.3738927,36.2842249],[129.3738549,36.2842254],[129.373717,36.2842062],[129.3736643,36.2841751],[129.3735966,36.2841588],[129.3735861,36.2841596],[129.3735555,36.28415],[129.3735451,36.2841613],[129.3734733,36.284178],[129.373429,36.2842241],[129.3733904,36.2842324],[129.373457,36.2841749],[129.3735341,36.2841277],[129.3737375,36.2841586],[129.3739593,36.284184],[129.3740073,36.2841652],[129.3740606,36.2840667],[129.3740951,36.2839807],[129.3741365,36.2839755],[129.3742056,36.2840659],[129.3742891,36.2841318],[129.3743815,36.284162],[129.3744043,36.2841624],[129.3745446,36.2841044],[129.3745327,36.2841213],[129.3744826,36.2841488],[129.374433,36.284183],[129.374425,36.2842235],[129.374407,36.2842946],[129.3743522,36.2843478],[129.3743463,36.2843933]]]]}},{"type":"Feature","properties":{"r":574,"k":0,"d":163.1},"geometry":{"type":"MultiPolygon","coordinates":[[[[129.3729876,36.2855862],[129.3729664,36.285548],[129.3729682,36.2855185],[129.3730432,36.2853918],[129.3731652,36.2853899],[129.3731465,36.2854406],[129.3731513,36.2855547],[129.3729876,36.2855862]]]]}},{"type":"Feature","properties":{"r":283,"k":0,"d":104.4},"geometry":{"type":"MultiPolygon","coordinates":[[[[129.3753441,36.2906624],[129.3753399,36.2906667],[129.3752502,36.29065],[129.3753916,36.2906142],[129.3753441,36.2906624]]]]}},{"type":"Feature","properties":{"r":220,"k":0,"d":90.2},"geometry":{"type":"MultiPolygon","coordinates":[[[[129.3739173,36.2856032],[129.3737894,36.285573],[129.373811,36.2855362],[129.3737876,36.2855023],[129.373865,36.2853841],[129.3738978,36.2853275],[129.3739808,36.285474],[129.3739173,36.2856032]]]]}},{"type":"Feature","properties":{"r":373,"k":0,"d":123.4},"geometry":{"type":"MultiPolygon","coordinates":[[[[129.3733816,36.2890704],[129.373415,36.2892116],[129.3731782,36.2892494],[129.3731487,36.2891081],[129.3733816,36.2890704]]]]}},{"type":"Feature","properties":{"r":388,"k":0,"d":126.9},"geometry":{"type":"MultiPolygon","coordinates":[[[[129.3729028,36.2883949],[129.3726736,36.2875142],[129.3729653,36.2874635],[129.3730889,36.2878968],[129.3732091,36.2883471],[129.3729028,36.2883949]]]]}},{"type":"Feature","properties":{"r":284,"k":0,"d":104.5},"geometry":{"type":"MultiPolygon","coordinates":[[[[129.3741381,36.2840635],[129.374181,36.2840725],[129.3742207,36.284103],[129.3742622,36.2841371],[129.3742069,36.2840985],[129.3741791,36.2840781],[129.3741381,36.2840635]]]]}},{"type":"Feature","properties":{"r":687,"k":0,"d":177.1},"geometry":{"type":"MultiPolygon","coordinates":[[[[129.3734309,36.2839491],[129.3733243,36.2839471],[129.3733293,36.2838959],[129.3733335,36.2838233],[129.3734763,36.2838189],[129.3734861,36.283906],[129.3734857,36.2839504],[129.3734309,36.2839491]]]]}},{"type":"Feature","properties":{"r":711,"k":0,"d":180.8},"geometry":{"type":"MultiPolygon","coordinates":[[[[129.3737225,36.2831112],[129.3737032,36.2831006],[129.3736024,36.283015],[129.3736877,36.2829146],[129.3738235,36.282987],[129.3737563,36.2830822],[129.3737225,36.2831112]]]]}},{"type":"Feature","properties":{"r":826,"k":0,"d":197.5},"geometry":{"type":"MultiPolygon","coordinates":[[[[129.3727761,36.2853835],[129.3726728,36.285383],[129.3726566,36.2852486],[129.3728195,36.2852437],[129.3727761,36.2853835]]]]}},{"type":"Feature","properties":{"r":642,"k":0,"d":172.4},"geometry":{"type":"MultiPolygon","coordinates":[[[[129.3727922,36.28943],[129.3727112,36.2893543],[129.3726878,36.2892369],[129.3728953,36.2893083],[129.3729179,36.2894103],[129.3727922,36.28943]]]]}},{"type":"Feature","properties":{"r":79,"k":0,"d":60.9},"geometry":{"type":"MultiPolygon","coordinates":[[[[129.3741273,36.2856013],[129.3741259,36.2855797],[129.3742181,36.2855701],[129.3742515,36.2855581],[129.3742727,36.2855242],[129.3742869,36.2853998],[129.3743075,36.2853548],[129.3743309,36.285353],[129.3742881,36.2855909],[129.374248,36.2855889],[129.3741273,36.2856013]]]]}},{"type":"Feature","properties":{"r":66,"k":0,"d":59.4},"geometry":{"type":"MultiPolygon","coordinates":[[[[129.3778882,36.2774473],[129.3778739,36.2774386],[129.3780218,36.2772794],[129.377986,36.2773546],[129.3778882,36.2774473]]]]}},{"type":"Feature","properties":{"r":778,"k":0,"d":190.7},"geometry":{"type":"MultiPolygon","coordinates":[[[[129.3731263,36.290172],[129.3731043,36.290162],[129.373096,36.2901651],[129.3730326,36.2901043],[129.3731071,36.2900775],[129.3731263,36.290172]]]]}},{"type":"Feature","properties":{"r":777,"k":0,"d":190.5},"geometry":{"type":"MultiPolygon","coordinates":[[[[129.3732799,36.2903672],[129.3732894,36.2903482],[129.3731043,36.290162],[129.3731263,36.290172],[129.3731523,36.2902027],[129.3733455,36.2903191],[129.3733084,36.2903849],[129.3732799,36.2903672]]]]}},{"type":"Feature","properties":{"r":734,"k":0,"d":184.3},"geometry":{"type":"MultiPolygon","coordinates":[[[[129.373325,36.2910624],[129.3735235,36.2910518],[129.3737165,36.2910813],[129.3739391,36.2910386],[129.3740371,36.2910091],[129.3741211,36.2909593],[129.3742341,36.2909117],[129.3744162,36.2909461],[129.3745702,36.290993],[129.3746599,36.2910367],[129.3746629,36.2910444],[129.3745711,36.2910467],[129.3744316,36.2910945],[129.3743154,36.2911031],[129.3741526,36.2912351],[129.374073,36.2910847],[129.3739888,36.2911442],[129.373911,36.2911764],[129.3737631,36.2912122],[129.3736972,36.2912474],[129.3735512,36.2912419],[129.3734442,36.291246],[129.373325,36.2910624]]]]}},{"type":"Feature","properties":{"r":819,"k":0,"d":197.2},"geometry":{"type":"MultiPolygon","coordinates":[[[[129.3726566,36.2852486],[129.3726355,36.2850781],[129.3727132,36.2850623],[129.3728475,36.2850537],[129.3728657,36.2850936],[129.3728195,36.2852437],[129.3726566,36.2852486]]]]}},{"type":"Feature","properties":{"r":555,"k":0,"d":160.3},"geometry":{"type":"MultiPolygon","coordinates":[[[[129.3781526,36.2760351],[129.3780655,36.276056],[129.3780809,36.2759902],[129.3781835,36.275846],[129.3781542,36.2760082],[129.3781526,36.2760351]]]]}},{"type":"Feature","properties":{"r":240,"k":0,"d":94.9},"geometry":{"type":"MultiPolygon","coordinates":[[[[129.3751403,36.2904896],[129.3751258,36.2903289],[129.3751945,36.2903317],[129.3751891,36.2904276],[129.3751637,36.2904658],[129.3751403,36.2904896]]]]}},{"type":"Feature","properties":{"r":117,"k":0,"d":70.0},"geometry":{"type":"MultiPolygon","coordinates":[[[[129.3739209,36.2867531],[129.3738332,36.2867566],[129.3737514,36.2867168],[129.3737456,36.2867162],[129.3738383,36.2866046],[129.3739514,36.2865634],[129.3739653,36.2865949],[129.3738905,36.2866447],[129.37394,36.2867447],[129.3739209,36.2867531]]]]}},{"type":"Feature","properties":{"r":344,"k":0,"d":117.7},"geometry":{"type":"MultiPolygon","coordinates":[[[[129.3741023,36.284056],[129.3741041,36.2840514],[129.3741381,36.2840635],[129.3741023,36.284056]]]]}},{"type":"Feature","properties":{"r":716,"k":0,"d":182.0},"geometry":{"type":"MultiPolygon","coordinates":[[[[129.3727587,36.2861685],[129.3727347,36.2860611],[129.3727567,36.2860447],[129.3727854,36.28617],[129.3727587,36.2861685]]]]}},{"type":"Feature","properties":{"r":488,"k":0,"d":149.1},"geometry":{"type":"MultiPolygon","coordinates":[[[[129.3730115,36.2870621],[129.3729806,36.2870622],[129.3729011,36.286792],[129.3729368,36.2867914],[129.3730115,36.2870621]]]]}},{"type":"Feature","properties":{"r":636,"k":0,"d":171.7},"geometry":{"type":"MultiPolygon","coordinates":[[[[129.3724906,36.2875149],[129.3722685,36.2867198],[129.372499,36.2866802],[129.3727195,36.2874744],[129.3724906,36.2875149]]]]}},{"type":"Feature","properties":{"r":19,"k":0,"d":32.1},"geometry":{"type":"MultiPolygon","coordinates":[[[[129.3743928,36.2862215],[129.3744278,36.2861527],[129.3743739,36.2860323],[129.374377,36.2857642],[129.3744265,36.2856854],[129.3746094,36.2852736],[129.3746707,36.2851123],[129.3745803,36.2856158],[129.3745553,36.2857636],[129.3744601,36.286235],[129.3744199,36.2864449],[129.3744077,36.2864382],[129.3744034,36.2863599],[129.374425,36.286272],[129.3743928,36.2862215]]]]}},{"type":"Feature","properties":{"r":551,"k":0,"d":159.8},"geometry":{"type":"MultiPolygon","coordinates":[[[[129.3749109,36.2910648],[129.3748574,36.291014],[129.3748472,36.2909784],[129.3748727,36.2909391],[129.374969,36.2909947],[129.3749879,36.2909926],[129.3750282,36.2910368],[129.3750209,36.2910809],[129.3749109,36.2910648]]]]}},{"type":"Feature","properties":{"r":221,"k":0,"d":90.2},"geometry":{"type":"MultiPolygon","coordinates":[[[[129.3739808,36.285474],[129.3738978,36.2853275],[129.3739065,36.2853133],[129.3739414,36.2853755],[129.3739623,36.2854243],[129.3739808,36.285474]]]]}},{"type":"Feature","properties":{"r":832,"k":0,"d":198.6},"geometry":{"type":"MultiPolygon","coordinates":[[[[129.3726885,36.2856701],[129.3726893,36.2856574],[129.3727239,36.2856564],[129.3727183,36.2856681],[129.3726885,36.2856701]]]]}},{"type":"Feature","properties":{"r":503,"k":0,"d":151.1},"geometry":{"type":"MultiPolygon","coordinates":[[[[129.3737771,36.290181],[129.373749,36.2902296],[129.3735203,36.2903214],[129.3734249,36.2901494],[129.373462,36.2901539],[129.3735996,36.2901081],[129.3736902,36.2901271],[129.3737446,36.2901485],[129.3737771,36.290181]]]]}},{"type":"Feature","properties":{"r":128,"k":0,"d":71.1},"geometry":{"type":"MultiPolygon","coordinates":[[[[129.3744031,36.2841547],[129.3743498,36.2839799],[129.3744715,36.2839413],[129.3746464,36.2839529],[129.3746594,36.2839258],[129.374628,36.2838313],[129.3746391,36.2838231],[129.3746948,36.2840389],[129.37466,36.284049],[129.3745838,36.284085],[129.3745746,36.2840906],[129.3745579,36.2840859],[129.3745492,36.2840971],[129.3744031,36.2841547]]]]}},{"type":"Feature","properties":{"r":864,"k":0,"d":213.4},"geometry":{"type":"MultiPolygon","coordinates":[[[[129.3735878,36.2908467],[129.373487,36.2908776],[129.3734595,36.2908135],[129.3735049,36.2907994],[129.3735602,36.2907746],[129.3735806,36.2908137],[129.3735878,36.2908467]]]]}},{"type":"Feature","properties":{"r":145,"k":0,"d":73.4},"geometry":{"type":"MultiPolygon","coordinates":[[[[129.3737488,36.2879213],[129.373788,36.2879138],[129.3737695,36.2879963],[129.3737488,36.2879213]]]]}},{"type":"Feature","properties":{"r":554,"k":0,"d":160.2},"geometry":{"type":"MultiPolygon","coordinates":[[[[129.3764417,36.2915168],[129.3764708,36.2914987],[129.3765051,36.2914958],[129.376514,36.2914892],[129.376528,36.2914869],[129.3766056,36.2914531],[129.376638,36.2915531],[129.3765956,36.2915676],[129.3765738,36.2915801],[129.3765942,36.2916056],[129.3765183,36.2916411],[129.3764465,36.2915381],[129.3764549,36.2915332],[129.3764417,36.2915168]]]]}},{"type":"Feature","properties":{"r":516,"k":0,"d":153.8},"geometry":{"type":"MultiPolygon","coordinates":[[[[129.373585,36.2901045],[129.3733913,36.2900882],[129.3733522,36.2900162],[129.3733881,36.2900077],[129.3734421,36.2900298],[129.3734769,36.2900383],[129.3735483,36.290033],[129.3735786,36.2900235],[129.373585,36.2901045]]]]}},{"type":"Feature","properties":{"r":287,"k":0,"d":104.8},"geometry":{"type":"MultiPolygon","coordinates":[[[[129.3737556,36.2857981],[129.373737,36.2858206],[129.3735407,36.2857151],[129.3735582,36.2856836],[129.3736262,36.2857025],[129.3737556,36.2857981]]]]}},{"type":"Feature","properties":{"r":657,"k":0,"d":174.2},"geometry":{"type":"MultiPolygon","coordinates":[[[[129.3723858,36.2884746],[129.3721586,36.2876008],[129.3724624,36.2875492],[129.3726836,36.2884291],[129.3723858,36.2884746]]]]}},{"type":"Feature","properties":{"r":68,"k":0,"d":59.4},"geometry":{"type":"MultiPolygon","coordinates":[[[[129.3740795,36.2866204],[129.3740479,36.286573],[129.3740308,36.2865466],[129.3740607,36.2865474],[129.3740877,36.2865614],[129.3740795,36.2866204]]]]}},{"type":"Feature","properties":{"r":126,"k":0,"d":71.0},"geometry":{"type":"MultiPolygon","coordinates":[[[[129.3740347,36.2859389],[129.3739885,36.2859233],[129.3738987,36.2858622],[129.3739567,36.2857579],[129.3740412,36.2856951],[129.3740857,36.2857301],[129.3741293,36.285749],[129.3741407,36.2858028],[129.3741298,36.2858229],[129.374092,36.2858098],[129.3740347,36.2859389]]]]}},{"type":"Feature","properties":{"r":804,"k":0,"d":194.8},"geometry":{"type":"MultiPolygon","coordinates":[[[[129.3730734,36.2844982],[129.3729653,36.2844719],[129.3729107,36.284456],[129.3729452,36.2844067],[129.37295,36.28431],[129.3730537,36.284309],[129.3730814,36.2843726],[129.3731034,36.284376],[129.3731136,36.2843893],[129.3730923,36.2843947],[129.3730734,36.2844982]]]]}},{"type":"Feature","properties":{"r":702,"k":0,"d":179.7},"geometry":{"type":"MultiPolygon","coordinates":[[[[129.3733952,36.2840888],[129.3732969,36.2840852],[129.3733221,36.2839702],[129.3733574,36.2839711],[129.3733603,36.2839473],[129.3734309,36.2839491],[129.3733952,36.2840888]]]]}},{"type":"Feature","properties":{"r":637,"k":0,"d":171.8},"geometry":{"type":"MultiPolygon","coordinates":[[[[129.3727948,36.2867875],[129.3727699,36.2867896],[129.3727572,36.2867871],[129.3727661,36.2867549],[129.3727796,36.2867332],[129.3727948,36.2867875]]]]}},{"type":"Feature","properties":{"r":522,"k":0,"d":154.5},"geometry":{"type":"MultiPolygon","coordinates":[[[[129.3746716,36.2908152],[129.3747631,36.2907617],[129.3747755,36.2907745],[129.3748094,36.2908669],[129.3746716,36.2908152]]]]}},{"type":"Feature","properties":{"r":177,"k":0,"d":79.9},"geometry":{"type":"MultiPolygon","coordinates":[[[[129.3739567,36.2857387],[129.3738477,36.2857279],[129.3738239,36.2856857],[129.3738443,36.2856385],[129.3739173,36.2856032],[129.3739258,36.2855868],[129.3740721,36.2856342],[129.3740236,36.2856844],[129.3739567,36.2857387]]]]}},{"type":"Feature","properties":{"r":782,"k":0,"d":191.3},"geometry":{"type":"MultiPolygon","coordinates":[[[[129.3726512,36.2862076],[129.3726615,36.2862655],[129.3726069,36.2862253],[129.3726176,36.2862125],[129.3726512,36.2862076]]]]}},{"type":"Feature","properties":{"r":740,"k":0,"d":185.3},"geometry":{"type":"MultiPolygon","coordinates":[[[[129.3731263,36.290172],[129.3732387,36.2902229],[129.3733729,36.2902718],[129.3733455,36.2903191],[129.3731523,36.2902027],[129.3731263,36.290172]]]]}},{"type":"Feature","properties":{"r":736,"k":0,"d":184.7},"geometry":{"type":"MultiPolygon","coordinates":[[[[129.37359,36.2927964],[129.3735197,36.29262],[129.3731595,36.2920365],[129.3733991,36.2920403],[129.373498,36.2920944],[129.3735955,36.2921012],[129.3736066,36.2921633],[129.3736661,36.2921534],[129.3736435,36.292062],[129.3735614,36.2920511],[129.3735749,36.2919741],[129.3734369,36.2919469],[129.3734557,36.2918813],[129.3735353,36.2918927],[129.3735789,36.2918436],[129.3736652,36.291808],[129.3737361,36.2917327],[129.3737362,36.2917005],[129.3736561,36.2916417],[129.3736131,36.2916265],[129.3735597,36.2916221],[129.3736293,36.2914844],[129.3735372,36.2913893],[129.3734442,36.291246],[129.3735512,36.2912419],[129.3736972,36.2912474],[129.3737631,36.2912122],[129.373911,36.2911764],[129.3739888,36.2911442],[129.374073,36.2910847],[129.3741526,36.2912351],[129.3743154,36.2911031],[129.3744316,36.2910945],[129.3745711,36.2910467],[129.3746629,36.2910444],[129.3746921,36.291119],[129.374743,36.2911399],[129.3747383,36.2911666],[129.3747749,36.2911992],[129.3747364,36.2912767],[129.3746926,36.2913344],[129.3743984,36.2912978],[129.3742663,36.2912969],[129.3741891,36.2914194],[129.3741817,36.2915315],[129.3742514,36.2916368],[129.3741868,36.2917757],[129.3740992,36.2918148],[129.3741185,36.2918987],[129.3740624,36.2920631],[129.3739429,36.2920536],[129.3739464,36.2920986],[129.37359,36.2927964]]]]}},{"type":"Feature","properties":{"r":146,"k":0,"d":73.7},"geometry":{"type":"MultiPolygon","coordinates":[[[[129.3737026,36.2884478],[129.3737094,36.2883149],[129.3738004,36.2882987],[129.3737962,36.2883157],[129.3737967,36.2884304],[129.3737026,36.2884478]]]]}},{"type":"Feature","properties":{"r":15,"k":0,"d":28.4},"geometry":{"type":"MultiPolygon","coordinates":[[[[129.3743059,36.2873975],[129.3742453,36.2874017],[129.3742665,36.2873255],[129.374258,36.2872296],[129.3742661,36.2871355],[129.3742799,36.2871202],[129.3743168,36.287114],[129.3743321,36.2871884],[129.3743302,36.2872947],[129.3743059,36.2873975]]]]}},{"type":"Feature","properties":{"r":695,"k":0,"d":178.9},"geometry":{"type":"MultiPolygon","coordinates":[[[[129.3762382,36.2775386],[129.3762838,36.2774778],[129.3763234,36.27746],[129.3763426,36.2773857],[129.3764821,36.2774293],[129.3763272,36.277582],[129.3762382,36.2775386]]]]}},{"type":"Feature","properties":{"r":52,"k":0,"d":56.3},"geometry":{"type":"MultiPolygon","coordinates":[[[[129.378199,36.2771535],[129.3783439,36.2769659],[129.378294,36.2770783],[129.3782425,36.277162],[129.378199,36.2771535]]]]}},{"type":"Feature","properties":{"r":69,"k":0,"d":59.5},"geometry":{"type":"MultiPolygon","coordinates":[[[[129.3760513,36.2904894],[129.3760698,36.2904971],[129.3760769,36.2905372],[129.3760193,36.290521],[129.3759077,36.290511],[129.3760305,36.290494],[129.3760513,36.2904894]]]]}},{"type":"Feature","properties":{"r":37,"k":0,"d":45.7},"geometry":{"type":"MultiPolygon","coordinates":[[[[129.3756536,36.2901031],[129.375698,36.2901102],[129.3757097,36.2901504],[129.3756707,36.2901602],[129.375627,36.2901758],[129.375614,36.2901605],[129.3756253,36.2901512],[129.3756536,36.2901031]]]]}},{"type":"Feature","properties":{"r":617,"k":0,"d":169.6},"geometry":{"type":"MultiPolygon","coordinates":[[[[129.3741795,36.2908489],[129.3741717,36.2907128],[129.3741662,36.290668],[129.3741784,36.2906803],[129.3742312,36.2907141],[129.3743196,36.290736],[129.3743178,36.2907782],[129.3743136,36.2908137],[129.3742193,36.2908349],[129.3741795,36.2908489]]]]}},{"type":"Feature","properties":{"r":854,"k":0,"d":200.8},"geometry":{"type":"MultiPolygon","coordinates":[[[[129.3729737,36.2900964],[129.3719826,36.2896278],[129.3720249,36.2895689],[129.3728444,36.2899532],[129.3729805,36.2900881],[129.3729737,36.2900964]]]]}},{"type":"Feature","properties":{"r":152,"k":0,"d":74.7},"geometry":{"type":"MultiPolygon","coordinates":[[[[129.3773432,36.2779481],[129.3773724,36.277925],[129.3775152,36.2778276],[129.3775397,36.2778436],[129.3774709,36.2779507],[129.3773917,36.2779788],[129.3773432,36.2779481]]]]}},{"type":"Feature","properties":{"r":173,"k":0,"d":79.3},"geometry":{"type":"MultiPolygon","coordinates":[[[[129.3741168,36.2894942],[129.3739379,36.2895382],[129.3739224,36.2894894],[129.3741168,36.2894942]]]]}},{"type":"Feature","properties":{"r":473,"k":0,"d":146.2},"geometry":{"type":"MultiPolygon","coordinates":[[[[129.3763549,36.2789555],[129.3763655,36.2789407],[129.376411,36.2789019],[129.3765028,36.2788442],[129.3763549,36.2789555]]]]}},{"type":"Feature","properties":{"r":757,"k":0,"d":187.5},"geometry":{"type":"MultiPolygon","coordinates":[[[[129.3735885,36.2833544],[129.373625,36.28328],[129.3736084,36.2832063],[129.3736194,36.2832131],[129.3736351,36.2832829],[129.3735984,36.2833576],[129.3735885,36.2833544]]]]}},{"type":"Feature","properties":{"r":358,"k":0,"d":121.3},"geometry":{"type":"MultiPolygon","coordinates":[[[[129.3738956,36.290008],[129.3738714,36.2900113],[129.3738093,36.2898903],[129.373796,36.2898317],[129.3738718,36.2898504],[129.3739198,36.2899533],[129.3739222,36.2899815],[129.3738956,36.290008]]]]}},{"type":"Feature","properties":{"r":594,"k":0,"d":166.0},"geometry":{"type":"MultiPolygon","coordinates":[[[[129.3733982,36.2845344],[129.3732513,36.2845094],[129.3732585,36.2843647],[129.3732724,36.2843661],[129.3732914,36.2843639],[129.3733252,36.284375],[129.3733888,36.2843729],[129.3733982,36.2845344]]]]}},{"type":"Feature","properties":{"r":290,"k":0,"d":105.2},"geometry":{"type":"MultiPolygon","coordinates":[[[[129.3742204,36.2840601],[129.374184,36.2840362],[129.3741509,36.2839939],[129.3741445,36.2839741],[129.3741365,36.2839755],[129.3740919,36.2839209],[129.3741692,36.2838879],[129.3742926,36.2838833],[129.3743202,36.2839738],[129.374261,36.2839905],[129.3742432,36.2840512],[129.3742204,36.2840601]]]]}},{"type":"Feature","properties":{"r":775,"k":0,"d":190.3},"geometry":{"type":"MultiPolygon","coordinates":[[[[129.3732561,36.2840953],[129.3732554,36.2840719],[129.3732735,36.283971],[129.3732862,36.2839745],[129.3732693,36.2840952],[129.3732561,36.2840953]]]]}},{"type":"Feature","properties":{"r":661,"k":0,"d":174.6},"geometry":{"type":"MultiPolygon","coordinates":[[[[129.3731226,36.2850967],[129.3730147,36.2851388],[129.3729065,36.2851177],[129.3729138,36.2850579],[129.3729856,36.2850022],[129.3730079,36.2849962],[129.373031,36.285006],[129.373051,36.2850398],[129.3730921,36.2850661],[129.3731226,36.2850967]]]]}},{"type":"Feature","properties":{"r":122,"k":0,"d":70.6},"geometry":{"type":"MultiPolygon","coordinates":[[[[129.3758874,36.2906501],[129.375758,36.2905361],[129.3758484,36.2905192],[129.3759361,36.2906343],[129.3758874,36.2906501]]]]}},{"type":"Feature","properties":{"r":593,"k":0,"d":165.8},"geometry":{"type":"MultiPolygon","coordinates":[[[[129.3744733,36.2908173],[129.3744189,36.2908197],[129.3743422,36.2908272],[129.3743136,36.2908137],[129.3743178,36.2907782],[129.3743196,36.290736],[129.3743971,36.2907567],[129.3744615,36.2907595],[129.3744733,36.2908173]]]]}},{"type":"Feature","properties":{"r":397,"k":0,"d":129.4},"geometry":{"type":"MultiPolygon","coordinates":[[[[129.3732822,36.2896784],[129.373252,36.2895804],[129.3734987,36.2895256],[129.373534,36.2896534],[129.3732902,36.2897048],[129.3732822,36.2896784]]]]}},{"type":"Feature","properties":{"r":626,"k":0,"d":170.9},"geometry":{"type":"MultiPolygon","coordinates":[[[[129.3751392,36.2802922],[129.3754249,36.2798879],[129.3754443,36.2799041],[129.3751536,36.2802978],[129.3751392,36.2802922]]]]}},{"type":"Feature","properties":{"r":263,"k":0,"d":100.6},"geometry":{"type":"MultiPolygon","coordinates":[[[[129.374895,36.2904348],[129.3748933,36.2903009],[129.3749541,36.2902984],[129.3750137,36.2903802],[129.3749997,36.2903939],[129.3750058,36.2904283],[129.3749269,36.2904441],[129.374895,36.2904348]]]]}},{"type":"Feature","properties":{"r":58,"k":0,"d":57.4},"geometry":{"type":"MultiPolygon","coordinates":[[[[129.3741366,36.2864335],[129.3741042,36.2864396],[129.3741262,36.2863329],[129.3741459,36.2863321],[129.3741366,36.2864335]]]]}},{"type":"Feature","properties":{"r":455,"k":0,"d":142.4},"geometry":{"type":"MultiPolygon","coordinates":[[[[129.3763419,36.2787996],[129.3764021,36.2787361],[129.3764481,36.2786997],[129.3765361,36.2786425],[129.3765617,36.27866],[129.3764251,36.2787328],[129.3763419,36.2787996]]]]}},{"type":"Feature","properties":{"r":93,"k":0,"d":64.4},"geometry":{"type":"MultiPolygon","coordinates":[[[[129.3742869,36.2853998],[129.374303,36.2852561],[129.3743075,36.2853548],[129.3742869,36.2853998]]]]}},{"type":"Feature","properties":{"r":440,"k":0,"d":139.5},"geometry":{"type":"MultiPolygon","coordinates":[[[[129.3757134,36.2799977],[129.3757239,36.2800023],[129.3758362,36.2798687],[129.3759332,36.279801],[129.3758485,36.2799026],[129.3756911,36.2800639],[129.3756989,36.2799914],[129.3757134,36.2799977]]]]}},{"type":"Feature","properties":{"r":590,"k":0,"d":165.4},"geometry":{"type":"MultiPolygon","coordinates":[[[[129.375918,36.2794174],[129.3758874,36.2794179],[129.3758567,36.279361],[129.3759676,36.2791709],[129.3760406,36.2791177],[129.3760496,36.2791159],[129.3759484,36.2793185],[129.3759351,36.2793723],[129.375918,36.2794174]]]]}},{"type":"Feature","properties":{"r":839,"k":0,"d":199.1},"geometry":{"type":"MultiPolygon","coordinates":[[[[129.3783114,36.2756189],[129.378246,36.2756358],[129.378196,36.2756275],[129.3781537,36.2753243],[129.3782399,36.2753185],[129.3783167,36.2753325],[129.3783114,36.2756189]]]]}},{"type":"Feature","properties":{"r":686,"k":0,"d":177.0},"geometry":{"type":"MultiPolygon","coordinates":[[[[129.3737367,36.2827504],[129.3739509,36.2824395],[129.37394,36.2825743],[129.3739691,36.2827375],[129.3739183,36.2828367],[129.3737367,36.2827504]]]]}},{"type":"Feature","properties":{"r":747,"k":0,"d":186.0},"geometry":{"type":"MultiPolygon","coordinates":[[[[129.3732258,36.2843608],[129.3732159,36.2843633],[129.3732209,36.2842938],[129.3732262,36.2843115],[129.3732258,36.2843608]]]]}},{"type":"Feature","properties":{"r":477,"k":0,"d":147.2},"geometry":{"type":"MultiPolygon","coordinates":[[[[129.3755604,36.2786617],[129.3754636,36.2785928],[129.37543,36.2785365],[129.3753639,36.2784509],[129.3751592,36.2783191],[129.3751301,36.2783351],[129.3750276,36.2782344],[129.3749492,36.2781683],[129.3759108,36.277732],[129.3760184,36.2776958],[129.3761709,36.2775757],[129.3762196,36.2775634],[129.3761871,36.277644],[129.3761005,36.2777407],[129.376211,36.2779016],[129.376102,36.2779466],[129.3760788,36.2779714],[129.3759944,36.2780119],[129.3760625,36.2781397],[129.3761356,36.2781552],[129.3761732,36.2782166],[129.3761385,36.2782312],[129.3762154,36.2783139],[129.3763553,36.278271],[129.3764667,36.2783321],[129.3765565,36.2782789],[129.3765685,36.278322],[129.3765434,36.2783372],[129.3764349,36.2784525],[129.3764329,36.2784319],[129.3763247,36.278426],[129.3762884,36.2783839],[129.3762474,36.2784223],[129.3761683,36.2784183],[129.3761054,36.2783745],[129.3758211,36.2784525],[129.3757178,36.2784683],[129.3755905,36.2784117],[129.3755518,36.2784467],[129.3753737,36.2782902],[129.3755064,36.2784801],[129.3755431,36.2784538],[129.3755632,36.278509],[129.3755785,36.27857],[129.3755604,36.2786617]]]]}},{"type":"Feature","properties":{"r":391,"k":0,"d":127.3},"geometry":{"type":"MultiPolygon","coordinates":[[[[129.3761981,36.2912502],[129.3760673,36.291334],[129.3760559,36.2913232],[129.376064,36.2913194],[129.3759923,36.2912191],[129.3761114,36.2911445],[129.3761835,36.2912262],[129.3761981,36.2912502]]]]}},{"type":"Feature","properties":{"r":521,"k":0,"d":154.5},"geometry":{"type":"MultiPolygon","coordinates":[[[[129.3732388,36.2899053],[129.3731558,36.2898069],[129.3730738,36.2897255],[129.3732822,36.2896784],[129.3733424,36.2898769],[129.3732388,36.2899053]]]]}},{"type":"Feature","properties":{"r":106,"k":0,"d":67.2},"geometry":{"type":"MultiPolygon","coordinates":[[[[129.3741452,36.2894951],[129.3739224,36.2894894],[129.3738414,36.2891861],[129.3740507,36.2891377],[129.3741452,36.2894951]]]]}},{"type":"Feature","properties":{"r":206,"k":0,"d":86.8},"geometry":{"type":"MultiPolygon","coordinates":[[[[129.3738479,36.2894875],[129.373765,36.2892043],[129.3738414,36.2891861],[129.3739224,36.2894894],[129.3738479,36.2894875]]]]}},{"type":"Feature","properties":{"r":91,"k":0,"d":64.2},"geometry":{"type":"MultiPolygon","coordinates":[[[[129.374093,36.2859345],[129.3740925,36.2858854],[129.3741407,36.2858028],[129.3742113,36.285791],[129.3741782,36.2859348],[129.3741399,36.2859456],[129.374093,36.2859345]]]]}},{"type":"Feature","properties":{"r":113,"k":0,"d":68.2},"geometry":{"type":"MultiPolygon","coordinates":[[[[129.3743788,36.2848812],[129.3744167,36.2847527],[129.3744107,36.2848336],[129.3744067,36.2848799],[129.3743788,36.2848812]]]]}},{"type":"Feature","properties":{"r":772,"k":0,"d":189.5},"geometry":{"type":"MultiPolygon","coordinates":[[[[129.3732577,36.284152],[129.3732561,36.2840953],[129.3732693,36.2840952],[129.3732577,36.284152]]]]}},{"type":"Feature","properties":{"r":591,"k":0,"d":165.5},"geometry":{"type":"MultiPolygon","coordinates":[[[[129.3728406,36.2863864],[129.3728308,36.2863804],[129.3727909,36.2861943],[129.3728419,36.2861883],[129.3729589,36.2862294],[129.3729333,36.2862504],[129.372903,36.286323],[129.3728808,36.2863461],[129.372864,36.2863476],[129.3728406,36.2863864]]]]}},{"type":"Feature","properties":{"r":216,"k":0,"d":89.1},"geometry":{"type":"MultiPolygon","coordinates":[[[[129.3778204,36.2770839],[129.3777507,36.2771016],[129.3776308,36.2770588],[129.3777581,36.2769505],[129.3778123,36.2768307],[129.3779712,36.2767329],[129.3779324,36.2768401],[129.3778749,36.2770178],[129.3778204,36.2770839]]]]}},{"type":"Feature","properties":{"r":703,"k":0,"d":180.0},"geometry":{"type":"MultiPolygon","coordinates":[[[[129.3763494,36.2916716],[129.3763327,36.2916763],[129.3763191,36.2916448],[129.3763216,36.2916408],[129.3763494,36.2916716]]]]}},{"type":"Feature","properties":{"r":847,"k":0,"d":199.7},"geometry":{"type":"MultiPolygon","coordinates":[[[[129.3734744,36.282136],[129.3734947,36.2820023],[129.3739761,36.2820951],[129.3738825,36.2822163],[129.3734744,36.282136]]]]}},{"type":"Feature","properties":{"r":692,"k":0,"d":178.2},"geometry":{"type":"MultiPolygon","coordinates":[[[[129.3728551,36.2860282],[129.3727875,36.2860217],[129.3727567,36.2860447],[129.3727377,36.2858809],[129.3728219,36.2858928],[129.3728657,36.2860036],[129.3728551,36.2860282]]]]}},{"type":"Feature","properties":{"r":500,"k":0,"d":150.6},"geometry":{"type":"MultiPolygon","coordinates":[[[[129.3746431,36.2906999],[129.374486,36.2906797],[129.3744837,36.2906679],[129.37448,36.2906603],[129.3745205,36.2906629],[129.3746341,36.2906745],[129.3746431,36.2906999]]]]}},{"type":"Feature","properties":{"r":464,"k":0,"d":144.1},"geometry":{"type":"MultiPolygon","coordinates":[[[[129.3742676,36.2906025],[129.3742368,36.2905825],[129.3742358,36.290555],[129.3742712,36.2904905],[129.3742711,36.2904748],[129.3743026,36.2904716],[129.3743581,36.2904824],[129.3743579,36.2904908],[129.3743101,36.2905122],[129.3742676,36.2906025]]]]}},{"type":"Feature","properties":{"r":171,"k":0,"d":78.8},"geometry":{"type":"MultiPolygon","coordinates":[[[[129.3740041,36.2859633],[129.3739146,36.286086],[129.3738559,36.2860856],[129.3738168,36.2861395],[129.3735449,36.2860214],[129.3735469,36.2859792],[129.3736091,36.2858869],[129.3736319,36.28585],[129.3737264,36.2858333],[129.373737,36.2858206],[129.3738707,36.2858944],[129.3740041,36.2859633]]]]}},{"type":"Feature","properties":{"r":544,"k":0,"d":158.4},"geometry":{"type":"MultiPolygon","coordinates":[[[[129.3733922,36.2844264],[129.3733811,36.2842499],[129.3734424,36.2842495],[129.373469,36.2843037],[129.3735232,36.2842948],[129.3735256,36.2844148],[129.373416,36.2844289],[129.3733922,36.2844264]]]]}},{"type":"Feature","properties":{"r":174,"k":0,"d":79.4},"geometry":{"type":"MultiPolygon","coordinates":[[[[129.3745492,36.2840971],[129.3745579,36.2840859],[129.3745746,36.2840906],[129.3745446,36.2841044],[129.3745492,36.2840971]]]]}},{"type":"Feature","properties":{"r":495,"k":0,"d":150.1},"geometry":{"type":"MultiPolygon","coordinates":[[[[129.3766652,36.277774],[129.3765905,36.2777374],[129.3766144,36.2777278],[129.376748,36.2775944],[129.3767151,36.2777115],[129.3766652,36.277774]]]]}},{"type":"Feature","properties":{"r":120,"k":0,"d":70.4},"geometry":{"type":"MultiPolygon","coordinates":[[[[129.3739888,36.2864436],[129.3739767,36.286438],[129.3739744,36.2864385],[129.3739626,36.2864064],[129.3739404,36.2863848],[129.373968,36.286396],[129.3739888,36.2864436]]]]}},{"type":"Feature","properties":{"r":163,"k":0,"d":77.4},"geometry":{"type":"MultiPolygon","coordinates":[[[[129.3746677,36.2839342],[129.3746391,36.2838231],[129.3746575,36.283813],[129.3746683,36.2838728],[129.3746677,36.2839342]]]]}},{"type":"Feature","properties":{"r":746,"k":0,"d":185.8},"geometry":{"type":"MultiPolygon","coordinates":[[[[129.3749325,36.2802166],[129.3748462,36.2801852],[129.3748353,36.2801971],[129.3745967,36.2800851],[129.3744267,36.2800304],[129.3744207,36.2799472],[129.375088,36.2794783],[129.3751058,36.279472],[129.3752085,36.279495],[129.375187,36.2795677],[129.3752489,36.2796949],[129.3753228,36.2798023],[129.3749325,36.2802166]]]]}},{"type":"Feature","properties":{"r":367,"k":0,"d":122.8},"geometry":{"type":"MultiPolygon","coordinates":[[[[129.3732274,36.2884181],[129.3732595,36.288554],[129.3730394,36.2885854],[129.3730115,36.2884518],[129.3732274,36.2884181]]]]}},{"type":"Feature","properties":{"r":406,"k":0,"d":131.2},"geometry":{"type":"MultiPolygon","coordinates":[[[[129.374372,36.282403],[129.3743832,36.2825691],[129.3742959,36.2825634],[129.3742782,36.2823668],[129.3743223,36.2822383],[129.3746543,36.2823251],[129.3746459,36.2824021],[129.374372,36.282403]]]]}},{"type":"Feature","properties":{"r":470,"k":0,"d":145.7},"geometry":{"type":"MultiPolygon","coordinates":[[[[129.3735431,36.2847754],[129.3733332,36.2848582],[129.3732852,36.284746],[129.3732639,36.2846714],[129.3735027,36.2846271],[129.3735324,36.284638],[129.3735431,36.2847754]]]]}},{"type":"Feature","properties":{"r":575,"k":0,"d":163.1},"geometry":{"type":"MultiPolygon","coordinates":[[[[129.3729955,36.2856004],[129.3729876,36.2855862],[129.3731513,36.2855547],[129.3729955,36.2856004]]]]}},{"type":"Feature","properties":{"r":132,"k":0,"d":71.6},"geometry":{"type":"MultiPolygon","coordinates":[[[[129.3777544,36.2774406],[129.3776019,36.2776715],[129.377685,36.277515],[129.3777544,36.2774406]]]]}},{"type":"Feature","properties":{"r":610,"k":0,"d":168.6},"geometry":{"type":"MultiPolygon","coordinates":[[[[129.376416,36.2915647],[129.3764107,36.2915575],[129.3764465,36.2915381],[129.3764613,36.2915605],[129.3764248,36.2915768],[129.376416,36.2915647]]]]}},{"type":"Feature","properties":{"r":860,"k":0,"d":207.3},"geometry":{"type":"MultiPolygon","coordinates":[[[[129.3737032,36.2910397],[129.3736441,36.2908545],[129.3737536,36.2908242],[129.3737441,36.2909537],[129.3737539,36.2910237],[129.3737032,36.2910397]]]]}},{"type":"Feature","properties":{"r":30,"k":0,"d":39.9},"geometry":{"type":"MultiPolygon","coordinates":[[[[129.3741811,36.2861903],[129.3742095,36.2860382],[129.3742923,36.2860689],[129.3743761,36.2860705],[129.3744029,36.286151],[129.374386,36.2861816],[129.3742571,36.2862014],[129.3741811,36.2861903]]]]}},{"type":"Feature","properties":{"r":203,"k":0,"d":86.2},"geometry":{"type":"MultiPolygon","coordinates":[[[[129.3743492,36.2843928],[129.3743463,36.2843933],[129.3743522,36.2843478],[129.374407,36.2842946],[129.3743969,36.2843131],[129.3743652,36.2843654],[129.3743492,36.2843928]]]]}},{"type":"Feature","properties":{"r":647,"k":0,"d":173.1},"geometry":{"type":"MultiPolygon","coordinates":[[[[129.3730739,36.2847571],[129.3730719,36.2846928],[129.3732249,36.2846819],[129.3732337,36.2847521],[129.3730739,36.2847571]]]]}},{"type":"Feature","properties":{"r":786,"k":0,"d":191.7},"geometry":{"type":"MultiPolygon","coordinates":[[[[129.3726448,36.2861807],[129.3726199,36.2860458],[129.3726484,36.2860547],[129.3726758,36.2861706],[129.3726448,36.2861807]]]]}},{"type":"Feature","properties":{"r":303,"k":0,"d":107.4},"geometry":{"type":"MultiPolygon","coordinates":[[[[129.3781005,36.2766154],[129.378038,36.2765511],[129.378074,36.2764528],[129.3780908,36.2763619],[129.3781388,36.2761826],[129.3782299,36.276029],[129.3782558,36.2760272],[129.3781677,36.2764431],[129.3781141,36.2766094],[129.3781005,36.2766154]]]]}},{"type":"Feature","properties":{"r":88,"k":0,"d":63.4},"geometry":{"type":"MultiPolygon","coordinates":[[[[129.3741259,36.2855797],[129.3741233,36.2855297],[129.374199,36.2854584],[129.3741513,36.2853888],[129.3741648,36.2852601],[129.3742217,36.2851957],[129.3743004,36.2852002],[129.374303,36.2852561],[129.3742727,36.2855242],[129.3742515,36.2855581],[129.3742181,36.2855701],[129.3741259,36.2855797]]]]}},{"type":"Feature","properties":{"r":700,"k":0,"d":179.6},"geometry":{"type":"MultiPolygon","coordinates":[[[[129.3736024,36.283015],[129.3735843,36.283],[129.3736012,36.2829647],[129.3736844,36.2828315],[129.3738541,36.2829436],[129.3738235,36.282987],[129.3736877,36.2829146],[129.3736024,36.283015]]]]}},{"type":"Feature","properties":{"r":694,"k":0,"d":178.6},"geometry":{"type":"MultiPolygon","coordinates":[[[[129.3745456,36.2805046],[129.3745541,36.2804953],[129.3746279,36.2804919],[129.3747088,36.2804544],[129.3749325,36.2802166],[129.3751392,36.2802922],[129.3749576,36.2805484],[129.3745456,36.2805046]]]]}},{"type":"Feature","properties":{"r":211,"k":0,"d":88.0},"geometry":{"type":"MultiPolygon","coordinates":[[[[129.3737376,36.2890021],[129.3736098,36.2890333],[129.3735668,36.2889022],[129.3737197,36.2888635],[129.3737376,36.2890021]]]]}},{"type":"Feature","properties":{"r":294,"k":0,"d":106.0},"geometry":{"type":"MultiPolygon","coordinates":[[[[129.3739103,36.2845351],[129.3738487,36.2845408],[129.3738247,36.284554],[129.3737524,36.2844787],[129.3737667,36.2843791],[129.3738681,36.2843595],[129.3740743,36.2844058],[129.374097,36.2844581],[129.3741027,36.2844979],[129.3739951,36.2844866],[129.3739394,36.2845102],[129.3739332,36.2845342],[129.3739103,36.2845351]]]]}},{"type":"Feature","properties":{"r":12,"k":0,"d":24.2},"geometry":{"type":"MultiPolygon","coordinates":[[[[129.3742093,36.2881779],[129.3742584,36.2878323],[129.3742741,36.2877554],[129.3742899,36.2874793],[129.3743059,36.2873975],[129.3743302,36.2872947],[129.3743321,36.2871884],[129.3743168,36.287114],[129.3744031,36.2871053],[129.3742361,36.2882165],[129.3742038,36.2882194],[129.3742093,36.2881779]]]]}},{"type":"Feature","properties":{"r":89,"k":0,"d":63.5},"geometry":{"type":"MultiPolygon","coordinates":[[[[129.3743606,36.2851836],[129.3743505,36.2851827],[129.3743286,36.284985],[129.374363,36.2849666],[129.3743541,36.2850238],[129.3743889,36.2850234],[129.3743606,36.2851836]]]]}},{"type":"Feature","properties":{"r":306,"k":0,"d":108.1},"geometry":{"type":"MultiPolygon","coordinates":[[[[129.373689,36.2857164],[129.3736611,36.2856878],[129.3735779,36.285661],[129.3735562,36.2856485],[129.3735958,36.2856013],[129.3736118,36.2855612],[129.3737632,36.2855832],[129.373689,36.2857164]]]]}},{"type":"Feature","properties":{"r":766,"k":0,"d":188.6},"geometry":{"type":"MultiPolygon","coordinates":[[[[129.3729138,36.2850579],[129.3729145,36.2850521],[129.3729742,36.2850052],[129.3729856,36.2850022],[129.3729138,36.2850579]]]]}},{"type":"Feature","properties":{"r":708,"k":0,"d":180.5},"geometry":{"type":"MultiPolygon","coordinates":[[[[129.3726661,36.2888745],[129.3727445,36.2892267],[129.3726878,36.2892369],[129.372612,36.2888838],[129.3726661,36.2888745]]]]}},{"type":"Feature","properties":{"r":385,"k":0,"d":126.4},"geometry":{"type":"MultiPolygon","coordinates":[[[[129.3744867,36.2825441],[129.3745005,36.2824308],[129.3746409,36.2824472],[129.3746276,36.2825709],[129.3746133,36.2825703],[129.3745225,36.2825364],[129.3744867,36.2825441]]]]}},{"type":"Feature","properties":{"r":761,"k":0,"d":188.4},"geometry":{"type":"MultiPolygon","coordinates":[[[[129.3736084,36.2832063],[129.373625,36.28328],[129.3735885,36.2833544],[129.3733782,36.2832865],[129.3734,36.2832658],[129.3734343,36.2831964],[129.3734728,36.2831447],[129.373519,36.2831513],[129.3736084,36.2832063]]]]}},{"type":"Feature","properties":{"r":803,"k":0,"d":194.7},"geometry":{"type":"MultiPolygon","coordinates":[[[[129.3724801,36.2887553],[129.372502,36.2888602],[129.3724177,36.2888724],[129.3723963,36.288768],[129.3724801,36.2887553]]]]}},{"type":"Feature","properties":{"r":820,"k":0,"d":197.2},"geometry":{"type":"MultiPolygon","coordinates":[[[[129.3725705,36.2891882],[129.3725773,36.2892292],[129.3725004,36.2891572],[129.3725705,36.2891882]]]]}},{"type":"Feature","properties":{"r":682,"k":0,"d":176.5},"geometry":{"type":"MultiPolygon","coordinates":[[[[129.3760091,36.2791237],[129.3760908,36.2790294],[129.3761167,36.2790106],[129.376109,36.2790205],[129.3761084,36.279041],[129.3760844,36.2790605],[129.3760496,36.2791159],[129.3760091,36.2791237]]]]}},{"type":"Feature","properties":{"r":704,"k":0,"d":180.1},"geometry":{"type":"MultiPolygon","coordinates":[[[[129.3732379,36.2845061],[129.3732387,36.2844209],[129.3732477,36.2843635],[129.3732545,36.2843642],[129.3732452,36.2845079],[129.3732379,36.2845061]]]]}},{"type":"Feature","properties":{"r":405,"k":0,"d":130.8},"geometry":{"type":"MultiPolygon","coordinates":[[[[129.3731534,36.2875733],[129.3731116,36.2874194],[129.3731217,36.2874185],[129.3731296,36.2874444],[129.3731674,36.2875778],[129.3731534,36.2875733]]]]}},{"type":"Feature","properties":{"r":178,"k":0,"d":79.9},"geometry":{"type":"MultiPolygon","coordinates":[[[[129.3739347,36.2853258],[129.3740088,36.2853088],[129.3740722,36.2852654],[129.3741506,36.2852607],[129.3741348,36.2853424],[129.3741183,36.28534],[129.3740879,36.285428],[129.3739763,36.2854167],[129.3739347,36.2853258]]]]}},{"type":"Feature","properties":{"r":800,"k":0,"d":194.2},"geometry":{"type":"MultiPolygon","coordinates":[[[[129.3733032,36.2838108],[129.3732878,36.2839408],[129.3732123,36.2839374],[129.3730831,36.2838961],[129.3730865,36.2838869],[129.3732135,36.2839277],[129.3732591,36.2839348],[129.3732825,36.2839203],[129.3732925,36.2838102],[129.3733032,36.2838108]]]]}},{"type":"Feature","properties":{"r":651,"k":0,"d":173.5},"geometry":{"type":"MultiPolygon","coordinates":[[[[129.374226,36.290915],[129.3740818,36.2909001],[129.3740649,36.2908766],[129.3741795,36.2908489],[129.3742193,36.2908349],[129.3743136,36.2908137],[129.3743422,36.2908272],[129.3744189,36.2908197],[129.3744006,36.2908907],[129.3742341,36.2909117],[129.374226,36.290915]]]]}},{"type":"Feature","properties":{"r":54,"k":0,"d":57.2},"geometry":{"type":"MultiPolygon","coordinates":[[[[129.3740644,36.2868688],[129.3739711,36.2869127],[129.3740544,36.2868295],[129.3740547,36.286827],[129.3740665,36.2868246],[129.3740712,36.2868321],[129.3740644,36.2868688]]]]}},{"type":"Feature","properties":{"r":603,"k":0,"d":167.4},"geometry":{"type":"MultiPolygon","coordinates":[[[[129.373559,36.283838],[129.3736269,36.2838459],[129.3736187,36.2839101],[129.3735527,36.2839021],[129.373559,36.283838]]]]}},{"type":"Feature","properties":{"r":646,"k":0,"d":172.8},"geometry":{"type":"MultiPolygon","coordinates":[[[[129.376706,36.2765492],[129.3767676,36.2765129],[129.3769013,36.2763531],[129.3770132,36.2762748],[129.3770999,36.2761992],[129.3771546,36.2762073],[129.3772812,36.2761809],[129.377323,36.2762663],[129.3772156,36.276358],[129.3771174,36.2764887],[129.3770163,36.2765817],[129.3769428,36.276695],[129.3769224,36.2767496],[129.3768136,36.2769349],[129.3765089,36.2767419],[129.3765697,36.2766339],[129.3766661,36.2765173],[129.376706,36.2765492]]]]}},{"type":"Feature","properties":{"r":415,"k":0,"d":133.7},"geometry":{"type":"MultiPolygon","coordinates":[[[[129.3760762,36.2914774],[129.3760493,36.2915305],[129.3760306,36.2915382],[129.3759702,36.2914903],[129.3758047,36.2913751],[129.3756231,36.2912446],[129.3754309,36.2911457],[129.3752219,36.2910621],[129.3750541,36.2909873],[129.3752826,36.2909699],[129.375461,36.2909941],[129.3758423,36.291206],[129.3760762,36.2914774]]]]}},{"type":"Feature","properties":{"r":147,"k":0,"d":73.9},"geometry":{"type":"MultiPolygon","coordinates":[[[[129.3761613,36.2908375],[129.3761343,36.2907211],[129.376316,36.2906832],[129.3763486,36.2907165],[129.3763768,36.2907869],[129.3763628,36.2907891],[129.3761613,36.2908375]]]]}},{"type":"Feature","properties":{"r":161,"k":0,"d":77.3},"geometry":{"type":"MultiPolygon","coordinates":[[[[129.3739854,36.2896321],[129.3739379,36.2895382],[129.3741168,36.2894942],[129.3741452,36.2894951],[129.37417,36.2895887],[129.3739854,36.2896321]]]]}},{"type":"Feature","properties":{"r":389,"k":0,"d":127.0},"geometry":{"type":"MultiPolygon","coordinates":[[[[129.3737145,36.2846441],[129.3737122,36.2846132],[129.3737003,36.2846151],[129.3736518,36.2845899],[129.3736828,36.2845271],[129.3737676,36.2845112],[129.373769,36.2844955],[129.3738247,36.284554],[129.3738091,36.2845622],[129.3738216,36.2846126],[129.3737145,36.2846441]]]]}},{"type":"Feature","properties":{"r":529,"k":0,"d":155.7},"geometry":{"type":"MultiPolygon","coordinates":[[[[129.3732293,36.2856016],[129.3732033,36.2855873],[129.3731809,36.2855833],[129.373204,36.2855792],[129.3732293,36.2856016]]]]}},{"type":"Feature","properties":{"r":138,"k":0,"d":72.2},"geometry":{"type":"MultiPolygon","coordinates":[[[[129.3744195,36.2847135],[129.374408,36.2847153],[129.3744107,36.2846159],[129.3744253,36.2846142],[129.3744195,36.2847135]]]]}},{"type":"Feature","properties":{"r":359,"k":0,"d":121.5},"geometry":{"type":"MultiPolygon","coordinates":[[[[129.3732899,36.2886826],[129.3733219,36.288818],[129.373095,36.2888514],[129.373067,36.2887176],[129.3732899,36.2886826]]]]}},{"type":"Feature","properties":{"r":219,"k":0,"d":90.1},"geometry":{"type":"MultiPolygon","coordinates":[[[[129.3760336,36.2908681],[129.375999,36.2908763],[129.3759743,36.290781],[129.3760065,36.2907742],[129.3760336,36.2908681]]]]}},{"type":"Feature","properties":{"r":11,"k":0,"d":23.9},"geometry":{"type":"MultiPolygon","coordinates":[[[[129.3742799,36.2871202],[129.3743288,36.2870615],[129.3743313,36.2869169],[129.3742896,36.2868789],[129.3742215,36.2868683],[129.3741475,36.2868688],[129.3740589,36.286909],[129.3741814,36.2868442],[129.3741857,36.2867895],[129.3741501,36.2866974],[129.3741411,36.2866888],[129.3742131,36.2865929],[129.3742452,36.2864342],[129.3741366,36.2864335],[129.3741459,36.2863321],[129.3741543,36.2863323],[129.3742755,36.2863493],[129.3742598,36.2862213],[129.3743928,36.2862215],[129.374425,36.286272],[129.3744034,36.2863599],[129.3744077,36.2864382],[129.3744491,36.2864606],[129.3744601,36.2865649],[129.3744647,36.2865759],[129.3743998,36.2868337],[129.3744442,36.286835],[129.3744031,36.2871053],[129.3743168,36.287114],[129.3742799,36.2871202]]]]}},{"type":"Feature","properties":{"r":279,"k":0,"d":104.0},"geometry":{"type":"MultiPolygon","coordinates":[[[[129.3737294,36.2852022],[129.3737074,36.2852004],[129.3736876,36.285109],[129.3737269,36.2850676],[129.3737485,36.2849655],[129.3738738,36.2849418],[129.3739314,36.2850606],[129.3738977,36.2851747],[129.3738426,36.2851981],[129.3737294,36.2852022]]]]}},{"type":"Feature","properties":{"r":249,"k":0,"d":97.3},"geometry":{"type":"MultiPolygon","coordinates":[[[[129.3739631,36.2846764],[129.373922,36.2846865],[129.3739103,36.2845351],[129.3739663,36.284533],[129.3741672,36.2845834],[129.3741679,36.2845994],[129.374135,36.284628],[129.3740896,36.2846406],[129.3740004,36.2846449],[129.3739631,36.2846764]]]]}},{"type":"Feature","properties":{"r":435,"k":0,"d":138.8},"geometry":{"type":"MultiPolygon","coordinates":[[[[129.374049,36.2834416],[129.3740592,36.2836618],[129.3738619,36.2836088],[129.3739142,36.2834668],[129.374049,36.2834416]]]]}},{"type":"Feature","properties":{"r":790,"k":0,"d":192.6},"geometry":{"type":"MultiPolygon","coordinates":[[[[129.3752382,36.2795073],[129.3752502,36.2794479],[129.3752497,36.2793788],[129.3755236,36.2791736],[129.3755989,36.2791512],[129.3756268,36.2791519],[129.375486,36.2792143],[129.3753579,36.279344],[129.3755991,36.2793628],[129.3755528,36.2794019],[129.375267,36.2793803],[129.3752809,36.2794377],[129.3752563,36.2795235],[129.3752382,36.2795073]]]]}},{"type":"Feature","properties":{"r":247,"k":0,"d":97.1},"geometry":{"type":"MultiPolygon","coordinates":[[[[129.3773305,36.2777025],[129.3772225,36.2777895],[129.3772756,36.2777151],[129.3773037,36.2776838],[129.3773305,36.2777025]]]]}},{"type":"Feature","properties":{"r":583,"k":0,"d":164.0},"geometry":{"type":"MultiPolygon","coordinates":[[[[129.3731652,36.2853899],[129.3730432,36.2853918],[129.3730381,36.2852423],[129.3731103,36.2851897],[129.3731648,36.2851442],[129.3731744,36.2851543],[129.3731951,36.2852047],[129.3731652,36.2853899]]]]}},{"type":"Feature","properties":{"r":366,"k":0,"d":122.8},"geometry":{"type":"MultiPolygon","coordinates":[[[[129.373217,36.2862108],[129.3732067,36.2861553],[129.3732138,36.2860798],[129.3732413,36.2859607],[129.3734497,36.2860057],[129.3734445,36.28621],[129.3734101,36.2862206],[129.3732583,36.2862329],[129.373217,36.2862108]]]]}},{"type":"Feature","properties":{"r":204,"k":0,"d":86.5},"geometry":{"type":"MultiPolygon","coordinates":[[[[129.3773037,36.2776838],[129.3777087,36.2772123],[129.3777219,36.2772213],[129.3776831,36.2772742],[129.3776437,36.2773039],[129.3776545,36.2773105],[129.3775794,36.277411],[129.3774637,36.2775467],[129.3773558,36.2776954],[129.3773332,36.2777044],[129.3773037,36.2776838]]]]}},{"type":"Feature","properties":{"r":848,"k":0,"d":199.7},"geometry":{"type":"MultiPolygon","coordinates":[[[[129.3750654,36.2918058],[129.3752063,36.29178],[129.3754269,36.2917209],[129.3754529,36.2917167],[129.3754972,36.2917161],[129.375589,36.2917024],[129.3756006,36.2917097],[129.3756392,36.2917484],[129.3758909,36.292037],[129.3759923,36.2921674],[129.3760356,36.2921987],[129.3760461,36.2922167],[129.3758817,36.2922939],[129.3758376,36.292284],[129.3757672,36.2922564],[129.3756864,36.2922571],[129.3757062,36.2921751],[129.3756594,36.2920389],[129.3755867,36.2920438],[129.3755258,36.2920086],[129.3754158,36.2918235],[129.3753433,36.2917476],[129.3751879,36.2917921],[129.3752115,36.2919572],[129.3752479,36.2920927],[129.375105,36.2920949],[129.3749706,36.2919545],[129.3749166,36.2918441],[129.3749465,36.2917911],[129.375004,36.2918171],[129.3750654,36.2918058]]]]}},{"type":"Feature","properties":{"r":43,"k":0,"d":48.6},"geometry":{"type":"MultiPolygon","coordinates":[[[[129.3760328,36.2904125],[129.3760422,36.2903916],[129.3761804,36.2904277],[129.3761085,36.2904388],[129.375944,36.2904362],[129.3758657,36.2904387],[129.3758665,36.2904004],[129.3759676,36.2903899],[129.3760328,36.2904125]]]]}},{"type":"Feature","properties":{"r":811,"k":0,"d":196.0},"geometry":{"type":"MultiPolygon","coordinates":[[[[129.3732418,36.2904475],[129.3732799,36.2903672],[129.3733084,36.2903849],[129.3733022,36.2903956],[129.3733597,36.290408],[129.3732503,36.2904536],[129.3732418,36.2904475]]]]}},{"type":"Feature","properties":{"r":209,"k":0,"d":87.3},"geometry":{"type":"MultiPolygon","coordinates":[[[[129.3735668,36.2889022],[129.3735504,36.2888517],[129.3737184,36.2888337],[129.3737197,36.2888635],[129.3735668,36.2889022]]]]}},{"type":"Feature","properties":{"r":419,"k":0,"d":134.5},"geometry":{"type":"MultiPolygon","coordinates":[[[[129.3736828,36.2845271],[129.3736786,36.2845089],[129.3735962,36.2845143],[129.3735871,36.2844379],[129.3736279,36.2843909],[129.3736288,36.2843744],[129.3737643,36.2843941],[129.3737524,36.2844787],[129.373769,36.2844955],[129.3737676,36.2845112],[129.3736828,36.2845271]]]]}},{"type":"Feature","properties":{"r":304,"k":0,"d":108.0},"geometry":{"type":"MultiPolygon","coordinates":[[[[129.3741306,36.2833603],[129.374052,36.2831449],[129.3740814,36.2831089],[129.3741292,36.2829743],[129.3742019,36.2828011],[129.3743311,36.2828284],[129.3743557,36.2828927],[129.374386,36.2829993],[129.3745254,36.2833891],[129.3744093,36.283407],[129.3742251,36.283414],[129.3741306,36.2833603]]]]}},{"type":"Feature","properties":{"r":710,"k":0,"d":180.6},"geometry":{"type":"MultiPolygon","coordinates":[[[[129.3781953,36.2758242],[129.3781865,36.2758146],[129.378196,36.2756275],[129.378246,36.2756358],[129.3782383,36.275809],[129.3781953,36.2758242]]]]}},{"type":"Feature","properties":{"r":309,"k":0,"d":108.7},"geometry":{"type":"MultiPolygon","coordinates":[[[[129.3760979,36.2910805],[129.3761364,36.2910671],[129.3761202,36.2910445],[129.376322,36.290998],[129.3763738,36.2911394],[129.3764986,36.2910943],[129.3765039,36.2911085],[129.3763599,36.2911569],[129.3763538,36.2911461],[129.3762342,36.2911902],[129.376195,36.2912059],[129.3760979,36.2910805]]]]}},{"type":"Feature","properties":{"r":863,"k":0,"d":211.4},"geometry":{"type":"MultiPolygon","coordinates":[[[[129.3740024,36.2910196],[129.3739391,36.2910386],[129.3739351,36.2910241],[129.3740024,36.2910196]]]]}},{"type":"Feature","properties":{"r":17,"k":0,"d":30.7},"geometry":{"type":"MultiPolygon","coordinates":[[[[129.3742093,36.2881779],[129.3738383,36.2882408],[129.3738192,36.2881764],[129.3738866,36.287778],[129.37425,36.2877191],[129.3742658,36.2877931],[129.3742584,36.2878323],[129.3742093,36.2881779]]]]}},{"type":"Feature","properties":{"r":266,"k":0,"d":101.9},"geometry":{"type":"MultiPolygon","coordinates":[[[[129.3743574,36.2839775],[129.3743498,36.2839799],[129.3743202,36.2839738],[129.3742926,36.2838833],[129.3743178,36.2838709],[129.3743574,36.2839775]]]]}},{"type":"Feature","properties":{"r":449,"k":0,"d":141.7},"geometry":{"type":"MultiPolygon","coordinates":[[[[129.376191,36.2780476],[129.3760788,36.2779714],[129.376102,36.2779466],[129.3762261,36.2778947],[129.3764442,36.2777339],[129.376651,36.2775386],[129.37669,36.2774487],[129.3767825,36.2774667],[129.3767823,36.2775601],[129.3768314,36.2776545],[129.3767255,36.2778077],[129.3765073,36.2779409],[129.376191,36.2780476]],[[129.3767151,36.2777115],[129.376748,36.2775944],[129.3766144,36.2777278],[129.3765905,36.2777374],[129.3766652,36.277774],[129.3767151,36.2777115]]]]}},{"type":"Feature","properties":{"r":808,"k":0,"d":195.4},"geometry":{"type":"MultiPolygon","coordinates":[[[[129.3732825,36.2839203],[129.3732591,36.2839348],[129.3732135,36.2839277],[129.3730865,36.2838869],[129.3731178,36.2838012],[129.3732925,36.2838102],[129.3732825,36.2839203]]]]}},{"type":"Feature","properties":{"r":256,"k":0,"d":99.1},"geometry":{"type":"MultiPolygon","coordinates":[[[[129.3739764,36.2847097],[129.3739712,36.2846988],[129.3739962,36.2846656],[129.3740706,36.2846565],[129.3741246,36.2846633],[129.3741248,36.2846657],[129.3739864,36.284697],[129.3739764,36.2847097]]]]}},{"type":"Feature","properties":{"r":813,"k":0,"d":196.4},"geometry":{"type":"MultiPolygon","coordinates":[[[[129.3741673,36.2817295],[129.3741409,36.2817751],[129.3741134,36.2817131],[129.3741154,36.2817014],[129.3741673,36.2817295]]]]}},{"type":"Feature","properties":{"r":194,"k":0,"d":83.8},"geometry":{"type":"MultiPolygon","coordinates":[[[[129.3752777,36.2905002],[129.3752884,36.2904647],[129.3752537,36.2903346],[129.3753715,36.2903302],[129.3753908,36.2903811],[129.3754518,36.2904116],[129.3752777,36.2905002]]]]}},{"type":"Feature","properties":{"r":254,"k":0,"d":98.8},"geometry":{"type":"MultiPolygon","coordinates":[[[[129.3750727,36.2903246],[129.3750137,36.2903802],[129.3749541,36.2902984],[129.3749605,36.2902982],[129.3750067,36.290318],[129.3750727,36.2903246]]]]}},{"type":"Feature","properties":{"r":332,"k":0,"d":114.0},"geometry":{"type":"MultiPolygon","coordinates":[[[[129.3744441,36.283163],[129.374386,36.2829993],[129.3743557,36.2828927],[129.3743278,36.282651],[129.3744025,36.2828561],[129.3744009,36.2828764],[129.3745249,36.2831863],[129.3744441,36.283163]]]]}},{"type":"Feature","properties":{"r":755,"k":0,"d":187.4},"geometry":{"type":"MultiPolygon","coordinates":[[[[129.374188,36.2815824],[129.3741897,36.2814448],[129.3742439,36.2813568],[129.3743696,36.2813077],[129.3745241,36.2812199],[129.3744063,36.281419],[129.374257,36.2816072],[129.374188,36.2815824]]]]}},{"type":"Feature","properties":{"r":648,"k":0,"d":173.1},"geometry":{"type":"MultiPolygon","coordinates":[[[[129.3754501,36.2798512],[129.3753658,36.2798133],[129.3754308,36.2797912],[129.3754941,36.2797354],[129.3754779,36.2796941],[129.3756391,36.2795901],[129.3754501,36.2798512]]]]}},{"type":"Feature","properties":{"r":835,"k":0,"d":198.7},"geometry":{"type":"MultiPolygon","coordinates":[[[[129.3726885,36.2856701],[129.3727183,36.2856681],[129.3726876,36.2857321],[129.3726885,36.2856701]]]]}},{"type":"Feature","properties":{"r":453,"k":0,"d":142.0},"geometry":{"type":"MultiPolygon","coordinates":[[[[129.3764349,36.2784525],[129.3765434,36.2783372],[129.3765685,36.278322],[129.3766155,36.2783867],[129.3766009,36.2783874],[129.3765991,36.2784136],[129.3764375,36.2784788],[129.3764349,36.2784525]]]]}},{"type":"Feature","properties":{"r":427,"k":0,"d":136.2},"geometry":{"type":"MultiPolygon","coordinates":[[[[129.3764718,36.291328],[129.3764214,36.2913523],[129.3763838,36.2913577],[129.3763262,36.2912931],[129.3764183,36.2912471],[129.3764718,36.291328]]]]}},{"type":"Feature","properties":{"r":441,"k":0,"d":139.5},"geometry":{"type":"MultiPolygon","coordinates":[[[[129.3737771,36.290181],[129.3737446,36.2901485],[129.3736902,36.2901271],[129.373585,36.2901045],[129.3735786,36.2900235],[129.3736517,36.2899904],[129.3736897,36.2899673],[129.3737158,36.2899569],[129.3738263,36.290165],[129.3737771,36.290181]]]]}},{"type":"Feature","properties":{"r":750,"k":0,"d":186.7},"geometry":{"type":"MultiPolygon","coordinates":[[[[129.3729936,36.2848751],[129.3729208,36.2848478],[129.3728176,36.2848337],[129.3728744,36.2846692],[129.3729645,36.2846615],[129.3729798,36.2846845],[129.3730719,36.2846928],[129.3730739,36.2847571],[129.3729936,36.2848751]]]]}},{"type":"Feature","properties":{"r":134,"k":0,"d":71.7},"geometry":{"type":"MultiPolygon","coordinates":[[[[129.3737918,36.2861709],[129.373821,36.2861986],[129.3738755,36.2863289],[129.3737836,36.2863643],[129.3736659,36.2863956],[129.3736716,36.2864179],[129.373886,36.2863493],[129.3739404,36.2863848],[129.3739626,36.2864064],[129.3739744,36.2864385],[129.3736399,36.2865004],[129.3736092,36.2865042],[129.3735201,36.286504],[129.3733296,36.2865194],[129.3732938,36.2864852],[129.373247,36.2864906],[129.3732035,36.2864893],[129.3732032,36.2864666],[129.3732187,36.2864238],[129.3732501,36.2863265],[129.3732583,36.2862329],[129.3734101,36.2862206],[129.3734445,36.28621],[129.3734493,36.2860182],[129.3737918,36.2861709]]]]}},{"type":"Feature","properties":{"r":370,"k":0,"d":123.1},"geometry":{"type":"MultiPolygon","coordinates":[[[[129.3737444,36.2849474],[129.3735886,36.2849288],[129.373597,36.2848726],[129.3735815,36.2847921],[129.3737351,36.2847616],[129.3737355,36.2847696],[129.3737488,36.2848056],[129.3737378,36.2848626],[129.3737444,36.2849474]]]]}},{"type":"Feature","properties":{"r":418,"k":0,"d":134.2},"geometry":{"type":"MultiPolygon","coordinates":[[[[129.3736153,36.2849544],[129.3736144,36.2849584],[129.3735521,36.2849531],[129.3734738,36.2849512],[129.3733965,36.2849437],[129.3733995,36.2849329],[129.3735348,36.2849412],[129.3736153,36.2849544]]]]}},{"type":"Feature","properties":{"r":512,"k":0,"d":153.2},"geometry":{"type":"MultiPolygon","coordinates":[[[[129.3732411,36.2856648],[129.373144,36.2856825],[129.3730944,36.2856795],[129.3730838,36.2856008],[129.3731809,36.2855833],[129.3732033,36.2855873],[129.3732293,36.2856016],[129.3732458,36.2856163],[129.3732411,36.2856648]]]]}},{"type":"Feature","properties":{"r":90,"k":0,"d":63.6},"geometry":{"type":"MultiPolygon","coordinates":[[[[129.3743841,36.2896761],[129.3742313,36.2896907],[129.3741808,36.289496],[129.3743456,36.2895],[129.3743548,36.2895227],[129.3743841,36.2896761]]]]}},{"type":"Feature","properties":{"r":73,"k":0,"d":60.1},"geometry":{"type":"MultiPolygon","coordinates":[[[[129.3741042,36.2864396],[129.3740814,36.2864438],[129.3741002,36.286334],[129.3741262,36.2863329],[129.3741042,36.2864396]]]]}},{"type":"Feature","properties":{"r":65,"k":0,"d":59.1},"geometry":{"type":"MultiPolygon","coordinates":[[[[129.3780218,36.2772794],[129.3781315,36.2771615],[129.3780194,36.277323],[129.377986,36.2773546],[129.3780218,36.2772794]]]]}},{"type":"Feature","properties":{"r":513,"k":0,"d":153.2},"geometry":{"type":"MultiPolygon","coordinates":[[[[129.3732411,36.2856648],[129.3732458,36.2856163],[129.3732518,36.2856216],[129.3732411,36.2856648]]]]}},{"type":"Feature","properties":{"r":318,"k":0,"d":110.8},"geometry":{"type":"MultiPolygon","coordinates":[[[[129.3774439,36.2769171],[129.3775797,36.2767179],[129.3777413,36.2767963],[129.3776004,36.2769933],[129.3774439,36.2769171]]]]}},{"type":"Feature","properties":{"r":769,"k":0,"d":189.2},"geometry":{"type":"MultiPolygon","coordinates":[[[[129.3747194,36.2918054],[129.3745201,36.2917882],[129.374609,36.2916744],[129.3746742,36.2915594],[129.3746926,36.2913344],[129.3747364,36.2912767],[129.374964,36.2913208],[129.3749981,36.2913482],[129.3751753,36.2914392],[129.3753266,36.2915576],[129.3755072,36.2916512],[129.3755284,36.2916645],[129.3753455,36.2917145],[129.375237,36.2917016],[129.37525,36.2916708],[129.3749624,36.2915413],[129.3748804,36.2916538],[129.3750065,36.2917124],[129.3749906,36.2917362],[129.3750708,36.2917754],[129.375005,36.2917866],[129.3748194,36.2917022],[129.374787,36.2917465],[129.3747675,36.291738],[129.3747194,36.2918054]]]]}},{"type":"Feature","properties":{"r":862,"k":0,"d":211.0},"geometry":{"type":"MultiPolygon","coordinates":[[[[129.373619,36.2908373],[129.3735878,36.2908467],[129.3735806,36.2908137],[129.3735602,36.2907746],[129.3735848,36.2907635],[129.373606,36.2908173],[129.373619,36.2908373]]]]}},{"type":"Feature","properties":{"r":184,"k":0,"d":81.6},"geometry":{"type":"MultiPolygon","coordinates":[[[[129.3734318,36.2866201],[129.3735175,36.2866061],[129.3735148,36.2866403],[129.3735337,36.2867201],[129.3735696,36.2867137],[129.3735684,36.2867128],[129.3736756,36.2867915],[129.3737944,36.2868554],[129.3737102,36.2868101],[129.3736178,36.2868625],[129.3735833,36.2868742],[129.3734436,36.286774],[129.3733202,36.2866995],[129.3731576,36.2866279],[129.3732514,36.2866346],[129.3733782,36.2866283],[129.3734318,36.2866201]]]]}},{"type":"Feature","properties":{"r":491,"k":0,"d":149.3},"geometry":{"type":"MultiPolygon","coordinates":[[[[129.3734655,36.2845666],[129.3734167,36.2845503],[129.3734068,36.2845418],[129.3734071,36.2845308],[129.3734223,36.2845269],[129.3734174,36.2844519],[129.3735871,36.2844379],[129.3735962,36.2845143],[129.3734641,36.284547],[129.3734655,36.2845666]]]]}},{"type":"Feature","properties":{"r":596,"k":0,"d":166.1},"geometry":{"type":"MultiPolygon","coordinates":[[[[129.3738499,36.2831848],[129.3737225,36.2831112],[129.3737563,36.2830822],[129.3738888,36.2828944],[129.3739691,36.2827375],[129.3740133,36.2829444],[129.3738499,36.2831848]]]]}},{"type":"Feature","properties":{"r":433,"k":0,"d":138.0},"geometry":{"type":"MultiPolygon","coordinates":[[[[129.3731688,36.2864691],[129.3731731,36.2864423],[129.3732033,36.2863241],[129.3732093,36.2862551],[129.373217,36.2862108],[129.3732583,36.2862329],[129.3732501,36.2863265],[129.3732187,36.2864238],[129.3732032,36.2864666],[129.3731688,36.2864691]]]]}},{"type":"Feature","properties":{"r":735,"k":0,"d":184.4},"geometry":{"type":"MultiPolygon","coordinates":[[[[129.3727163,36.2860748],[129.3727347,36.2860611],[129.3727587,36.2861685],[129.372733,36.2861671],[129.3727163,36.2860748]]]]}},{"type":"Feature","properties":{"r":768,"k":0,"d":189.0},"geometry":{"type":"MultiPolygon","coordinates":[[[[129.3735843,36.283],[129.373548,36.2829699],[129.3735661,36.2829414],[129.3739394,36.2824561],[129.3737186,36.2827769],[129.3736012,36.2829647],[129.3735843,36.283]]]]}},{"type":"Feature","properties":{"r":705,"k":0,"d":180.1},"geometry":{"type":"MultiPolygon","coordinates":[[[[129.3745499,36.2811404],[129.37462,36.280629],[129.3748853,36.2806585],[129.3745994,36.2811],[129.3745499,36.2811404]]]]}},{"type":"Feature","properties":{"r":237,"k":0,"d":93.7},"geometry":{"type":"MultiPolygon","coordinates":[[[[129.3756893,36.2908199],[129.3755414,36.2906912],[129.3754432,36.2906688],[129.3754162,36.2906692],[129.3754294,36.2906359],[129.3756292,36.2906885],[129.3758007,36.290736],[129.3758236,36.2907923],[129.3757177,36.2908434],[129.3757105,36.2908342],[129.3756893,36.2908199]]]]}},{"type":"Feature","properties":{"r":568,"k":0,"d":161.9},"geometry":{"type":"MultiPolygon","coordinates":[[[[129.3740597,36.290533],[129.3740955,36.2905206],[129.3741584,36.2906136],[129.3740597,36.290533]]]]}},{"type":"Feature","properties":{"r":399,"k":0,"d":129.6},"geometry":{"type":"MultiPolygon","coordinates":[[[[129.3737158,36.2899569],[129.3736897,36.2899673],[129.3736327,36.2898575],[129.3735905,36.2897567],[129.3735869,36.2897398],[129.3736409,36.2897335],[129.3736888,36.289906],[129.3737158,36.2899569]]]]}},{"type":"Feature","properties":{"r":191,"k":0,"d":83.1},"geometry":{"type":"MultiPolygon","coordinates":[[[[129.3738414,36.2891861],[129.373765,36.2892043],[129.3737376,36.2890021],[129.3738167,36.2889831],[129.3738414,36.2891861]]]]}},{"type":"Feature","properties":{"r":784,"k":0,"d":191.5},"geometry":{"type":"MultiPolygon","coordinates":[[[[129.3731362,36.2841157],[129.3731009,36.2841115],[129.3730944,36.2840257],[129.3730782,36.2839127],[129.3731738,36.2839439],[129.3732735,36.283971],[129.3732554,36.2840719],[129.3732561,36.2840953],[129.3731805,36.2840956],[129.3731362,36.2841157]]]]}},{"type":"Feature","properties":{"r":518,"k":0,"d":154.2},"geometry":{"type":"MultiPolygon","coordinates":[[[[129.3735027,36.2846271],[129.3732682,36.2846706],[129.3732452,36.2845079],[129.3733982,36.2845344],[129.3735027,36.2846271]]]]}},{"type":"Feature","properties":{"r":581,"k":0,"d":163.9},"geometry":{"type":"MultiPolygon","coordinates":[[[[129.3732482,36.2850756],[129.3731619,36.2850842],[129.3731284,36.2850594],[129.3731005,36.2850298],[129.3730719,36.2849915],[129.3730668,36.2849674],[129.3732072,36.2849882],[129.3732482,36.2850756]]]]}},{"type":"Feature","properties":{"r":696,"k":0,"d":179.2},"geometry":{"type":"MultiPolygon","coordinates":[[[[129.3728889,36.2895884],[129.3727991,36.2895192],[129.3726765,36.289441],[129.3724231,36.2893901],[129.3720994,36.2891774],[129.3720448,36.2891347],[129.3719794,36.2891178],[129.3723134,36.2890728],[129.3724515,36.2891352],[129.3727953,36.2894663],[129.3729327,36.2896027],[129.3728889,36.2895884]]]]}},{"type":"Feature","properties":{"r":390,"k":0,"d":127.3},"geometry":{"type":"MultiPolygon","coordinates":[[[[129.3737712,36.2841625],[129.3737748,36.2841502],[129.3739277,36.2841764],[129.3739666,36.284155],[129.3739935,36.2840717],[129.3740052,36.284074],[129.3739739,36.284178],[129.3739593,36.284184],[129.3739238,36.2841806],[129.3737712,36.2841625]]]]}},{"type":"Feature","properties":{"r":504,"k":0,"d":151.1},"geometry":{"type":"MultiPolygon","coordinates":[[[[129.3730738,36.2897255],[129.3729629,36.2896162],[129.3732401,36.2895399],[129.3732822,36.2896784],[129.3730738,36.2897255]]]]}},{"type":"Feature","properties":{"r":541,"k":0,"d":157.0},"geometry":{"type":"MultiPolygon","coordinates":[[[[129.3735232,36.2842948],[129.3735595,36.2842855],[129.3735588,36.2842167],[129.3735451,36.2841613],[129.3735555,36.28415],[129.3735861,36.2841596],[129.3735843,36.2842926],[129.3735234,36.2843018],[129.3735232,36.2842948]]]]}},{"type":"Feature","properties":{"r":379,"k":0,"d":125.7},"geometry":{"type":"MultiPolygon","coordinates":[[[[129.3734812,36.2894631],[129.3733918,36.2894758],[129.373202,36.2894132],[129.373197,36.2893859],[129.3734499,36.2893448],[129.3734812,36.2894631]]]]}},{"type":"Feature","properties":{"r":234,"k":0,"d":93.6},"geometry":{"type":"MultiPolygon","coordinates":[[[[129.3739673,36.2849068],[129.3739918,36.2848583],[129.3739787,36.2847666],[129.3740046,36.2847684],[129.3740301,36.2847942],[129.3740841,36.284795],[129.3740771,36.2848695],[129.3741044,36.2848925],[129.3740807,36.2849093],[129.3740036,36.284917],[129.3739673,36.2849068]]]]}},{"type":"Feature","properties":{"r":683,"k":0,"d":176.6},"geometry":{"type":"MultiPolygon","coordinates":[[[[129.3757648,36.2794201],[129.3755528,36.2794019],[129.3756552,36.2793156],[129.3758187,36.279333],[129.3758355,36.2793237],[129.3757648,36.2794201]]]]}},{"type":"Feature","properties":{"r":424,"k":0,"d":135.8},"geometry":{"type":"MultiPolygon","coordinates":[[[[129.3769126,36.2771963],[129.3769803,36.2771595],[129.3770783,36.2770427],[129.3772207,36.2770217],[129.3768723,36.2775472],[129.3767824,36.2775098],[129.3767825,36.2774667],[129.376826,36.2773381],[129.3769126,36.2771963]]]]}},{"type":"Feature","properties":{"r":533,"k":0,"d":156.2},"geometry":{"type":"MultiPolygon","coordinates":[[[[129.3731073,36.2893805],[129.3730466,36.28939],[129.373039,36.289357],[129.3731073,36.2893805]]]]}},{"type":"Feature","properties":{"r":726,"k":0,"d":183.4},"geometry":{"type":"MultiPolygon","coordinates":[[[[129.3741229,36.2819268],[129.3741276,36.2819285],[129.3741484,36.2818348],[129.3742465,36.2817166],[129.3743555,36.2816691],[129.3743293,36.2817065],[129.3740921,36.2820186],[129.3740638,36.2820606],[129.3741141,36.2819748],[129.3741229,36.2819268]]]]}},{"type":"Feature","properties":{"r":374,"k":0,"d":123.5},"geometry":{"type":"MultiPolygon","coordinates":[[[[129.3767136,36.2790476],[129.3767205,36.279013],[129.3767555,36.2790086],[129.3767136,36.2790476]]]]}},{"type":"Feature","properties":{"r":312,"k":0,"d":108.9},"geometry":{"type":"MultiPolygon","coordinates":[[[[129.3774967,36.277137],[129.3774477,36.2771449],[129.3773449,36.2771781],[129.3772844,36.2772061],[129.3772521,36.277164],[129.3772782,36.277113],[129.3774672,36.2770577],[129.3775423,36.277076],[129.3774967,36.277137]]]]}},{"type":"Feature","properties":{"r":599,"k":0,"d":166.7},"geometry":{"type":"MultiPolygon","coordinates":[[[[129.3731744,36.2851543],[129.3731648,36.2851442],[129.3731583,36.2851266],[129.3731895,36.2851341],[129.3731974,36.2851537],[129.3731744,36.2851543]]]]}},{"type":"Feature","properties":{"r":805,"k":0,"d":194.8},"geometry":{"type":"MultiPolygon","coordinates":[[[[129.372583,36.2863258],[129.3724976,36.2862404],[129.3724263,36.2862592],[129.3725016,36.2862165],[129.3726176,36.286289],[129.372583,36.2863258]]]]}},{"type":"Feature","properties":{"r":613,"k":0,"d":168.9},"geometry":{"type":"MultiPolygon","coordinates":[[[[129.372793,36.2888527],[129.3728717,36.2892032],[129.3727445,36.2892267],[129.3726661,36.2888745],[129.372793,36.2888527]]]]}},{"type":"Feature","properties":{"r":611,"k":0,"d":168.7},"geometry":{"type":"MultiPolygon","coordinates":[[[[129.3763098,36.2916293],[129.3762355,36.2915467],[129.3762665,36.2915366],[129.3762805,36.2915821],[129.3763098,36.2916293]]]]}},{"type":"Feature","properties":{"r":601,"k":0,"d":167.3},"geometry":{"type":"MultiPolygon","coordinates":[[[[129.3735188,36.2839512],[129.3735559,36.2840041],[129.3735324,36.2841087],[129.3735205,36.2841071],[129.3735388,36.2840081],[129.373498,36.2839795],[129.3734776,36.2839787],[129.3734758,36.2839504],[129.3735188,36.2839512]]]]}},{"type":"Feature","properties":{"r":792,"k":0,"d":193.3},"geometry":{"type":"MultiPolygon","coordinates":[[[[129.3727262,36.2858155],[129.3727346,36.2858593],[129.3727116,36.2858555],[129.3727209,36.2858153],[129.3727262,36.2858155]]]]}},{"type":"Feature","properties":{"r":484,"k":0,"d":148.8},"geometry":{"type":"MultiPolygon","coordinates":[[[[129.3780655,36.276056],[129.377842,36.2763088],[129.3777342,36.2762788],[129.377635,36.2762411],[129.3774875,36.2762434],[129.3774858,36.2761429],[129.3775919,36.2759481],[129.377673,36.2758651],[129.3777292,36.2758046],[129.3777673,36.2756863],[129.3778457,36.2754977],[129.3781558,36.2756208],[129.3781105,36.2757288],[129.3781953,36.2758242],[129.3781835,36.275846],[129.3780809,36.2759902],[129.3780655,36.276056]]]]}},{"type":"Feature","properties":{"r":456,"k":0,"d":142.5},"geometry":{"type":"MultiPolygon","coordinates":[[[[129.3741306,36.2833603],[129.3740549,36.283318],[129.3739575,36.2832627],[129.374052,36.2831449],[129.3740785,36.283216],[129.3740915,36.2832527],[129.3741106,36.2833045],[129.3741306,36.2833603]]]]}},{"type":"Feature","properties":{"r":845,"k":0,"d":199.4},"geometry":{"type":"MultiPolygon","coordinates":[[[[129.3740602,36.2819007],[129.3739282,36.2818474],[129.3739959,36.2818554],[129.3740705,36.2818625],[129.3740602,36.2819007]]]]}},{"type":"Feature","properties":{"r":466,"k":0,"d":144.7},"geometry":{"type":"MultiPolygon","coordinates":[[[[129.3730115,36.2884518],[129.3728453,36.2884777],[129.3728394,36.2884512],[129.3730057,36.2884242],[129.3730115,36.2884518]]]]}},{"type":"Feature","properties":{"r":562,"k":0,"d":161.0},"geometry":{"type":"MultiPolygon","coordinates":[[[[129.3750209,36.2910809],[129.3750282,36.2910368],[129.3750423,36.2910525],[129.3750643,36.2910878],[129.3750209,36.2910809]]]]}},{"type":"Feature","properties":{"r":150,"k":0,"d":74.2},"geometry":{"type":"MultiPolygon","coordinates":[[[[129.3742182,36.2848892],[129.3742431,36.2848151],[129.3742427,36.2847681],[129.3742654,36.2847538],[129.3742784,36.2847338],[129.3743373,36.2847446],[129.3743505,36.2848294],[129.3743303,36.2848937],[129.3742897,36.284902],[129.3742182,36.2848892]]]]}},{"type":"Feature","properties":{"r":217,"k":0,"d":89.7},"geometry":{"type":"MultiPolygon","coordinates":[[[[129.3742896,36.2844403],[129.3743283,36.2843313],[129.3743403,36.2843358],[129.3743211,36.2843973],[129.3743116,36.2844382],[129.3742896,36.2844403]]]]}},{"type":"Feature","properties":{"r":438,"k":0,"d":139.2},"geometry":{"type":"MultiPolygon","coordinates":[[[[129.3757134,36.2799977],[129.3761147,36.2794641],[129.376125,36.2794578],[129.3762381,36.2794548],[129.376212,36.2794811],[129.3760914,36.2796319],[129.375972,36.2797535],[129.3759332,36.279801],[129.3758362,36.2798687],[129.3757239,36.2800023],[129.3757134,36.2799977]]]]}},{"type":"Feature","properties":{"r":751,"k":0,"d":186.8},"geometry":{"type":"MultiPolygon","coordinates":[[[[129.3732159,36.2843633],[129.3731136,36.2843893],[129.3731034,36.284376],[129.3730814,36.2843726],[129.3730537,36.284309],[129.3730557,36.2842999],[129.3731923,36.2842751],[129.3732209,36.2842938],[129.3732159,36.2843633]]]]}},{"type":"Feature","properties":{"r":377,"k":0,"d":125.1},"geometry":{"type":"MultiPolygon","coordinates":[[[[129.3739061,36.2901399],[129.3737882,36.289881],[129.3737794,36.2898278],[129.373796,36.2898317],[129.3738093,36.2898903],[129.3739305,36.2901274],[129.3739061,36.2901399]]]]}},{"type":"Feature","properties":{"r":185,"k":0,"d":81.6},"geometry":{"type":"MultiPolygon","coordinates":[[[[129.3743565,36.2845782],[129.3743333,36.2845872],[129.3743111,36.2844734],[129.3743116,36.2844382],[129.3743211,36.2843973],[129.3743463,36.2843933],[129.3743492,36.2843928],[129.3743455,36.2843992],[129.3743353,36.2844278],[129.3743426,36.2844774],[129.3743563,36.2845622],[129.3743565,36.2845782]]]]}},{"type":"Feature","properties":{"r":305,"k":0,"d":108.1},"geometry":{"type":"MultiPolygon","coordinates":[[[[129.3739687,36.2900925],[129.3739596,36.290047],[129.3739787,36.2900039],[129.3739907,36.2899328],[129.3740816,36.2899055],[129.3741228,36.2899165],[129.3741442,36.2899253],[129.3741392,36.2900514],[129.3739687,36.2900925]]]]}},{"type":"Feature","properties":{"r":606,"k":0,"d":167.7},"geometry":{"type":"MultiPolygon","coordinates":[[[[129.3732942,36.2899595],[129.3732769,36.2899425],[129.3732805,36.2899403],[129.3732865,36.2899474],[129.3733675,36.2900126],[129.3733522,36.2900162],[129.3732942,36.2899595]]]]}},{"type":"Feature","properties":{"r":328,"k":0,"d":113.5},"geometry":{"type":"MultiPolygon","coordinates":[[[[129.3737437,36.2849384],[129.3738639,36.2849117],[129.3738642,36.2849192],[129.3737444,36.2849474],[129.3737437,36.2849384]]]]}},{"type":"Feature","properties":{"r":223,"k":0,"d":90.4},"geometry":{"type":"MultiPolygon","coordinates":[[[[129.3743283,36.2843313],[129.374352,36.2842578],[129.3743666,36.2842143],[129.3743503,36.2842026],[129.3743212,36.2841797],[129.3742828,36.2841494],[129.374394,36.2842118],[129.3743916,36.2842179],[129.3743403,36.2843358],[129.3743283,36.2843313]]]]}},{"type":"Feature","properties":{"r":796,"k":0,"d":193.6},"geometry":{"type":"MultiPolygon","coordinates":[[[[129.3753298,36.2795898],[129.3752563,36.2795235],[129.3752809,36.2794377],[129.3754691,36.2793959],[129.3755528,36.2794019],[129.3753298,36.2795898]]]]}},{"type":"Feature","properties":{"r":124,"k":0,"d":70.8},"geometry":{"type":"MultiPolygon","coordinates":[[[[129.3777255,36.2773515],[129.3777971,36.2773938],[129.377685,36.277515],[129.3776019,36.2776715],[129.3775612,36.2778294],[129.3775397,36.2778436],[129.377485,36.2778072],[129.3775552,36.2776231],[129.3776041,36.2775384],[129.3777171,36.2773771],[129.3777255,36.2773515]]]]}},{"type":"Feature","properties":{"r":620,"k":0,"d":170.2},"geometry":{"type":"MultiPolygon","coordinates":[[[[129.3732388,36.2899053],[129.3731344,36.2898025],[129.3729327,36.2896027],[129.3727953,36.2894663],[129.3727937,36.289456],[129.3727986,36.2894553],[129.3729629,36.2896162],[129.3730738,36.2897255],[129.3731558,36.2898069],[129.3732388,36.2899053]]]]}},{"type":"Feature","properties":{"r":467,"k":0,"d":144.8},"geometry":{"type":"MultiPolygon","coordinates":[[[[129.3764021,36.2787361],[129.3765143,36.2786276],[129.3765361,36.2786425],[129.3764481,36.2786997],[129.3764021,36.2787361]]]]}},{"type":"Feature","properties":{"r":668,"k":0,"d":175.7},"geometry":{"type":"MultiPolygon","coordinates":[[[[129.3729682,36.2855185],[129.3727979,36.2855011],[129.3727932,36.285477],[129.3728247,36.2853789],[129.373029,36.2854158],[129.3729682,36.2855185]]]]}},{"type":"Feature","properties":{"r":563,"k":0,"d":161.2},"geometry":{"type":"MultiPolygon","coordinates":[[[[129.3764417,36.2915168],[129.3764549,36.2915332],[129.3764465,36.2915381],[129.3764005,36.2914729],[129.3764321,36.2915049],[129.3764417,36.2915168]]]]}},{"type":"Feature","properties":{"r":9,"k":0,"d":20.0},"geometry":{"type":"MultiPolygon","coordinates":[[[[129.3759809,36.2902701],[129.3758806,36.2901715],[129.3760395,36.2901208],[129.3761146,36.2901144],[129.3761203,36.290174],[129.3760786,36.2902396],[129.3760321,36.2902344],[129.3760081,36.2902767],[129.3759809,36.2902701]]]]}},{"type":"Feature","properties":{"r":604,"k":0,"d":167.6},"geometry":{"type":"MultiPolygon","coordinates":[[[[129.3758874,36.2794179],[129.3757879,36.2794886],[129.3758567,36.279361],[129.3758874,36.2794179]]]]}},{"type":"Feature","properties":{"r":851,"k":0,"d":200.0},"geometry":{"type":"MultiPolygon","coordinates":[[[[129.3754691,36.2793959],[129.3752809,36.2794377],[129.375267,36.2793803],[129.3754691,36.2793959]]]]}},{"type":"Feature","properties":{"r":168,"k":0,"d":78.4},"geometry":{"type":"MultiPolygon","coordinates":[[[[129.3743178,36.2838709],[129.3743944,36.2838318],[129.374628,36.2838313],[129.3746594,36.2839258],[129.3746464,36.2839529],[129.3744715,36.2839413],[129.3743574,36.2839775],[129.3743178,36.2838709]]]]}},{"type":"Feature","properties":{"r":658,"k":0,"d":174.3},"geometry":{"type":"MultiPolygon","coordinates":[[[[129.3734857,36.2839504],[129.3734861,36.283906],[129.3735188,36.2839512],[129.3734857,36.2839504]]]]}},{"type":"Feature","properties":{"r":697,"k":0,"d":179.4},"geometry":{"type":"MultiPolygon","coordinates":[[[[129.3727208,36.286484],[129.3726934,36.2864804],[129.3727127,36.2864673],[129.3726877,36.2863484],[129.3727045,36.2863626],[129.3727308,36.2863768],[129.3727549,36.2864868],[129.3727208,36.286484]]]]}},{"type":"Feature","properties":{"r":791,"k":0,"d":192.7},"geometry":{"type":"MultiPolygon","coordinates":[[[[129.3737159,36.2907109],[129.373807,36.2906934],[129.37383,36.2907131],[129.3738222,36.2907826],[129.3737762,36.2907889],[129.3737612,36.2907936],[129.3737159,36.2907109]]]]}},{"type":"Feature","properties":{"r":320,"k":0,"d":111.7},"geometry":{"type":"MultiPolygon","coordinates":[[[[129.3745249,36.2831863],[129.3744009,36.2828764],[129.3744025,36.2828561],[129.3743832,36.2825691],[129.3745225,36.2825364],[129.3746133,36.2825703],[129.3746686,36.2827218],[129.3746447,36.2829019],[129.3746277,36.2829665],[129.3745493,36.2831928],[129.3745249,36.2831863]]]]}},{"type":"Feature","properties":{"r":105,"k":0,"d":66.7},"geometry":{"type":"MultiPolygon","coordinates":[[[[129.3743004,36.2852002],[129.3742523,36.2851975],[129.37424,36.2851577],[129.3742463,36.2850922],[129.3742274,36.2849991],[129.3742527,36.284991],[129.3743286,36.284985],[129.3743407,36.2850956],[129.3743215,36.285193],[129.3743004,36.2852002]]]]}},{"type":"Feature","properties":{"r":674,"k":0,"d":176.2},"geometry":{"type":"MultiPolygon","coordinates":[[[[129.3732732,36.2842223],[129.3732969,36.2840852],[129.3733952,36.2840888],[129.3734155,36.284144],[129.3733865,36.2842163],[129.3732732,36.2842223]]]]}},{"type":"Feature","properties":{"r":13,"k":0,"d":24.6},"geometry":{"type":"MultiPolygon","coordinates":[[[[129.3788983,36.2770715],[129.3787906,36.2770375],[129.3783178,36.2771772],[129.3783104,36.2771758],[129.3784426,36.2769346],[129.3785119,36.276749],[129.3786089,36.2766235],[129.3786134,36.276571],[129.3786336,36.2765503],[129.3786822,36.2761441],[129.3787037,36.2760883],[129.3787361,36.276089],[129.378841,36.276021],[129.3789778,36.2760093],[129.3789522,36.2766326],[129.3790093,36.2771068],[129.3788983,36.2770715]]]]}},{"type":"Feature","properties":{"r":137,"k":0,"d":72.1},"geometry":{"type":"MultiPolygon","coordinates":[[[[129.3733829,36.2883172],[129.3738051,36.2882449],[129.3738184,36.2882957],[129.3733987,36.2883708],[129.3733829,36.2883172]]]]}},{"type":"Feature","properties":{"r":67,"k":0,"d":59.4},"geometry":{"type":"MultiPolygon","coordinates":[[[[129.3740932,36.2859577],[129.374093,36.2859345],[129.3741399,36.2859456],[129.3741782,36.2859348],[129.3742113,36.285791],[129.3742539,36.2857841],[129.374211,36.2860231],[129.3742057,36.2860216],[129.3740932,36.2859577]]]]}},{"type":"Feature","properties":{"r":386,"k":0,"d":126.7},"geometry":{"type":"MultiPolygon","coordinates":[[[[129.3763092,36.2793846],[129.3766301,36.2790555],[129.3766877,36.2789561],[129.3766986,36.278996],[129.3767205,36.279013],[129.3767136,36.2790476],[129.3763691,36.2793668],[129.3763561,36.2793819],[129.3763092,36.2793846]]]]}},{"type":"Feature","properties":{"r":598,"k":0,"d":166.6},"geometry":{"type":"MultiPolygon","coordinates":[[[[129.3729936,36.2848751],[129.3730739,36.2847571],[129.3732337,36.2847521],[129.3732741,36.2848575],[129.3732473,36.2848812],[129.3730671,36.2849143],[129.3729936,36.2848751]]]]}},{"type":"Feature","properties":{"r":458,"k":0,"d":142.8},"geometry":{"type":"MultiPolygon","coordinates":[[[[129.3732093,36.2862551],[129.3730625,36.2862049],[129.3730305,36.2861902],[129.3731081,36.2860572],[129.3731826,36.2859866],[129.3732413,36.2859607],[129.3732138,36.2860798],[129.3732067,36.2861553],[129.373217,36.2862108],[129.3732093,36.2862551]]]]}},{"type":"Feature","properties":{"r":707,"k":0,"d":180.3},"geometry":{"type":"MultiPolygon","coordinates":[[[[129.372499,36.2866802],[129.3724785,36.2866069],[129.3727024,36.2865686],[129.3727021,36.2865816],[129.3727196,36.2866422],[129.372499,36.2866802]]]]}},{"type":"Feature","properties":{"r":315,"k":0,"d":110.2},"geometry":{"type":"MultiPolygon","coordinates":[[[[129.3760057,36.2909666],[129.3760436,36.2910077],[129.3760185,36.2909971],[129.3759779,36.2909876],[129.3760035,36.2909652],[129.3760057,36.2909666]]]]}},{"type":"Feature","properties":{"r":577,"k":0,"d":163.4},"geometry":{"type":"MultiPolygon","coordinates":[[[[129.3746214,36.2908068],[129.3744733,36.2908173],[129.3744615,36.2907595],[129.374523,36.2907621],[129.3746356,36.2908015],[129.3746214,36.2908068]]]]}},{"type":"Feature","properties":{"r":447,"k":0,"d":141.5},"geometry":{"type":"MultiPolygon","coordinates":[[[[129.3731576,36.2866279],[129.3729058,36.2866335],[129.3728936,36.2865731],[129.3729932,36.2865751],[129.3730811,36.2865947],[129.3731576,36.2866279]]]]}},{"type":"Feature","properties":{"r":307,"k":0,"d":108.2},"geometry":{"type":"MultiPolygon","coordinates":[[[[129.3734211,36.2885261],[129.3734032,36.2885285],[129.3733725,36.2884003],[129.3734211,36.2885261]]]]}},{"type":"Feature","properties":{"r":780,"k":0,"d":191.0},"geometry":{"type":"MultiPolygon","coordinates":[[[[129.374226,36.290915],[129.3741211,36.2909593],[129.3740818,36.2909001],[129.374226,36.290915]]]]}},{"type":"Feature","properties":{"r":681,"k":0,"d":176.4},"geometry":{"type":"MultiPolygon","coordinates":[[[[129.3753438,36.2797825],[129.3754779,36.2796941],[129.3754941,36.2797354],[129.3754308,36.2797912],[129.3753658,36.2798133],[129.3753438,36.2797825]]]]}},{"type":"Feature","properties":{"r":417,"k":0,"d":134.1},"geometry":{"type":"MultiPolygon","coordinates":[[[[129.3734079,36.2855975],[129.3733002,36.2855874],[129.3732398,36.2855648],[129.3733042,36.2855303],[129.3733866,36.2854298],[129.373466,36.2854357],[129.3734843,36.2854837],[129.3734509,36.2855477],[129.3734079,36.2855975]]]]}},{"type":"Feature","properties":{"r":660,"k":0,"d":174.3},"geometry":{"type":"MultiPolygon","coordinates":[[[[129.3728308,36.2863804],[129.3728177,36.2863723],[129.3727693,36.2861968],[129.3727909,36.2861943],[129.3728308,36.2863804]]]]}},{"type":"Feature","properties":{"r":850,"k":0,"d":199.9},"geometry":{"type":"MultiPolygon","coordinates":[[[[129.3725767,36.2862045],[129.3725538,36.2862127],[129.3724798,36.2861583],[129.3724574,36.2861102],[129.3725063,36.2860839],[129.3725619,36.286145],[129.3725767,36.2862045]]]]}},{"type":"Feature","properties":{"r":816,"k":0,"d":196.5},"geometry":{"type":"MultiPolygon","coordinates":[[[[129.372969,36.2901711],[129.3730021,36.2901279],[129.3730349,36.2901371],[129.373096,36.2901651],[129.3731043,36.290162],[129.3731595,36.2902181],[129.3730825,36.2902427],[129.372969,36.2901711]]]]}},{"type":"Feature","properties":{"r":241,"k":0,"d":95.0},"geometry":{"type":"MultiPolygon","coordinates":[[[[129.374359,36.2841538],[129.3742204,36.2840601],[129.3742432,36.2840512],[129.374261,36.2839905],[129.3743202,36.2839738],[129.3743658,36.2841561],[129.374359,36.2841538]]]]}},{"type":"Feature","properties":{"r":212,"k":0,"d":88.2},"geometry":{"type":"MultiPolygon","coordinates":[[[[129.3743403,36.2843358],[129.3743916,36.2842179],[129.3743992,36.2842593],[129.3743574,36.2843156],[129.3743403,36.2843358]]]]}},{"type":"Feature","properties":{"r":162,"k":0,"d":77.3},"geometry":{"type":"MultiPolygon","coordinates":[[[[129.3770508,36.2780589],[129.3771745,36.2779405],[129.3772194,36.2778519],[129.3772786,36.277848],[129.3773332,36.2777044],[129.3775152,36.2778276],[129.3773724,36.277925],[129.3773432,36.2779481],[129.3773381,36.2779449],[129.3771862,36.2780626],[129.3770508,36.2780589]]]]}},{"type":"Feature","properties":{"r":511,"k":0,"d":153.2},"geometry":{"type":"MultiPolygon","coordinates":[[[[129.3730553,36.2860997],[129.372975,36.2860983],[129.3728664,36.2860686],[129.3728551,36.2860282],[129.3728657,36.2860036],[129.3728622,36.2859945],[129.3730372,36.2859337],[129.3731593,36.2859752],[129.3731165,36.2860121],[129.3730553,36.2860997]]]]}},{"type":"Feature","properties":{"r":712,"k":0,"d":181.0},"geometry":{"type":"MultiPolygon","coordinates":[[[[129.3783067,36.2757863],[129.3782383,36.275809],[129.378246,36.2756358],[129.3783114,36.2756189],[129.3783067,36.2757863]]]]}},{"type":"Feature","properties":{"r":236,"k":0,"d":93.7},"geometry":{"type":"MultiPolygon","coordinates":[[[[129.3741031,36.2898643],[129.3740105,36.289821],[129.3738686,36.2895604],[129.3738479,36.2894875],[129.3739224,36.2894894],[129.3739379,36.2895382],[129.3741031,36.2898643]]]]}},{"type":"Feature","properties":{"r":36,"k":0,"d":45.0},"geometry":{"type":"MultiPolygon","coordinates":[[[[129.3742463,36.289009],[129.3740535,36.2890273],[129.3740197,36.2889058],[129.3742342,36.2889174],[129.3742463,36.289009]]]]}},{"type":"Feature","properties":{"r":55,"k":0,"d":57.3},"geometry":{"type":"MultiPolygon","coordinates":[[[[129.3740877,36.2865614],[129.3741042,36.2864396],[129.3741366,36.2864335],[129.3741118,36.2865733],[129.3740877,36.2865614]]]]}},{"type":"Feature","properties":{"r":530,"k":0,"d":155.9},"geometry":{"type":"MultiPolygon","coordinates":[[[[129.3760091,36.2791237],[129.3759103,36.2791427],[129.3758521,36.2791377],[129.3759461,36.2790661],[129.3760159,36.279016],[129.3762856,36.2788283],[129.3764021,36.2787361],[129.3763419,36.2787996],[129.3762424,36.2788736],[129.3761167,36.2790106],[129.3760908,36.2790294],[129.3760091,36.2791237]]]]}},{"type":"Feature","properties":{"r":434,"k":0,"d":138.4},"geometry":{"type":"MultiPolygon","coordinates":[[[[129.3765565,36.2782789],[129.3765489,36.2781805],[129.3765836,36.2781542],[129.3767015,36.278154],[129.3766584,36.2782674],[129.3765685,36.278322],[129.3765565,36.2782789]]]]}},{"type":"Feature","properties":{"r":560,"k":0,"d":160.7},"geometry":{"type":"MultiPolygon","coordinates":[[[[129.3733675,36.2900126],[129.3732865,36.2899474],[129.3732805,36.2899403],[129.3732769,36.2899425],[129.3732388,36.2899053],[129.3733424,36.2898769],[129.373383,36.2900089],[129.3733675,36.2900126]]]]}},{"type":"Feature","properties":{"r":608,"k":0,"d":168.4},"geometry":{"type":"MultiPolygon","coordinates":[[[[129.3753936,36.2914371],[129.3752541,36.2913744],[129.3751768,36.291363],[129.3751689,36.2913576],[129.37513,36.2912237],[129.3752024,36.2912301],[129.375344,36.2913892],[129.3753936,36.2914371]]]]}},{"type":"Feature","properties":{"r":699,"k":0,"d":179.5},"geometry":{"type":"MultiPolygon","coordinates":[[[[129.3732452,36.2845079],[129.3732545,36.2843642],[129.3732585,36.2843647],[129.3732513,36.2845094],[129.3732452,36.2845079]]]]}},{"type":"Feature","properties":{"r":798,"k":0,"d":193.8},"geometry":{"type":"MultiPolygon","coordinates":[[[[129.3725139,36.2862242],[129.3725016,36.2862165],[129.3724228,36.2861162],[129.3723666,36.2861451],[129.3723512,36.2861164],[129.3724221,36.2860866],[129.3725557,36.2859895],[129.3726031,36.2859246],[129.3726103,36.2859906],[129.3725697,36.2860379],[129.3725063,36.2860839],[129.3724574,36.2861102],[129.3724798,36.2861583],[129.3725538,36.2862127],[129.3726448,36.2861807],[129.3726473,36.2861949],[129.3725139,36.2862242]]]]}},{"type":"Feature","properties":{"r":35,"k":0,"d":44.0},"geometry":{"type":"MultiPolygon","coordinates":[[[[129.3756171,36.2901435],[129.3756382,36.290094],[129.375722,36.2901079],[129.3757679,36.2901647],[129.3756342,36.290197],[129.3756056,36.2901705],[129.3756171,36.2901435]],[[129.3756536,36.2901031],[129.3756253,36.2901512],[129.375614,36.2901605],[129.375627,36.2901758],[129.3756707,36.2901602],[129.3757097,36.2901504],[129.375698,36.2901102],[129.3756536,36.2901031]]]]}},{"type":"Feature","properties":{"r":350,"k":0,"d":119.0},"geometry":{"type":"MultiPolygon","coordinates":[[[[129.3739061,36.2901399],[129.3738935,36.2901467],[129.3738263,36.290165],[129.3736888,36.289906],[129.3736409,36.2897335],[129.3737463,36.2896905],[129.3737737,36.2897933],[129.3737882,36.289881],[129.3739061,36.2901399]]]]}},{"type":"Feature","properties":{"r":659,"k":0,"d":174.3},"geometry":{"type":"MultiPolygon","coordinates":[[[[129.3751768,36.291363],[129.374964,36.2913208],[129.3748357,36.2912185],[129.3748225,36.2912022],[129.3750716,36.2912192],[129.3750792,36.2912265],[129.3751689,36.2913576],[129.3751768,36.291363]]]]}},{"type":"Feature","properties":{"r":437,"k":0,"d":139.2},"geometry":{"type":"MultiPolygon","coordinates":[[[[129.3735786,36.2900235],[129.3735687,36.2899637],[129.3734951,36.2899818],[129.3734419,36.2898494],[129.3735785,36.2898124],[129.3735836,36.2898278],[129.3736517,36.2899904],[129.3735786,36.2900235]]]]}},{"type":"Feature","properties":{"r":644,"k":0,"d":172.6},"geometry":{"type":"MultiPolygon","coordinates":[[[[129.3728357,36.2899161],[129.3726142,36.2897004],[129.3727269,36.2896627],[129.3728889,36.2895884],[129.3729327,36.2896027],[129.3731344,36.2898025],[129.3731159,36.2898028],[129.3730144,36.2898586],[129.3728357,36.2899161]]]]}},{"type":"Feature","properties":{"r":129,"k":0,"d":71.3},"geometry":{"type":"MultiPolygon","coordinates":[[[[129.3741233,36.2855297],[129.3740589,36.2855048],[129.3739916,36.2854498],[129.3739763,36.2854167],[129.3740879,36.285428],[129.3741183,36.28534],[129.3741348,36.2853424],[129.3741506,36.2852607],[129.3741648,36.2852601],[129.3741513,36.2853888],[129.374199,36.2854584],[129.3741233,36.2855297]]]]}},{"type":"Feature","properties":{"r":789,"k":0,"d":192.6},"geometry":{"type":"MultiPolygon","coordinates":[[[[129.3738521,36.2823491],[129.3738419,36.282347],[129.3739216,36.282224],[129.3740024,36.2821001],[129.374007,36.2820922],[129.3740738,36.2819909],[129.3741168,36.2819246],[129.3741229,36.2819268],[129.3741141,36.2819748],[129.3740638,36.2820606],[129.3738521,36.2823491]]]]}},{"type":"Feature","properties":{"r":818,"k":0,"d":196.9},"geometry":{"type":"MultiPolygon","coordinates":[[[[129.3740705,36.2818625],[129.3741134,36.2817131],[129.3741409,36.2817751],[129.3740894,36.2818646],[129.3740705,36.2818625]]]]}},{"type":"Feature","properties":{"r":187,"k":0,"d":81.9},"geometry":{"type":"MultiPolygon","coordinates":[[[[129.3734351,36.2884979],[129.3733987,36.2883708],[129.3737094,36.2883149],[129.3737026,36.2884478],[129.3734351,36.2884979]]]]}},{"type":"Feature","properties":{"r":624,"k":0,"d":170.6},"geometry":{"type":"MultiPolygon","coordinates":[[[[129.3733811,36.2842499],[129.3733799,36.2842346],[129.373429,36.2842241],[129.3734424,36.2842495],[129.3733811,36.2842499]]]]}},{"type":"Feature","properties":{"r":652,"k":0,"d":173.5},"geometry":{"type":"MultiPolygon","coordinates":[[[[129.3758355,36.2793237],[129.3759676,36.2791709],[129.3758567,36.279361],[129.3758355,36.2793237]]]]}},{"type":"Feature","properties":{"r":645,"k":0,"d":172.7},"geometry":{"type":"MultiPolygon","coordinates":[[[[129.3732682,36.2846706],[129.3732639,36.2846714],[129.3732379,36.2845061],[129.3732452,36.2845079],[129.3732682,36.2846706]]]]}},{"type":"Feature","properties":{"r":547,"k":0,"d":159.0},"geometry":{"type":"MultiPolygon","coordinates":[[[[129.3729368,36.2867914],[129.3729011,36.286792],[129.3728649,36.2866092],[129.3728936,36.2865731],[129.3729368,36.2867914]]]]}},{"type":"Feature","properties":{"r":505,"k":0,"d":151.5},"geometry":{"type":"MultiPolygon","coordinates":[[[[129.376826,36.2773381],[129.3761323,36.277149],[129.3750132,36.27662],[129.375259,36.2763108],[129.3745255,36.2761571],[129.3747126,36.2759099],[129.3752362,36.2756925],[129.3753301,36.2756828],[129.3755555,36.2756528],[129.375738,36.275601],[129.3757822,36.2755962],[129.3760449,36.2755585],[129.3761424,36.2755699],[129.3762007,36.275544],[129.3764391,36.2756843],[129.3763206,36.2757812],[129.3763729,36.275941],[129.3766268,36.2760008],[129.3766749,36.2761094],[129.3766736,36.2762231],[129.3767332,36.2761997],[129.3767719,36.2761214],[129.376892,36.2760719],[129.3768408,36.2763148],[129.3767828,36.2764125],[129.3766661,36.2765173],[129.3765697,36.2766339],[129.3765005,36.2767568],[129.3764252,36.2767774],[129.3763717,36.2768596],[129.3764127,36.2769022],[129.3763681,36.2770412],[129.3765846,36.2770394],[129.3766341,36.2771064],[129.3769126,36.2771963],[129.376826,36.2773381]]]]}},{"type":"Feature","properties":{"r":100,"k":0,"d":66.2},"geometry":{"type":"MultiPolygon","coordinates":[[[[129.3738414,36.2891861],[129.3738167,36.2889831],[129.3739975,36.2889412],[129.3740507,36.2891377],[129.3738414,36.2891861]]]]}},{"type":"Feature","properties":{"r":143,"k":0,"d":73.2},"geometry":{"type":"MultiPolygon","coordinates":[[[[129.3738051,36.2882449],[129.3737146,36.2882607],[129.373755,36.28807],[129.3738051,36.2882449]]]]}},{"type":"Feature","properties":{"r":408,"k":0,"d":131.9},"geometry":{"type":"MultiPolygon","coordinates":[[[[129.3737643,36.2843941],[129.3736288,36.2843744],[129.3736336,36.2843037],[129.373663,36.2842749],[129.3736894,36.2842118],[129.373874,36.2842389],[129.3738504,36.284363],[129.3737667,36.2843791],[129.3737643,36.2843941]]]]}},{"type":"Feature","properties":{"r":372,"k":0,"d":123.4},"geometry":{"type":"MultiPolygon","coordinates":[[[[129.3765143,36.2786276],[129.3763973,36.2785477],[129.3764375,36.2784788],[129.3765991,36.2784136],[129.3766009,36.2783874],[129.3766395,36.2783855],[129.376659,36.2784111],[129.3767366,36.2783905],[129.3767585,36.2782803],[129.3768031,36.2782742],[129.37684,36.2782979],[129.3768388,36.2783136],[129.3765143,36.2786276]]]]}},{"type":"Feature","properties":{"r":634,"k":0,"d":171.6},"geometry":{"type":"MultiPolygon","coordinates":[[[[129.3765732,36.2917204],[129.3765183,36.2916411],[129.3765942,36.2916056],[129.3765738,36.2915801],[129.3765956,36.2915676],[129.376638,36.2915531],[129.3766861,36.2917201],[129.3766819,36.2917134],[129.3766124,36.2917247],[129.3765781,36.2917286],[129.3765732,36.2917204]]]]}},{"type":"Feature","properties":{"r":595,"k":0,"d":166.0},"geometry":{"type":"MultiPolygon","coordinates":[[[[129.3743072,36.2906921],[129.3743196,36.290736],[129.3742312,36.2907141],[129.3741784,36.2906803],[129.3741662,36.290668],[129.3741625,36.290633],[129.3741788,36.2906282],[129.3742053,36.290647],[129.3742081,36.290659],[129.3742173,36.2906564],[129.3742429,36.2906719],[129.3743072,36.2906921]]]]}},{"type":"Feature","properties":{"r":793,"k":0,"d":193.3},"geometry":{"type":"MultiPolygon","coordinates":[[[[129.3730158,36.2842739],[129.3730345,36.2842658],[129.373181,36.2842393],[129.3731823,36.2842427],[129.3731785,36.2842429],[129.3730148,36.2842796],[129.3730158,36.2842739]]]]}},{"type":"Feature","properties":{"r":443,"k":0,"d":140.6},"geometry":{"type":"MultiPolygon","coordinates":[[[[129.3734373,36.2852989],[129.3733138,36.285286],[129.373316,36.2852743],[129.3733849,36.2851689],[129.3734766,36.2852171],[129.3734377,36.2852756],[129.3734373,36.2852989]]]]}},{"type":"Feature","properties":{"r":421,"k":0,"d":134.6},"geometry":{"type":"MultiPolygon","coordinates":[[[[129.3760762,36.2914774],[129.3758423,36.291206],[129.3758878,36.291166],[129.3761451,36.2914478],[129.3760762,36.2914774]]]]}},{"type":"Feature","properties":{"r":564,"k":0,"d":161.3},"geometry":{"type":"MultiPolygon","coordinates":[[[[129.373039,36.289357],[129.3730466,36.28939],[129.3729179,36.2894103],[129.3728953,36.2893083],[129.373039,36.289357]]]]}},{"type":"Feature","properties":{"r":0,"k":0,"d":1.3},"geometry":{"type":"MultiPolygon","coordinates":[[[[129.3762004,36.290034],[129.3763816,36.2900309],[129.376315,36.2900702],[129.3762004,36.290034]]]]}},{"type":"Feature","properties":{"r":253,"k":0,"d":98.6},"geometry":{"type":"MultiPolygon","coordinates":[[[[129.37592,36.2909126],[129.3758168,36.2909712],[129.3757177,36.2908434],[129.3758236,36.2907923],[129.3758517,36.2908611],[129.375878,36.2908855],[129.37592,36.2909126]]]]}},{"type":"Feature","properties":{"r":133,"k":0,"d":71.6},"geometry":{"type":"MultiPolygon","coordinates":[[[[129.3761613,36.2908375],[129.3760336,36.2908681],[129.376,36.2907518],[129.3761105,36.2907264],[129.3761029,36.2906834],[129.3762947,36.2906613],[129.376316,36.2906832],[129.3761343,36.2907211],[129.3761613,36.2908375]]]]}},{"type":"Feature","properties":{"r":85,"k":0,"d":62.1},"geometry":{"type":"MultiPolygon","coordinates":[[[[129.3740283,36.2864533],[129.3740053,36.2863967],[129.3739676,36.2863503],[129.3740359,36.286337],[129.3741002,36.286334],[129.3740814,36.2864438],[129.3740283,36.2864533]]]]}},{"type":"Feature","properties":{"r":841,"k":0,"d":199.1},"geometry":{"type":"MultiPolygon","coordinates":[[[[129.3745541,36.2804953],[129.3748462,36.2801852],[129.3749325,36.2802166],[129.3747088,36.2804544],[129.3746279,36.2804919],[129.3745541,36.2804953]]]]}},{"type":"Feature","properties":{"r":673,"k":0,"d":176.2},"geometry":{"type":"MultiPolygon","coordinates":[[[[129.3762693,36.278189],[129.3761732,36.2782166],[129.3761356,36.2781552],[129.3760625,36.2781397],[129.3759944,36.2780119],[129.3760788,36.2779714],[129.376191,36.2780476],[129.3762693,36.278189]]]]}},{"type":"Feature","properties":{"r":520,"k":0,"d":154.4},"geometry":{"type":"MultiPolygon","coordinates":[[[[129.3729028,36.2883949],[129.3726836,36.2884291],[129.3724624,36.2875492],[129.3726736,36.2875142],[129.3729028,36.2883949]]]]}},{"type":"Feature","properties":{"r":814,"k":0,"d":196.4},"geometry":{"type":"MultiPolygon","coordinates":[[[[129.3731595,36.2902181],[129.3732894,36.2903482],[129.3732799,36.2903672],[129.3730825,36.2902427],[129.3731595,36.2902181]]]]}},{"type":"Feature","properties":{"r":326,"k":0,"d":113.2},"geometry":{"type":"MultiPolygon","coordinates":[[[[129.3733274,36.28822],[129.373292,36.2880774],[129.3733119,36.2880451],[129.3733598,36.2882224],[129.3733274,36.28822]]]]}},{"type":"Feature","properties":{"r":508,"k":0,"d":151.9},"geometry":{"type":"MultiPolygon","coordinates":[[[[129.3749492,36.2781683],[129.3747801,36.2779989],[129.3746709,36.2779913],[129.3745564,36.2780272],[129.3744706,36.2780683],[129.3742921,36.2780211],[129.3742395,36.2774605],[129.3742178,36.2772087],[129.3744389,36.276335],[129.3745027,36.2763502],[129.3749128,36.2767249],[129.3750132,36.27662],[129.3761323,36.277149],[129.376826,36.2773381],[129.3767825,36.2774667],[129.3766881,36.2774482],[129.3766476,36.2773823],[129.3765325,36.2773719],[129.3765262,36.2773138],[129.3764008,36.2773035],[129.3763759,36.2773196],[129.3762024,36.2772751],[129.3761039,36.2772862],[129.3760071,36.2774362],[129.3758989,36.2775549],[129.3759326,36.277616],[129.375898,36.2776324],[129.3759108,36.277732],[129.3749492,36.2781683]]]]}},{"type":"Feature","properties":{"r":842,"k":0,"d":199.1},"geometry":{"type":"MultiPolygon","coordinates":[[[[129.3729645,36.2846615],[129.3728744,36.2846692],[129.3727985,36.2846595],[129.3728177,36.2846365],[129.3728137,36.2846016],[129.3727948,36.2845654],[129.3727047,36.2845548],[129.3727413,36.2844573],[129.3729907,36.2845183],[129.372959,36.2845913],[129.3729645,36.2846615]]]]}},{"type":"Feature","properties":{"r":614,"k":0,"d":169.0},"geometry":{"type":"MultiPolygon","coordinates":[[[[129.3733913,36.2900882],[129.3733596,36.2900852],[129.3732942,36.2899595],[129.3733522,36.2900162],[129.3733913,36.2900882]]]]}},{"type":"Feature","properties":{"r":400,"k":0,"d":129.6},"geometry":{"type":"MultiPolygon","coordinates":[[[[129.3735815,36.2847921],[129.3735783,36.2847775],[129.3736217,36.2847651],[129.3737331,36.2847394],[129.3737351,36.2847616],[129.3735815,36.2847921]]]]}},{"type":"Feature","properties":{"r":225,"k":0,"d":90.6},"geometry":{"type":"MultiPolygon","coordinates":[[[[129.3741228,36.2899165],[129.3741175,36.2898941],[129.3742412,36.2898568],[129.3743072,36.2898331],[129.3743459,36.2899097],[129.3742719,36.2899282],[129.3741442,36.2899253],[129.3741228,36.2899165]]]]}},{"type":"Feature","properties":{"r":167,"k":0,"d":78.4},"geometry":{"type":"MultiPolygon","coordinates":[[[[129.3735222,36.2880391],[129.3733454,36.2874109],[129.373564,36.2873762],[129.3737364,36.2880017],[129.3735222,36.2880391]]]]}},{"type":"Feature","properties":{"r":852,"k":0,"d":200.1},"geometry":{"type":"MultiPolygon","coordinates":[[[[129.3757495,36.2918748],[129.3756392,36.2917484],[129.3756006,36.2917097],[129.3756817,36.2917604],[129.3757775,36.2918244],[129.3757495,36.2918748]]]]}},{"type":"Feature","properties":{"r":380,"k":0,"d":125.9},"geometry":{"type":"MultiPolygon","coordinates":[[[[129.3759923,36.2912191],[129.3759833,36.2912069],[129.3760981,36.2911299],[129.3761114,36.2911445],[129.3759923,36.2912191]]]]}},{"type":"Feature","properties":{"r":286,"k":0,"d":104.5},"geometry":{"type":"MultiPolygon","coordinates":[[[[129.3737294,36.2852022],[129.3738426,36.2851981],[129.3738977,36.2851747],[129.3738961,36.28518],[129.3738412,36.2852085],[129.3737294,36.2852022]]]]}},{"type":"Feature","properties":{"r":175,"k":0,"d":79.7},"geometry":{"type":"MultiPolygon","coordinates":[[[[129.3743565,36.2845782],[129.3743563,36.2845622],[129.3743714,36.2845654],[129.3743823,36.2845681],[129.3743565,36.2845782]]]]}},{"type":"Feature","properties":{"r":264,"k":0,"d":100.7},"geometry":{"type":"MultiPolygon","coordinates":[[[[129.3766877,36.2789561],[129.3766651,36.2788735],[129.3769817,36.278561],[129.3770522,36.2785297],[129.3769962,36.2785991],[129.3768627,36.2787381],[129.3767254,36.278891],[129.3766877,36.2789561]]]]}},{"type":"Feature","properties":{"r":48,"k":0,"d":52.1},"geometry":{"type":"MultiPolygon","coordinates":[[[[129.3760513,36.2904894],[129.3760305,36.290494],[129.3758484,36.2905192],[129.3757857,36.2905125],[129.3757312,36.2904997],[129.3757032,36.2904646],[129.3758473,36.2904029],[129.3758665,36.2904004],[129.3758657,36.2904387],[129.375944,36.2904362],[129.3761085,36.2904388],[129.3761875,36.2904642],[129.3760513,36.2904894]]]]}},{"type":"Feature","properties":{"r":602,"k":0,"d":167.3},"geometry":{"type":"MultiPolygon","coordinates":[[[[129.3734149,36.2842117],[129.3733865,36.2842163],[129.3734155,36.284144],[129.3733952,36.2840888],[129.3735324,36.2841087],[129.3734149,36.2842117]]]]}},{"type":"Feature","properties":{"r":336,"k":0,"d":115.3},"geometry":{"type":"MultiPolygon","coordinates":[[[[129.3735449,36.286023],[129.3734261,36.2859745],[129.373267,36.2859239],[129.3732827,36.2858199],[129.3732833,36.2857818],[129.3735055,36.2857857],[129.3735243,36.2857446],[129.3735554,36.2857705],[129.373585,36.2858027],[129.3736091,36.2858869],[129.3735469,36.2859792],[129.3735449,36.286023]]]]}},{"type":"Feature","properties":{"r":428,"k":0,"d":136.7},"geometry":{"type":"MultiPolygon","coordinates":[[[[129.3744742,36.2905294],[129.3744439,36.2904626],[129.3744607,36.2904581],[129.3744742,36.2905294]]]]}},{"type":"Feature","properties":{"r":607,"k":0,"d":168.0},"geometry":{"type":"MultiPolygon","coordinates":[[[[129.3741662,36.290668],[129.3741308,36.2906367],[129.3741625,36.290633],[129.3741662,36.290668]]]]}},{"type":"Feature","properties":{"r":34,"k":0,"d":41.9},"geometry":{"type":"MultiPolygon","coordinates":[[[[129.3744067,36.2848799],[129.3746663,36.2848675],[129.3746565,36.285022],[129.3745034,36.2850237],[129.3743889,36.2850234],[129.3744017,36.2849497],[129.3744067,36.2848799]]]]}},{"type":"Feature","properties":{"r":763,"k":0,"d":188.6},"geometry":{"type":"MultiPolygon","coordinates":[[[[129.3741943,36.2813183],[129.3742931,36.2810775],[129.3745693,36.2806867],[129.374556,36.2806461],[129.3745097,36.2806168],[129.37462,36.280629],[129.3745499,36.2811404],[129.3743787,36.2812714],[129.3742156,36.2813211],[129.3741943,36.2813183]]]]}},{"type":"Feature","properties":{"r":72,"k":0,"d":59.7},"geometry":{"type":"MultiPolygon","coordinates":[[[[129.3757135,36.2904335],[129.3755916,36.2904359],[129.3754518,36.2904116],[129.3753908,36.2903811],[129.3753715,36.2903302],[129.3753833,36.2903023],[129.3755227,36.2902635],[129.3756192,36.2902252],[129.3756685,36.290326],[129.3756143,36.2903456],[129.3757135,36.2904335]]]]}},{"type":"Feature","properties":{"r":586,"k":0,"d":164.4},"geometry":{"type":"MultiPolygon","coordinates":[[[[129.374638,36.2909232],[129.3746241,36.2909547],[129.3744006,36.2908907],[129.3744189,36.2908197],[129.3744733,36.2908173],[129.3746214,36.2908068],[129.374651,36.2908277],[129.374638,36.2909232]]]]}},{"type":"Feature","properties":{"r":454,"k":0,"d":142.2},"geometry":{"type":"MultiPolygon","coordinates":[[[[129.3731688,36.2864691],[129.3729596,36.2864842],[129.3728406,36.2863864],[129.372864,36.2863476],[129.3728808,36.2863461],[129.372903,36.286323],[129.3729333,36.2862504],[129.3729589,36.2862294],[129.3730305,36.2861902],[129.3730625,36.2862049],[129.3732093,36.2862551],[129.3732033,36.2863241],[129.3731731,36.2864423],[129.3731688,36.2864691]]]]}},{"type":"Feature","properties":{"r":715,"k":0,"d":181.9},"geometry":{"type":"MultiPolygon","coordinates":[[[[129.3781865,36.2758146],[129.3781105,36.2757288],[129.3781558,36.2756208],[129.378196,36.2756275],[129.3781865,36.2758146]]]]}},{"type":"Feature","properties":{"r":98,"k":0,"d":65.3},"geometry":{"type":"MultiPolygon","coordinates":[[[[129.3738009,36.2888429],[129.3737967,36.2884304],[129.3738515,36.2884203],[129.3739593,36.2888031],[129.3738009,36.2888429]]]]}},{"type":"Feature","properties":{"r":101,"k":0,"d":66.4},"geometry":{"type":"MultiPolygon","coordinates":[[[[129.3740931,36.2856572],[129.3740498,36.2857018],[129.3740412,36.2856951],[129.3740844,36.2856521],[129.3741273,36.2856013],[129.3742204,36.2855913],[129.3742267,36.2855984],[129.3741329,36.2856085],[129.3740931,36.2856572]]]]}},{"type":"Feature","properties":{"r":265,"k":0,"d":100.9},"geometry":{"type":"MultiPolygon","coordinates":[[[[129.3738978,36.2853275],[129.373865,36.2853841],[129.3736799,36.2853272],[129.3736373,36.2853075],[129.3736663,36.2852363],[129.3738243,36.2852353],[129.3738978,36.2853275]]]]}},{"type":"Feature","properties":{"r":729,"k":0,"d":183.5},"geometry":{"type":"MultiPolygon","coordinates":[[[[129.3725092,36.286388],[129.372583,36.2863258],[129.3726176,36.286289],[129.3726877,36.2863484],[129.3727127,36.2864673],[129.3726934,36.2864804],[129.3725646,36.2864634],[129.3725717,36.2864451],[129.3725092,36.286388]]]]}},{"type":"Feature","properties":{"r":706,"k":0,"d":180.3},"geometry":{"type":"MultiPolygon","coordinates":[[[[129.3765267,36.2917457],[129.3764763,36.2916597],[129.3765183,36.2916411],[129.3765732,36.2917204],[129.3765267,36.2917457]]]]}},{"type":"Feature","properties":{"r":188,"k":0,"d":82.0},"geometry":{"type":"MultiPolygon","coordinates":[[[[129.3741175,36.2898941],[129.3739854,36.2896321],[129.37417,36.2895887],[129.3742412,36.2898568],[129.3741175,36.2898941]]]]}},{"type":"Feature","properties":{"r":354,"k":0,"d":120.4},"geometry":{"type":"MultiPolygon","coordinates":[[[[129.3740355,36.2842226],[129.3740187,36.2842215],[129.3740368,36.2841573],[129.374091,36.2840536],[129.3741023,36.284056],[129.3740891,36.2840866],[129.3740678,36.2841374],[129.3740355,36.2842112],[129.3740355,36.2842226]]]]}},{"type":"Feature","properties":{"r":413,"k":0,"d":133.3},"geometry":{"type":"MultiPolygon","coordinates":[[[[129.3734257,36.2853564],[129.3734373,36.2852989],[129.373436,36.2853389],[129.3735243,36.2853415],[129.3735004,36.2853795],[129.3734257,36.2853564]]]]}},{"type":"Feature","properties":{"r":29,"k":0,"d":39.9},"geometry":{"type":"MultiPolygon","coordinates":[[[[129.3776198,36.2778566],[129.378007,36.2774321],[129.378199,36.2771535],[129.3783104,36.2771758],[129.3781495,36.2774637],[129.3778091,36.2778823],[129.3776198,36.2778566]]]]}},{"type":"Feature","properties":{"r":537,"k":0,"d":156.8},"geometry":{"type":"MultiPolygon","coordinates":[[[[129.3756982,36.2789945],[129.3757607,36.2788964],[129.376021,36.2786076],[129.3761408,36.2784988],[129.3762474,36.2784223],[129.3762884,36.2783839],[129.3763247,36.278426],[129.3764329,36.2784319],[129.3764349,36.2784525],[129.3761242,36.2786887],[129.3759674,36.278823],[129.3757085,36.2790229],[129.3756982,36.2789945]]]]}},{"type":"Feature","properties":{"r":296,"k":0,"d":106.2},"geometry":{"type":"MultiPolygon","coordinates":[[[[129.3734211,36.2885261],[129.3733725,36.2884003],[129.3733713,36.2883971],[129.3733274,36.28822],[129.3733598,36.2882224],[129.3733829,36.2883172],[129.3733987,36.2883708],[129.3734351,36.2884979],[129.3734433,36.2885232],[129.3734211,36.2885261]]]]}},{"type":"Feature","properties":{"r":222,"k":0,"d":90.3},"geometry":{"type":"MultiPolygon","coordinates":[[[[129.3778749,36.2770178],[129.3779324,36.2768401],[129.3779712,36.2767329],[129.3781005,36.2766154],[129.3781141,36.2766094],[129.3780436,36.276824],[129.3779273,36.2769548],[129.3778749,36.2770178]]]]}},{"type":"Feature","properties":{"r":324,"k":0,"d":112.7},"geometry":{"type":"MultiPolygon","coordinates":[[[[129.373689,36.2857164],[129.3736869,36.2857197],[129.3736342,36.2856912],[129.3735779,36.285661],[129.3736611,36.2856878],[129.373689,36.2857164]]]]}},{"type":"Feature","properties":{"r":346,"k":0,"d":118.2},"geometry":{"type":"MultiPolygon","coordinates":[[[[129.3732784,36.2880359],[129.3731534,36.2875733],[129.3731674,36.2875778],[129.3732872,36.2880012],[129.3732934,36.2880129],[129.3732784,36.2880359]]]]}},{"type":"Feature","properties":{"r":536,"k":0,"d":156.8},"geometry":{"type":"MultiPolygon","coordinates":[[[[129.3782558,36.2760272],[129.3783067,36.2757863],[129.3783509,36.2757699],[129.378291,36.2760249],[129.3782558,36.2760272]]]]}},{"type":"Feature","properties":{"r":5,"k":0,"d":16.6},"geometry":{"type":"MultiPolygon","coordinates":[[[[129.3744031,36.2871053],[129.3744442,36.286835],[129.3744837,36.2868362],[129.3744894,36.2871031],[129.3744031,36.2871053]]]]}},{"type":"Feature","properties":{"r":534,"k":0,"d":156.6},"geometry":{"type":"MultiPolygon","coordinates":[[[[129.3750282,36.2910368],[129.3749879,36.2909926],[129.3750358,36.2909887],[129.3750282,36.2910368]]]]}},{"type":"Feature","properties":{"r":589,"k":0,"d":165.0},"geometry":{"type":"MultiPolygon","coordinates":[[[[129.3741308,36.2906367],[129.3741047,36.2906414],[129.3740443,36.290628],[129.3740246,36.290545],[129.3740597,36.290533],[129.3741584,36.2906136],[129.3741625,36.290633],[129.3741308,36.2906367]]]]}},{"type":"Feature","properties":{"r":535,"k":0,"d":156.7},"geometry":{"type":"MultiPolygon","coordinates":[[[[129.3735234,36.2843079],[129.3735234,36.2843018],[129.3735843,36.2842926],[129.3735839,36.2843024],[129.3735234,36.2843079]]]]}},{"type":"Feature","properties":{"r":756,"k":0,"d":187.5},"geometry":{"type":"MultiPolygon","coordinates":[[[[129.3732209,36.2842938],[129.3732118,36.2842635],[129.3732266,36.2842607],[129.3732262,36.2843115],[129.3732209,36.2842938]]]]}},{"type":"Feature","properties":{"r":119,"k":0,"d":70.3},"geometry":{"type":"MultiPolygon","coordinates":[[[[129.3777971,36.2773938],[129.3777948,36.2773925],[129.3780462,36.2771024],[129.3780558,36.2771074],[129.3777971,36.2773938]]]]}},{"type":"Feature","properties":{"r":482,"k":0,"d":148.5},"geometry":{"type":"MultiPolygon","coordinates":[[[[129.3763882,36.2913628],[129.3763205,36.2913861],[129.3763104,36.2913738],[129.3763492,36.2913628],[129.3763838,36.2913577],[129.3763882,36.2913628]]]]}},{"type":"Feature","properties":{"r":395,"k":0,"d":128.8},"geometry":{"type":"MultiPolygon","coordinates":[[[[129.3750787,36.2906858],[129.3751059,36.2906907],[129.3749327,36.2907065],[129.3750787,36.2906858]]]]}},{"type":"Feature","properties":{"r":104,"k":0,"d":66.7},"geometry":{"type":"MultiPolygon","coordinates":[[[[129.3740283,36.2864533],[129.3740131,36.2864564],[129.3739799,36.2863884],[129.3739489,36.2863541],[129.3739676,36.2863503],[129.3740053,36.2863967],[129.3740283,36.2864533]]]]}},{"type":"Feature","properties":{"r":281,"k":0,"d":104.4},"geometry":{"type":"MultiPolygon","coordinates":[[[[129.3739673,36.2849068],[129.3738633,36.2848987],[129.373851,36.2848495],[129.3738588,36.2847563],[129.3739353,36.2847394],[129.3739484,36.284729],[129.3739705,36.2847382],[129.3739787,36.2847666],[129.3739918,36.2848583],[129.3739673,36.2849068]]]]}},{"type":"Feature","properties":{"r":688,"k":0,"d":177.3},"geometry":{"type":"MultiPolygon","coordinates":[[[[129.3749576,36.2805484],[129.3750747,36.2803814],[129.3751392,36.2802922],[129.3751536,36.2802978],[129.3749666,36.2805493],[129.3749576,36.2805484]]]]}},{"type":"Feature","properties":{"r":858,"k":0,"d":206.7},"geometry":{"type":"MultiPolygon","coordinates":[[[[129.37311,36.290507],[129.3732418,36.2904475],[129.3732503,36.2904536],[129.3731429,36.2904953],[129.3731166,36.2905063],[129.37311,36.290507]]]]}},{"type":"Feature","properties":{"r":22,"k":0,"d":33.7},"geometry":{"type":"MultiPolygon","coordinates":[[[[129.3738383,36.2882408],[129.3742093,36.2881779],[129.3742038,36.2882194],[129.3742448,36.2882162],[129.3742432,36.2882212],[129.3738522,36.2882916],[129.3738383,36.2882408]]]]}},{"type":"Feature","properties":{"r":799,"k":0,"d":193.8},"geometry":{"type":"MultiPolygon","coordinates":[[[[129.3740371,36.2819838],[129.3740602,36.2819007],[129.3740831,36.2819093],[129.3741168,36.2819246],[129.3740738,36.2819909],[129.3740371,36.2819838]]]]}},{"type":"Feature","properties":{"r":641,"k":0,"d":172.3},"geometry":{"type":"MultiPolygon","coordinates":[[[[129.3728301,36.2864953],[129.3728193,36.2864941],[129.3728144,36.2864292],[129.3728422,36.2864449],[129.3728301,36.2864953]]]]}},{"type":"Feature","properties":{"r":382,"k":0,"d":126.1},"geometry":{"type":"MultiPolygon","coordinates":[[[[129.3773495,36.2769894],[129.3773865,36.2769985],[129.3770783,36.2770427],[129.3772173,36.2768773],[129.3773412,36.2769875],[129.3773495,36.2769894]]]]}},{"type":"Feature","properties":{"r":684,"k":0,"d":176.7},"geometry":{"type":"MultiPolygon","coordinates":[[[[129.3734242,36.2839758],[129.3734309,36.2839491],[129.3734758,36.2839504],[129.3734776,36.2839787],[129.3734242,36.2839758]]]]}},{"type":"Feature","properties":{"r":867,"k":0,"d":225.8},"geometry":{"type":"MultiPolygon","coordinates":[[[[129.3737557,36.2910362],[129.3737609,36.2910737],[129.3737165,36.2910813],[129.3737032,36.2910397],[129.3737557,36.2910362]]]]}},{"type":"Feature","properties":{"r":548,"k":0,"d":159.4},"geometry":{"type":"MultiPolygon","coordinates":[[[[129.3735232,36.2842948],[129.373469,36.2843037],[129.3734424,36.2842495],[129.3734572,36.2842493],[129.373453,36.2842138],[129.3735451,36.2841613],[129.3735588,36.2842167],[129.3735595,36.2842855],[129.3735232,36.2842948]]]]}},{"type":"Feature","properties":{"r":737,"k":0,"d":184.9},"geometry":{"type":"MultiPolygon","coordinates":[[[[129.3726893,36.2865102],[129.3723932,36.2865606],[129.3723865,36.2865391],[129.3726052,36.2864991],[129.3726306,36.2864986],[129.3726893,36.2865102]]]]}},{"type":"Feature","properties":{"r":23,"k":0,"d":33.8},"geometry":{"type":"MultiPolygon","coordinates":[[[[129.3742342,36.2889174],[129.3740198,36.2889058],[129.3739726,36.288732],[129.3742858,36.2886851],[129.3742912,36.2887474],[129.374263,36.2887588],[129.3742262,36.288866],[129.3742342,36.2889174]]]]}},{"type":"Feature","properties":{"r":64,"k":0,"d":58.7},"geometry":{"type":"MultiPolygon","coordinates":[[[[129.3740547,36.286827],[129.373956,36.2868468],[129.3739209,36.2867531],[129.3740285,36.2867091],[129.3740756,36.2866782],[129.3740547,36.286827]]]]}},{"type":"Feature","properties":{"r":365,"k":0,"d":122.3},"geometry":{"type":"MultiPolygon","coordinates":[[[[129.3737485,36.2849655],[129.3736714,36.2849669],[129.3736144,36.2849584],[129.3736153,36.2849544],[129.3737485,36.2849655]]]]}},{"type":"Feature","properties":{"r":556,"k":0,"d":160.4},"geometry":{"type":"MultiPolygon","coordinates":[[[[129.3758874,36.2794179],[129.375918,36.2794174],[129.375595,36.2798783],[129.3758874,36.2794179]]]]}},{"type":"Feature","properties":{"r":767,"k":0,"d":188.8},"geometry":{"type":"MultiPolygon","coordinates":[[[[129.3756552,36.2793156],[129.3755991,36.2793628],[129.3753579,36.279344],[129.375486,36.2792143],[129.3756268,36.2791519],[129.3757085,36.279142],[129.3757963,36.2791412],[129.3758012,36.2791764],[129.3758106,36.2791841],[129.3756552,36.2793156]]]]}},{"type":"Feature","properties":{"r":476,"k":0,"d":147.0},"geometry":{"type":"MultiPolygon","coordinates":[[[[129.3758347,36.2791362],[129.3759591,36.278995],[129.3763973,36.2785477],[129.3765143,36.2786276],[129.3764021,36.2787361],[129.3762856,36.2788283],[129.3760159,36.279016],[129.3759461,36.2790661],[129.3758521,36.2791377],[129.3758347,36.2791362]]]]}},{"type":"Feature","properties":{"r":815,"k":0,"d":196.4},"geometry":{"type":"MultiPolygon","coordinates":[[[[129.3739351,36.2910241],[129.3739063,36.2909188],[129.3740158,36.290908],[129.3740334,36.2908878],[129.3740654,36.2908992],[129.3740818,36.2909001],[129.3741211,36.2909593],[129.3740371,36.2910091],[129.3740024,36.2910196],[129.3739351,36.2910241]]]]}},{"type":"Feature","properties":{"r":239,"k":0,"d":94.1},"geometry":{"type":"MultiPolygon","coordinates":[[[[129.3737935,36.2857968],[129.3736869,36.2857197],[129.3737632,36.2855832],[129.3737894,36.285573],[129.3739173,36.2856032],[129.3738443,36.2856385],[129.3738239,36.2856857],[129.3738452,36.2857238],[129.3737935,36.2857968]]]]}},{"type":"Feature","properties":{"r":45,"k":0,"d":50.2},"geometry":{"type":"MultiPolygon","coordinates":[[[[129.3776312,36.2781459],[129.3776192,36.278062],[129.3776114,36.2779408],[129.3776122,36.2778826],[129.3776198,36.2778566],[129.3778091,36.2778823],[129.3776312,36.2781459]]]]}},{"type":"Feature","properties":{"r":720,"k":0,"d":182.3},"geometry":{"type":"MultiPolygon","coordinates":[[[[129.3731065,36.2845342],[129.3731061,36.2845279],[129.3732054,36.2845305],[129.3732069,36.2845425],[129.3731065,36.2845342]]]]}},{"type":"Feature","properties":{"r":752,"k":0,"d":186.9},"geometry":{"type":"MultiPolygon","coordinates":[[[[129.3727347,36.2860611],[129.3727163,36.2860748],[129.3726887,36.2858853],[129.3726981,36.2858752],[129.3727377,36.2858809],[129.3727567,36.2860447],[129.3727347,36.2860611]]]]}},{"type":"Feature","properties":{"r":472,"k":0,"d":146.1},"geometry":{"type":"MultiPolygon","coordinates":[[[[129.3781526,36.2760351],[129.3782299,36.276029],[129.3781388,36.2761826],[129.3781482,36.2761482],[129.3781526,36.2760351]]]]}},{"type":"Feature","properties":{"r":552,"k":0,"d":160.0},"geometry":{"type":"MultiPolygon","coordinates":[[[[129.3762355,36.2915467],[129.3760992,36.2915928],[129.3760306,36.2915382],[129.3760493,36.2915305],[129.3760762,36.2914774],[129.3761451,36.2914478],[129.3762355,36.2915467]]]]}},{"type":"Feature","properties":{"r":208,"k":0,"d":87.3},"geometry":{"type":"MultiPolygon","coordinates":[[[[129.3739347,36.2853258],[129.3738727,36.2852255],[129.3739812,36.2851534],[129.3740722,36.2852654],[129.3740088,36.2853088],[129.3739347,36.2853258]]]]}},{"type":"Feature","properties":{"r":387,"k":0,"d":126.8},"geometry":{"type":"MultiPolygon","coordinates":[[[[129.3736263,36.285248],[129.3735068,36.2852246],[129.3734766,36.2852171],[129.3734876,36.2852006],[129.3736267,36.2852452],[129.3736263,36.285248]]]]}},{"type":"Feature","properties":{"r":685,"k":0,"d":177.0},"geometry":{"type":"MultiPolygon","coordinates":[[[[129.3759676,36.2791709],[129.3760091,36.2791237],[129.3760406,36.2791177],[129.3759676,36.2791709]]]]}},{"type":"Feature","properties":{"r":84,"k":0,"d":61.9},"geometry":{"type":"MultiPolygon","coordinates":[[[[129.3738743,36.2862188],[129.3738168,36.2861395],[129.3738559,36.2860856],[129.3739146,36.286086],[129.3740106,36.2859544],[129.3741818,36.2860286],[129.3741185,36.2860523],[129.3740858,36.2861397],[129.3740024,36.2861891],[129.3738743,36.2862188]]]]}},{"type":"Feature","properties":{"r":426,"k":0,"d":136.0},"geometry":{"type":"MultiPolygon","coordinates":[[[[129.3744025,36.2828561],[129.3742959,36.2825634],[129.3743832,36.2825691],[129.3744025,36.2828561]]]]}},{"type":"Feature","properties":{"r":251,"k":0,"d":97.7},"geometry":{"type":"MultiPolygon","coordinates":[[[[129.376352,36.2794771],[129.3762881,36.2795122],[129.3762666,36.2795624],[129.376207,36.2795956],[129.3762307,36.2796361],[129.3762351,36.2796432],[129.3762181,36.279653],[129.3761115,36.2797177],[129.3760797,36.2797019],[129.376114,36.2796703],[129.3763081,36.2794522],[129.3763721,36.2794499],[129.3765434,36.2794433],[129.3768002,36.2794351],[129.3767997,36.279497],[129.3766993,36.2794965],[129.3764592,36.2794932],[129.3763687,36.2794681],[129.376352,36.2794771]]]]}},{"type":"Feature","properties":{"r":821,"k":0,"d":197.2},"geometry":{"type":"MultiPolygon","coordinates":[[[[129.3739761,36.2820951],[129.3740231,36.2820341],[129.374007,36.2820922],[129.3740024,36.2821001],[129.3739761,36.2820951]]]]}},{"type":"Feature","properties":{"r":655,"k":0,"d":174.0},"geometry":{"type":"MultiPolygon","coordinates":[[[[129.3731299,36.2850938],[129.3731226,36.2850967],[129.3730921,36.2850661],[129.373051,36.2850398],[129.373031,36.285006],[129.3730079,36.2849962],[129.3730327,36.2849896],[129.3730564,36.2850337],[129.3731053,36.2850653],[129.3731299,36.2850938]]]]}},{"type":"Feature","properties":{"r":509,"k":0,"d":152.4},"geometry":{"type":"MultiPolygon","coordinates":[[[[129.3732182,36.2857703],[129.3731869,36.2857893],[129.3730983,36.2857873],[129.373075,36.2857238],[129.3730944,36.2856795],[129.373144,36.2856825],[129.3732411,36.2856648],[129.3732182,36.2857703]]]]}},{"type":"Feature","properties":{"r":227,"k":0,"d":91.6},"geometry":{"type":"MultiPolygon","coordinates":[[[[129.3741504,36.2842589],[129.3742622,36.2841371],[129.3742828,36.2841494],[129.3743666,36.2842143],[129.3743283,36.2843313],[129.3741504,36.2842589]]]]}},{"type":"Feature","properties":{"r":572,"k":0,"d":162.5},"geometry":{"type":"MultiPolygon","coordinates":[[[[129.3727346,36.2858593],[129.3727262,36.2858155],[129.3728022,36.2858191],[129.3728653,36.2858138],[129.3728486,36.2856511],[129.3728749,36.2856493],[129.3730838,36.2856008],[129.3730944,36.2856795],[129.373075,36.2857238],[129.3730983,36.2857873],[129.3729845,36.2858153],[129.3729138,36.2858465],[129.3728146,36.2858727],[129.3727346,36.2858593]]]]}},{"type":"Feature","properties":{"r":801,"k":0,"d":194.2},"geometry":{"type":"MultiPolygon","coordinates":[[[[129.3726448,36.2861807],[129.3725767,36.2862045],[129.3725619,36.286145],[129.3725063,36.2860839],[129.3725697,36.2860379],[129.3725875,36.2860492],[129.3725999,36.2860395],[129.3726199,36.2860458],[129.3726448,36.2861807]]]]}},{"type":"Feature","properties":{"r":267,"k":0,"d":102.1},"geometry":{"type":"MultiPolygon","coordinates":[[[[129.3755414,36.2906912],[129.3755223,36.290736],[129.3754356,36.2907159],[129.375399,36.2907165],[129.3753943,36.2907299],[129.375313,36.2906696],[129.3753323,36.2906653],[129.3753399,36.2906667],[129.3753441,36.2906624],[129.3754294,36.2906359],[129.3754162,36.2906692],[129.3754432,36.2906688],[129.3755414,36.2906912]]]]}},{"type":"Feature","properties":{"r":99,"k":0,"d":65.5},"geometry":{"type":"MultiPolygon","coordinates":[[[[129.3739975,36.2889412],[129.3738167,36.2889831],[129.3738009,36.2888429],[129.3739593,36.2888031],[129.3739975,36.2889412]]]]}},{"type":"Feature","properties":{"r":420,"k":0,"d":134.6},"geometry":{"type":"MultiPolygon","coordinates":[[[[129.373466,36.2854357],[129.3733866,36.2854298],[129.3732935,36.2853963],[129.3733001,36.2853601],[129.3734237,36.2853666],[129.3734257,36.2853564],[129.3735004,36.2853795],[129.373466,36.2854357]]]]}},{"type":"Feature","properties":{"r":277,"k":0,"d":103.7},"geometry":{"type":"MultiPolygon","coordinates":[[[[129.377669,36.2770265],[129.3776308,36.2770588],[129.3773865,36.2769985],[129.3774439,36.2769171],[129.377669,36.2770265]]]]}},{"type":"Feature","properties":{"r":118,"k":0,"d":70.1},"geometry":{"type":"MultiPolygon","coordinates":[[[[129.3756903,36.29045],[129.3755746,36.290487],[129.3755647,36.2904315],[129.3755916,36.2904359],[129.3757135,36.2904335],[129.3756903,36.29045]]]]}},{"type":"Feature","properties":{"r":49,"k":0,"d":55.4},"geometry":{"type":"MultiPolygon","coordinates":[[[[129.3740874,36.286858],[129.3740644,36.2868688],[129.3740712,36.2868321],[129.3740874,36.286858]]]]}},{"type":"Feature","properties":{"r":155,"k":0,"d":75.5},"geometry":{"type":"MultiPolygon","coordinates":[[[[129.3741506,36.2852607],[129.3740722,36.2852654],[129.3739812,36.2851534],[129.374021,36.2851354],[129.3740482,36.2851654],[129.3742217,36.2851957],[129.3741648,36.2852601],[129.3741506,36.2852607]]]]}},{"type":"Feature","properties":{"r":558,"k":0,"d":160.4},"geometry":{"type":"MultiPolygon","coordinates":[[[[129.376211,36.2779016],[129.3761005,36.2777407],[129.3761871,36.277644],[129.3762196,36.2775634],[129.3762382,36.2775386],[129.3763272,36.277582],[129.3764821,36.2774293],[129.376513,36.277439],[129.3765325,36.2773719],[129.3766476,36.2773823],[129.3766881,36.2774482],[129.37669,36.2774487],[129.376651,36.2775386],[129.3764442,36.2777339],[129.3762254,36.2778947],[129.376211,36.2779016]]]]}},{"type":"Feature","properties":{"r":727,"k":0,"d":183.4},"geometry":{"type":"MultiPolygon","coordinates":[[[[129.3730732,36.2845024],[129.3730734,36.2844982],[129.3732081,36.284504],[129.3730732,36.2845024]]]]}},{"type":"Feature","properties":{"r":233,"k":0,"d":92.6},"geometry":{"type":"MultiPolygon","coordinates":[[[[129.3735897,36.2882818],[129.3733829,36.2883172],[129.3733598,36.2882224],[129.3733119,36.2880451],[129.3732872,36.2880012],[129.3731296,36.2874444],[129.3733454,36.2874109],[129.3735897,36.2882818]]]]}},{"type":"Feature","properties":{"r":675,"k":0,"d":176.2},"geometry":{"type":"MultiPolygon","coordinates":[[[[129.3763237,36.2922791],[129.3762596,36.2922308],[129.3761212,36.2921143],[129.3759896,36.2919864],[129.3758478,36.2918732],[129.3757983,36.2917871],[129.3757456,36.2917045],[129.3758257,36.2916377],[129.3759548,36.2915684],[129.3760987,36.291777],[129.3761644,36.2918764],[129.3762485,36.2919994],[129.3763156,36.2921603],[129.3763363,36.2922801],[129.3763237,36.2922791]]]]}},{"type":"Feature","properties":{"r":698,"k":0,"d":179.4},"geometry":{"type":"MultiPolygon","coordinates":[[[[129.375764,36.2918155],[129.3756817,36.2917604],[129.3756006,36.2917097],[129.3754958,36.2916068],[129.3753846,36.2915198],[129.3751768,36.291363],[129.3752541,36.2913744],[129.3753936,36.2914371],[129.3757533,36.2917876],[129.375764,36.2918155]]]]}},{"type":"Feature","properties":{"r":182,"k":0,"d":81.4},"geometry":{"type":"MultiPolygon","coordinates":[[[[129.3744031,36.2841547],[129.3745492,36.2840971],[129.3745446,36.2841044],[129.3744043,36.2841624],[129.3743815,36.284162],[129.3744031,36.2841547]]]]}},{"type":"Feature","properties":{"r":244,"k":0,"d":95.7},"geometry":{"type":"MultiPolygon","coordinates":[[[[129.3742056,36.2840659],[129.3742204,36.2840601],[129.374359,36.2841538],[129.3742891,36.2841318],[129.3742056,36.2840659]]]]}},{"type":"Feature","properties":{"r":364,"k":0,"d":122.3},"geometry":{"type":"MultiPolygon","coordinates":[[[[129.3733517,36.288944],[129.3733816,36.2890704],[129.3731487,36.2891081],[129.3731222,36.2889815],[129.3733517,36.288944]]]]}},{"type":"Feature","properties":{"r":321,"k":0,"d":111.8},"geometry":{"type":"MultiPolygon","coordinates":[[[[129.3750253,36.2906076],[129.3748933,36.2905751],[129.374895,36.2904348],[129.3749269,36.2904441],[129.3750058,36.2904283],[129.3750273,36.2905386],[129.3750253,36.2906076]]]]}},{"type":"Feature","properties":{"r":510,"k":0,"d":153.0},"geometry":{"type":"MultiPolygon","coordinates":[[[[129.3747755,36.2907745],[129.3747631,36.2907617],[129.3747669,36.2907595],[129.3747767,36.2907603],[129.3747955,36.290759],[129.374892,36.2908735],[129.3748781,36.2908795],[129.3747755,36.2907745]]]]}},{"type":"Feature","properties":{"r":259,"k":0,"d":99.5},"geometry":{"type":"MultiPolygon","coordinates":[[[[129.3739907,36.2899328],[129.3739513,36.2899452],[129.3737901,36.289573],[129.3737618,36.2894852],[129.3738479,36.2894875],[129.3738686,36.2895604],[129.3740105,36.289821],[129.3741031,36.2898643],[129.3741175,36.2898941],[129.3739907,36.2899328]]]]}},{"type":"Feature","properties":{"r":662,"k":0,"d":174.8},"geometry":{"type":"MultiPolygon","coordinates":[[[[129.373029,36.2854158],[129.3728247,36.2853789],[129.3728378,36.2853364],[129.3728986,36.2853462],[129.3729131,36.285372],[129.3729535,36.2853849],[129.3730432,36.2853918],[129.373029,36.2854158]]]]}},{"type":"Feature","properties":{"r":459,"k":0,"d":143.5},"geometry":{"type":"MultiPolygon","coordinates":[[[[129.3746431,36.2906999],[129.3747648,36.2906901],[129.374765,36.2906856],[129.3748156,36.2906719],[129.3747975,36.2907019],[129.374781,36.2907152],[129.3746431,36.2906999]]]]}},{"type":"Feature","properties":{"r":144,"k":0,"d":73.3},"geometry":{"type":"MultiPolygon","coordinates":[[[[129.3742727,36.2898459],[129.3742313,36.2896907],[129.3743841,36.2896761],[129.3744036,36.289778],[129.3743346,36.2898238],[129.3742727,36.2898459]]]]}},{"type":"Feature","properties":{"r":859,"k":0,"d":206.9},"geometry":{"type":"MultiPolygon","coordinates":[[[[129.3732418,36.2904475],[129.37311,36.290507],[129.3729161,36.2905134],[129.3728471,36.2905024],[129.3727528,36.2904661],[129.3728623,36.2903167],[129.372966,36.2902799],[129.3732418,36.2904475]]]]}},{"type":"Feature","properties":{"r":340,"k":0,"d":116.8},"geometry":{"type":"MultiPolygon","coordinates":[[[[129.3774717,36.2765421],[129.3772258,36.2763493],[129.377323,36.2762663],[129.3774875,36.2762434],[129.377635,36.2762411],[129.3777342,36.2762788],[129.377842,36.2763088],[129.3780655,36.276056],[129.3781526,36.2760351],[129.3781482,36.2761482],[129.3780908,36.2763619],[129.378074,36.2764528],[129.378038,36.2765511],[129.3779502,36.2764622],[129.3779097,36.2764439],[129.377851,36.2764052],[129.3776034,36.2766454],[129.3774717,36.2765421]]]]}},{"type":"Feature","properties":{"r":24,"k":0,"d":35.4},"geometry":{"type":"MultiPolygon","coordinates":[[[[129.3760422,36.2903916],[129.3760947,36.2902744],[129.3761751,36.2902961],[129.3761804,36.2904277],[129.3760422,36.2903916]]]]}},{"type":"Feature","properties":{"r":3,"k":0,"d":12.7},"geometry":{"type":"MultiPolygon","coordinates":[[[[129.3742361,36.2882165],[129.3744031,36.2871053],[129.3744894,36.2871031],[129.3744951,36.287401],[129.374451,36.2878069],[129.3744296,36.2882105],[129.3742361,36.2882165]]]]}},{"type":"Feature","properties":{"r":41,"k":0,"d":47.8},"geometry":{"type":"MultiPolygon","coordinates":[[[[129.3741411,36.2866888],[129.3740979,36.2866413],[129.3741118,36.2865733],[129.3741366,36.2864335],[129.3742452,36.2864342],[129.3742131,36.2865929],[129.3741411,36.2866888]]]]}},{"type":"Feature","properties":{"r":27,"k":0,"d":39.5},"geometry":{"type":"MultiPolygon","coordinates":[[[[129.3747607,36.2845757],[129.3748312,36.2845759],[129.3748297,36.2846185],[129.3747627,36.2846174],[129.3747607,36.2845757]]]]}},{"type":"Feature","properties":{"r":371,"k":0,"d":123.2},"geometry":{"type":"MultiPolygon","coordinates":[[[[129.3765609,36.2793702],[129.3763561,36.2793819],[129.3763691,36.2793668],[129.3767136,36.2790476],[129.3767057,36.2790873],[129.3765609,36.2793702]]]]}},{"type":"Feature","properties":{"r":809,"k":0,"d":195.5},"geometry":{"type":"MultiPolygon","coordinates":[[[[129.3740738,36.2819909],[129.374007,36.2820922],[129.3740371,36.2819838],[129.3740738,36.2819909]]]]}},{"type":"Feature","properties":{"r":669,"k":0,"d":175.9},"geometry":{"type":"MultiPolygon","coordinates":[[[[129.3733811,36.2842499],[129.3732682,36.2842498],[129.3732718,36.2842302],[129.3733799,36.2842346],[129.3733811,36.2842499]]]]}},{"type":"Feature","properties":{"r":492,"k":0,"d":149.5},"geometry":{"type":"MultiPolygon","coordinates":[[[[129.3732398,36.2855648],[129.3733002,36.2855874],[129.3732567,36.2855856],[129.3732398,36.2855648]]]]}},{"type":"Feature","properties":{"r":376,"k":0,"d":124.7},"geometry":{"type":"MultiPolygon","coordinates":[[[[129.3735243,36.2857446],[129.3735055,36.2857857],[129.3732833,36.2857818],[129.3732858,36.2856301],[129.3735393,36.2856819],[129.3735477,36.2856668],[129.3735633,36.2856746],[129.3735243,36.2857446]]]]}},{"type":"Feature","properties":{"r":8,"k":0,"d":19.1},"geometry":{"type":"MultiPolygon","coordinates":[[[[129.3762307,36.2796361],[129.376207,36.2795956],[129.3762666,36.2795624],[129.3762881,36.2795122],[129.3763687,36.2794681],[129.3764592,36.2794932],[129.3767997,36.279497],[129.3771959,36.2794957],[129.3775111,36.2796693],[129.37716,36.2802009],[129.3767127,36.2808863],[129.3764588,36.2812709],[129.3751654,36.280838],[129.3753025,36.2806183],[129.3756599,36.2801079],[129.3758575,36.2799124],[129.3760797,36.2797019],[129.3761115,36.2797177],[129.3762351,36.2796432],[129.3762307,36.2796361]]]]}},{"type":"Feature","properties":{"r":158,"k":0,"d":76.6},"geometry":{"type":"MultiPolygon","coordinates":[[[[129.3760269,36.2909622],[129.3759897,36.2909487],[129.3759819,36.2909513],[129.375878,36.2908855],[129.3758517,36.2908611],[129.3758007,36.290736],[129.3756292,36.2906885],[129.3754294,36.2906359],[129.3755587,36.2906085],[129.375635,36.2905425],[129.375758,36.2905361],[129.3759561,36.2907106],[129.3760047,36.2908983],[129.3760269,36.2909622]]]]}},{"type":"Feature","properties":{"r":619,"k":0,"d":170.0},"geometry":{"type":"MultiPolygon","coordinates":[[[[129.3740649,36.2908766],[129.3740418,36.2907596],[129.3740229,36.2906404],[129.3740443,36.290628],[129.3741047,36.2906414],[129.3741308,36.2906367],[129.3741662,36.290668],[129.3741717,36.2907128],[129.3741795,36.2908489],[129.3740649,36.2908766]]]]}},{"type":"Feature","properties":{"r":739,"k":0,"d":185.2},"geometry":{"type":"MultiPolygon","coordinates":[[[[129.3765846,36.2770394],[129.3763681,36.2770412],[129.3764127,36.2769022],[129.3763717,36.2768596],[129.3764252,36.2767774],[129.3765005,36.2767568],[129.3765089,36.2767419],[129.3766062,36.2768035],[129.3766168,36.2768801],[129.3766856,36.2768909],[129.3765846,36.2770394]]]]}},{"type":"Feature","properties":{"r":2,"k":0,"d":10.8},"geometry":{"type":"MultiPolygon","coordinates":[[[[129.3742432,36.2882212],[129.3742448,36.2882162],[129.3744296,36.2882105],[129.3744837,36.2883031],[129.3745013,36.2884211],[129.3744491,36.288489],[129.3743406,36.2884972],[129.3743315,36.2885495],[129.3742891,36.2882326],[129.3742432,36.2882212]]]]}},{"type":"Feature","properties":{"r":28,"k":0,"d":39.8},"geometry":{"type":"MultiPolygon","coordinates":[[[[129.3756382,36.290094],[129.3756589,36.2900411],[129.375695,36.2900308],[129.3757317,36.2900857],[129.375722,36.2901079],[129.3756382,36.290094]]]]}},{"type":"Feature","properties":{"r":14,"k":0,"d":26.9},"geometry":{"type":"MultiPolygon","coordinates":[[[[129.3739726,36.288732],[129.3738522,36.2882916],[129.3742432,36.2882212],[129.3742891,36.2882326],[129.3743315,36.2885495],[129.3743271,36.2885745],[129.3742792,36.2885989],[129.3742858,36.2886851],[129.3739726,36.288732]]]]}},{"type":"Feature","properties":{"r":532,"k":0,"d":156.1},"geometry":{"type":"MultiPolygon","coordinates":[[[[129.3756268,36.2791519],[129.3755989,36.2791512],[129.3756529,36.279066],[129.3759674,36.278823],[129.3761242,36.2786887],[129.3764349,36.2784525],[129.3764375,36.2784788],[129.3763973,36.2785477],[129.3759591,36.278995],[129.3758347,36.2791362],[129.3757963,36.2791412],[129.3757085,36.279142],[129.3756268,36.2791519]]]]}},{"type":"Feature","properties":{"r":288,"k":0,"d":105.0},"geometry":{"type":"MultiPolygon","coordinates":[[[[129.3735324,36.2894778],[129.3735266,36.2894501],[129.3735333,36.2892826],[129.3736842,36.2893235],[129.3737328,36.2894843],[129.3735324,36.2894778]]]]}},{"type":"Feature","properties":{"r":622,"k":0,"d":170.4},"geometry":{"type":"MultiPolygon","coordinates":[[[[129.3750716,36.2912192],[129.3748225,36.2912022],[129.374748,36.2911103],[129.3747527,36.2910737],[129.3748303,36.2910529],[129.3749109,36.2910648],[129.3750716,36.2912192]]]]}},{"type":"Feature","properties":{"r":297,"k":0,"d":106.4},"geometry":{"type":"MultiPolygon","coordinates":[[[[129.3739513,36.2899452],[129.3739198,36.2899533],[129.3738308,36.2897636],[129.373796,36.2896697],[129.3737328,36.2894843],[129.3737618,36.2894852],[129.3737901,36.289573],[129.3739513,36.2899452]]]]}},{"type":"Feature","properties":{"r":430,"k":0,"d":137.5},"geometry":{"type":"MultiPolygon","coordinates":[[[[129.3737003,36.2846151],[129.3735381,36.2846375],[129.3735715,36.2845995],[129.3736518,36.2845899],[129.3737003,36.2846151]]]]}},{"type":"Feature","properties":{"r":765,"k":0,"d":188.6},"geometry":{"type":"MultiPolygon","coordinates":[[[[129.373181,36.2842393],[129.3731362,36.2841157],[129.3731805,36.2840956],[129.3732561,36.2840953],[129.3732577,36.284152],[129.373243,36.2842246],[129.3732281,36.2842327],[129.373181,36.2842393]]]]}},{"type":"Feature","properties":{"r":774,"k":0,"d":190.3},"geometry":{"type":"MultiPolygon","coordinates":[[[[129.3726052,36.2864991],[129.3723865,36.2865391],[129.3721827,36.2858839],[129.3722722,36.2858873],[129.3723178,36.2861342],[129.3723814,36.2862716],[129.3725424,36.2864812],[129.3726306,36.2864986],[129.3726052,36.2864991]]]]}},{"type":"Feature","properties":{"r":442,"k":0,"d":140.1},"geometry":{"type":"MultiPolygon","coordinates":[[[[129.3734876,36.2852006],[129.3734766,36.2852171],[129.3733849,36.2851689],[129.3734876,36.2852006]]]]}},{"type":"Feature","properties":{"r":311,"k":0,"d":108.9},"geometry":{"type":"MultiPolygon","coordinates":[[[[129.3760035,36.2909652],[129.3759819,36.2909513],[129.3759897,36.2909487],[129.3760269,36.2909622],[129.3760428,36.2909891],[129.3760035,36.2909652]]]]}},{"type":"Feature","properties":{"r":524,"k":0,"d":155.2},"geometry":{"type":"MultiPolygon","coordinates":[[[[129.374486,36.2906797],[129.3743273,36.2906593],[129.3742938,36.2906457],[129.3742917,36.2906372],[129.3743314,36.2906289],[129.37448,36.2906603],[129.3744837,36.2906679],[129.374486,36.2906797]]]]}},{"type":"Feature","properties":{"r":514,"k":0,"d":153.4},"geometry":{"type":"MultiPolygon","coordinates":[[[[129.3744662,36.2906357],[129.37448,36.2906603],[129.3743314,36.2906289],[129.3743536,36.2906254],[129.3743789,36.2906251],[129.3744028,36.2906412],[129.3744662,36.2906357]]]]}},{"type":"Feature","properties":{"r":164,"k":0,"d":77.4},"geometry":{"type":"MultiPolygon","coordinates":[[[[129.3740721,36.2856342],[129.3739258,36.2855868],[129.3739808,36.285474],[129.3740927,36.2855378],[129.3741048,36.2855919],[129.3740721,36.2856342]]]]}},{"type":"Feature","properties":{"r":232,"k":0,"d":92.4},"geometry":{"type":"MultiPolygon","coordinates":[[[[129.3738977,36.2851747],[129.3739314,36.2850606],[129.3739276,36.2850528],[129.3740307,36.2850436],[129.3740693,36.2850361],[129.3740132,36.2850965],[129.3738961,36.28518],[129.3738977,36.2851747]]]]}},{"type":"Feature","properties":{"r":243,"k":0,"d":95.6},"geometry":{"type":"MultiPolygon","coordinates":[[[[129.3740841,36.284795],[129.3740301,36.2847942],[129.3740046,36.2847684],[129.3739764,36.2847097],[129.3739864,36.284697],[129.3741248,36.2846657],[129.3741323,36.2847542],[129.3741243,36.2847863],[129.3740841,36.284795]]]]}},{"type":"Feature","properties":{"r":788,"k":0,"d":192.5},"geometry":{"type":"MultiPolygon","coordinates":[[[[129.3753298,36.2795898],[129.3753709,36.2796238],[129.3752918,36.2797044],[129.3752226,36.2796036],[129.3752382,36.2795073],[129.3753298,36.2795898]]]]}},{"type":"Feature","properties":{"r":224,"k":0,"d":90.5},"geometry":{"type":"MultiPolygon","coordinates":[[[[129.3736692,36.2892269],[129.3736098,36.2890333],[129.3737376,36.2890021],[129.373765,36.2892043],[129.3736692,36.2892269]]]]}},{"type":"Feature","properties":{"r":275,"k":0,"d":103.6},"geometry":{"type":"MultiPolygon","coordinates":[[[[129.373525,36.2888121],[129.3735162,36.2888127],[129.3734211,36.2885261],[129.3734433,36.2885232],[129.373525,36.2888121]]]]}},{"type":"Feature","properties":{"r":412,"k":0,"d":133.1},"geometry":{"type":"MultiPolygon","coordinates":[[[[129.3734419,36.2898494],[129.3733424,36.2898769],[129.3732902,36.2897048],[129.373534,36.2896534],[129.3735785,36.2898124],[129.3734419,36.2898494]]]]}},{"type":"Feature","properties":{"r":157,"k":0,"d":76.0},"geometry":{"type":"MultiPolygon","coordinates":[[[[129.3744487,36.2843785],[129.374444,36.2844365],[129.3744391,36.2844995],[129.3744355,36.2845379],[129.3744031,36.2845419],[129.3744096,36.2845189],[129.3743987,36.2844406],[129.3743951,36.2844089],[129.3743954,36.2843855],[129.3744451,36.2843771],[129.3744487,36.2843785]]]]}},{"type":"Feature","properties":{"r":623,"k":0,"d":170.5},"geometry":{"type":"MultiPolygon","coordinates":[[[[129.3736486,36.2833439],[129.3736768,36.2832737],[129.37366,36.2831883],[129.3736646,36.2831865],[129.3737603,36.2832725],[129.3738249,36.2833049],[129.373791,36.2833827],[129.3736486,36.2833439]]]]}},{"type":"Feature","properties":{"r":423,"k":0,"d":135.8},"geometry":{"type":"MultiPolygon","coordinates":[[[[129.3756911,36.2800639],[129.3758485,36.2799026],[129.3759332,36.279801],[129.3760759,36.2796994],[129.3760797,36.2797019],[129.3758575,36.2799124],[129.3756599,36.2801079],[129.3756911,36.2800639]]]]}},{"type":"Feature","properties":{"r":728,"k":0,"d":183.4},"geometry":{"type":"MultiPolygon","coordinates":[[[[129.3732258,36.2843608],[129.3732081,36.284504],[129.3730734,36.2844982],[129.373074,36.2844949],[129.3731069,36.2844973],[129.3732011,36.2844991],[129.3732063,36.2844195],[129.3732141,36.2843637],[129.3732258,36.2843608]]]]}},{"type":"Feature","properties":{"r":721,"k":0,"d":182.5},"geometry":{"type":"MultiPolygon","coordinates":[[[[129.3727209,36.2858153],[129.3727296,36.2857756],[129.3727756,36.2856773],[129.3728123,36.2856536],[129.3728486,36.2856511],[129.3728653,36.2858138],[129.3728022,36.2858191],[129.3727209,36.2858153]]]]}},{"type":"Feature","properties":{"r":445,"k":0,"d":141.4},"geometry":{"type":"MultiPolygon","coordinates":[[[[129.3763838,36.2913577],[129.3763492,36.2913628],[129.3763104,36.2913738],[129.3762664,36.2913177],[129.3763262,36.2912931],[129.3763838,36.2913577]]]]}},{"type":"Feature","properties":{"r":827,"k":0,"d":197.7},"geometry":{"type":"MultiPolygon","coordinates":[[[[129.3740334,36.2908878],[129.3740158,36.290908],[129.3739063,36.2909188],[129.3738538,36.2908586],[129.3738475,36.290824],[129.3740334,36.2908878]]]]}},{"type":"Feature","properties":{"r":142,"k":0,"d":73.1},"geometry":{"type":"MultiPolygon","coordinates":[[[[129.3743498,36.2847375],[129.3742886,36.2847337],[129.3742827,36.2846905],[129.3742638,36.2846404],[129.374285,36.2846353],[129.3743465,36.2846242],[129.3744107,36.2846159],[129.374408,36.2847153],[129.3743429,36.2847264],[129.3743498,36.2847375]]]]}},{"type":"Feature","properties":{"r":436,"k":0,"d":138.9},"geometry":{"type":"MultiPolygon","coordinates":[[[[129.3743557,36.2828927],[129.3743311,36.2828284],[129.3743226,36.2828263],[129.3743193,36.28281],[129.3742959,36.2825634],[129.3743278,36.282651],[129.3743402,36.282766],[129.3743492,36.2828332],[129.3743557,36.2828927]]]]}},{"type":"Feature","properties":{"r":797,"k":0,"d":193.8},"geometry":{"type":"MultiPolygon","coordinates":[[[[129.376706,36.2765492],[129.3766661,36.2765173],[129.3767828,36.2764125],[129.3768408,36.2763148],[129.376892,36.2760719],[129.376837,36.2760069],[129.3768284,36.2759043],[129.3768668,36.275904],[129.376932,36.2759118],[129.3771109,36.2759989],[129.3771635,36.2759983],[129.3772725,36.2757789],[129.3774232,36.2754259],[129.3774398,36.2753463],[129.3775023,36.2753735],[129.3775921,36.2753965],[129.3776496,36.2754194],[129.3776203,36.275499],[129.3774735,36.2757481],[129.3773968,36.2758636],[129.3773175,36.2760095],[129.3772802,36.2761411],[129.3772812,36.2761809],[129.3771546,36.2762073],[129.3770999,36.2761992],[129.3770132,36.2762748],[129.3769013,36.2763531],[129.3767676,36.2765129],[129.376706,36.2765492]]]]}},{"type":"Feature","properties":{"r":40,"k":0,"d":47.3},"geometry":{"type":"MultiPolygon","coordinates":[[[[129.3758386,36.2903829],[129.3757135,36.2904335],[129.3756143,36.2903456],[129.3756685,36.290326],[129.3756192,36.2902252],[129.3756349,36.2902187],[129.3757791,36.2901988],[129.3758386,36.2903829]]]]}},{"type":"Feature","properties":{"r":60,"k":0,"d":57.6},"geometry":{"type":"MultiPolygon","coordinates":[[[[129.3741543,36.2863323],[129.3741459,36.2863321],[129.3741262,36.2863329],[129.3741403,36.2862594],[129.3741552,36.2861865],[129.3741811,36.2861903],[129.3741543,36.2863323]]]]}},{"type":"Feature","properties":{"r":59,"k":0,"d":57.4},"geometry":{"type":"MultiPolygon","coordinates":[[[[129.3776085,36.2781796],[129.3776235,36.2780883],[129.3776312,36.2781459],[129.3776085,36.2781796]]]]}},{"type":"Feature","properties":{"r":600,"k":0,"d":167.0},"geometry":{"type":"MultiPolygon","coordinates":[[[[129.3742053,36.290647],[129.3742173,36.2906564],[129.3742081,36.290659],[129.3742053,36.290647]]]]}},{"type":"Feature","properties":{"r":853,"k":0,"d":200.3},"geometry":{"type":"MultiPolygon","coordinates":[[[[129.3737609,36.2910737],[129.3737441,36.2909537],[129.3737536,36.2908242],[129.3738425,36.2907996],[129.3738538,36.2908586],[129.3739063,36.2909188],[129.3739391,36.2910386],[129.3737609,36.2910737]]]]}},{"type":"Feature","properties":{"r":26,"k":0,"d":37.2},"geometry":{"type":"MultiPolygon","coordinates":[[[[129.3746948,36.2840389],[129.3746677,36.2839342],[129.3746683,36.2838728],[129.3746107,36.2835437],[129.3750461,36.2835601],[129.3750993,36.283635],[129.3751727,36.2837441],[129.3748844,36.2845368],[129.3747744,36.284833],[129.3747627,36.2846174],[129.3748297,36.2846185],[129.3748312,36.2845759],[129.3747607,36.2845757],[129.3747405,36.2842128],[129.3746948,36.2840389]]]]}},{"type":"Feature","properties":{"r":398,"k":0,"d":129.4},"geometry":{"type":"MultiPolygon","coordinates":[[[[129.3763092,36.2793846],[129.3761566,36.2793933],[129.3766651,36.2788735],[129.3766877,36.2789561],[129.3766301,36.2790555],[129.3763092,36.2793846]]]]}},{"type":"Feature","properties":{"r":299,"k":0,"d":106.7},"geometry":{"type":"MultiPolygon","coordinates":[[[[129.3777413,36.2767963],[129.3775797,36.2767179],[129.3775867,36.276696],[129.3779097,36.2764439],[129.3779502,36.2764622],[129.378038,36.2765511],[129.3779712,36.2767329],[129.3778123,36.2768307],[129.3777413,36.2767963]]]]}},{"type":"Feature","properties":{"r":498,"k":0,"d":150.4},"geometry":{"type":"MultiPolygon","coordinates":[[[[129.3759548,36.2915684],[129.3758257,36.2916377],[129.3756708,36.2914561],[129.3755658,36.2913667],[129.3753938,36.2912723],[129.375231,36.291233],[129.3752024,36.2912301],[129.3750752,36.2910893],[129.3751935,36.2911069],[129.3754299,36.2911543],[129.3755845,36.291232],[129.3757673,36.2913563],[129.3759548,36.2915684]]]]}},{"type":"Feature","properties":{"r":39,"k":0,"d":46.6},"geometry":{"type":"MultiPolygon","coordinates":[[[[129.3741543,36.2863323],[129.3741811,36.2861903],[129.3742571,36.2862014],[129.3742755,36.2863493],[129.3741543,36.2863323]]]]}},{"type":"Feature","properties":{"r":837,"k":0,"d":198.9},"geometry":{"type":"MultiPolygon","coordinates":[[[[129.3740371,36.2819838],[129.3735139,36.2818788],[129.3735336,36.2817463],[129.373852,36.281815],[129.3739282,36.2818474],[129.3740602,36.2819007],[129.3740371,36.2819838]]]]}},{"type":"Feature","properties":{"r":630,"k":0,"d":171.5},"geometry":{"type":"MultiPolygon","coordinates":[[[[129.3728953,36.2893083],[129.3726878,36.2892369],[129.3728717,36.2892032],[129.3728953,36.2893083]]]]}},{"type":"Feature","properties":{"r":749,"k":0,"d":186.4},"geometry":{"type":"MultiPolygon","coordinates":[[[[129.3723746,36.2886624],[129.3723579,36.2885814],[129.3723872,36.2885478],[129.3725343,36.288525],[129.3725581,36.2886351],[129.3723746,36.2886624]]]]}},{"type":"Feature","properties":{"r":121,"k":0,"d":70.5},"geometry":{"type":"MultiPolygon","coordinates":[[[[129.374366,36.2848818],[129.3743633,36.2847594],[129.3744167,36.2847527],[129.3743788,36.2848812],[129.374366,36.2848818]]]]}},{"type":"Feature","properties":{"r":474,"k":0,"d":146.7},"geometry":{"type":"MultiPolygon","coordinates":[[[[129.3737639,36.28358],[129.3738017,36.2834931],[129.3737477,36.283478],[129.3738249,36.2833049],[129.3740478,36.2834148],[129.374049,36.2834416],[129.3739142,36.2834668],[129.3738619,36.2836088],[129.3737949,36.2835914],[129.3737639,36.28358]]]]}},{"type":"Feature","properties":{"r":633,"k":0,"d":171.6},"geometry":{"type":"MultiPolygon","coordinates":[[[[129.3751689,36.2913576],[129.3750792,36.2912265],[129.3750716,36.2912192],[129.37513,36.2912237],[129.3751689,36.2913576]]]]}},{"type":"Feature","properties":{"r":855,"k":0,"d":201.8},"geometry":{"type":"MultiPolygon","coordinates":[[[[129.372959,36.2901173],[129.372392,36.2899181],[129.3719292,36.2897022],[129.3719826,36.2896278],[129.3729737,36.2900964],[129.372959,36.2901173]]]]}},{"type":"Feature","properties":{"r":394,"k":0,"d":128.7},"geometry":{"type":"MultiPolygon","coordinates":[[[[129.3737748,36.2841502],[129.373809,36.2840356],[129.3739935,36.2840717],[129.3739666,36.284155],[129.3739277,36.2841764],[129.3737748,36.2841502]]]]}},{"type":"Feature","properties":{"r":557,"k":0,"d":160.4},"geometry":{"type":"MultiPolygon","coordinates":[[[[129.3758874,36.2794179],[129.375595,36.2798783],[129.3755377,36.2798919],[129.3757879,36.2794886],[129.3758874,36.2794179]]]]}},{"type":"Feature","properties":{"r":274,"k":0,"d":103.3},"geometry":{"type":"MultiPolygon","coordinates":[[[[129.3736842,36.2893235],[129.3736172,36.2893056],[129.3734829,36.2888163],[129.373525,36.2888121],[129.3735606,36.2889156],[129.373594,36.2890382],[129.3736842,36.2893235]]]]}},{"type":"Feature","properties":{"r":407,"k":0,"d":131.3},"geometry":{"type":"MultiPolygon","coordinates":[[[[129.3761714,36.2914368],[129.3761451,36.2914478],[129.3758878,36.291166],[129.375915,36.2911417],[129.3759107,36.2911625],[129.3759321,36.2911807],[129.3759708,36.2911958],[129.3759708,36.291204],[129.3759833,36.2912069],[129.376064,36.2913194],[129.3760559,36.2913232],[129.3761714,36.2914368]]]]}},{"type":"Feature","properties":{"r":218,"k":0,"d":89.8},"geometry":{"type":"MultiPolygon","coordinates":[[[[129.3761202,36.2910445],[129.3760336,36.2908681],[129.3762357,36.2908195],[129.376322,36.290998],[129.3761202,36.2910445]]]]}},{"type":"Feature","properties":{"r":719,"k":0,"d":182.3},"geometry":{"type":"MultiPolygon","coordinates":[[[[129.3728889,36.2895884],[129.3727269,36.2896627],[129.3726142,36.2897004],[129.3724874,36.2895763],[129.3720847,36.2891748],[129.3720994,36.2891774],[129.3724231,36.2893901],[129.3726765,36.289441],[129.3727991,36.2895192],[129.3728889,36.2895884]]]]}},{"type":"Feature","properties":{"r":205,"k":0,"d":86.8},"geometry":{"type":"MultiPolygon","coordinates":[[[[129.3743459,36.2899097],[129.3743072,36.2898331],[129.3743346,36.2898238],[129.3743463,36.2898156],[129.3743946,36.2899084],[129.3743459,36.2899097]]]]}},{"type":"Feature","properties":{"r":196,"k":0,"d":84.0},"geometry":{"type":"MultiPolygon","coordinates":[[[[129.3741586,36.2847517],[129.3741532,36.2846601],[129.3742638,36.2846404],[129.3742827,36.2846905],[129.3742784,36.2847338],[129.3742654,36.2847538],[129.3742427,36.2847681],[129.3741586,36.2847517]]]]}},{"type":"Feature","properties":{"r":285,"k":0,"d":104.5},"geometry":{"type":"MultiPolygon","coordinates":[[[[129.3741504,36.2842589],[129.3741381,36.2842302],[129.3740355,36.2842226],[129.3740355,36.2842112],[129.3741023,36.284056],[129.3741381,36.2840635],[129.3741791,36.2840781],[129.3742622,36.2841371],[129.3741504,36.2842589]]]]}},{"type":"Feature","properties":{"r":625,"k":0,"d":170.8},"geometry":{"type":"MultiPolygon","coordinates":[[[[129.3737477,36.283478],[129.3735895,36.2834349],[129.3736352,36.2833411],[129.373791,36.2833827],[129.3737477,36.283478]]]]}},{"type":"Feature","properties":{"r":677,"k":0,"d":176.3},"geometry":{"type":"MultiPolygon","coordinates":[[[[129.3728505,36.2861627],[129.3728486,36.2861734],[129.3727879,36.2861701],[129.3727865,36.2861641],[129.3728505,36.2861627]]]]}},{"type":"Feature","properties":{"r":452,"k":0,"d":142.0},"geometry":{"type":"MultiPolygon","coordinates":[[[[129.3730115,36.2884518],[129.3731782,36.2892494],[129.3731987,36.2893598],[129.3731073,36.2893805],[129.373039,36.289357],[129.3728453,36.2884777],[129.3730115,36.2884518]]]]}},{"type":"Feature","properties":{"r":724,"k":0,"d":183.1},"geometry":{"type":"MultiPolygon","coordinates":[[[[129.3725343,36.288525],[129.3724352,36.2885403],[129.3724308,36.2885189],[129.3725814,36.2884944],[129.3725864,36.2885169],[129.3725343,36.288525]]]]}},{"type":"Feature","properties":{"r":857,"k":0,"d":205.8},"geometry":{"type":"MultiPolygon","coordinates":[[[[129.374609,36.2916744],[129.3745696,36.2916633],[129.374507,36.2917002],[129.3743383,36.2916813],[129.3742514,36.2916368],[129.3741817,36.2915315],[129.3741891,36.2914194],[129.3742663,36.2912969],[129.3743984,36.2912978],[129.3746926,36.2913344],[129.3746742,36.2915594],[129.374609,36.2916744]]]]}},{"type":"Feature","properties":{"r":270,"k":0,"d":102.4},"geometry":{"type":"MultiPolygon","coordinates":[[[[129.3763721,36.2794499],[129.3763081,36.2794522],[129.3763561,36.2793819],[129.3765609,36.2793702],[129.3767078,36.2793608],[129.376796,36.2793485],[129.3767959,36.279355],[129.3768002,36.2794351],[129.3765434,36.2794433],[129.3763721,36.2794499]]]]}},{"type":"Feature","properties":{"r":654,"k":0,"d":174.0},"geometry":{"type":"MultiPolygon","coordinates":[[[[129.3759935,36.2786382],[129.3755668,36.2784341],[129.3755905,36.2784117],[129.3757178,36.2784683],[129.3758211,36.2784525],[129.3761054,36.2783745],[129.3761683,36.2784183],[129.3762474,36.2784223],[129.3761408,36.2784988],[129.376021,36.2786076],[129.3759935,36.2786382]]]]}},{"type":"Feature","properties":{"r":812,"k":0,"d":196.2},"geometry":{"type":"MultiPolygon","coordinates":[[[[129.3726484,36.2860547],[129.3726199,36.2860458],[129.3726103,36.2859906],[129.372629,36.2859688],[129.3726484,36.2860547]]]]}},{"type":"Feature","properties":{"r":402,"k":0,"d":130.2},"geometry":{"type":"MultiPolygon","coordinates":[[[[129.3749327,36.2907065],[129.3748689,36.2907121],[129.3748467,36.290689],[129.3748568,36.2906619],[129.3749764,36.290636],[129.3750787,36.2906858],[129.3749327,36.2907065]]]]}},{"type":"Feature","properties":{"r":16,"k":0,"d":29.7},"geometry":{"type":"MultiPolygon","coordinates":[[[[129.37425,36.2877191],[129.3742403,36.2874835],[129.374236,36.2874312],[129.3742453,36.2874017],[129.3743059,36.2873975],[129.3742899,36.2874793],[129.3742741,36.2877554],[129.3742658,36.2877931],[129.37425,36.2877191]]]]}},{"type":"Feature","properties":{"r":127,"k":0,"d":71.1},"geometry":{"type":"MultiPolygon","coordinates":[[[[129.3740932,36.2859577],[129.3740347,36.2859389],[129.374042,36.2859223],[129.374093,36.2859345],[129.3740932,36.2859577]]]]}},{"type":"Feature","properties":{"r":401,"k":0,"d":129.8},"geometry":{"type":"MultiPolygon","coordinates":[[[[129.374372,36.282403],[129.3746459,36.2824021],[129.3746409,36.2824472],[129.3745005,36.2824308],[129.3744867,36.2825441],[129.3743832,36.2825691],[129.374372,36.282403]]]]}},{"type":"Feature","properties":{"r":664,"k":0,"d":174.8},"geometry":{"type":"MultiPolygon","coordinates":[[[[129.3752918,36.2797044],[129.3753709,36.2796238],[129.3753298,36.2795898],[129.3755528,36.2794019],[129.3757648,36.2794201],[129.3757364,36.2794518],[129.3756391,36.2795901],[129.3753438,36.2797825],[129.3752918,36.2797044]]]]}},{"type":"Feature","properties":{"r":631,"k":0,"d":171.5},"geometry":{"type":"MultiPolygon","coordinates":[[[[129.3732585,36.2843647],[129.3732477,36.2843635],[129.3732682,36.2842498],[129.3733811,36.2842499],[129.3733888,36.2843729],[129.3733252,36.284375],[129.3732914,36.2843639],[129.3732724,36.2843661],[129.3732585,36.2843647]]]]}},{"type":"Feature","properties":{"r":569,"k":0,"d":162.0},"geometry":{"type":"MultiPolygon","coordinates":[[[[129.3744572,36.290739],[129.3743593,36.2907037],[129.3744528,36.2907174],[129.3744572,36.290739]]]]}},{"type":"Feature","properties":{"r":186,"k":0,"d":81.8},"geometry":{"type":"MultiPolygon","coordinates":[[[[129.3738755,36.2863289],[129.373821,36.2861986],[129.3737919,36.2861709],[129.373831,36.2861953],[129.3738693,36.2862881],[129.373883,36.2863259],[129.3738755,36.2863289]]]]}},{"type":"Feature","properties":{"r":499,"k":0,"d":150.6},"geometry":{"type":"MultiPolygon","coordinates":[[[[129.3732436,36.2857549],[129.3732182,36.2857703],[129.3732411,36.2856648],[129.3732518,36.2856216],[129.3732436,36.2857549]]]]}},{"type":"Feature","properties":{"r":787,"k":0,"d":192.0},"geometry":{"type":"MultiPolygon","coordinates":[[[[129.3722882,36.2875507],[129.3720684,36.286754],[129.3722685,36.2867198],[129.3724906,36.2875149],[129.3722882,36.2875507]]]]}},{"type":"Feature","properties":{"r":383,"k":0,"d":126.1},"geometry":{"type":"MultiPolygon","coordinates":[[[[129.3773865,36.2769985],[129.3773495,36.2769894],[129.3775615,36.276686],[129.377851,36.2764052],[129.3779097,36.2764439],[129.3775867,36.276696],[129.3775797,36.2767179],[129.3774439,36.2769171],[129.3773865,36.2769985]]]]}},{"type":"Feature","properties":{"r":348,"k":0,"d":118.6},"geometry":{"type":"MultiPolygon","coordinates":[[[[129.3739421,36.290119],[129.3738956,36.290008],[129.3739222,36.2899815],[129.3739198,36.2899533],[129.3739513,36.2899452],[129.3739907,36.2899328],[129.3739787,36.2900039],[129.3739596,36.290047],[129.3739687,36.2900925],[129.3739641,36.2901093],[129.3739421,36.290119]]]]}},{"type":"Feature","properties":{"r":409,"k":0,"d":132.0},"geometry":{"type":"MultiPolygon","coordinates":[[[[129.3737205,36.284728],[129.3735431,36.2847754],[129.3735324,36.284638],[129.3737122,36.2846132],[129.3737205,36.284728]]]]}},{"type":"Feature","properties":{"r":538,"k":0,"d":156.9},"geometry":{"type":"MultiPolygon","coordinates":[[[[129.3729701,36.2893337],[129.3727867,36.2885137],[129.3728139,36.2884826],[129.3728453,36.2884777],[129.373039,36.289357],[129.3729701,36.2893337]]]]}},{"type":"Feature","properties":{"r":292,"k":0,"d":105.8},"geometry":{"type":"MultiPolygon","coordinates":[[[[129.3736319,36.28585],[129.3736091,36.2858869],[129.373585,36.2858027],[129.3735554,36.2857705],[129.3735243,36.2857446],[129.3735407,36.2857151],[129.373737,36.2858206],[129.3737264,36.2858333],[129.3736319,36.28585]]]]}},{"type":"Feature","properties":{"r":693,"k":0,"d":178.3},"geometry":{"type":"MultiPolygon","coordinates":[[[[129.3737367,36.2827504],[129.3739183,36.2828367],[129.3738888,36.2828944],[129.3738541,36.2829436],[129.3736844,36.2828315],[129.3737367,36.2827504]]]]}},{"type":"Feature","properties":{"r":665,"k":0,"d":174.9},"geometry":{"type":"MultiPolygon","coordinates":[[[[129.3730719,36.2849915],[129.3731005,36.2850298],[129.3731284,36.2850594],[129.3730785,36.2850222],[129.3730719,36.2849915]]]]}},{"type":"Feature","properties":{"r":33,"k":0,"d":41.8},"geometry":{"type":"MultiPolygon","coordinates":[[[[129.3767997,36.279497],[129.3768002,36.2794351],[129.3767959,36.279355],[129.3767972,36.2793334],[129.3769218,36.2793029],[129.3774018,36.2792474],[129.3776838,36.2791176],[129.3775537,36.2795119],[129.3775111,36.2796693],[129.3771959,36.2794957],[129.3767997,36.279497]]]]}},{"type":"Feature","properties":{"r":410,"k":0,"d":132.6},"geometry":{"type":"MultiPolygon","coordinates":[[[[129.3746341,36.2906745],[129.3745205,36.2906629],[129.3744762,36.2905394],[129.3744607,36.2904581],[129.3745111,36.2904395],[129.3745953,36.290555],[129.3746107,36.290608],[129.3746343,36.2906041],[129.3746341,36.2906745]]]]}},{"type":"Feature","properties":{"r":276,"k":0,"d":103.6},"geometry":{"type":"MultiPolygon","coordinates":[[[[129.3733296,36.2865194],[129.3735201,36.286504],[129.3735959,36.2865042],[129.3735949,36.2865505],[129.3735856,36.2865949],[129.3734318,36.2866201],[129.3733296,36.2865194]]]]}},{"type":"Feature","properties":{"r":745,"k":0,"d":185.8},"geometry":{"type":"MultiPolygon","coordinates":[[[[129.3726512,36.2862076],[129.3726877,36.2862022],[129.3727159,36.2863057],[129.3726615,36.2862655],[129.3726512,36.2862076]]]]}},{"type":"Feature","properties":{"r":743,"k":0,"d":185.4},"geometry":{"type":"MultiPolygon","coordinates":[[[[129.3725377,36.289031],[129.3724529,36.289044],[129.3724177,36.2888724],[129.3726037,36.2888455],[129.3726405,36.2890151],[129.3725377,36.289031]]]]}},{"type":"Feature","properties":{"r":501,"k":0,"d":151.0},"geometry":{"type":"MultiPolygon","coordinates":[[[[129.3764465,36.2915381],[129.3764443,36.2915392],[129.3763353,36.2914042],[129.3764041,36.2913806],[129.3764803,36.2914655],[129.3765051,36.2914958],[129.3764708,36.2914987],[129.3764417,36.2915168],[129.3764321,36.2915049],[129.3764005,36.2914729],[129.3764465,36.2915381]]]]}},{"type":"Feature","properties":{"r":690,"k":0,"d":177.5},"geometry":{"type":"MultiPolygon","coordinates":[[[[129.3758106,36.2791841],[129.3758012,36.2791764],[129.3758521,36.2791377],[129.3759103,36.2791427],[129.3760091,36.2791237],[129.3758355,36.2793237],[129.3758234,36.2793006],[129.3758106,36.2791841]]]]}},{"type":"Feature","properties":{"r":776,"k":0,"d":190.4},"geometry":{"type":"MultiPolygon","coordinates":[[[[129.3726669,36.2862899],[129.372631,36.2863004],[129.3726176,36.286289],[129.3725139,36.2862242],[129.3726473,36.2861949],[129.3726512,36.2862076],[129.3726176,36.2862125],[129.3726069,36.2862253],[129.3726615,36.2862655],[129.3726669,36.2862899]]]]}},{"type":"Feature","properties":{"r":632,"k":0,"d":171.6},"geometry":{"type":"MultiPolygon","coordinates":[[[[129.3767802,36.2924042],[129.376682,36.2924163],[129.3764435,36.2923725],[129.3764345,36.2923616],[129.3763332,36.2922864],[129.3763363,36.2922801],[129.3763156,36.2921603],[129.3762485,36.2919994],[129.3761644,36.2918764],[129.3760987,36.291777],[129.3759548,36.2915684],[129.3760306,36.2915382],[129.3761419,36.2916266],[129.3762875,36.2917688],[129.3765726,36.2920641],[129.3766904,36.2922335],[129.3767802,36.2924042]]]]}},{"type":"Feature","properties":{"r":461,"k":0,"d":143.7},"geometry":{"type":"MultiPolygon","coordinates":[[[[129.3745205,36.2906629],[129.37448,36.2906603],[129.3744662,36.2906357],[129.3744762,36.2905394],[129.3745205,36.2906629]]]]}},{"type":"Feature","properties":{"r":597,"k":0,"d":166.4},"geometry":{"type":"MultiPolygon","coordinates":[[[[129.3735561,36.2835029],[129.3735895,36.2834349],[129.3738017,36.2834931],[129.3737639,36.28358],[129.3735561,36.2835029]]]]}},{"type":"Feature","properties":{"r":731,"k":0,"d":184.2},"geometry":{"type":"MultiPolygon","coordinates":[[[[129.3732063,36.2844195],[129.3732011,36.2844991],[129.3731069,36.2844973],[129.373074,36.2844949],[129.3730923,36.2843947],[129.3732141,36.2843637],[129.3732063,36.2844195]]]]}},{"type":"Feature","properties":{"r":653,"k":0,"d":173.8},"geometry":{"type":"MultiPolygon","coordinates":[[[[129.3727796,36.2867332],[129.3727661,36.2867549],[129.3727506,36.2867524],[129.3727021,36.2865816],[129.3727065,36.2865181],[129.3727334,36.2865219],[129.3727796,36.2867332]]]]}},{"type":"Feature","properties":{"r":273,"k":0,"d":103.1},"geometry":{"type":"MultiPolygon","coordinates":[[[[129.377669,36.2770265],[129.3776004,36.2769933],[129.3777413,36.2767963],[129.3778123,36.2768307],[129.3777581,36.2769505],[129.377669,36.2770265]]]]}},{"type":"Feature","properties":{"r":229,"k":0,"d":91.8},"geometry":{"type":"MultiPolygon","coordinates":[[[[129.3751637,36.2904658],[129.3751891,36.2904276],[129.3751945,36.2903317],[129.3752537,36.2903346],[129.3752884,36.2904647],[129.3752777,36.2905002],[129.3751637,36.2904658]]]]}},{"type":"Feature","properties":{"r":570,"k":0,"d":162.2},"geometry":{"type":"MultiPolygon","coordinates":[[[[129.3747405,36.2810528],[129.374882,36.2808437],[129.3753891,36.280104],[129.3754259,36.2801185],[129.3750782,36.2806193],[129.3749879,36.2807871],[129.374935,36.2808644],[129.3747901,36.2810138],[129.3747405,36.2810528]]]]}},{"type":"Feature","properties":{"r":588,"k":0,"d":164.9},"geometry":{"type":"MultiPolygon","coordinates":[[[[129.3728622,36.2859945],[129.3728146,36.2858727],[129.3729138,36.2858465],[129.3729845,36.2858153],[129.3730372,36.2859337],[129.3728622,36.2859945]]]]}},{"type":"Feature","properties":{"r":378,"k":0,"d":125.3},"geometry":{"type":"MultiPolygon","coordinates":[[[[129.3732274,36.2884181],[129.3730115,36.2884518],[129.3730057,36.2884242],[129.3732207,36.2883899],[129.3732274,36.2884181]]]]}},{"type":"Feature","properties":{"r":825,"k":0,"d":197.4},"geometry":{"type":"MultiPolygon","coordinates":[[[[129.373096,36.2901651],[129.3730349,36.2901371],[129.3730021,36.2901279],[129.3730253,36.2900975],[129.373096,36.2901651]]]]}},{"type":"Feature","properties":{"r":612,"k":0,"d":168.8},"geometry":{"type":"MultiPolygon","coordinates":[[[[129.372574,36.2887082],[129.3727533,36.2886768],[129.372793,36.2888527],[129.372612,36.2888838],[129.372574,36.2887082]]]]}},{"type":"Feature","properties":{"r":301,"k":0,"d":107.2},"geometry":{"type":"MultiPolygon","coordinates":[[[[129.3758664,36.291035],[129.3758168,36.2909712],[129.37592,36.2909126],[129.3760035,36.2909652],[129.3759641,36.2910018],[129.3758664,36.291035]]]]}},{"type":"Feature","properties":{"r":149,"k":0,"d":74.1},"geometry":{"type":"MultiPolygon","coordinates":[[[[129.3737197,36.2888635],[129.3737026,36.2884478],[129.3737967,36.2884304],[129.3738009,36.2888429],[129.3737197,36.2888635]]]]}},{"type":"Feature","properties":{"r":339,"k":0,"d":116.4},"geometry":{"type":"MultiPolygon","coordinates":[[[[129.3737541,36.2847319],[129.3737205,36.284728],[129.3737145,36.2846441],[129.3738216,36.2846126],[129.3738788,36.2846148],[129.3739167,36.2846184],[129.373922,36.2846865],[129.3738909,36.2847105],[129.3737541,36.2847319]]]]}},{"type":"Feature","properties":{"r":176,"k":0,"d":79.7},"geometry":{"type":"MultiPolygon","coordinates":[[[[129.3743492,36.2843928],[129.374407,36.2842946],[129.3744301,36.2842723],[129.3744506,36.2843566],[129.3744487,36.2843785],[129.3744451,36.2843771],[129.3743492,36.2843928]]]]}},{"type":"Feature","properties":{"r":462,"k":0,"d":144.0},"geometry":{"type":"MultiPolygon","coordinates":[[[[129.3748689,36.2907121],[129.3748209,36.2907165],[129.3748467,36.290689],[129.3748689,36.2907121]]]]}},{"type":"Feature","properties":{"r":77,"k":0,"d":60.7},"geometry":{"type":"MultiPolygon","coordinates":[[[[129.3741552,36.2861865],[129.3741007,36.2861783],[129.3740858,36.2861397],[129.3741185,36.2860523],[129.3741725,36.2860318],[129.3741702,36.2861134],[129.3741552,36.2861865]]]]}},{"type":"Feature","properties":{"r":200,"k":0,"d":85.1},"geometry":{"type":"MultiPolygon","coordinates":[[[[129.374407,36.2842946],[129.3744212,36.2842393],[129.3744301,36.2842723],[129.374407,36.2842946]]]]}},{"type":"Feature","properties":{"r":649,"k":0,"d":173.1},"geometry":{"type":"MultiPolygon","coordinates":[[[[129.3744829,36.2816231],[129.3744944,36.2816496],[129.3744435,36.2817088],[129.3744829,36.2816231]]]]}},{"type":"Feature","properties":{"r":255,"k":0,"d":99.1},"geometry":{"type":"MultiPolygon","coordinates":[[[[129.3760336,36.2908681],[129.3761174,36.2910387],[129.3760436,36.2910077],[129.3760057,36.2909666],[129.3760428,36.2909891],[129.3760269,36.2909622],[129.3760047,36.2908983],[129.375999,36.2908763],[129.3760336,36.2908681]]]]}},{"type":"Feature","properties":{"r":319,"k":0,"d":111.1},"geometry":{"type":"MultiPolygon","coordinates":[[[[129.3751558,36.2905551],[129.3751257,36.290534],[129.375105,36.2905051],[129.3751403,36.2904896],[129.3751558,36.2905551]]]]}},{"type":"Feature","properties":{"r":61,"k":0,"d":57.9},"geometry":{"type":"MultiPolygon","coordinates":[[[[129.37394,36.2867447],[129.3738905,36.2866447],[129.3739653,36.2865949],[129.3739514,36.2865634],[129.3739996,36.2865358],[129.3740888,36.2866698],[129.3740285,36.2867091],[129.37394,36.2867447]]]]}},{"type":"Feature","properties":{"r":679,"k":0,"d":176.3},"geometry":{"type":"MultiPolygon","coordinates":[[[[129.3727865,36.2861641],[129.3727714,36.2861006],[129.3727602,36.2860421],[129.3727875,36.2860217],[129.3728551,36.2860282],[129.3728664,36.2860686],[129.3728505,36.2861627],[129.3727865,36.2861641]]]]}},{"type":"Feature","properties":{"r":444,"k":0,"d":140.7},"geometry":{"type":"MultiPolygon","coordinates":[[[[129.3730449,36.2872859],[129.3729806,36.2870622],[129.3730115,36.2870621],[129.3730771,36.2872947],[129.3730623,36.2872887],[129.3730449,36.2872859]]]]}},{"type":"Feature","properties":{"r":159,"k":0,"d":77.1},"geometry":{"type":"MultiPolygon","coordinates":[[[[129.3737146,36.2882607],[129.3735897,36.2882818],[129.3735222,36.2880391],[129.3737364,36.2880017],[129.373755,36.28807],[129.3737146,36.2882607]]]]}},{"type":"Feature","properties":{"r":341,"k":0,"d":117.1},"geometry":{"type":"MultiPolygon","coordinates":[[[[129.3734318,36.2866201],[129.3733782,36.2866283],[129.3732516,36.2866346],[129.3731084,36.2865702],[129.3730263,36.2865222],[129.3731523,36.286528],[129.3733296,36.2865194],[129.3734318,36.2866201]]]]}},{"type":"Feature","properties":{"r":730,"k":0,"d":183.9},"geometry":{"type":"MultiPolygon","coordinates":[[[[129.3738466,36.2823671],[129.373841,36.2823644],[129.3738521,36.2823491],[129.3740638,36.2820606],[129.3740921,36.2820186],[129.374138,36.2819587],[129.3743293,36.2817065],[129.3741077,36.2820221],[129.373907,36.2823058],[129.3738816,36.2823178],[129.3738466,36.2823671]]]]}},{"type":"Feature","properties":{"r":807,"k":0,"d":195.2},"geometry":{"type":"MultiPolygon","coordinates":[[[[129.3730732,36.2845024],[129.3730079,36.2844995],[129.3729048,36.2844681],[129.3729107,36.284456],[129.3729653,36.2844719],[129.3730734,36.2844982],[129.3730732,36.2845024]]]]}},{"type":"Feature","properties":{"r":416,"k":0,"d":133.8},"geometry":{"type":"MultiPolygon","coordinates":[[[[129.3733118,36.2851026],[129.3733597,36.2850544],[129.3733785,36.2850089],[129.3733965,36.2849437],[129.3734738,36.2849512],[129.3735521,36.2849531],[129.3736144,36.2849584],[129.3735849,36.2850939],[129.3735235,36.2851211],[129.3735378,36.2851963],[129.3734505,36.2851756],[129.3733118,36.2851026]]]]}},{"type":"Feature","properties":{"r":744,"k":0,"d":185.6},"geometry":{"type":"MultiPolygon","coordinates":[[[[129.3723746,36.2886624],[129.3725581,36.2886351],[129.3725809,36.2887401],[129.3723963,36.288768],[129.3723746,36.2886624]]]]}},{"type":"Feature","properties":{"r":207,"k":0,"d":87.1},"geometry":{"type":"MultiPolygon","coordinates":[[[[129.3777219,36.2772213],[129.3777087,36.2772123],[129.3778204,36.2770839],[129.3777219,36.2772213]]]]}},{"type":"Feature","properties":{"r":300,"k":0,"d":106.7},"geometry":{"type":"MultiPolygon","coordinates":[[[[129.3779712,36.2767329],[129.378038,36.2765511],[129.3781005,36.2766154],[129.3779712,36.2767329]]]]}},{"type":"Feature","properties":{"r":25,"k":0,"d":36.1},"geometry":{"type":"MultiPolygon","coordinates":[[[[129.3759676,36.2903899],[129.376002,36.2903289],[129.3760561,36.290264],[129.3760947,36.2902744],[129.3760328,36.2904125],[129.3759676,36.2903899]]]]}},{"type":"Feature","properties":{"r":446,"k":0,"d":141.4},"geometry":{"type":"MultiPolygon","coordinates":[[[[129.3735381,36.2846375],[129.3735324,36.284638],[129.3735027,36.2846271],[129.3734655,36.2845666],[129.3734641,36.284547],[129.3735962,36.2845143],[129.3736786,36.2845089],[129.3736828,36.2845271],[129.3736518,36.2845899],[129.3735715,36.2845995],[129.3735381,36.2846375]]]]}},{"type":"Feature","properties":{"r":10,"k":0,"d":23.6},"geometry":{"type":"MultiPolygon","coordinates":[[[[129.3762386,36.2816074],[129.3761017,36.2818173],[129.3758739,36.282172],[129.3751351,36.2833064],[129.3746255,36.2833746],[129.3746199,36.2832438],[129.3745493,36.2831928],[129.3746277,36.2829665],[129.3746447,36.2829019],[129.3746686,36.2827218],[129.3746133,36.2825703],[129.3746276,36.2825709],[129.3746543,36.2823251],[129.3746723,36.2821335],[129.3746663,36.282011],[129.3744816,36.2818789],[129.3744592,36.2818284],[129.3745834,36.2817452],[129.3751654,36.280838],[129.3764588,36.2812709],[129.3762386,36.2816074]]]]}},{"type":"Feature","properties":{"r":375,"k":0,"d":124.4},"geometry":{"type":"MultiPolygon","coordinates":[[[[129.3731782,36.2892494],[129.373415,36.2892116],[129.3734385,36.2893204],[129.3731987,36.2893598],[129.3731782,36.2892494]]]]}},{"type":"Feature","properties":{"r":112,"k":0,"d":68.1},"geometry":{"type":"MultiPolygon","coordinates":[[[[129.3769775,36.2784672],[129.3769078,36.2784001],[129.3768591,36.2783892],[129.3768936,36.2783448],[129.3769734,36.2782103],[129.3771983,36.2780936],[129.3773917,36.2779788],[129.3774709,36.2779507],[129.3775397,36.2778436],[129.3775426,36.2780553],[129.3774865,36.2781656],[129.3772126,36.2783528],[129.3769775,36.2784672]]]]}},{"type":"Feature","properties":{"r":539,"k":0,"d":156.9},"geometry":{"type":"MultiPolygon","coordinates":[[[[129.3762665,36.2915366],[129.3762355,36.2915467],[129.3761451,36.2914478],[129.3761987,36.2914253],[129.3762421,36.2914552],[129.3762665,36.2915366]]]]}},{"type":"Feature","properties":{"r":635,"k":0,"d":171.6},"geometry":{"type":"MultiPolygon","coordinates":[[[[129.3748303,36.2910529],[129.3747527,36.2910737],[129.374748,36.2911103],[129.37471,36.2910625],[129.3746599,36.2910367],[129.3746466,36.2910026],[129.3747278,36.2909759],[129.3748257,36.2910115],[129.3748303,36.2910529]]]]}},{"type":"Feature","properties":{"r":866,"k":0,"d":224.8},"geometry":{"type":"MultiPolygon","coordinates":[[[[129.3737539,36.2910237],[129.3737557,36.2910362],[129.3737032,36.2910397],[129.3737539,36.2910237]]]]}},{"type":"Feature","properties":{"r":57,"k":0,"d":57.3},"geometry":{"type":"MultiPolygon","coordinates":[[[[129.3738982,36.2872825],[129.3739275,36.2871563],[129.3740226,36.2869188],[129.3740589,36.286909],[129.3739854,36.2872695],[129.3738982,36.2872825]]]]}},{"type":"Feature","properties":{"r":494,"k":0,"d":149.8},"geometry":{"type":"MultiPolygon","coordinates":[[[[129.3732107,36.2852582],[129.3732228,36.285126],[129.3732762,36.2851159],[129.3733849,36.2851689],[129.373316,36.2852743],[129.3732107,36.2852582]]]]}},{"type":"Feature","properties":{"r":519,"k":0,"d":154.2},"geometry":{"type":"MultiPolygon","coordinates":[[[[129.3735027,36.2846271],[129.3734167,36.2845503],[129.3734655,36.2845666],[129.3735027,36.2846271]]]]}},{"type":"Feature","properties":{"r":515,"k":0,"d":153.8},"geometry":{"type":"MultiPolygon","coordinates":[[[[129.373618,36.2843032],[129.3735839,36.2843024],[129.3735843,36.2842926],[129.3736132,36.2842884],[129.373618,36.2843032]]]]}},{"type":"Feature","properties":{"r":709,"k":0,"d":180.6},"geometry":{"type":"MultiPolygon","coordinates":[[[[129.3738425,36.2907996],[129.3738671,36.2906982],[129.3739272,36.2906284],[129.3739746,36.2907025],[129.373977,36.2907651],[129.3739477,36.2907826],[129.3738425,36.2907996]]]]}},{"type":"Feature","properties":{"r":94,"k":0,"d":64.5},"geometry":{"type":"MultiPolygon","coordinates":[[[[129.3741407,36.2858028],[129.3741293,36.285749],[129.3740857,36.2857301],[129.3740498,36.2857018],[129.3740931,36.2856572],[129.3741329,36.2856085],[129.3742267,36.2855984],[129.3742375,36.2856105],[129.3742442,36.2856369],[129.3742235,36.2857439],[129.3742113,36.285791],[129.3741407,36.2858028]]]]}},{"type":"Feature","properties":{"r":638,"k":0,"d":171.9},"geometry":{"type":"MultiPolygon","coordinates":[[[[129.3745994,36.2811],[129.3748853,36.2806585],[129.3749792,36.2806691],[129.3747273,36.2810154],[129.3746636,36.2810512],[129.3745994,36.2811]]]]}},{"type":"Feature","properties":{"r":335,"k":0,"d":115.2},"geometry":{"type":"MultiPolygon","coordinates":[[[[129.375915,36.2911417],[129.3759311,36.2911268],[129.3758664,36.291035],[129.3759641,36.2910018],[129.3759895,36.2910181],[129.3760372,36.2910608],[129.3760981,36.2911299],[129.3759833,36.2912069],[129.3759708,36.291204],[129.3759708,36.2911958],[129.3759321,36.2911807],[129.3759107,36.2911625],[129.375915,36.2911417]]]]}},{"type":"Feature","properties":{"r":323,"k":0,"d":112.6},"geometry":{"type":"MultiPolygon","coordinates":[[[[129.3738588,36.2847563],[129.3738596,36.2847484],[129.3739484,36.284729],[129.3739353,36.2847394],[129.3738588,36.2847563]]]]}},{"type":"Feature","properties":{"r":252,"k":0,"d":97.8},"geometry":{"type":"MultiPolygon","coordinates":[[[[129.3741672,36.2845834],[129.3739663,36.284533],[129.3739332,36.2845342],[129.3739394,36.2845102],[129.3739951,36.2844866],[129.3741027,36.2844979],[129.374145,36.2844986],[129.3741584,36.2845226],[129.3741672,36.2845834]]]]}},{"type":"Feature","properties":{"r":313,"k":0,"d":109.3},"geometry":{"type":"MultiPolygon","coordinates":[[[[129.3737712,36.2841625],[129.3737375,36.2841586],[129.3735341,36.2841277],[129.373457,36.2841749],[129.3735324,36.2841087],[129.3735559,36.2840041],[129.3734861,36.283906],[129.3734763,36.2838189],[129.3733335,36.2838233],[129.3733421,36.2837155],[129.3734108,36.2836114],[129.3735349,36.2835373],[129.3735561,36.2835029],[129.3737949,36.2835914],[129.374141,36.2836834],[129.3742419,36.283669],[129.3743178,36.2838709],[129.3742926,36.2838833],[129.3741692,36.2838879],[129.3740919,36.2839209],[129.3741365,36.2839755],[129.3740951,36.2839807],[129.3740606,36.2840667],[129.3740073,36.2841652],[129.3739739,36.284178],[129.3740052,36.284074],[129.373809,36.2840356],[129.3737712,36.2841625]],[[129.373559,36.283838],[129.3735527,36.2839021],[129.3736187,36.2839101],[129.3736269,36.2838459],[129.373559,36.283838]]]]}},{"type":"Feature","properties":{"r":20,"k":0,"d":32.4},"geometry":{"type":"MultiPolygon","coordinates":[[[[129.3776312,36.2781459],[129.3778091,36.2778823],[129.3779382,36.2778995],[129.3779202,36.2779677],[129.3778879,36.2782332],[129.3776827,36.278894],[129.377681,36.2785157],[129.3776312,36.2781459]]]]}},{"type":"Feature","properties":{"r":451,"k":0,"d":141.9},"geometry":{"type":"MultiPolygon","coordinates":[[[[129.374765,36.2906856],[129.3747687,36.2906489],[129.3748228,36.2906584],[129.3748156,36.2906719],[129.374765,36.2906856]]]]}},{"type":"Feature","properties":{"r":51,"k":0,"d":56.0},"geometry":{"type":"MultiPolygon","coordinates":[[[[129.3743309,36.285353],[129.3743606,36.2851836],[129.374376,36.2851869],[129.3744051,36.2853487],[129.3743309,36.285353]]]]}},{"type":"Feature","properties":{"r":585,"k":0,"d":164.1},"geometry":{"type":"MultiPolygon","coordinates":[[[[129.3734068,36.2845418],[129.3733982,36.2845344],[129.3733975,36.2845074],[129.3733922,36.2844264],[129.373416,36.2844289],[129.3734174,36.2844519],[129.3734223,36.2845269],[129.3734071,36.2845308],[129.3734068,36.2845418]]]]}},{"type":"Feature","properties":{"r":487,"k":0,"d":149.1},"geometry":{"type":"MultiPolygon","coordinates":[[[[129.3765565,36.2782789],[129.3764667,36.2783321],[129.3763553,36.278271],[129.3765489,36.2781805],[129.3765565,36.2782789]]]]}},{"type":"Feature","properties":{"r":460,"k":0,"d":143.6},"geometry":{"type":"MultiPolygon","coordinates":[[[[129.3733866,36.2854298],[129.3733042,36.2855303],[129.3732398,36.2855648],[129.3731772,36.2855459],[129.373176,36.2854404],[129.3731922,36.2853743],[129.3732706,36.2854047],[129.3732935,36.2853963],[129.3733866,36.2854298]]]]}},{"type":"Feature","properties":{"r":109,"k":0,"d":67.9},"geometry":{"type":"MultiPolygon","coordinates":[[[[129.3737937,36.2865645],[129.3737882,36.2865317],[129.3738746,36.2864568],[129.3739767,36.286438],[129.3739888,36.2864436],[129.3739996,36.2865358],[129.3739804,36.2865466],[129.3739202,36.2865456],[129.3737937,36.2865645]]]]}},{"type":"Feature","properties":{"r":7,"k":0,"d":17.8},"geometry":{"type":"MultiPolygon","coordinates":[[[[129.3783104,36.2771758],[129.3783178,36.2771772],[129.3787906,36.2770375],[129.3788983,36.2770715],[129.378452,36.2774752],[129.3783991,36.277507],[129.3783654,36.2775067],[129.3779569,36.2778418],[129.3779382,36.2778995],[129.3778091,36.2778823],[129.3781495,36.2774637],[129.3783104,36.2771758]]]]}},{"type":"Feature","properties":{"r":135,"k":0,"d":71.9},"geometry":{"type":"MultiPolygon","coordinates":[[[[129.3780462,36.2771024],[129.3781811,36.2769482],[129.3781731,36.2769737],[129.3780558,36.2771074],[129.3780462,36.2771024]]]]}},{"type":"Feature","properties":{"r":496,"k":0,"d":150.2},"geometry":{"type":"MultiPolygon","coordinates":[[[[129.3735786,36.2900235],[129.3735483,36.290033],[129.3734769,36.2900383],[129.3734421,36.2900298],[129.3733881,36.2900077],[129.3735687,36.2899637],[129.3735786,36.2900235]]]]}},{"type":"Feature","properties":{"r":738,"k":0,"d":185.0},"geometry":{"type":"MultiPolygon","coordinates":[[[[129.3730326,36.2901043],[129.3728357,36.2899161],[129.3730144,36.2898586],[129.3731071,36.2900775],[129.3730326,36.2901043]]]]}},{"type":"Feature","properties":{"r":439,"k":0,"d":139.4},"geometry":{"type":"MultiPolygon","coordinates":[[[[129.3746723,36.2821335],[129.3745087,36.2820897],[129.3744893,36.2821869],[129.3743517,36.2821529],[129.3744637,36.2818385],[129.3744816,36.2818789],[129.3746663,36.282011],[129.3746723,36.2821335]]]]}},{"type":"Feature","properties":{"r":771,"k":0,"d":189.4},"geometry":{"type":"MultiPolygon","coordinates":[[[[129.3729091,36.2848832],[129.3729925,36.2849399],[129.3729595,36.2849835],[129.3728897,36.2850312],[129.3728519,36.2850227],[129.3728413,36.284948],[129.3728525,36.2848832],[129.3729091,36.2848832]]]]}},{"type":"Feature","properties":{"r":615,"k":0,"d":169.4},"geometry":{"type":"MultiPolygon","coordinates":[[[[129.3727533,36.2886768],[129.372574,36.2887082],[129.3725343,36.288525],[129.3726777,36.2885027],[129.3727192,36.2885246],[129.3727533,36.2886768]]]]}},{"type":"Feature","properties":{"r":475,"k":0,"d":146.8},"geometry":{"type":"MultiPolygon","coordinates":[[[[129.3746431,36.2906999],[129.3746341,36.2906745],[129.3746853,36.290679],[129.374765,36.2906856],[129.3747648,36.2906901],[129.3746431,36.2906999]]]]}},{"type":"Feature","properties":{"r":190,"k":0,"d":82.6},"geometry":{"type":"MultiPolygon","coordinates":[[[[129.3737184,36.2888337],[129.3735504,36.2888517],[129.3734351,36.2884979],[129.3737026,36.2884478],[129.3737184,36.2888337]]]]}},{"type":"Feature","properties":{"r":269,"k":0,"d":102.3},"geometry":{"type":"MultiPolygon","coordinates":[[[[129.3737876,36.2855023],[129.3737047,36.2854775],[129.373671,36.2854528],[129.3736637,36.2853354],[129.3736799,36.2853272],[129.373865,36.2853841],[129.3737876,36.2855023]]]]}},{"type":"Feature","properties":{"r":213,"k":0,"d":88.5},"geometry":{"type":"MultiPolygon","coordinates":[[[[129.3770947,36.277494],[129.3771585,36.2773645],[129.3773505,36.2773233],[129.3776523,36.2771747],[129.3777087,36.2772123],[129.3773037,36.2776838],[129.3772477,36.2776447],[129.3771647,36.2775013],[129.3770947,36.277494]]]]}},{"type":"Feature","properties":{"r":760,"k":0,"d":188.4},"geometry":{"type":"MultiPolygon","coordinates":[[[[129.3725705,36.2891882],[129.3726556,36.2892259],[129.3726878,36.2892369],[129.3727112,36.2893543],[129.3725773,36.2892292],[129.3725705,36.2891882]]]]}},{"type":"Feature","properties":{"r":235,"k":0,"d":93.7},"geometry":{"type":"MultiPolygon","coordinates":[[[[129.373805,36.2858351],[129.3738075,36.2858319],[129.3738617,36.2858643],[129.3738555,36.2858727],[129.373805,36.2858351]]]]}},{"type":"Feature","properties":{"r":97,"k":0,"d":65.0},"geometry":{"type":"MultiPolygon","coordinates":[[[[129.3743889,36.2850234],[129.3743541,36.2850238],[129.374363,36.2849666],[129.3743689,36.2849622],[129.374366,36.2848818],[129.3744067,36.2848799],[129.3744017,36.2849497],[129.3743889,36.2850234]]]]}},{"type":"Feature","properties":{"r":656,"k":0,"d":174.1},"geometry":{"type":"MultiPolygon","coordinates":[[[[129.3733799,36.2842346],[129.3733865,36.2842163],[129.3734149,36.2842117],[129.3733904,36.2842324],[129.3733799,36.2842346]]]]}},{"type":"Feature","properties":{"r":822,"k":0,"d":197.2},"geometry":{"type":"MultiPolygon","coordinates":[[[[129.3740602,36.2819007],[129.3740705,36.2818625],[129.3740894,36.2818646],[129.3740831,36.2819093],[129.3740602,36.2819007]]]]}},{"type":"Feature","properties":{"r":429,"k":0,"d":137.2},"geometry":{"type":"MultiPolygon","coordinates":[[[[129.3734692,36.2848278],[129.3735815,36.2847921],[129.373597,36.2848726],[129.3735886,36.2849288],[129.3733922,36.2849154],[129.3733862,36.2848703],[129.3734692,36.2848278]]]]}},{"type":"Feature","properties":{"r":478,"k":0,"d":147.7},"geometry":{"type":"MultiPolygon","coordinates":[[[[129.3732163,36.2859355],[129.3732441,36.2858143],[129.3732375,36.2857951],[129.3732182,36.2857703],[129.3732436,36.2857549],[129.3732523,36.2858432],[129.373234,36.2859231],[129.3732163,36.2859355]]]]}},{"type":"Feature","properties":{"r":718,"k":0,"d":182.0},"geometry":{"type":"MultiPolygon","coordinates":[[[[129.3756006,36.2917097],[129.3755072,36.2916512],[129.3753266,36.2915576],[129.3751753,36.2914392],[129.3751638,36.2914331],[129.3751768,36.291363],[129.3753846,36.2915198],[129.3754958,36.2916068],[129.3756006,36.2917097]]]]}},{"type":"Feature","properties":{"r":197,"k":0,"d":84.6},"geometry":{"type":"MultiPolygon","coordinates":[[[[129.3741679,36.2845994],[129.3741672,36.2845834],[129.3741584,36.2845226],[129.374145,36.2844986],[129.3741027,36.2844979],[129.374097,36.2844581],[129.3742896,36.2844403],[129.374288,36.284459],[129.3742991,36.2844882],[129.3743164,36.2845466],[129.3743155,36.2845983],[129.3742519,36.2846101],[129.3742235,36.2845994],[129.3741679,36.2845994]]]]}},{"type":"Feature","properties":{"r":403,"k":0,"d":130.4},"geometry":{"type":"MultiPolygon","coordinates":[[[[129.3738681,36.2843595],[129.3738504,36.284363],[129.373874,36.2842389],[129.3736988,36.2842127],[129.3737078,36.284201],[129.373717,36.2842062],[129.3738549,36.2842254],[129.3738927,36.2842249],[129.3738681,36.2843595]]]]}},{"type":"Feature","properties":{"r":650,"k":0,"d":173.3},"geometry":{"type":"MultiPolygon","coordinates":[[[[129.3751392,36.2802922],[129.3749325,36.2802166],[129.3753228,36.2798023],[129.3753376,36.2798238],[129.37535,36.2798349],[129.3754249,36.2798879],[129.3751392,36.2802922]]]]}},{"type":"Feature","properties":{"r":770,"k":0,"d":189.2},"geometry":{"type":"MultiPolygon","coordinates":[[[[129.3758012,36.2791764],[129.3757963,36.2791412],[129.3758347,36.2791362],[129.3758521,36.2791377],[129.3758012,36.2791764]]]]}},{"type":"Feature","properties":{"r":485,"k":0,"d":149.0},"geometry":{"type":"MultiPolygon","coordinates":[[[[129.3731593,36.2859752],[129.3730372,36.2859337],[129.3729845,36.2858153],[129.3730983,36.2857873],[129.3731869,36.2857893],[129.3732182,36.2857703],[129.3732375,36.2857951],[129.3732441,36.2858143],[129.3732163,36.2859355],[129.3731593,36.2859752]]]]}},{"type":"Feature","properties":{"r":293,"k":0,"d":106.0},"geometry":{"type":"MultiPolygon","coordinates":[[[[129.3781521,36.2765929],[129.3781786,36.2764726],[129.3782281,36.2762937],[129.3782688,36.2761145],[129.378291,36.2760249],[129.37832,36.2760232],[129.3784821,36.2760414],[129.3784799,36.2760598],[129.3784867,36.2760944],[129.3784041,36.2763641],[129.3782091,36.276568],[129.3781521,36.2765929]]]]}},{"type":"Feature","properties":{"r":357,"k":0,"d":121.2},"geometry":{"type":"MultiPolygon","coordinates":[[[[129.3762664,36.2913177],[129.376195,36.2912059],[129.3762342,36.2911902],[129.3763538,36.2911461],[129.3763599,36.2911569],[129.3765039,36.2911085],[129.3765096,36.2911237],[129.3763672,36.29117],[129.3764183,36.2912471],[129.3763262,36.2912931],[129.3762664,36.2913177]]]]}},{"type":"Feature","properties":{"r":337,"k":0,"d":115.4},"geometry":{"type":"MultiPolygon","coordinates":[[[[129.3737541,36.2847319],[129.3738909,36.2847105],[129.373922,36.2846865],[129.3739235,36.2847102],[129.3737839,36.2847355],[129.3737541,36.2847319]]]]}},{"type":"Feature","properties":{"r":160,"k":0,"d":77.3},"geometry":{"type":"MultiPolygon","coordinates":[[[[129.3777255,36.2773515],[129.3776437,36.2773039],[129.3777382,36.2772323],[129.3777219,36.2772213],[129.3778204,36.2770839],[129.3779472,36.2770517],[129.3779977,36.2770773],[129.3777287,36.2773401],[129.3777255,36.2773515]]]]}},{"type":"Feature","properties":{"r":76,"k":0,"d":60.5},"geometry":{"type":"MultiPolygon","coordinates":[[[[129.3738982,36.2872825],[129.373585,36.2873298],[129.3735722,36.2872701],[129.3736405,36.2869483],[129.3736175,36.2868623],[129.3737185,36.2869402],[129.3739223,36.2869463],[129.3740226,36.2869188],[129.3739275,36.2871563],[129.3738982,36.2872825]]]]}},{"type":"Feature","properties":{"r":110,"k":0,"d":68.0},"geometry":{"type":"MultiPolygon","coordinates":[[[[129.3744281,36.2845709],[129.3745117,36.2845641],[129.3745069,36.2846003],[129.3744282,36.2845756],[129.3744281,36.2845709]]]]}},{"type":"Feature","properties":{"r":18,"k":0,"d":31.4},"geometry":{"type":"MultiPolygon","coordinates":[[[[129.3742665,36.2873255],[129.3739656,36.2873699],[129.3740589,36.286909],[129.3741475,36.2868688],[129.3742215,36.2868683],[129.3742896,36.2868789],[129.3743313,36.2869169],[129.3743288,36.2870615],[129.3742661,36.2871355],[129.374258,36.2872296],[129.3742665,36.2873255]]]]}},{"type":"Feature","properties":{"r":74,"k":0,"d":60.1},"geometry":{"type":"MultiPolygon","coordinates":[[[[129.3741002,36.286334],[129.3740359,36.286337],[129.3740024,36.2861891],[129.3740858,36.2861397],[129.3741007,36.2861783],[129.3741552,36.2861865],[129.3741262,36.2863329],[129.3741002,36.286334]]]]}},{"type":"Feature","properties":{"r":80,"k":0,"d":61.0},"geometry":{"type":"MultiPolygon","coordinates":[[[[129.3742395,36.2856622],[129.3742442,36.2856369],[129.3742375,36.2856105],[129.3742204,36.2855913],[129.374248,36.2855889],[129.3742881,36.2855909],[129.3742776,36.2856507],[129.3742395,36.2856622]]]]}},{"type":"Feature","properties":{"r":493,"k":0,"d":149.7},"geometry":{"type":"MultiPolygon","coordinates":[[[[129.378291,36.2760249],[129.3783509,36.2757699],[129.3783739,36.2757615],[129.3784709,36.2757798],[129.3784903,36.2759012],[129.378483,36.2759961],[129.3784821,36.2760414],[129.37832,36.2760232],[129.378291,36.2760249]]]]}},{"type":"Feature","properties":{"r":291,"k":0,"d":105.5},"geometry":{"type":"MultiPolygon","coordinates":[[[[129.3734829,36.2888163],[129.3734597,36.2887322],[129.373476,36.2887302],[129.3735043,36.2888138],[129.3734829,36.2888163]]]]}},{"type":"Feature","properties":{"r":179,"k":0,"d":80.3},"geometry":{"type":"MultiPolygon","coordinates":[[[[129.3736991,36.2864982],[129.3736917,36.286491],[129.3738746,36.2864568],[129.3737882,36.2865317],[129.3737167,36.2865157],[129.3736991,36.2864982]]]]}},{"type":"Feature","properties":{"r":246,"k":0,"d":96.8},"geometry":{"type":"MultiPolygon","coordinates":[[[[129.3770508,36.2780589],[129.3770215,36.2780716],[129.3772225,36.2777895],[129.3773305,36.2777025],[129.3773332,36.2777044],[129.3772786,36.277848],[129.3772194,36.2778519],[129.3771745,36.2779405],[129.3770508,36.2780589]]]]}},{"type":"Feature","properties":{"r":384,"k":0,"d":126.3},"geometry":{"type":"MultiPolygon","coordinates":[[[[129.3732858,36.2856301],[129.373286,36.2856187],[129.3733968,36.2856148],[129.3735477,36.2856668],[129.3735393,36.2856819],[129.3732858,36.2856301]]]]}},{"type":"Feature","properties":{"r":331,"k":0,"d":113.8},"geometry":{"type":"MultiPolygon","coordinates":[[[[129.3758423,36.291206],[129.375461,36.2909941],[129.3752826,36.2909699],[129.3750541,36.2909873],[129.3750293,36.2909762],[129.3748581,36.2908886],[129.374892,36.2908735],[129.3747955,36.290759],[129.3750757,36.2907385],[129.375313,36.2906696],[129.3753226,36.2907273],[129.3753918,36.2907364],[129.3754075,36.2907399],[129.3754606,36.2907802],[129.3758166,36.2910875],[129.3758878,36.291166],[129.3758423,36.291206]]]]}},{"type":"Feature","properties":{"r":404,"k":0,"d":130.5},"geometry":{"type":"MultiPolygon","coordinates":[[[[129.3739305,36.2901274],[129.3738714,36.2900113],[129.3738956,36.290008],[129.3739421,36.290119],[129.3739305,36.2901274]]]]}},{"type":"Feature","properties":{"r":202,"k":0,"d":85.7},"geometry":{"type":"MultiPolygon","coordinates":[[[[129.3735959,36.2865042],[129.3736092,36.2865042],[129.3736399,36.2865004],[129.3736917,36.286491],[129.3737167,36.2865157],[129.3737882,36.2865317],[129.3737937,36.2865645],[129.3735856,36.2865949],[129.3735949,36.2865505],[129.3735959,36.2865042]]]]}},{"type":"Feature","properties":{"r":151,"k":0,"d":74.6},"geometry":{"type":"MultiPolygon","coordinates":[[[[129.3744264,36.2846004],[129.3744253,36.2846142],[129.3743465,36.2846242],[129.374285,36.2846353],[129.3742775,36.2846224],[129.3743333,36.2845872],[129.3743565,36.2845782],[129.3743571,36.2846041],[129.3743786,36.2845982],[129.3744264,36.2846004]]]]}},{"type":"Feature","properties":{"r":592,"k":0,"d":165.8},"geometry":{"type":"MultiPolygon","coordinates":[[[[129.3728936,36.2865731],[129.3728649,36.2866092],[129.3728333,36.2865394],[129.3728895,36.2865547],[129.3728936,36.2865731]]]]}},{"type":"Feature","properties":{"r":480,"k":0,"d":148.0},"geometry":{"type":"MultiPolygon","coordinates":[[[[129.3756736,36.279945],[129.3756737,36.2799513],[129.3756395,36.280048],[129.3756016,36.2800764],[129.3755679,36.2800869],[129.3756736,36.279945]]]]}},{"type":"Feature","properties":{"r":360,"k":0,"d":121.5},"geometry":{"type":"MultiPolygon","coordinates":[[[[129.3733219,36.288818],[129.3733517,36.288944],[129.3731222,36.2889815],[129.373095,36.2888514],[129.3733219,36.288818]]]]}},{"type":"Feature","properties":{"r":242,"k":0,"d":95.1},"geometry":{"type":"MultiPolygon","coordinates":[[[[129.3781141,36.2766094],[129.3781521,36.2765929],[129.3781408,36.2766374],[129.3780566,36.2768094],[129.3780436,36.276824],[129.3781141,36.2766094]]]]}},{"type":"Feature","properties":{"r":629,"k":0,"d":171.4},"geometry":{"type":"MultiPolygon","coordinates":[[[[129.3763494,36.2916716],[129.3763216,36.2916408],[129.376341,36.2916118],[129.376416,36.2915647],[129.3764639,36.2916375],[129.3763494,36.2916716]]]]}},{"type":"Feature","properties":{"r":422,"k":0,"d":134.7},"geometry":{"type":"MultiPolygon","coordinates":[[[[129.3760797,36.2797019],[129.3760759,36.2796994],[129.3759332,36.279801],[129.375972,36.2797535],[129.3760914,36.2796319],[129.376212,36.2794811],[129.3762381,36.2794548],[129.3763081,36.2794522],[129.376114,36.2796703],[129.3760797,36.2797019]]]]}},{"type":"Feature","properties":{"r":846,"k":0,"d":199.5},"geometry":{"type":"MultiPolygon","coordinates":[[[[129.372499,36.2866802],[129.3722685,36.2867198],[129.3722473,36.2866448],[129.3724785,36.2866069],[129.372499,36.2866802]]]]}},{"type":"Feature","properties":{"r":571,"k":0,"d":162.3},"geometry":{"type":"MultiPolygon","coordinates":[[[[129.3727226,36.2865171],[129.3727208,36.286484],[129.3727549,36.2864868],[129.3728193,36.2864941],[129.3728301,36.2864953],[129.3729372,36.2865427],[129.3728878,36.2865413],[129.3727226,36.2865171]]]]}},{"type":"Feature","properties":{"r":322,"k":0,"d":112.4},"geometry":{"type":"MultiPolygon","coordinates":[[[[129.3765685,36.278322],[129.3766584,36.2782674],[129.3767015,36.278154],[129.3768308,36.2781537],[129.3770215,36.2780716],[129.3768388,36.2783136],[129.37684,36.2782979],[129.3768031,36.2782742],[129.3767585,36.2782803],[129.3767366,36.2783905],[129.376659,36.2784111],[129.3766395,36.2783855],[129.3766155,36.2783867],[129.3765685,36.278322]]]]}},{"type":"Feature","properties":{"r":381,"k":0,"d":126.0},"geometry":{"type":"MultiPolygon","coordinates":[[[[129.3735243,36.2853415],[129.373436,36.2853389],[129.3734377,36.2852756],[129.3734766,36.2852171],[129.3735068,36.2852246],[129.3736263,36.285248],[129.373617,36.2853049],[129.3735243,36.2853415]]]]}},{"type":"Feature","properties":{"r":643,"k":0,"d":172.5},"geometry":{"type":"MultiPolygon","coordinates":[[[[129.3768136,36.2769349],[129.3767943,36.2769678],[129.3767577,36.2769609],[129.3766856,36.2768909],[129.3766168,36.2768801],[129.3766062,36.2768035],[129.3768136,36.2769349]]]]}},{"type":"Feature","properties":{"r":38,"k":0,"d":46.5},"geometry":{"type":"MultiPolygon","coordinates":[[[[129.3742622,36.2891144],[129.3740875,36.2891502],[129.37404,36.2889787],[129.3740535,36.2890273],[129.3742463,36.289009],[129.3742622,36.2891144]]]]}},{"type":"Feature","properties":{"r":50,"k":0,"d":55.8},"geometry":{"type":"MultiPolygon","coordinates":[[[[129.3742881,36.2855909],[129.374345,36.2855946],[129.3743422,36.2856247],[129.3742776,36.2856507],[129.3742881,36.2855909]]]]}},{"type":"Feature","properties":{"r":542,"k":0,"d":157.6},"geometry":{"type":"MultiPolygon","coordinates":[[[[129.3781526,36.2760351],[129.3781542,36.2760082],[129.3781835,36.275846],[129.3781953,36.2758242],[129.3783067,36.2757863],[129.3782558,36.2760272],[129.3781526,36.2760351]]]]}},{"type":"Feature","properties":{"r":733,"k":0,"d":184.3},"geometry":{"type":"MultiPolygon","coordinates":[[[[129.3748225,36.2912022],[129.3747749,36.2911992],[129.3747383,36.2911666],[129.374748,36.2911103],[129.3748225,36.2912022]]]]}},{"type":"Feature","properties":{"r":546,"k":0,"d":159.0},"geometry":{"type":"MultiPolygon","coordinates":[[[[129.374279,36.2906399],[129.3742581,36.2906311],[129.3742057,36.2905927],[129.3741926,36.2905763],[129.3741871,36.2905501],[129.3742676,36.2906025],[129.3743314,36.2906289],[129.374279,36.2906399]]]]}},{"type":"Feature","properties":{"r":806,"k":0,"d":195.1},"geometry":{"type":"MultiPolygon","coordinates":[[[[129.3740334,36.2908878],[129.3740395,36.2908793],[129.3740649,36.2908766],[129.3740818,36.2909001],[129.3740654,36.2908992],[129.3740334,36.2908878]]]]}},{"type":"Feature","properties":{"r":102,"k":0,"d":66.5},"geometry":{"type":"MultiPolygon","coordinates":[[[[129.3737695,36.2879963],[129.373788,36.2879138],[129.3738655,36.2879004],[129.3738192,36.2881764],[129.3737695,36.2879963]]]]}},{"type":"Feature","properties":{"r":131,"k":0,"d":71.4},"geometry":{"type":"MultiPolygon","coordinates":[[[[129.374042,36.2859223],[129.374092,36.2858098],[129.3741298,36.2858229],[129.3740925,36.2858854],[129.374093,36.2859345],[129.374042,36.2859223]]]]}},{"type":"Feature","properties":{"r":198,"k":0,"d":84.6},"geometry":{"type":"MultiPolygon","coordinates":[[[[129.3742519,36.2846101],[129.3743155,36.2845983],[129.3742775,36.2846224],[129.3742742,36.2846181],[129.3742519,36.2846101]]]]}},{"type":"Feature","properties":{"r":154,"k":0,"d":75.3},"geometry":{"type":"MultiPolygon","coordinates":[[[[129.3744031,36.2845419],[129.3744355,36.2845379],[129.3744325,36.2845706],[129.3744281,36.2845709],[129.3743885,36.284566],[129.3743823,36.2845681],[129.3743714,36.2845654],[129.3744006,36.2845506],[129.3744031,36.2845419]]]]}},{"type":"Feature","properties":{"r":425,"k":0,"d":135.9},"geometry":{"type":"MultiPolygon","coordinates":[[[[129.3731217,36.2874185],[129.3731116,36.2874194],[129.3730771,36.2872947],[129.3730878,36.2873],[129.3731193,36.2874084],[129.3731217,36.2874185]]]]}},{"type":"Feature","properties":{"r":166,"k":0,"d":78.1},"geometry":{"type":"MultiPolygon","coordinates":[[[[129.3751746,36.2906348],[129.3751651,36.2905917],[129.3754503,36.2905279],[129.3756467,36.2904824],[129.3755878,36.2905262],[129.375498,36.2905889],[129.3754088,36.2905951],[129.3753916,36.2906142],[129.3752502,36.29065],[129.3751746,36.2906348]]]]}},{"type":"Feature","properties":{"r":172,"k":0,"d":79.1},"geometry":{"type":"MultiPolygon","coordinates":[[[[129.3751558,36.2905551],[129.3751403,36.2904896],[129.3751637,36.2904658],[129.3752777,36.2905002],[129.3754518,36.2904116],[129.3755647,36.2904315],[129.3755746,36.290487],[129.3754503,36.2905279],[129.3751964,36.2905848],[129.3751558,36.2905551]]]]}},{"type":"Feature","properties":{"r":840,"k":0,"d":199.1},"geometry":{"type":"MultiPolygon","coordinates":[[[[129.3739184,36.2822234],[129.3739216,36.282224],[129.3738419,36.282347],[129.3738327,36.2823462],[129.3739184,36.2822234]]]]}},{"type":"Feature","properties":{"r":605,"k":0,"d":167.7},"geometry":{"type":"MultiPolygon","coordinates":[[[[129.3749109,36.2910648],[129.3748303,36.2910529],[129.3748257,36.2910115],[129.3748472,36.2909784],[129.3748574,36.291014],[129.3749109,36.2910648]]]]}},{"type":"Feature","properties":{"r":310,"k":0,"d":108.7},"geometry":{"type":"MultiPolygon","coordinates":[[[[129.3737328,36.2894843],[129.373796,36.2896697],[129.3736409,36.2897335],[129.3735869,36.2897398],[129.3735324,36.2894778],[129.3737328,36.2894843]]]]}},{"type":"Feature","properties":{"r":502,"k":0,"d":151.0},"geometry":{"type":"MultiPolygon","coordinates":[[[[129.3727195,36.2874744],[129.372499,36.2866802],[129.3727196,36.2866422],[129.3727506,36.2867524],[129.3727661,36.2867549],[129.3727572,36.2867871],[129.3727699,36.2867896],[129.3729144,36.2872776],[129.3729518,36.2874334],[129.3727195,36.2874744]]]]}},{"type":"Feature","properties":{"r":573,"k":0,"d":162.8},"geometry":{"type":"MultiPolygon","coordinates":[[[[129.3752024,36.2912301],[129.37513,36.2912237],[129.3751099,36.2911525],[129.3750643,36.2910878],[129.3750752,36.2910893],[129.3752024,36.2912301]]]]}},{"type":"Feature","properties":{"r":272,"k":0,"d":102.9},"geometry":{"type":"MultiPolygon","coordinates":[[[[129.3746853,36.290679],[129.3746351,36.2906096],[129.3746343,36.2906041],[129.3746107,36.290608],[129.3745953,36.290555],[129.3745111,36.2904395],[129.3745564,36.2904233],[129.3746077,36.2903825],[129.3746004,36.2903764],[129.374679,36.2903073],[129.3748107,36.2902672],[129.3748512,36.2902839],[129.3748639,36.2904446],[129.3748514,36.2905711],[129.3748228,36.2906584],[129.3747687,36.2906489],[129.374765,36.2906856],[129.3746853,36.290679]]]]}},{"type":"Feature","properties":{"r":148,"k":0,"d":73.9},"geometry":{"type":"MultiPolygon","coordinates":[[[[129.3739676,36.2863503],[129.3739489,36.2863541],[129.3739141,36.286326],[129.373908,36.2863107],[129.3739676,36.2863503]]]]}},{"type":"Feature","properties":{"r":314,"k":0,"d":109.4},"geometry":{"type":"MultiPolygon","coordinates":[[[[129.3738681,36.2843595],[129.3738927,36.2842249],[129.3739286,36.2842244],[129.3740357,36.2842379],[129.3740355,36.2842226],[129.3741381,36.2842302],[129.3741504,36.2842589],[129.3740743,36.2844058],[129.3738681,36.2843595]]]]}},{"type":"Feature","properties":{"r":830,"k":0,"d":198.3},"geometry":{"type":"MultiPolygon","coordinates":[[[[129.3734947,36.2820023],[129.3735139,36.2818788],[129.3740371,36.2819838],[129.3740231,36.2820341],[129.3739761,36.2820951],[129.3734947,36.2820023]]]]}},{"type":"Feature","properties":{"r":759,"k":0,"d":188.4},"geometry":{"type":"MultiPolygon","coordinates":[[[[129.373181,36.2842393],[129.3732281,36.2842327],[129.373243,36.2842246],[129.37324,36.2842393],[129.3731823,36.2842427],[129.373181,36.2842393]]]]}},{"type":"Feature","properties":{"r":838,"k":0,"d":198.9},"geometry":{"type":"MultiPolygon","coordinates":[[[[129.3726199,36.2860458],[129.3725999,36.2860395],[129.3725875,36.2860492],[129.3725697,36.2860379],[129.3726103,36.2859906],[129.3726199,36.2860458]]]]}},{"type":"Feature","properties":{"r":214,"k":0,"d":88.6},"geometry":{"type":"MultiPolygon","coordinates":[[[[129.3774967,36.277137],[129.3775423,36.277076],[129.3776176,36.2770944],[129.377765,36.2771476],[129.3777087,36.2772123],[129.3776523,36.2771747],[129.3773505,36.2773233],[129.3771585,36.2773645],[129.3770947,36.277494],[129.3769969,36.2776034],[129.3769274,36.2776342],[129.3768314,36.2776545],[129.3767823,36.2775601],[129.3767824,36.2775098],[129.3768723,36.2775472],[129.377192,36.277065],[129.3773786,36.2770361],[129.3774672,36.2770577],[129.3772782,36.277113],[129.3772521,36.277164],[129.3772844,36.2772061],[129.3773449,36.2771781],[129.3774477,36.2771449],[129.3774967,36.277137]]]]}},{"type":"Feature","properties":{"r":829,"k":0,"d":197.9},"geometry":{"type":"MultiPolygon","coordinates":[[[[129.3729091,36.2848832],[129.3728525,36.2848832],[129.3728451,36.2848636],[129.3728533,36.284865],[129.3729091,36.2848832]]]]}},{"type":"Feature","properties":{"r":32,"k":0,"d":40.1},"geometry":{"type":"MultiPolygon","coordinates":[[[[129.3758386,36.2903829],[129.3757791,36.2901988],[129.3758558,36.2901763],[129.3758895,36.2902199],[129.3759471,36.2902626],[129.3760081,36.2902767],[129.3759648,36.2903446],[129.3758386,36.2903829]]]]}},{"type":"Feature","properties":{"r":411,"k":0,"d":132.9},"geometry":{"type":"MultiPolygon","coordinates":[[[[129.3749764,36.290636],[129.3748568,36.2906619],[129.3748836,36.2905938],[129.3749764,36.290636]]]]}},{"type":"Feature","properties":{"r":345,"k":0,"d":118.0},"geometry":{"type":"MultiPolygon","coordinates":[[[[129.3734843,36.2854837],[129.373466,36.2854357],[129.3735243,36.2853415],[129.373617,36.2853049],[129.3736637,36.2853354],[129.373671,36.2854528],[129.3736411,36.2854786],[129.3736078,36.2854803],[129.3736025,36.2854995],[129.3734843,36.2854837]]]]}},{"type":"Feature","properties":{"r":584,"k":0,"d":164.1},"geometry":{"type":"MultiPolygon","coordinates":[[[[129.3754501,36.2798512],[129.3756391,36.2795901],[129.3756939,36.2795124],[129.3757879,36.2794886],[129.3755377,36.2798919],[129.3754501,36.2798512]]]]}},{"type":"Feature","properties":{"r":833,"k":0,"d":198.7},"geometry":{"type":"MultiPolygon","coordinates":[[[[129.3726871,36.2855027],[129.3726728,36.285383],[129.3727761,36.2853835],[129.3727644,36.28542],[129.3727508,36.2855011],[129.3726871,36.2855027]]]]}},{"type":"Feature","properties":{"r":680,"k":0,"d":176.4},"geometry":{"type":"MultiPolygon","coordinates":[[[[129.3732718,36.2842302],[129.3732732,36.2842223],[129.3733865,36.2842163],[129.3733799,36.2842346],[129.3732718,36.2842302]]]]}},{"type":"Feature","properties":{"r":450,"k":0,"d":141.8},"geometry":{"type":"MultiPolygon","coordinates":[[[[129.3735815,36.2847921],[129.3734692,36.2848278],[129.3735783,36.2847775],[129.3735815,36.2847921]]]]}},{"type":"Feature","properties":{"r":289,"k":0,"d":105.2},"geometry":{"type":"MultiPolygon","coordinates":[[[[129.3764986,36.2910943],[129.3763738,36.2911394],[129.376322,36.290998],[129.3764479,36.2909666],[129.3764986,36.2910943]]]]}},{"type":"Feature","properties":{"r":302,"k":0,"d":107.3},"geometry":{"type":"MultiPolygon","coordinates":[[[[129.3741228,36.2899165],[129.3740816,36.2899055],[129.3741175,36.2898941],[129.3741228,36.2899165]]]]}},{"type":"Feature","properties":{"r":670,"k":0,"d":175.9},"geometry":{"type":"MultiPolygon","coordinates":[[[[129.3764821,36.2774293],[129.3763426,36.2773857],[129.3763759,36.2773196],[129.3764008,36.2773035],[129.3765262,36.2773138],[129.3765325,36.2773719],[129.376513,36.277439],[129.3764821,36.2774293]]]]}},{"type":"Feature","properties":{"r":618,"k":0,"d":169.8},"geometry":{"type":"MultiPolygon","coordinates":[[[[129.3730381,36.2852423],[129.3728742,36.2852193],[129.3729065,36.2851177],[129.3730147,36.2851388],[129.3731299,36.2850938],[129.3731583,36.2851266],[129.3731648,36.2851442],[129.3731103,36.2851897],[129.3730381,36.2852423]]]]}},{"type":"Feature","properties":{"r":545,"k":0,"d":158.7},"geometry":{"type":"MultiPolygon","coordinates":[[[[129.3748727,36.2909391],[129.3748511,36.2908915],[129.3748581,36.2908886],[129.3749129,36.2909164],[129.3749879,36.2909926],[129.374969,36.2909947],[129.3748727,36.2909391]]]]}},{"type":"Feature","properties":{"r":566,"k":0,"d":161.5},"geometry":{"type":"MultiPolygon","coordinates":[[[[129.3748194,36.2908969],[129.374638,36.2909232],[129.374651,36.2908277],[129.3746716,36.2908152],[129.3748094,36.2908669],[129.3748194,36.2908969]]]]}},{"type":"Feature","properties":{"r":140,"k":0,"d":72.9},"geometry":{"type":"MultiPolygon","coordinates":[[[[129.3740824,36.2850217],[129.3740807,36.2849093],[129.3741044,36.2848925],[129.3741701,36.2848952],[129.3742182,36.2848892],[129.3742897,36.284902],[129.3743303,36.2848937],[129.3743351,36.2849197],[129.3743193,36.2849549],[129.3740824,36.2850217]]]]}},{"type":"Feature","properties":{"r":192,"k":0,"d":83.4},"geometry":{"type":"MultiPolygon","coordinates":[[[[129.3743155,36.2845983],[129.3743164,36.2845466],[129.3742991,36.2844882],[129.374288,36.284459],[129.3742896,36.2844403],[129.3743116,36.2844382],[129.3743111,36.2844734],[129.3743333,36.2845872],[129.3743155,36.2845983]]]]}},{"type":"Feature","properties":{"r":278,"k":0,"d":103.8},"geometry":{"type":"MultiPolygon","coordinates":[[[[129.3770215,36.2780716],[129.3768308,36.2781537],[129.3767262,36.2781539],[129.3767867,36.2781105],[129.376858,36.2780479],[129.3770264,36.2779261],[129.3771967,36.2778103],[129.3772225,36.2777895],[129.3770215,36.2780716]]]]}},{"type":"Feature","properties":{"r":540,"k":0,"d":157.0},"geometry":{"type":"MultiPolygon","coordinates":[[[[129.3732072,36.2849882],[129.3732472,36.2849476],[129.3732771,36.2848909],[129.3733427,36.2849109],[129.3733536,36.284964],[129.3733162,36.2850516],[129.3732482,36.2850756],[129.3732072,36.2849882]]]]}},{"type":"Feature","properties":{"r":506,"k":0,"d":151.5},"geometry":{"type":"MultiPolygon","coordinates":[[[[129.3763191,36.2916448],[129.3762805,36.2915821],[129.3762421,36.2914552],[129.3761987,36.2914253],[129.3762797,36.2913825],[129.376416,36.2915647],[129.376341,36.2916118],[129.3763191,36.2916448]]]]}},{"type":"Feature","properties":{"r":741,"k":0,"d":185.3},"geometry":{"type":"MultiPolygon","coordinates":[[[[129.3740334,36.2908878],[129.3738475,36.290824],[129.3738425,36.2907996],[129.3739477,36.2907826],[129.373977,36.2907651],[129.3740073,36.2907333],[129.3740188,36.2908092],[129.3740395,36.2908793],[129.3740334,36.2908878]]]]}},{"type":"Feature","properties":{"r":414,"k":0,"d":133.6},"geometry":{"type":"MultiPolygon","coordinates":[[[[129.374374,36.2822521],[129.3743223,36.2822383],[129.3743517,36.2821529],[129.3744893,36.2821869],[129.3745087,36.2820897],[129.3746723,36.2821335],[129.3746543,36.2823251],[129.374374,36.2822521]]]]}},{"type":"Feature","properties":{"r":526,"k":0,"d":155.4},"geometry":{"type":"MultiPolygon","coordinates":[[[[129.3749879,36.2909926],[129.3749129,36.2909164],[129.3750293,36.2909762],[129.3750541,36.2909873],[129.3749879,36.2909926]]]]}},{"type":"Feature","properties":{"r":725,"k":0,"d":183.3},"geometry":{"type":"MultiPolygon","coordinates":[[[[129.3763955,36.2917211],[129.3763697,36.2917113],[129.3763327,36.2916763],[129.3763494,36.2916716],[129.3763955,36.2917211]]]]}},{"type":"Feature","properties":{"r":723,"k":0,"d":183.1},"geometry":{"type":"MultiPolygon","coordinates":[[[[129.374743,36.2911399],[129.3746921,36.291119],[129.3746599,36.2910367],[129.37471,36.2910625],[129.374748,36.2911103],[129.374743,36.2911399]]]]}},{"type":"Feature","properties":{"r":823,"k":0,"d":197.2},"geometry":{"type":"MultiPolygon","coordinates":[[[[129.3738825,36.2822163],[129.3739761,36.2820951],[129.3740024,36.2821001],[129.3739216,36.282224],[129.3738825,36.2822163]]]]}},{"type":"Feature","properties":{"r":691,"k":0,"d":177.5},"geometry":{"type":"MultiPolygon","coordinates":[[[[129.3756552,36.2793156],[129.3758106,36.2791841],[129.3758234,36.2793006],[129.3758355,36.2793237],[129.3758187,36.279333],[129.3756552,36.2793156]]]]}},{"type":"Feature","properties":{"r":764,"k":0,"d":188.6},"geometry":{"type":"MultiPolygon","coordinates":[[[[129.372631,36.2863004],[129.3726669,36.2862899],[129.3726781,36.2863402],[129.372631,36.2863004]]]]}},{"type":"Feature","properties":{"r":525,"k":0,"d":155.3},"geometry":{"type":"MultiPolygon","coordinates":[[[[129.3748781,36.2908795],[129.3748581,36.2908886],[129.3748343,36.2908764],[129.3748094,36.2908669],[129.3747755,36.2907745],[129.3748781,36.2908795]]]]}},{"type":"Feature","properties":{"r":676,"k":0,"d":176.2},"geometry":{"type":"MultiPolygon","coordinates":[[[[129.3740073,36.2907333],[129.373977,36.2907651],[129.3739746,36.2907025],[129.3739272,36.2906284],[129.3739602,36.2906218],[129.3739912,36.2906184],[129.3740053,36.2907066],[129.3740073,36.2907333]]]]}},{"type":"Feature","properties":{"r":843,"k":0,"d":199.2},"geometry":{"type":"MultiPolygon","coordinates":[[[[129.373619,36.2908373],[129.373606,36.2908173],[129.3735848,36.2907635],[129.3736881,36.2907165],[129.3737159,36.2907109],[129.3737612,36.2907936],[129.373619,36.2908373]]]]}},{"type":"Feature","properties":{"r":627,"k":0,"d":170.9},"geometry":{"type":"MultiPolygon","coordinates":[[[[129.3757879,36.2794886],[129.3756939,36.2795124],[129.3757364,36.2794518],[129.3757648,36.2794201],[129.3758355,36.2793237],[129.3758567,36.279361],[129.3757879,36.2794886]]]]}},{"type":"Feature","properties":{"r":582,"k":0,"d":164.0},"geometry":{"type":"MultiPolygon","coordinates":[[[[129.3731652,36.2853899],[129.3731951,36.2852047],[129.3731744,36.2851543],[129.3731974,36.2851537],[129.3732084,36.2851969],[129.3731652,36.2853899]]]]}},{"type":"Feature","properties":{"r":6,"k":0,"d":17.4},"geometry":{"type":"MultiPolygon","coordinates":[[[[129.3761871,36.2902856],[129.3760786,36.2902396],[129.3761203,36.290174],[129.3761904,36.2901951],[129.3762689,36.2901538],[129.3763554,36.2901853],[129.3762498,36.2902582],[129.3761871,36.2902856]]]]}},{"type":"Feature","properties":{"r":463,"k":0,"d":144.1},"geometry":{"type":"MultiPolygon","coordinates":[[[[129.3746341,36.2906745],[129.3746351,36.2906096],[129.3746853,36.290679],[129.3746341,36.2906745]]]]}},{"type":"Feature","properties":{"r":156,"k":0,"d":75.8},"geometry":{"type":"MultiPolygon","coordinates":[[[[129.374523,36.2841355],[129.3745446,36.2841044],[129.3745746,36.2840906],[129.3746129,36.2841011],[129.374523,36.2841355]]]]}},{"type":"Feature","properties":{"r":762,"k":0,"d":188.5},"geometry":{"type":"MultiPolygon","coordinates":[[[[129.3732209,36.2842938],[129.3731923,36.2842751],[129.3730557,36.2842999],[129.3730573,36.2842927],[129.3732118,36.2842635],[129.3732209,36.2842938]]]]}},{"type":"Feature","properties":{"r":831,"k":0,"d":198.5},"geometry":{"type":"MultiPolygon","coordinates":[[[[129.3732418,36.2904475],[129.372966,36.2902799],[129.3730825,36.2902427],[129.3732799,36.2903672],[129.3732418,36.2904475]]]]}},{"type":"Feature","properties":{"r":136,"k":0,"d":72.1},"geometry":{"type":"MultiPolygon","coordinates":[[[[129.373788,36.2879138],[129.3737488,36.2879213],[129.3737164,36.2878068],[129.3738053,36.2877918],[129.373788,36.2879138]]]]}},{"type":"Feature","properties":{"r":363,"k":0,"d":121.9},"geometry":{"type":"MultiPolygon","coordinates":[[[[129.3735562,36.2856485],[129.3734825,36.2856202],[129.3734079,36.2855975],[129.3734509,36.2855477],[129.3734843,36.2854837],[129.3736025,36.2854995],[129.3736118,36.2855612],[129.3735958,36.2856013],[129.3735562,36.2856485]]]]}},{"type":"Feature","properties":{"r":325,"k":0,"d":113.0},"geometry":{"type":"MultiPolygon","coordinates":[[[[129.373922,36.2846865],[129.3739631,36.2846764],[129.3739235,36.2847102],[129.373922,36.2846865]]]]}},{"type":"Feature","properties":{"r":95,"k":0,"d":64.8},"geometry":{"type":"MultiPolygon","coordinates":[[[[129.3746987,36.2842098],[129.3746243,36.2842561],[129.3745846,36.2842872],[129.3745322,36.2842786],[129.3744812,36.2842236],[129.3744952,36.2841761],[129.374523,36.2841355],[129.3746129,36.2841011],[129.37467,36.2841179],[129.3746952,36.284158],[129.3746987,36.2842098]]]]}},{"type":"Feature","properties":{"r":672,"k":0,"d":176.1},"geometry":{"type":"MultiPolygon","coordinates":[[[[129.3734214,36.2839862],[129.3734242,36.2839758],[129.3734776,36.2839787],[129.3734782,36.2839931],[129.3734214,36.2839862]]]]}},{"type":"Feature","properties":{"r":531,"k":0,"d":156.0},"geometry":{"type":"MultiPolygon","coordinates":[[[[129.3738499,36.2831848],[129.3740133,36.2829444],[129.3740552,36.283141],[129.3739575,36.2832627],[129.3738499,36.2831848]]]]}},{"type":"Feature","properties":{"r":754,"k":0,"d":187.1},"geometry":{"type":"MultiPolygon","coordinates":[[[[129.3733221,36.2839702],[129.3733243,36.2839471],[129.3733603,36.2839473],[129.3733574,36.2839711],[129.3733221,36.2839702]]]]}},{"type":"Feature","properties":{"r":396,"k":0,"d":129.3},"geometry":{"type":"MultiPolygon","coordinates":[[[[129.3772173,36.2768773],[129.377179,36.2768771],[129.3770976,36.2768169],[129.3769428,36.276695],[129.3770163,36.2765817],[129.3771174,36.2764887],[129.3772156,36.276358],[129.3772258,36.2763493],[129.3776034,36.2766454],[129.3775615,36.276686],[129.3773495,36.2769894],[129.3773412,36.2769875],[129.3772173,36.2768773]]]]}},{"type":"Feature","properties":{"r":479,"k":0,"d":147.7},"geometry":{"type":"MultiPolygon","coordinates":[[[[129.3769803,36.2771595],[129.3769126,36.2771963],[129.3766341,36.2771064],[129.3765846,36.2770394],[129.3766856,36.2768909],[129.3767577,36.2769609],[129.3767943,36.2769678],[129.3769174,36.2770778],[129.3769803,36.2771595]]]]}},{"type":"Feature","properties":{"r":576,"k":0,"d":163.2},"geometry":{"type":"MultiPolygon","coordinates":[[[[129.37513,36.2912237],[129.3750716,36.2912192],[129.3749109,36.2910648],[129.3750643,36.2910878],[129.3751099,36.2911525],[129.37513,36.2912237]]]]}},{"type":"Feature","properties":{"r":4,"k":0,"d":12.9},"geometry":{"type":"MultiPolygon","coordinates":[[[[129.376387,36.2901678],[129.3763554,36.2901853],[129.3762689,36.2901538],[129.3762008,36.2901892],[129.3761916,36.2901604],[129.3761595,36.290112],[129.3762255,36.2901025],[129.37626,36.2901007],[129.376387,36.2901678]]]]}},{"type":"Feature","properties":{"r":468,"k":0,"d":144.9},"geometry":{"type":"MultiPolygon","coordinates":[[[[129.3743536,36.2906254],[129.3743314,36.2906289],[129.3742676,36.2906025],[129.3743101,36.2905122],[129.3743579,36.2904908],[129.3743536,36.2906254]]]]}},{"type":"Feature","properties":{"r":115,"k":0,"d":69.2},"geometry":{"type":"MultiPolygon","coordinates":[[[[129.3738515,36.2884203],[129.3737967,36.2884304],[129.3737962,36.2883157],[129.3738004,36.2882987],[129.3738184,36.2882957],[129.3738515,36.2884203]]]]}},{"type":"Feature","properties":{"r":523,"k":0,"d":154.6},"geometry":{"type":"MultiPolygon","coordinates":[[[[129.3735843,36.2842926],[129.3735845,36.2842699],[129.3736132,36.2842884],[129.3735843,36.2842926]]]]}},{"type":"Feature","properties":{"r":828,"k":0,"d":197.8},"geometry":{"type":"MultiPolygon","coordinates":[[[[129.3732264,36.2838064],[129.3731369,36.2837799],[129.3731605,36.2837812],[129.3732259,36.2836555],[129.3733331,36.2836883],[129.3733145,36.2837192],[129.3733032,36.2838108],[129.3732264,36.2838064]]]]}},{"type":"Feature","properties":{"r":369,"k":0,"d":123.0},"geometry":{"type":"MultiPolygon","coordinates":[[[[129.3740592,36.2836618],[129.3740478,36.2834148],[129.3741308,36.283457],[129.3741682,36.2834699],[129.3742419,36.283669],[129.374141,36.2836834],[129.3740592,36.2836618]]]]}},{"type":"Feature","properties":{"r":107,"k":0,"d":67.2},"geometry":{"type":"MultiPolygon","coordinates":[[[[129.3736106,36.2874229],[129.373585,36.2873298],[129.3738982,36.2872825],[129.3738746,36.2873836],[129.3736106,36.2874229]]]]}},{"type":"Feature","properties":{"r":130,"k":0,"d":71.4},"geometry":{"type":"MultiPolygon","coordinates":[[[[129.3743633,36.2847594],[129.3743429,36.2847264],[129.3744195,36.2847135],[129.3744167,36.2847527],[129.3743633,36.2847594]]]]}},{"type":"Feature","properties":{"r":352,"k":0,"d":119.9},"geometry":{"type":"MultiPolygon","coordinates":[[[[129.3740355,36.2842226],[129.3740357,36.2842379],[129.3739286,36.2842244],[129.3738927,36.2842249],[129.373895,36.2842123],[129.3740187,36.2842215],[129.3740355,36.2842226]]]]}},{"type":"Feature","properties":{"r":282,"k":0,"d":104.4},"geometry":{"type":"MultiPolygon","coordinates":[[[[129.3735043,36.2888138],[129.373476,36.2887302],[129.3734597,36.2887322],[129.3734032,36.2885285],[129.3734211,36.2885261],[129.3735162,36.2888127],[129.3735043,36.2888138]]]]}},{"type":"Feature","properties":{"r":215,"k":0,"d":88.7},"geometry":{"type":"MultiPolygon","coordinates":[[[[129.3737935,36.2857968],[129.3738452,36.2857238],[129.3738477,36.2857279],[129.3739567,36.2857387],[129.3738715,36.285847],[129.3737935,36.2857968]]]]}},{"type":"Feature","properties":{"r":170,"k":0,"d":78.7},"geometry":{"type":"MultiPolygon","coordinates":[[[[129.3743954,36.2843855],[129.3743951,36.2844089],[129.3744096,36.2845189],[129.3744031,36.2845419],[129.374354,36.2845479],[129.3743353,36.2844278],[129.3743455,36.2843992],[129.3743492,36.2843928],[129.3743954,36.2843855]]]]}},{"type":"Feature","properties":{"r":785,"k":0,"d":191.6},"geometry":{"type":"MultiPolygon","coordinates":[[[[129.3762196,36.2775634],[129.3761709,36.2775757],[129.3760184,36.2776958],[129.3759108,36.277732],[129.375898,36.2776324],[129.3759326,36.277616],[129.3758989,36.2775549],[129.3760071,36.2774362],[129.3761039,36.2772862],[129.3762024,36.2772751],[129.3763759,36.2773196],[129.3763426,36.2773857],[129.3763234,36.27746],[129.3762838,36.2774778],[129.3762196,36.2775634]]]]}},{"type":"Feature","properties":{"r":75,"k":0,"d":60.4},"geometry":{"type":"MultiPolygon","coordinates":[[[[129.3738866,36.287778],[129.3738053,36.2877918],[129.3738436,36.2875184],[129.3738746,36.2873836],[129.3739656,36.2873699],[129.3738866,36.287778]]]]}},{"type":"Feature","properties":{"r":56,"k":0,"d":57.3},"geometry":{"type":"MultiPolygon","coordinates":[[[[129.3740979,36.2866413],[129.3740795,36.2866204],[129.3740877,36.2865614],[129.3741118,36.2865733],[129.3740979,36.2866413]]]]}},{"type":"Feature","properties":{"r":483,"k":0,"d":148.7},"geometry":{"type":"MultiPolygon","coordinates":[[[[129.373154,36.2893967],[129.373197,36.2893859],[129.373202,36.2894132],[129.373154,36.2893967]]]]}},{"type":"Feature","properties":{"r":431,"k":0,"d":137.6},"geometry":{"type":"MultiPolygon","coordinates":[[[[129.3761714,36.2914368],[129.3760673,36.291334],[129.3761981,36.2912502],[129.3762797,36.2913825],[129.3761987,36.2914253],[129.3761714,36.2914368]]]]}},{"type":"Feature","properties":{"r":248,"k":0,"d":97.2},"geometry":{"type":"MultiPolygon","coordinates":[[[[129.375105,36.2905051],[129.3750137,36.2903802],[129.3750727,36.2903246],[129.3751258,36.2903289],[129.3751403,36.2904896],[129.375105,36.2905051]]]]}},{"type":"Feature","properties":{"r":355,"k":0,"d":120.8},"geometry":{"type":"MultiPolygon","coordinates":[[[[129.373574,36.2852089],[129.3737074,36.2852004],[129.3736106,36.2852216],[129.373574,36.2852089]]]]}},{"type":"Feature","properties":{"r":781,"k":0,"d":191.2},"geometry":{"type":"MultiPolygon","coordinates":[[[[129.3731065,36.2845342],[129.3729907,36.2845183],[129.3729921,36.2845124],[129.3731061,36.2845279],[129.3731065,36.2845342]]]]}},{"type":"Feature","properties":{"r":748,"k":0,"d":186.2},"geometry":{"type":"MultiPolygon","coordinates":[[[[129.3725377,36.289031],[129.3726405,36.2890151],[129.3726878,36.2892369],[129.3726556,36.2892259],[129.3725705,36.2891882],[129.3725377,36.289031]]]]}},{"type":"Feature","properties":{"r":63,"k":0,"d":58.7},"geometry":{"type":"MultiPolygon","coordinates":[[[[129.3737102,36.2868101],[129.3737944,36.2868554],[129.373956,36.2868468],[129.3740547,36.286827],[129.3740544,36.2868295],[129.3739711,36.2869127],[129.3738265,36.2869439],[129.3737185,36.2869402],[129.3736178,36.2868625],[129.3737102,36.2868101]]]]}},{"type":"Feature","properties":{"r":44,"k":0,"d":49.2},"geometry":{"type":"MultiPolygon","coordinates":[[[[129.3740712,36.2868321],[129.374099,36.2866805],[129.3741326,36.2867193],[129.3741671,36.2867878],[129.3740874,36.286858],[129.3740712,36.2868321]]]]}},{"type":"Feature","properties":{"r":86,"k":0,"d":62.4},"geometry":{"type":"MultiPolygon","coordinates":[[[[129.3743309,36.285353],[129.3743075,36.2853548],[129.3743004,36.2852002],[129.3743505,36.2851827],[129.3743606,36.2851836],[129.3743309,36.285353]]]]}},{"type":"Feature","properties":{"r":78,"k":0,"d":60.7},"geometry":{"type":"MultiPolygon","coordinates":[[[[129.3778882,36.2774473],[129.3776912,36.2776829],[129.3778214,36.2774957],[129.3778739,36.2774386],[129.3778882,36.2774473]]]]}},{"type":"Feature","properties":{"r":507,"k":0,"d":151.6},"geometry":{"type":"MultiPolygon","coordinates":[[[[129.373383,36.2900089],[129.3733424,36.2898769],[129.3734419,36.2898494],[129.3734951,36.2899818],[129.373383,36.2900089]]]]}},{"type":"Feature","properties":{"r":258,"k":0,"d":99.3},"geometry":{"type":"MultiPolygon","coordinates":[[[[129.373805,36.2858351],[129.3737556,36.2857981],[129.3737589,36.2857947],[129.3738075,36.2858319],[129.373805,36.2858351]]]]}},{"type":"Feature","properties":{"r":139,"k":0,"d":72.7},"geometry":{"type":"MultiPolygon","coordinates":[[[[129.3742217,36.2851957],[129.3740482,36.2851654],[129.374021,36.2851354],[129.3740852,36.2850462],[129.3742274,36.2849991],[129.3742463,36.2850922],[129.37424,36.2851577],[129.3742523,36.2851975],[129.3742217,36.2851957]]]]}},{"type":"Feature","properties":{"r":353,"k":0,"d":120.3},"geometry":{"type":"MultiPolygon","coordinates":[[[[129.3765361,36.2786425],[129.3765143,36.2786276],[129.3768388,36.2783136],[129.3768332,36.2783833],[129.3768591,36.2783892],[129.3767802,36.278457],[129.376621,36.2785873],[129.3765361,36.2786425]]]]}},{"type":"Feature","properties":{"r":667,"k":0,"d":175.6},"geometry":{"type":"MultiPolygon","coordinates":[[[[129.3728177,36.2863723],[129.3727942,36.2863579],[129.3727642,36.2861974],[129.3727693,36.2861968],[129.3728177,36.2863723]]]]}},{"type":"Feature","properties":{"r":356,"k":0,"d":120.8},"geometry":{"type":"MultiPolygon","coordinates":[[[[129.373574,36.2852089],[129.3735378,36.2851963],[129.3735235,36.2851211],[129.3735849,36.2850939],[129.3736876,36.285109],[129.3737074,36.2852004],[129.373574,36.2852089]]]]}},{"type":"Feature","properties":{"r":559,"k":0,"d":160.7},"geometry":{"type":"MultiPolygon","coordinates":[[[[129.3753891,36.280104],[129.3754368,36.2800348],[129.3754778,36.279997],[129.3755423,36.2799505],[129.3754259,36.2801185],[129.3753891,36.280104]]]]}},{"type":"Feature","properties":{"r":250,"k":0,"d":97.6},"geometry":{"type":"MultiPolygon","coordinates":[[[[129.3735508,36.2873442],[129.3731193,36.2874084],[129.3730878,36.2873],[129.3730771,36.2872947],[129.3729368,36.2867914],[129.3729058,36.2866335],[129.3731576,36.2866279],[129.3733202,36.2866995],[129.3734436,36.286774],[129.3735833,36.2868742],[129.3736008,36.2869695],[129.3735294,36.2872862],[129.3735508,36.2873442]]]]}},{"type":"Feature","properties":{"r":280,"k":0,"d":104.3},"geometry":{"type":"MultiPolygon","coordinates":[[[[129.3737894,36.285573],[129.3737632,36.2855832],[129.3736118,36.2855612],[129.3736025,36.2854995],[129.3736078,36.2854803],[129.3736411,36.2854786],[129.373671,36.2854528],[129.3737047,36.2854775],[129.3737876,36.2855023],[129.373811,36.2855362],[129.3737894,36.285573]]]]}},{"type":"Feature","properties":{"r":125,"k":0,"d":70.8},"geometry":{"type":"MultiPolygon","coordinates":[[[[129.3742447,36.2849753],[129.3743193,36.2849549],[129.3743351,36.2849197],[129.3743429,36.2849628],[129.3742447,36.2849753]]]]}},{"type":"Feature","properties":{"r":46,"k":0,"d":51.0},"geometry":{"type":"MultiPolygon","coordinates":[[[[129.3783104,36.2771758],[129.3782425,36.277162],[129.378294,36.2770783],[129.3783439,36.2769659],[129.3785119,36.276749],[129.3784426,36.2769346],[129.3783104,36.2771758]]]]}},{"type":"Feature","properties":{"r":141,"k":0,"d":72.9},"geometry":{"type":"MultiPolygon","coordinates":[[[[129.3780462,36.2771024],[129.3779977,36.2770773],[129.378235,36.2768006],[129.3782098,36.2768578],[129.3781811,36.2769482],[129.3780462,36.2771024]]]]}},{"type":"Feature","properties":{"r":579,"k":0,"d":163.7},"geometry":{"type":"MultiPolygon","coordinates":[[[[129.3744615,36.2907595],[129.3744572,36.290739],[129.374523,36.2907621],[129.3744615,36.2907595]]]]}},{"type":"Feature","properties":{"r":330,"k":0,"d":113.7},"geometry":{"type":"MultiPolygon","coordinates":[[[[129.3738639,36.2849117],[129.3737437,36.2849384],[129.3737378,36.2848626],[129.3737488,36.2848056],[129.3737355,36.2847696],[129.3737885,36.2847608],[129.3738408,36.2847602],[129.3738588,36.2847563],[129.373851,36.2848495],[129.3738633,36.2848987],[129.3738639,36.2849117]]]]}},{"type":"Feature","properties":{"r":257,"k":0,"d":99.3},"geometry":{"type":"MultiPolygon","coordinates":[[[[129.3740896,36.2846406],[129.374135,36.284628],[129.3741215,36.2846394],[129.3740896,36.2846406]]]]}},{"type":"Feature","properties":{"r":849,"k":0,"d":199.8},"geometry":{"type":"MultiPolygon","coordinates":[[[[129.3740705,36.2818625],[129.3739959,36.2818554],[129.3739267,36.2817978],[129.3740476,36.2816652],[129.3741056,36.281696],[129.3741134,36.2817131],[129.3740705,36.2818625]]]]}},{"type":"Feature","properties":{"r":794,"k":0,"d":193.4},"geometry":{"type":"MultiPolygon","coordinates":[[[[129.3758609,36.2787853],[129.3756207,36.2786704],[129.3756402,36.2785862],[129.3755657,36.2784352],[129.3755668,36.2784341],[129.3759935,36.2786382],[129.3758609,36.2787853]]]]}},{"type":"Feature","properties":{"r":773,"k":0,"d":189.5},"geometry":{"type":"MultiPolygon","coordinates":[[[[129.3733331,36.2836883],[129.3731395,36.2836293],[129.3732102,36.2835125],[129.3732885,36.2834007],[129.3735406,36.2834766],[129.3735143,36.2835299],[129.3733804,36.283612],[129.3733331,36.2836883]]]]}},{"type":"Feature","properties":{"r":565,"k":0,"d":161.5},"geometry":{"type":"MultiPolygon","coordinates":[[[[129.3750643,36.2910878],[129.3750423,36.2910525],[129.3750752,36.2910893],[129.3750643,36.2910878]]]]}},{"type":"Feature","properties":{"r":561,"k":0,"d":160.7},"geometry":{"type":"MultiPolygon","coordinates":[[[[129.3748257,36.2910115],[129.3747278,36.2909759],[129.3746466,36.2910026],[129.3746599,36.2910367],[129.3745702,36.290993],[129.3744162,36.2909461],[129.3742341,36.2909117],[129.3744006,36.2908907],[129.3746241,36.2909547],[129.374638,36.2909232],[129.3748511,36.2908915],[129.3748727,36.2909391],[129.3748257,36.2910115]]]]}},{"type":"Feature","properties":{"r":245,"k":0,"d":96.4},"geometry":{"type":"MultiPolygon","coordinates":[[[[129.3731217,36.2874185],[129.3731193,36.2874084],[129.3735508,36.2873442],[129.373564,36.2873762],[129.3731296,36.2874444],[129.3731217,36.2874185]]]]}},{"type":"Feature","properties":{"r":231,"k":0,"d":92.1},"geometry":{"type":"MultiPolygon","coordinates":[[[[129.376796,36.2793485],[129.3767078,36.2793608],[129.3765609,36.2793702],[129.3767057,36.2790873],[129.3767136,36.2790476],[129.3767555,36.2790086],[129.3768987,36.2789906],[129.3770469,36.2789904],[129.3771055,36.2790105],[129.3770744,36.2791287],[129.3769218,36.2793029],[129.3767972,36.2793334],[129.376796,36.2793485]]]]}},{"type":"Feature","properties":{"r":779,"k":0,"d":190.9},"geometry":{"type":"MultiPolygon","coordinates":[[[[129.3728123,36.2856536],[129.3727756,36.2856773],[129.3727858,36.2856555],[129.3728123,36.2856536]]]]}},{"type":"Feature","properties":{"r":810,"k":0,"d":195.6},"geometry":{"type":"MultiPolygon","coordinates":[[[[129.3725377,36.289031],[129.3725705,36.2891882],[129.3725004,36.2891572],[129.3724695,36.2891259],[129.3724529,36.289044],[129.3725377,36.289031]]]]}},{"type":"Feature","properties":{"r":327,"k":0,"d":113.2},"geometry":{"type":"MultiPolygon","coordinates":[[[[129.3761364,36.2910671],[129.3760979,36.2910805],[129.3760185,36.2909971],[129.3761174,36.2910387],[129.3761364,36.2910671]]]]}},{"type":"Feature","properties":{"r":527,"k":0,"d":155.5},"geometry":{"type":"MultiPolygon","coordinates":[[[[129.374523,36.2907621],[129.3745801,36.2907633],[129.3747225,36.2907564],[129.3746847,36.2907842],[129.3746356,36.2908015],[129.374523,36.2907621]]]]}},{"type":"Feature","properties":{"r":457,"k":0,"d":142.8},"geometry":{"type":"MultiPolygon","coordinates":[[[[129.3730263,36.2865222],[129.3729596,36.2864842],[129.3731688,36.2864691],[129.3731592,36.2865277],[129.3730263,36.2865222]]]]}},{"type":"Feature","properties":{"r":31,"k":0,"d":39.9},"geometry":{"type":"MultiPolygon","coordinates":[[[[129.3776838,36.2791176],[129.3774018,36.2792474],[129.3769218,36.2793029],[129.3770744,36.2791287],[129.3771055,36.2790105],[129.3770469,36.2789904],[129.3768987,36.2789906],[129.3767555,36.2790086],[129.3775493,36.278269],[129.3776312,36.2781459],[129.377681,36.2785157],[129.3776838,36.2791176]]]]}},{"type":"Feature","properties":{"r":836,"k":0,"d":198.7},"geometry":{"type":"MultiPolygon","coordinates":[[[[129.3732885,36.2834007],[129.3733522,36.2833111],[129.3733782,36.2832865],[129.3734557,36.2833115],[129.3734365,36.2833498],[129.3734745,36.2833605],[129.3734321,36.2834439],[129.3732885,36.2834007]]]]}},{"type":"Feature","properties":{"r":550,"k":0,"d":159.7},"geometry":{"type":"MultiPolygon","coordinates":[[[[129.3728953,36.2893083],[129.3727192,36.2885246],[129.3726777,36.2885027],[129.3725864,36.2885169],[129.3725814,36.2884944],[129.3728394,36.2884512],[129.3728453,36.2884777],[129.3728139,36.2884826],[129.3727867,36.2885137],[129.3729701,36.2893337],[129.3728953,36.2893083]]]]}},{"type":"Feature","properties":{"r":753,"k":0,"d":187.0},"geometry":{"type":"MultiPolygon","coordinates":[[[[129.3747364,36.2912767],[129.3747749,36.2911992],[129.3748225,36.2912022],[129.3748357,36.2912185],[129.374964,36.2913208],[129.3747364,36.2912767]]]]}},{"type":"Feature","properties":{"r":490,"k":0,"d":149.3},"geometry":{"type":"MultiPolygon","coordinates":[[[[129.3732401,36.2895399],[129.3729629,36.2896162],[129.3727986,36.2894553],[129.373154,36.2893967],[129.373202,36.2894132],[129.3732401,36.2895399]]]]}},{"type":"Feature","properties":{"r":856,"k":0,"d":203.7},"geometry":{"type":"MultiPolygon","coordinates":[[[[129.372969,36.2901711],[129.3730825,36.2902427],[129.372966,36.2902799],[129.3729129,36.2902476],[129.372969,36.2901711]]]]}},{"type":"Feature","properties":{"r":70,"k":0,"d":59.6},"geometry":{"type":"MultiPolygon","coordinates":[[[[129.3738746,36.2873836],[129.3738982,36.2872825],[129.3739854,36.2872695],[129.3739656,36.2873699],[129.3738746,36.2873836]]]]}},{"type":"Feature","properties":{"r":210,"k":0,"d":87.7},"geometry":{"type":"MultiPolygon","coordinates":[[[[129.3742638,36.2846404],[129.3741532,36.2846601],[129.3741522,36.2846471],[129.374206,36.2846119],[129.3742607,36.2846342],[129.3742638,36.2846404]]]]}},{"type":"Feature","properties":{"r":53,"k":0,"d":56.8},"geometry":{"type":"MultiPolygon","coordinates":[[[[129.3740712,36.2868321],[129.3740665,36.2868246],[129.3740547,36.286827],[129.3740756,36.2866782],[129.3740888,36.2866698],[129.374099,36.2866805],[129.3740712,36.2868321]]]]}},{"type":"Feature","properties":{"r":844,"k":0,"d":199.4},"geometry":{"type":"MultiPolygon","coordinates":[[[[129.3734475,36.2823136],[129.3734546,36.2822667],[129.3737894,36.2822981],[129.3738324,36.2822812],[129.3738825,36.2822163],[129.3739184,36.2822234],[129.3738327,36.2823462],[129.3734475,36.2823136]]]]}},{"type":"Feature","properties":{"r":671,"k":0,"d":176.1},"geometry":{"type":"MultiPolygon","coordinates":[[[[129.3730186,36.2846877],[129.3729798,36.2846845],[129.3729645,36.2846615],[129.372959,36.2845913],[129.3729907,36.2845183],[129.3731065,36.2845342],[129.3732069,36.2845425],[129.3732249,36.2846819],[129.3730719,36.2846928],[129.3730186,36.2846877]]]]}},{"type":"Feature","properties":{"r":528,"k":0,"d":155.5},"geometry":{"type":"MultiPolygon","coordinates":[[[[129.374523,36.2907621],[129.3744572,36.290739],[129.3744528,36.2907174],[129.3747225,36.2907564],[129.3745801,36.2907633],[129.374523,36.2907621]]]]}},{"type":"Feature","properties":{"r":621,"k":0,"d":170.2},"geometry":{"type":"MultiPolygon","coordinates":[[[[129.3734878,36.290344],[129.3734811,36.2903491],[129.3733443,36.2903217],[129.3733729,36.2902718],[129.3732387,36.2902229],[129.3731263,36.290172],[129.3731071,36.2900775],[129.3730144,36.2898586],[129.3731159,36.2898028],[129.3731344,36.2898025],[129.3732388,36.2899053],[129.3731856,36.2899309],[129.3733598,36.2901235],[129.3733948,36.2901453],[129.3734249,36.2901494],[129.3735203,36.2903214],[129.3734878,36.290344]]]]}},{"type":"Feature","properties":{"r":689,"k":0,"d":177.4},"geometry":{"type":"MultiPolygon","coordinates":[[[[129.3729876,36.2855862],[129.3728652,36.2856109],[129.372779,36.2856201],[129.3727979,36.2855011],[129.3729682,36.2855185],[129.3729664,36.285548],[129.3729876,36.2855862]]]]}},{"type":"Feature","properties":{"r":334,"k":0,"d":114.5},"geometry":{"type":"MultiPolygon","coordinates":[[[[129.3750649,36.2906148],[129.3750253,36.2906076],[129.3750273,36.2905386],[129.375105,36.2905051],[129.3751257,36.290534],[129.3751964,36.2905848],[129.3750649,36.2906148]]]]}},{"type":"Feature","properties":{"r":228,"k":0,"d":91.7},"geometry":{"type":"MultiPolygon","coordinates":[[[[129.3740693,36.2850361],[129.3740307,36.2850436],[129.3739276,36.2850528],[129.3738642,36.2849192],[129.3738633,36.2848987],[129.3739673,36.2849068],[129.3740036,36.284917],[129.3740807,36.2849093],[129.3740824,36.2850217],[129.3740693,36.2850361]]]]}},{"type":"Feature","properties":{"r":347,"k":0,"d":118.6},"geometry":{"type":"MultiPolygon","coordinates":[[[[129.3738247,36.284554],[129.3738487,36.2845408],[129.3739103,36.2845351],[129.3739167,36.2846184],[129.3738788,36.2846148],[129.3738216,36.2846126],[129.3738091,36.2845622],[129.3738247,36.284554]]]]}},{"type":"Feature","properties":{"r":189,"k":0,"d":82.5},"geometry":{"type":"MultiPolygon","coordinates":[[[[129.3746575,36.283813],[129.3746391,36.2838231],[129.3746342,36.2838046],[129.3746184,36.2837442],[129.3745886,36.2836296],[129.3745658,36.2835417],[129.3746107,36.2835437],[129.3746273,36.2836426],[129.3746454,36.2837448],[129.3746575,36.283813]]]]}},{"type":"Feature","properties":{"r":580,"k":0,"d":163.9},"geometry":{"type":"MultiPolygon","coordinates":[[[[129.3744615,36.2907595],[129.3743971,36.2907567],[129.3743196,36.290736],[129.3743072,36.2906921],[129.374329,36.2906991],[129.3743593,36.2907037],[129.3744572,36.290739],[129.3744615,36.2907595]]]]}},{"type":"Feature","properties":{"r":616,"k":0,"d":169.5},"geometry":{"type":"MultiPolygon","coordinates":[[[[129.3734249,36.2901494],[129.3733948,36.2901453],[129.3733598,36.2901235],[129.3731856,36.2899309],[129.3732388,36.2899053],[129.3732942,36.2899595],[129.3733596,36.2900852],[129.3733913,36.2900882],[129.3734249,36.2901494]]]]}},{"type":"Feature","properties":{"r":108,"k":0,"d":67.3},"geometry":{"type":"MultiPolygon","coordinates":[[[[129.373956,36.2868468],[129.3737944,36.2868554],[129.3736756,36.2867915],[129.3735684,36.2867128],[129.3735815,36.2866975],[129.3737514,36.2867168],[129.3738332,36.2867566],[129.3739209,36.2867531],[129.373956,36.2868468]]]]}},{"type":"Feature","properties":{"r":587,"k":0,"d":164.5},"geometry":{"type":"MultiPolygon","coordinates":[[[[129.373429,36.2842241],[129.3734733,36.284178],[129.3735451,36.2841613],[129.373453,36.2842138],[129.3734572,36.2842493],[129.3734424,36.2842495],[129.373429,36.2842241]]]]}},{"type":"Feature","properties":{"r":732,"k":0,"d":184.2},"geometry":{"type":"MultiPolygon","coordinates":[[[[129.3736352,36.2833411],[129.3736697,36.2832708],[129.3736472,36.2831935],[129.37366,36.2831883],[129.3736768,36.2832737],[129.3736486,36.2833439],[129.3736352,36.2833411]]]]}},{"type":"Feature","properties":{"r":333,"k":0,"d":114.1},"geometry":{"type":"MultiPolygon","coordinates":[[[[129.3738718,36.2898504],[129.373796,36.2898317],[129.3737616,36.2896844],[129.373796,36.2896697],[129.3738308,36.2897636],[129.3738718,36.2898504]]]]}},{"type":"Feature","properties":{"r":226,"k":0,"d":91.5},"geometry":{"type":"MultiPolygon","coordinates":[[[[129.374097,36.2844581],[129.3740743,36.2844058],[129.3741504,36.2842589],[129.3743283,36.2843313],[129.3742896,36.2844403],[129.374097,36.2844581]]]]}},{"type":"Feature","properties":{"r":260,"k":0,"d":99.9},"geometry":{"type":"MultiPolygon","coordinates":[[[[129.3745254,36.2833891],[129.3744441,36.283163],[129.3745493,36.2831928],[129.3746199,36.2832438],[129.3746255,36.2833746],[129.3745254,36.2833891]]]]}},{"type":"Feature","properties":{"r":165,"k":0,"d":77.9},"geometry":{"type":"MultiPolygon","coordinates":[[[[129.3773332,36.2777044],[129.3773558,36.2776954],[129.3774637,36.2775467],[129.3775794,36.277411],[129.3776545,36.2773105],[129.3777255,36.2773515],[129.3777171,36.2773771],[129.3776041,36.2775384],[129.3775552,36.2776231],[129.377485,36.2778072],[129.3773332,36.2777044]]]]}},{"type":"Feature","properties":{"r":83,"k":0,"d":61.4},"geometry":{"type":"MultiPolygon","coordinates":[[[[129.3742539,36.2857841],[129.3742113,36.285791],[129.3742235,36.2857439],[129.3742395,36.2856622],[129.3742776,36.2856507],[129.3742539,36.2857841]]]]}},{"type":"Feature","properties":{"r":628,"k":0,"d":171.1},"geometry":{"type":"MultiPolygon","coordinates":[[[[129.3765183,36.2916411],[129.3764763,36.2916597],[129.3764639,36.2916375],[129.3764248,36.2915768],[129.3764613,36.2915605],[129.3765183,36.2916411]]]]}},{"type":"Feature","properties":{"r":489,"k":0,"d":149.2},"geometry":{"type":"MultiPolygon","coordinates":[[[[129.373618,36.2843032],[129.3736132,36.2842884],[129.3735845,36.2842699],[129.3735861,36.2841596],[129.3735966,36.2841588],[129.3736643,36.2841751],[129.3737078,36.284201],[129.3736988,36.2842127],[129.3736894,36.2842118],[129.373663,36.2842749],[129.3736336,36.2843037],[129.373618,36.2843032]]]]}},{"type":"Feature","properties":{"r":701,"k":0,"d":179.6},"geometry":{"type":"MultiPolygon","coordinates":[[[[129.3765267,36.2917457],[129.3765038,36.2917595],[129.3763955,36.2917211],[129.3763494,36.2916716],[129.3764639,36.2916375],[129.3765267,36.2917457]]]]}},{"type":"Feature","properties":{"r":298,"k":0,"d":106.6},"geometry":{"type":"MultiPolygon","coordinates":[[[[129.3750273,36.2905386],[129.3749997,36.2903939],[129.3750137,36.2903802],[129.375105,36.2905051],[129.3750273,36.2905386]]]]}},{"type":"Feature","properties":{"r":238,"k":0,"d":93.9},"geometry":{"type":"MultiPolygon","coordinates":[[[[129.3737618,36.2894852],[129.3736692,36.2892269],[129.373765,36.2892043],[129.3738479,36.2894875],[129.3737618,36.2894852]]]]}},{"type":"Feature","properties":{"r":111,"k":0,"d":68.1},"geometry":{"type":"MultiPolygon","coordinates":[[[[129.3740359,36.286337],[129.3739676,36.2863503],[129.373908,36.2863107],[129.3738743,36.2862188],[129.3740024,36.2861891],[129.3740359,36.286337]]]]}},{"type":"Feature","properties":{"r":62,"k":0,"d":58.3},"geometry":{"type":"MultiPolygon","coordinates":[[[[129.3741552,36.2861865],[129.3741702,36.2861134],[129.3741725,36.2860318],[129.3741818,36.2860286],[129.3742095,36.2860382],[129.3741811,36.2861903],[129.3741552,36.2861865]]]]}},{"type":"Feature","properties":{"r":261,"k":0,"d":100.0},"geometry":{"type":"MultiPolygon","coordinates":[[[[129.3761732,36.2782166],[129.3762693,36.278189],[129.3767133,36.2780517],[129.376948,36.2779063],[129.3771037,36.2777476],[129.3772477,36.2776447],[129.3773037,36.2776838],[129.3772756,36.2777151],[129.3772225,36.2777895],[129.3771967,36.2778103],[129.3770264,36.2779261],[129.376858,36.2780479],[129.3767867,36.2781105],[129.3767262,36.2781539],[129.3765836,36.2781542],[129.3765489,36.2781805],[129.3763553,36.278271],[129.3762154,36.2783139],[129.3761385,36.2782312],[129.3761732,36.2782166]]]]}},{"type":"Feature","properties":{"r":663,"k":0,"d":174.8},"geometry":{"type":"MultiPolygon","coordinates":[[[[129.3730432,36.2853918],[129.3729535,36.2853849],[129.3729131,36.285372],[129.3728986,36.2853462],[129.3728378,36.2853364],[129.3728742,36.2852193],[129.3730381,36.2852423],[129.3730432,36.2853918]]]]}},{"type":"Feature","properties":{"r":481,"k":0,"d":148.1},"geometry":{"type":"MultiPolygon","coordinates":[[[[129.3742368,36.2905825],[129.3741871,36.2905501],[129.3741728,36.2904843],[129.3742711,36.2904748],[129.3742712,36.2904905],[129.3742358,36.290555],[129.3742368,36.2905825]]]]}},{"type":"Feature","properties":{"r":316,"k":0,"d":110.4},"geometry":{"type":"MultiPolygon","coordinates":[[[[129.3765617,36.27866],[129.3765361,36.2786425],[129.376621,36.2785873],[129.3767802,36.278457],[129.3768591,36.2783892],[129.3769078,36.2784001],[129.3769595,36.2784499],[129.3765617,36.27866]]]]}},{"type":"Feature","properties":{"r":678,"k":0,"d":176.3},"geometry":{"type":"MultiPolygon","coordinates":[[[[129.3729955,36.2856004],[129.3728486,36.2856335],[129.3727767,36.2856346],[129.372779,36.2856201],[129.3728652,36.2856109],[129.3729876,36.2855862],[129.3729955,36.2856004]]]]}},{"type":"Feature","properties":{"r":268,"k":0,"d":102.1},"geometry":{"type":"MultiPolygon","coordinates":[[[[129.3754075,36.2907399],[129.3753918,36.2907364],[129.375399,36.2907165],[129.3754356,36.2907159],[129.3755223,36.290736],[129.3755414,36.2906912],[129.3756893,36.2908199],[129.3757105,36.2908342],[129.3757255,36.290854],[129.3756282,36.2909242],[129.3754606,36.2907802],[129.3754075,36.2907399]]]]}},{"type":"Feature","properties":{"r":393,"k":0,"d":127.8},"geometry":{"type":"MultiPolygon","coordinates":[[[[129.373252,36.2895804],[129.373202,36.2894132],[129.3733918,36.2894758],[129.3734812,36.2894631],[129.3734987,36.2895256],[129.373252,36.2895804]]]]}},{"type":"Feature","properties":{"r":42,"k":0,"d":48.4},"geometry":{"type":"MultiPolygon","coordinates":[[[[129.3740875,36.2891502],[129.3742622,36.2891144],[129.3742819,36.2892146],[129.37411,36.2892316],[129.3740875,36.2891502]]]]}},{"type":"Feature","properties":{"r":392,"k":0,"d":127.7},"geometry":{"type":"MultiPolygon","coordinates":[[[[129.3731592,36.2865277],[129.3731688,36.2864691],[129.3732032,36.2864666],[129.3732035,36.2864893],[129.373247,36.2864906],[129.3732938,36.2864852],[129.3733296,36.2865194],[129.3731592,36.2865277]]]]}},{"type":"Feature","properties":{"r":82,"k":0,"d":61.1},"geometry":{"type":"MultiPolygon","coordinates":[[[[129.3746987,36.2842098],[129.3746952,36.284158],[129.37467,36.2841179],[129.3746129,36.2841011],[129.3745746,36.2840906],[129.3745838,36.284085],[129.3746138,36.2840705],[129.37466,36.284049],[129.3746948,36.2840389],[129.3747116,36.284105],[129.3747312,36.2841805],[129.3747405,36.2842128],[129.3746987,36.2842098]]]]}},{"type":"Feature","properties":{"r":103,"k":0,"d":66.6},"geometry":{"type":"MultiPolygon","coordinates":[[[[129.3744325,36.2845706],[129.3744487,36.2843785],[129.3744898,36.2843948],[129.3745148,36.2844508],[129.3745751,36.2844499],[129.3745117,36.2845641],[129.3744325,36.2845706]]]]}},{"type":"Feature","properties":{"r":640,"k":0,"d":172.0},"geometry":{"type":"MultiPolygon","coordinates":[[[[129.3747516,36.2810845],[129.3747613,36.2811126],[129.374615,36.2813225],[129.3744441,36.2815763],[129.3743712,36.2816047],[129.3747516,36.2810845]]]]}},{"type":"Feature","properties":{"r":338,"k":0,"d":116.1},"geometry":{"type":"MultiPolygon","coordinates":[[[[129.3733274,36.28822],[129.3733184,36.2882192],[129.3732833,36.288092],[129.373292,36.2880774],[129.3733274,36.28822]]]]}}]}