{"type":"FeatureCollection","features":[{"type":"Feature","properties":{"r":296,"k":0,"d":147.4},"geometry":{"type":"MultiPolygon","coordinates":[[[[129.1704283,35.159723],[129.1704042,35.1596903],[129.1704017,35.1596762],[129.1704064,35.1596206],[129.1704006,35.1595609],[129.1704167,35.1595782],[129.1704178,35.1596204],[129.170417,35.1596831],[129.1704283,35.159723]]]]}},{"type":"Feature","properties":{"r":243,"k":0,"d":131.7},"geometry":{"type":"MultiPolygon","coordinates":[[[[129.1553017,35.1579213],[129.1554023,35.1579129],[129.1554764,35.1579126],[129.1555597,35.1579435],[129.1556338,35.1579929],[129.1556898,35.1580121],[129.155714,35.1580727],[129.1557741,35.1583025],[129.1556836,35.158287],[129.1554142,35.1581958],[129.1552457,35.1581409],[129.1552029,35.1581176],[129.1552481,35.1580294],[129.1552307,35.1579901],[129.1550116,35.1579242],[129.1549304,35.1579185],[129.1548681,35.157928],[129.1548422,35.1579],[129.154816,35.1578836],[129.1548075,35.1578601],[129.1548646,35.1578049],[129.1549261,35.1577918],[129.1549683,35.157804],[129.1550267,35.1578299],[129.1550536,35.1578627],[129.1551503,35.1579119],[129.1553017,35.1579213]]]]}},{"type":"Feature","properties":{"r":241,"k":0,"d":131.5},"geometry":{"type":"MultiPolygon","coordinates":[[[[129.155724,35.1580238],[129.1557802,35.1580461],[129.1559105,35.1581257],[129.1560416,35.1582119],[129.1561368,35.158262],[129.1561677,35.15831],[129.1558008,35.1583071],[129.1557741,35.1583025],[129.155714,35.1580727],[129.1556898,35.1580121],[129.155724,35.1580238]]]]}},{"type":"Feature","properties":{"r":436,"k":0,"d":189.8},"geometry":{"type":"MultiPolygon","coordinates":[[[[129.1649279,35.1615574],[129.1648763,35.1615181],[129.1647795,35.1614356],[129.1649521,35.1612845],[129.1649117,35.161252],[129.1649189,35.1612476],[129.1648391,35.1611767],[129.1650548,35.160971],[129.1649181,35.1608582],[129.1648928,35.1608442],[129.1652109,35.1608307],[129.1652387,35.1608277],[129.1652478,35.1609986],[129.1654277,35.1609893],[129.1654363,35.1610102],[129.1654277,35.1610411],[129.1654603,35.1611152],[129.1654517,35.1611395],[129.1654184,35.1611448],[129.1654506,35.1611993],[129.1654653,35.1612374],[129.1654694,35.1612666],[129.1654576,35.1612872],[129.1653641,35.1613159],[129.1652472,35.1613542],[129.1655469,35.1614674],[129.1656098,35.1614524],[129.1656267,35.1614707],[129.1656087,35.1615],[129.1655704,35.1614851],[129.1655553,35.1615092],[129.1655932,35.1615253],[129.1655905,35.1615297],[129.1655139,35.1614988],[129.1652835,35.1614107],[129.1652476,35.1614749],[129.1651643,35.161449],[129.1650498,35.1616303],[129.1649279,35.1615574]]]]}},{"type":"Feature","properties":{"r":18,"k":0,"d":47.0},"geometry":{"type":"MultiPolygon","coordinates":[[[[129.1679186,35.1596181],[129.1681496,35.1596071],[129.168359,35.1595944],[129.1687453,35.1595275],[129.168811,35.1595128],[129.1690507,35.1594761],[129.1692891,35.1594303],[129.1698527,35.1593299],[129.1700834,35.1594047],[129.1702253,35.1596076],[129.1704351,35.1598966],[129.1700704,35.1602871],[129.1699217,35.1604493],[129.1700433,35.1605165],[129.1698224,35.1607917],[129.169624,35.1606876],[129.1696131,35.1607015],[129.1695932,35.1606908],[129.1695098,35.1607943],[129.1695165,35.1607981],[129.1692747,35.1610999],[129.1689575,35.1615598],[129.1688305,35.1617552],[129.1687477,35.1618736],[129.1685554,35.1618904],[129.1685381,35.1618823],[129.1685244,35.1618718],[129.1680011,35.1619179],[129.1679309,35.1619455],[129.1676911,35.1619662],[129.167598,35.1618998],[129.1675193,35.1607712],[129.1675056,35.1605531],[129.167478,35.1605306],[129.1679956,35.1605005],[129.1679186,35.1596181]]]]}},{"type":"Feature","properties":{"r":3,"k":0,"d":15.6},"geometry":{"type":"MultiPolygon","coordinates":[[[[129.1534414,35.1566352],[129.1534429,35.1565264],[129.1534329,35.1565069],[129.1535116,35.1561663],[129.1535675,35.1561132],[129.1535666,35.1560839],[129.1535174,35.156144],[129.1535578,35.1559758],[129.153572,35.1558995],[129.1535863,35.1558382],[129.1536442,35.1556015],[129.1536801,35.1556076],[129.15368,35.1556113],[129.1537048,35.1556146],[129.1537067,35.1555992],[129.1536468,35.1555905],[129.1537094,35.1553262],[129.1537312,35.1552593],[129.1537482,35.1553036],[129.1537731,35.1553464],[129.1538154,35.1553504],[129.15391,35.1553205],[129.1539485,35.1552985],[129.1540533,35.1553137],[129.1541584,35.1554474],[129.1542366,35.1553643],[129.1542626,35.1553732],[129.1543033,35.1553492],[129.1543521,35.1553023],[129.1543738,35.1552634],[129.1544227,35.1552005],[129.1544532,35.1551531],[129.154517,35.1551778],[129.1545157,35.1552243],[129.1544921,35.1552856],[129.1544732,35.155318],[129.1544617,35.1553773],[129.1544281,35.1554411],[129.1544669,35.1554449],[129.1544301,35.1555701],[129.1544637,35.1555766],[129.1543139,35.1562024],[129.1543292,35.1563067],[129.1543231,35.1563775],[129.1543264,35.156417],[129.1543094,35.1564463],[129.1543183,35.1565699],[129.1543107,35.1566155],[129.1542771,35.1566141],[129.1540417,35.1566362],[129.1540206,35.1566394],[129.1539184,35.1566183],[129.1538522,35.1566194],[129.1538323,35.1566624],[129.153708,35.1566754],[129.1534414,35.1566352]]]]}},{"type":"Feature","properties":{"r":43,"k":0,"d":57.4},"geometry":{"type":"MultiPolygon","coordinates":[[[[129.1578152,35.1581791],[129.1577632,35.1582975],[129.157468,35.1581649],[129.1575198,35.1580767],[129.1578152,35.1581791]]]]}},{"type":"Feature","properties":{"r":199,"k":0,"d":110.4},"geometry":{"type":"MultiPolygon","coordinates":[[[[129.1557802,35.1580461],[129.155724,35.1580238],[129.1558324,35.1578712],[129.1559545,35.1579084],[129.155979,35.1579202],[129.1558527,35.1580896],[129.1557802,35.1580461]]]]}},{"type":"Feature","properties":{"r":88,"k":0,"d":75.5},"geometry":{"type":"MultiPolygon","coordinates":[[[[129.1556298,35.1573862],[129.1554067,35.1573292],[129.1553199,35.1572735],[129.1553432,35.1572519],[129.1556298,35.1573862]]]]}},{"type":"Feature","properties":{"r":62,"k":0,"d":68.2},"geometry":{"type":"MultiPolygon","coordinates":[[[[129.1543838,35.1566394],[129.1543078,35.1566332],[129.1543183,35.1565699],[129.1543838,35.1566394]]]]}},{"type":"Feature","properties":{"r":446,"k":0,"d":192.5},"geometry":{"type":"MultiPolygon","coordinates":[[[[129.1636703,35.1607498],[129.1636123,35.1607291],[129.1635962,35.1607212],[129.1636451,35.1607214],[129.1636869,35.1607205],[129.1637062,35.1607201],[129.1637189,35.1607543],[129.1636703,35.1607498]]]]}},{"type":"Feature","properties":{"r":445,"k":0,"d":192.3},"geometry":{"type":"MultiPolygon","coordinates":[[[[129.1529361,35.1569297],[129.1528507,35.1570339],[129.1525781,35.1568777],[129.1526829,35.1567497],[129.1526946,35.1567721],[129.1527431,35.1568395],[129.1527959,35.1568792],[129.1529361,35.1569297]]]]}},{"type":"Feature","properties":{"r":193,"k":0,"d":108.8},"geometry":{"type":"MultiPolygon","coordinates":[[[[129.1537311,35.1567925],[129.1535995,35.1567346],[129.153538,35.1567017],[129.153658,35.1566853],[129.153736,35.1566868],[129.1538285,35.156672],[129.1537798,35.1567405],[129.1537311,35.1567925]]]]}},{"type":"Feature","properties":{"r":96,"k":0,"d":78.8},"geometry":{"type":"MultiPolygon","coordinates":[[[[129.1583753,35.1587236],[129.1583805,35.1587134],[129.1584485,35.1585154],[129.1585742,35.1585569],[129.1586516,35.158578],[129.1587165,35.1585934],[129.1586223,35.1588003],[129.1583753,35.1587236]]]]}},{"type":"Feature","properties":{"r":360,"k":0,"d":163.1},"geometry":{"type":"MultiPolygon","coordinates":[[[[129.1589746,35.1595014],[129.1585323,35.1595774],[129.1584851,35.1594352],[129.1584816,35.1592991],[129.158714,35.1593656],[129.1589549,35.1594141],[129.158994,35.159447],[129.1590013,35.1594701],[129.1589746,35.1595014]]]]}},{"type":"Feature","properties":{"r":458,"k":0,"d":196.0},"geometry":{"type":"MultiPolygon","coordinates":[[[[129.1563401,35.159445],[129.1563326,35.1594197],[129.1562611,35.1594319],[129.156205,35.1594037],[129.1561675,35.1592557],[129.1567579,35.1591563],[129.1568135,35.1593649],[129.1563401,35.159445]]]]}},{"type":"Feature","properties":{"r":351,"k":0,"d":160.5},"geometry":{"type":"MultiPolygon","coordinates":[[[[129.1582068,35.1593716],[129.158201,35.15937],[129.1582569,35.1592348],[129.1583925,35.1592736],[129.1583419,35.1594101],[129.1582068,35.1593716]]]]}},{"type":"Feature","properties":{"r":405,"k":0,"d":180.9},"geometry":{"type":"MultiPolygon","coordinates":[[[[129.1568135,35.1593649],[129.1567579,35.1591563],[129.157022,35.159111],[129.1570771,35.1593194],[129.1568135,35.1593649]]]]}},{"type":"Feature","properties":{"r":165,"k":0,"d":101.5},"geometry":{"type":"MultiPolygon","coordinates":[[[[129.1587236,35.1590832],[129.1582045,35.1589357],[129.1583,35.1587006],[129.1587957,35.1588543],[129.1587236,35.1590832]]]]}},{"type":"Feature","properties":{"r":106,"k":0,"d":81.6},"geometry":{"type":"MultiPolygon","coordinates":[[[[129.1603034,35.158971],[129.1603013,35.1589779],[129.1600275,35.1589194],[129.1600229,35.158937],[129.1599304,35.1589166],[129.1598556,35.1589005],[129.1597796,35.1588746],[129.1596544,35.15883],[129.1597796,35.1588572],[129.1603034,35.158971]]]]}},{"type":"Feature","properties":{"r":251,"k":0,"d":135.1},"geometry":{"type":"MultiPolygon","coordinates":[[[[129.157233,35.1588569],[129.157179,35.1588329],[129.1567205,35.1586168],[129.1564382,35.1585694],[129.1564123,35.1585711],[129.1563577,35.1585282],[129.1563222,35.1584894],[129.1564378,35.1584719],[129.1567116,35.1585206],[129.1572411,35.1588424],[129.157233,35.1588569]]]]}},{"type":"Feature","properties":{"r":435,"k":0,"d":189.7},"geometry":{"type":"MultiPolygon","coordinates":[[[[129.1550638,35.1584197],[129.1548295,35.1583833],[129.154668,35.1583315],[129.1545713,35.1582981],[129.1543608,35.1582091],[129.1541517,35.1581132],[129.1536648,35.1578632],[129.1538114,35.1577123],[129.1539347,35.1578081],[129.1540016,35.1578658],[129.1541328,35.1579524],[129.1542888,35.1580587],[129.1545081,35.1581178],[129.1547199,35.1581886],[129.1548952,35.1582794],[129.1550553,35.1583545],[129.1553086,35.1584285],[129.1550638,35.1584197]]]]}},{"type":"Feature","properties":{"r":139,"k":0,"d":97.2},"geometry":{"type":"MultiPolygon","coordinates":[[[[129.162815,35.1598136],[129.1625748,35.1598016],[129.1625253,35.1597693],[129.1624442,35.1597312],[129.162433,35.1597135],[129.1626096,35.1596869],[129.1629295,35.1597727],[129.1629442,35.1598208],[129.162815,35.1598136]]]]}},{"type":"Feature","properties":{"r":65,"k":0,"d":68.6},"geometry":{"type":"MultiPolygon","coordinates":[[[[129.1646454,35.1597164],[129.1645942,35.1596812],[129.1647139,35.1596883],[129.1647215,35.1597212],[129.1646454,35.1597164]]]]}},{"type":"Feature","properties":{"r":118,"k":0,"d":88.0},"geometry":{"type":"MultiPolygon","coordinates":[[[[129.1610626,35.15931],[129.1609425,35.1592872],[129.1609597,35.1592541],[129.1609422,35.1592475],[129.1609605,35.1592043],[129.1610373,35.1592366],[129.1610336,35.1592608],[129.161079,35.1592779],[129.1610626,35.15931]]]]}},{"type":"Feature","properties":{"r":92,"k":0,"d":78.2},"geometry":{"type":"MultiPolygon","coordinates":[[[[129.1607812,35.1591213],[129.1607106,35.1591044],[129.1607246,35.1590639],[129.1608026,35.1590782],[129.1607812,35.1591213]]]]}},{"type":"Feature","properties":{"r":97,"k":0,"d":80.0},"geometry":{"type":"MultiPolygon","coordinates":[[[[129.1604627,35.1590731],[129.1604287,35.1590674],[129.1603824,35.1590607],[129.1603265,35.1590589],[129.1603255,35.1590636],[129.1602802,35.1590526],[129.1602856,35.159033],[129.1603521,35.159043],[129.1603589,35.1590058],[129.1602945,35.1590011],[129.1602946,35.1590006],[129.1603013,35.1589779],[129.1604834,35.1590202],[129.1604813,35.1590259],[129.1604483,35.1590192],[129.1603935,35.159009],[129.1603828,35.1590439],[129.1604597,35.1590638],[129.1604662,35.1590647],[129.1604627,35.1590731]]]]}},{"type":"Feature","properties":{"r":69,"k":0,"d":69.9},"geometry":{"type":"MultiPolygon","coordinates":[[[[129.1543078,35.1566332],[129.1543838,35.1566394],[129.1549002,35.1571903],[129.1549836,35.1572811],[129.1550272,35.1573256],[129.1550507,35.1573967],[129.1545977,35.1571996],[129.1545276,35.1571741],[129.1544695,35.1571553],[129.1544224,35.1571434],[129.1543734,35.1571358],[129.1543277,35.1571319],[129.1542385,35.157132],[129.154194,35.157135],[129.1540988,35.1571481],[129.1542389,35.1568772],[129.154264,35.1568065],[129.1542899,35.156785],[129.1543001,35.1567694],[129.1542966,35.1567002],[129.1543078,35.1566332]]]]}},{"type":"Feature","properties":{"r":246,"k":0,"d":132.5},"geometry":{"type":"MultiPolygon","coordinates":[[[[129.1646739,35.1604624],[129.1644163,35.160473],[129.1644036,35.1602724],[129.1646278,35.1602596],[129.1646557,35.1602875],[129.1646214,35.1602924],[129.1646681,35.1603742],[129.1646739,35.1604624]]]]}},{"type":"Feature","properties":{"r":417,"k":0,"d":185.6},"geometry":{"type":"MultiPolygon","coordinates":[[[[129.1618074,35.1604073],[129.1617897,35.1603868],[129.1618377,35.1603284],[129.1618704,35.1603585],[129.1618074,35.1604073]]]]}},{"type":"Feature","properties":{"r":269,"k":0,"d":139.1},"geometry":{"type":"MultiPolygon","coordinates":[[[[129.1639937,35.1602855],[129.1639391,35.160275],[129.1640427,35.1602726],[129.1639937,35.1602855]]]]}},{"type":"Feature","properties":{"r":45,"k":0,"d":57.8},"geometry":{"type":"MultiPolygon","coordinates":[[[[129.157468,35.1581649],[129.1570109,35.1579485],[129.1570292,35.157903],[129.1575198,35.1580767],[129.157468,35.1581649]]]]}},{"type":"Feature","properties":{"r":56,"k":0,"d":64.7},"geometry":{"type":"MultiPolygon","coordinates":[[[[129.1566769,35.158157],[129.1560843,35.1578494],[129.1558811,35.1577475],[129.156143,35.1575386],[129.1565884,35.1577476],[129.1566769,35.158157]]]]}},{"type":"Feature","properties":{"r":130,"k":0,"d":94.3},"geometry":{"type":"MultiPolygon","coordinates":[[[[129.1533178,35.156575],[129.1532727,35.1565502],[129.1532468,35.1565504],[129.1532925,35.1564237],[129.1534021,35.1559188],[129.1533929,35.1558448],[129.1534038,35.1558391],[129.1534523,35.1558512],[129.153483,35.1558809],[129.1534776,35.1558916],[129.153572,35.1558995],[129.1535578,35.1559758],[129.1535174,35.156144],[129.1534718,35.1561997],[129.1534491,35.1562244],[129.1534909,35.1562542],[129.1534329,35.1565069],[129.1534429,35.1565264],[129.1533511,35.1565969],[129.1533178,35.156575]]]]}},{"type":"Feature","properties":{"r":91,"k":0,"d":77.9},"geometry":{"type":"MultiPolygon","coordinates":[[[[129.1558811,35.1577475],[129.1558371,35.1577256],[129.1559079,35.1575795],[129.1559702,35.1575794],[129.1559823,35.1575951],[129.155946,35.1576961],[129.1558811,35.1577475]]]]}},{"type":"Feature","properties":{"r":161,"k":0,"d":100.9},"geometry":{"type":"MultiPolygon","coordinates":[[[[129.1576186,35.1587711],[129.1577161,35.1585577],[129.1578054,35.1585854],[129.1577105,35.1587953],[129.1576186,35.1587711]]]]}},{"type":"Feature","properties":{"r":215,"k":0,"d":115.6},"geometry":{"type":"MultiPolygon","coordinates":[[[[129.1599391,35.1592025],[129.1598988,35.1593428],[129.1598041,35.1593242],[129.159848,35.1591736],[129.1599391,35.1592025]]]]}},{"type":"Feature","properties":{"r":355,"k":0,"d":161.4},"geometry":{"type":"MultiPolygon","coordinates":[[[[129.1705208,35.1596392],[129.1705688,35.159611],[129.1706368,35.1595768],[129.1707197,35.1595931],[129.1707405,35.1596379],[129.1707841,35.1597091],[129.1708943,35.1596033],[129.1709194,35.1596172],[129.170934,35.1596008],[129.1709751,35.1596369],[129.1708169,35.1597809],[129.1706911,35.1598298],[129.1706699,35.1598442],[129.1705208,35.1596392]]]]}},{"type":"Feature","properties":{"r":365,"k":0,"d":165.0},"geometry":{"type":"MultiPolygon","coordinates":[[[[129.164835,35.1606695],[129.1656716,35.1606289],[129.1656737,35.1606754],[129.1650365,35.1607002],[129.1648037,35.1607114],[129.1647751,35.1606822],[129.1647745,35.1606723],[129.164835,35.1606695]]]]}},{"type":"Feature","properties":{"r":16,"k":0,"d":46.7},"geometry":{"type":"MultiPolygon","coordinates":[[[[129.1672251,35.1596042],[129.1672227,35.1595871],[129.1672653,35.1595857],[129.1672397,35.1595923],[129.1672251,35.1596042]]]]}},{"type":"Feature","properties":{"r":234,"k":0,"d":129.5},"geometry":{"type":"MultiPolygon","coordinates":[[[[129.1531198,35.156706],[129.1532468,35.1565504],[129.1532727,35.1565502],[129.1533178,35.156575],[129.1533511,35.1565969],[129.1534429,35.1565264],[129.1534412,35.1566499],[129.1533499,35.1567663],[129.1531264,35.1570403],[129.1530868,35.1570272],[129.1530069,35.1569436],[129.1529651,35.1568945],[129.1531198,35.156706]]]]}},{"type":"Feature","properties":{"r":352,"k":0,"d":160.8},"geometry":{"type":"MultiPolygon","coordinates":[[[[129.1619583,35.1601865],[129.1619511,35.1601787],[129.1620024,35.1601306],[129.1620043,35.1601324],[129.1619583,35.1601865]]]]}},{"type":"Feature","properties":{"r":54,"k":0,"d":63.6},"geometry":{"type":"MultiPolygon","coordinates":[[[[129.1626289,35.1594899],[129.1626732,35.1594975],[129.1626837,35.1594617],[129.1627218,35.1594686],[129.1629814,35.1594678],[129.1635046,35.1595351],[129.1634994,35.1595759],[129.1634132,35.1595658],[129.1634607,35.1596134],[129.1634616,35.159844],[129.1634437,35.1598338],[129.1633311,35.1598408],[129.163241,35.1598168],[129.1631268,35.1597987],[129.1629435,35.1597555],[129.1626471,35.1596729],[129.1624504,35.1596334],[129.1624621,35.1596136],[129.1624805,35.159589],[129.1625032,35.1595648],[129.1625264,35.1595439],[129.1625564,35.1595225],[129.1626007,35.1595004],[129.1626289,35.1594899]]]]}},{"type":"Feature","properties":{"r":79,"k":0,"d":73.5},"geometry":{"type":"MultiPolygon","coordinates":[[[[129.1626289,35.1594899],[129.1626782,35.1594807],[129.1626732,35.1594975],[129.1626289,35.1594899]]]]}},{"type":"Feature","properties":{"r":183,"k":0,"d":106.8},"geometry":{"type":"MultiPolygon","coordinates":[[[[129.1624244,35.1597957],[129.1624906,35.1597749],[129.1624442,35.1597312],[129.1625253,35.1597693],[129.1625748,35.1598016],[129.1624244,35.1597957]]]]}},{"type":"Feature","properties":{"r":306,"k":0,"d":150.4},"geometry":{"type":"MultiPolygon","coordinates":[[[[129.1567762,35.1587039],[129.1566738,35.1586803],[129.1566694,35.1586624],[129.1566948,35.1586664],[129.1567762,35.1587039]]]]}},{"type":"Feature","properties":{"r":253,"k":0,"d":135.1},"geometry":{"type":"MultiPolygon","coordinates":[[[[129.161112,35.1597491],[129.1611223,35.1597002],[129.1612638,35.1597286],[129.1612556,35.1597686],[129.161112,35.1597491]]]]}},{"type":"Feature","properties":{"r":181,"k":0,"d":106.4},"geometry":{"type":"MultiPolygon","coordinates":[[[[129.1624236,35.1597218],[129.1624442,35.1597312],[129.1624906,35.1597749],[129.1624244,35.1597957],[129.162423,35.1597437],[129.1624236,35.1597218]]]]}},{"type":"Feature","properties":{"r":125,"k":0,"d":92.6},"geometry":{"type":"MultiPolygon","coordinates":[[[[129.1572381,35.1584199],[129.1573025,35.1583384],[129.1575406,35.1584517],[129.1576725,35.158505],[129.1577306,35.1585259],[129.1576186,35.1587711],[129.1575318,35.1587457],[129.1573389,35.1586531],[129.1571344,35.1585588],[129.1571635,35.1585176],[129.1572381,35.1584199]]]]}},{"type":"Feature","properties":{"r":430,"k":0,"d":188.5},"geometry":{"type":"MultiPolygon","coordinates":[[[[129.1636869,35.1607205],[129.1636451,35.1607214],[129.1636149,35.1607006],[129.1636366,35.16068],[129.1636662,35.1606976],[129.1636599,35.1607028],[129.1636869,35.1607205]]]]}},{"type":"Feature","properties":{"r":209,"k":0,"d":112.1},"geometry":{"type":"MultiPolygon","coordinates":[[[[129.1566958,35.1582779],[129.1571635,35.1585176],[129.1571344,35.1585588],[129.1568108,35.1584058],[129.1565568,35.1583285],[129.1566598,35.1583261],[129.156682,35.1583188],[129.1566958,35.1582779]]]]}},{"type":"Feature","properties":{"r":141,"k":0,"d":97.5},"geometry":{"type":"MultiPolygon","coordinates":[[[[129.163447,35.1598649],[129.1634041,35.1598607],[129.1633311,35.1598408],[129.1634437,35.1598338],[129.163447,35.1598649]]]]}},{"type":"Feature","properties":{"r":357,"k":0,"d":162.1},"geometry":{"type":"MultiPolygon","coordinates":[[[[129.165933,35.160617],[129.1659416,35.1606171],[129.1659708,35.160665],[129.1658753,35.1606689],[129.1658719,35.1606184],[129.165933,35.160617]]]]}},{"type":"Feature","properties":{"r":319,"k":0,"d":154.1},"geometry":{"type":"MultiPolygon","coordinates":[[[[129.1658114,35.1605638],[129.1658676,35.1605352],[129.1658682,35.1605629],[129.1658719,35.1606184],[129.1657917,35.1606223],[129.1657916,35.1606134],[129.1658114,35.1605638]]]]}},{"type":"Feature","properties":{"r":86,"k":0,"d":75.4},"geometry":{"type":"MultiPolygon","coordinates":[[[[129.1620867,35.1595415],[129.1612082,35.1594165],[129.1612874,35.1592481],[129.1617179,35.1592955],[129.1620784,35.1593542],[129.1620928,35.15938],[129.1621016,35.1594028],[129.1621078,35.1594235],[129.1621114,35.1594538],[129.1621105,35.1594801],[129.1621015,35.1595147],[129.1620867,35.1595415]]]]}},{"type":"Feature","properties":{"r":72,"k":0,"d":71.1},"geometry":{"type":"MultiPolygon","coordinates":[[[[129.1620807,35.1593146],[129.1620685,35.159337],[129.1620784,35.1593542],[129.1617179,35.1592955],[129.1612874,35.1592481],[129.1611872,35.1592189],[129.1610588,35.1591703],[129.1609203,35.1591318],[129.1608268,35.1590877],[129.1608026,35.1590782],[129.1614753,35.1592213],[129.1616301,35.1592488],[129.1620807,35.1593146]]]]}},{"type":"Feature","properties":{"r":320,"k":0,"d":154.3},"geometry":{"type":"MultiPolygon","coordinates":[[[[129.170554,35.1594847],[129.1706186,35.1594154],[129.1706567,35.1594037],[129.1707647,35.159487],[129.1707912,35.159578],[129.1707865,35.1595829],[129.1707393,35.1595968],[129.1706368,35.1595767],[129.1706189,35.1595591],[129.1706064,35.1595345],[129.1705962,35.1595218],[129.1705944,35.1595229],[129.170554,35.1594847]]]]}},{"type":"Feature","properties":{"r":285,"k":0,"d":143.7},"geometry":{"type":"MultiPolygon","coordinates":[[[[129.1641253,35.1607015],[129.163978,35.160708],[129.1639119,35.1607014],[129.1638377,35.160682],[129.1637832,35.1605814],[129.1637218,35.1605772],[129.1636488,35.160378],[129.1636507,35.1602822],[129.1637239,35.1602807],[129.1637894,35.1602881],[129.1639292,35.1603167],[129.1639542,35.160366],[129.1640381,35.1604817],[129.1640858,35.1605667],[129.1641198,35.1606657],[129.1641253,35.1607015]]]]}},{"type":"Feature","properties":{"r":401,"k":0,"d":178.1},"geometry":{"type":"MultiPolygon","coordinates":[[[[129.16443,35.160688],[129.1646868,35.1606763],[129.164687,35.1606792],[129.1646483,35.1607183],[129.1644325,35.1607281],[129.16443,35.160688]]]]}},{"type":"Feature","properties":{"r":375,"k":0,"d":169.5},"geometry":{"type":"MultiPolygon","coordinates":[[[[129.1603349,35.1601763],[129.1600698,35.1600192],[129.160037,35.159966],[129.1605143,35.1598666],[129.1605352,35.1598766],[129.1606488,35.160121],[129.1603349,35.1601763]]]]}},{"type":"Feature","properties":{"r":272,"k":0,"d":140.2},"geometry":{"type":"MultiPolygon","coordinates":[[[[129.1703139,35.159551],[129.1704017,35.1596762],[129.1703961,35.1596794],[129.1703058,35.1595571],[129.1703139,35.159551]]]]}},{"type":"Feature","properties":{"r":267,"k":0,"d":138.6},"geometry":{"type":"MultiPolygon","coordinates":[[[[129.1607469,35.1598359],[129.1609543,35.1597856],[129.1609546,35.1597685],[129.1610703,35.1597437],[129.161381,35.1597856],[129.1613486,35.1599259],[129.1612342,35.1598735],[129.1608747,35.1598722],[129.1608771,35.159884],[129.1608564,35.159881],[129.1607637,35.1598774],[129.1607469,35.1598359]]]]}},{"type":"Feature","properties":{"r":447,"k":0,"d":192.6},"geometry":{"type":"MultiPolygon","coordinates":[[[[129.1526829,35.1567497],[129.1527308,35.1566998],[129.1528987,35.1568947],[129.1529301,35.1569275],[129.1527959,35.1568792],[129.1527431,35.1568395],[129.1526946,35.1567721],[129.1526829,35.1567497]]]]}},{"type":"Feature","properties":{"r":455,"k":0,"d":195.4},"geometry":{"type":"MultiPolygon","coordinates":[[[[129.1647411,35.1612576],[129.16471,35.1612608],[129.1646954,35.1612342],[129.164681,35.1612378],[129.1646753,35.1612264],[129.164663,35.1612287],[129.1645562,35.1610028],[129.1648424,35.1609924],[129.1648518,35.1609784],[129.1648529,35.1608461],[129.1648928,35.1608442],[129.1649181,35.1608582],[129.1650548,35.160971],[129.1648391,35.1611767],[129.1648235,35.1611619],[129.1647871,35.1611922],[129.1647411,35.1612576]]]]}},{"type":"Feature","properties":{"r":386,"k":0,"d":175.2},"geometry":{"type":"MultiPolygon","coordinates":[[[[129.1708801,35.159403],[129.1709424,35.159347],[129.1709994,35.1593108],[129.1710579,35.1592684],[129.1710726,35.1592673],[129.1710993,35.1593091],[129.1711676,35.1593427],[129.1712087,35.1593766],[129.1711824,35.1594041],[129.1710473,35.1595016],[129.1710037,35.1595449],[129.1709013,35.1594437],[129.1708801,35.159403]]]]}},{"type":"Feature","properties":{"r":46,"k":0,"d":58.1},"geometry":{"type":"MultiPolygon","coordinates":[[[[129.1577632,35.1582975],[129.1578152,35.1581791],[129.1581397,35.1582929],[129.1580983,35.1584079],[129.1577632,35.1582975]]]]}},{"type":"Feature","properties":{"r":461,"k":0,"d":197.6},"geometry":{"type":"MultiPolygon","coordinates":[[[[129.1695165,35.1607981],[129.1695098,35.1607943],[129.1695932,35.1606908],[129.1696131,35.1607015],[129.169624,35.1606876],[129.1698224,35.1607917],[129.1697192,35.1609206],[129.1695199,35.160815],[129.1695284,35.1608048],[129.1695165,35.1607981]]]]}},{"type":"Feature","properties":{"r":437,"k":0,"d":189.9},"geometry":{"type":"MultiPolygon","coordinates":[[[[129.1531769,35.1572597],[129.1531644,35.1572031],[129.1531816,35.1571774],[129.153222,35.1572395],[129.1531769,35.1572597]]]]}},{"type":"Feature","properties":{"r":180,"k":0,"d":105.6},"geometry":{"type":"MultiPolygon","coordinates":[[[[129.1535116,35.1561663],[129.1534718,35.1561997],[129.1535174,35.156144],[129.1535116,35.1561663]]]]}},{"type":"Feature","properties":{"r":202,"k":0,"d":110.7},"geometry":{"type":"MultiPolygon","coordinates":[[[[129.1533972,35.1559413],[129.1533676,35.1560773],[129.153248,35.1559384],[129.1532685,35.1559149],[129.1533094,35.1559063],[129.1533819,35.1559371],[129.1533972,35.1559413]]]]}},{"type":"Feature","properties":{"r":216,"k":0,"d":116.5},"geometry":{"type":"MultiPolygon","coordinates":[[[[129.1658405,35.1602514],[129.1657848,35.160244],[129.1657521,35.1602324],[129.1657381,35.1602227],[129.1657375,35.1602045],[129.1658447,35.1601862],[129.1658453,35.1601961],[129.1658335,35.1602177],[129.1658405,35.1602514]]]]}},{"type":"Feature","properties":{"r":236,"k":0,"d":130.2},"geometry":{"type":"MultiPolygon","coordinates":[[[[129.1572411,35.1588424],[129.1567116,35.1585206],[129.1564378,35.1584719],[129.1563222,35.1584894],[129.1563013,35.1584664],[129.1563175,35.1584447],[129.15635,35.1584516],[129.1565501,35.1584319],[129.1567194,35.1584763],[129.1568358,35.1585197],[129.1568891,35.1585679],[129.1569893,35.1586201],[129.1570452,35.1586395],[129.1572053,35.15869],[129.1573159,35.1587231],[129.1572705,35.1587861],[129.1572411,35.1588424]]]]}},{"type":"Feature","properties":{"r":295,"k":0,"d":146.6},"geometry":{"type":"MultiPolygon","coordinates":[[[[129.1599901,35.1595106],[129.1598726,35.1595359],[129.1594676,35.1594559],[129.1594709,35.1594452],[129.1595402,35.1594371],[129.159672,35.159431],[129.15976,35.1594765],[129.1599901,35.1595106]]]]}},{"type":"Feature","properties":{"r":451,"k":0,"d":193.2},"geometry":{"type":"MultiPolygon","coordinates":[[[[129.1576417,35.1595132],[129.1575961,35.1595208],[129.1575673,35.1594077],[129.1576128,35.1594],[129.1576417,35.1595132]]]]}},{"type":"Feature","properties":{"r":239,"k":0,"d":131.1},"geometry":{"type":"MultiPolygon","coordinates":[[[[129.1601201,35.1593914],[129.1601036,35.1594093],[129.1598931,35.1593614],[129.1598988,35.1593428],[129.1601201,35.1593914]]]]}},{"type":"Feature","properties":{"r":140,"k":0,"d":97.2},"geometry":{"type":"MultiPolygon","coordinates":[[[[129.1599009,35.1590895],[129.1597946,35.1590567],[129.159816,35.1590011],[129.1599168,35.1590274],[129.1599009,35.1590895]]]]}},{"type":"Feature","properties":{"r":87,"k":0,"d":75.5},"geometry":{"type":"MultiPolygon","coordinates":[[[[129.1603034,35.158971],[129.1596544,35.15883],[129.1593893,35.1587393],[129.1592497,35.1586893],[129.1603191,35.1589176],[129.1603034,35.158971]]]]}},{"type":"Feature","properties":{"r":307,"k":0,"d":151.0},"geometry":{"type":"MultiPolygon","coordinates":[[[[129.1562946,35.1589452],[129.1562226,35.1586383],[129.1564237,35.1586244],[129.1566694,35.1586624],[129.1567205,35.1588697],[129.1562946,35.1589452]]]]}},{"type":"Feature","properties":{"r":174,"k":0,"d":103.7},"geometry":{"type":"MultiPolygon","coordinates":[[[[129.1571635,35.1585176],[129.1566958,35.1582779],[129.1567102,35.1582366],[129.1568808,35.1582836],[129.1569574,35.1583031],[129.1571556,35.158398],[129.1572268,35.1584345],[129.1571635,35.1585176]]]]}},{"type":"Feature","properties":{"r":53,"k":0,"d":61.6},"geometry":{"type":"MultiPolygon","coordinates":[[[[129.1584841,35.158414],[129.1584485,35.1585154],[129.1580983,35.1584079],[129.1581397,35.1582929],[129.1584841,35.158414]]]]}},{"type":"Feature","properties":{"r":309,"k":0,"d":151.3},"geometry":{"type":"MultiPolygon","coordinates":[[[[129.1613216,35.1599369],[129.1612796,35.1599377],[129.1612397,35.1599135],[129.1612174,35.1599025],[129.1610798,35.1598916],[129.1609487,35.1598945],[129.1608771,35.159884],[129.1608747,35.1598722],[129.1612342,35.1598735],[129.1613043,35.1599056],[129.1613216,35.1599369]]]]}},{"type":"Feature","properties":{"r":214,"k":0,"d":115.1},"geometry":{"type":"MultiPolygon","coordinates":[[[[129.162431,35.159817],[129.1624426,35.1598496],[129.1623923,35.1598057],[129.1624093,35.1598004],[129.162431,35.159817]]]]}},{"type":"Feature","properties":{"r":250,"k":0,"d":134.8},"geometry":{"type":"MultiPolygon","coordinates":[[[[129.1609599,35.1596948],[129.1609612,35.159673],[129.1611243,35.1596899],[129.1611223,35.1597002],[129.1609599,35.1596948]]]]}},{"type":"Feature","properties":{"r":127,"k":0,"d":93.1},"geometry":{"type":"MultiPolygon","coordinates":[[[[129.1609425,35.1592872],[129.1609263,35.1592842],[129.1609422,35.1592475],[129.1609597,35.1592541],[129.1609425,35.1592872]]]]}},{"type":"Feature","properties":{"r":389,"k":0,"d":175.9},"geometry":{"type":"MultiPolygon","coordinates":[[[[129.1628227,35.1606446],[129.1627474,35.1606032],[129.1626836,35.1605516],[129.1626299,35.1605235],[129.162721,35.1604496],[129.1628874,35.1605821],[129.1628227,35.1606446]]]]}},{"type":"Feature","properties":{"r":439,"k":0,"d":189.9},"geometry":{"type":"MultiPolygon","coordinates":[[[[129.1528618,35.1573803],[129.1531014,35.1570931],[129.1531529,35.1571514],[129.1531769,35.1572597],[129.1529565,35.1574372],[129.1528618,35.1573803]]]]}},{"type":"Feature","properties":{"r":292,"k":0,"d":145.7},"geometry":{"type":"MultiPolygon","coordinates":[[[[129.1704381,35.1595483],[129.1704239,35.1595087],[129.1705208,35.1596392],[129.1707628,35.159973],[129.1707416,35.1599871],[129.1706865,35.1599275],[129.1706548,35.1599063],[129.1706142,35.1598913],[129.1705718,35.159869],[129.170539,35.1598307],[129.1705177,35.1597984],[129.1704782,35.1597661],[129.1704332,35.1596747],[129.1704381,35.1595483]]]]}},{"type":"Feature","properties":{"r":395,"k":0,"d":177.1},"geometry":{"type":"MultiPolygon","coordinates":[[[[129.1705299,35.1598628],[129.1705334,35.1598624],[129.1705577,35.1598845],[129.1705808,35.1599181],[129.1705739,35.1599233],[129.1705299,35.1598628]]]]}},{"type":"Feature","properties":{"r":404,"k":0,"d":180.6},"geometry":{"type":"MultiPolygon","coordinates":[[[[129.1705965,35.1599062],[129.1705808,35.1599181],[129.1705577,35.1598845],[129.1705965,35.1599062]]]]}},{"type":"Feature","properties":{"r":176,"k":0,"d":105.1},"geometry":{"type":"MultiPolygon","coordinates":[[[[129.1598906,35.1591299],[129.1598902,35.1591312],[129.1598627,35.1591231],[129.1598751,35.1590815],[129.1599009,35.1590895],[129.1598906,35.1591299]]]]}},{"type":"Feature","properties":{"r":191,"k":0,"d":108.6},"geometry":{"type":"MultiPolygon","coordinates":[[[[129.1562229,35.1580289],[129.1562109,35.1580458],[129.1560951,35.1579766],[129.155979,35.1579202],[129.1559871,35.1579103],[129.1560474,35.157946],[129.1562229,35.1580289]]]]}},{"type":"Feature","properties":{"r":187,"k":0,"d":107.5},"geometry":{"type":"MultiPolygon","coordinates":[[[[129.1557262,35.157781],[129.1556949,35.1578228],[129.1554687,35.1576927],[129.1554956,35.1576563],[129.155647,35.1577395],[129.1557262,35.157781]]]]}},{"type":"Feature","properties":{"r":68,"k":0,"d":69.0},"geometry":{"type":"MultiPolygon","coordinates":[[[[129.1553432,35.1572519],[129.1553199,35.1572735],[129.1552174,35.1572051],[129.1551012,35.157107],[129.155,35.1570028],[129.1554055,35.1571932],[129.1553432,35.1572519]]]]}},{"type":"Feature","properties":{"r":369,"k":0,"d":167.7},"geometry":{"type":"MultiPolygon","coordinates":[[[[129.1609283,35.1602701],[129.1608531,35.1602599],[129.1606919,35.1599087],[129.1607776,35.159906],[129.1609283,35.1602701]]]]}},{"type":"Feature","properties":{"r":385,"k":0,"d":174.9},"geometry":{"type":"MultiPolygon","coordinates":[[[[129.1673531,35.160747],[129.1673551,35.1607785],[129.1673095,35.1607452],[129.1672138,35.1607489],[129.1673416,35.1607396],[129.1673531,35.160747]]]]}},{"type":"Feature","properties":{"r":232,"k":0,"d":126.2},"geometry":{"type":"MultiPolygon","coordinates":[[[[129.1703769,35.1594107],[129.1703489,35.1593326],[129.1703427,35.1592834],[129.1704102,35.1592525],[129.1704298,35.1592582],[129.170442,35.159288],[129.170461,35.159317],[129.1704716,35.1593376],[129.1704139,35.1593905],[129.1703769,35.1594107]]]]}},{"type":"Feature","properties":{"r":33,"k":0,"d":51.6},"geometry":{"type":"MultiPolygon","coordinates":[[[[129.1666917,35.1596621],[129.1659792,35.1596842],[129.1659782,35.159665],[129.1663585,35.1596512],[129.1665401,35.1596454],[129.1666252,35.1596499],[129.1666541,35.1596486],[129.1666917,35.1596621]]]]}},{"type":"Feature","properties":{"r":44,"k":0,"d":57.5},"geometry":{"type":"MultiPolygon","coordinates":[[[[129.1658186,35.1596893],[129.1658174,35.1596697],[129.1659782,35.159665],[129.1659792,35.1596842],[129.1658756,35.1596884],[129.1658217,35.1597441],[129.1658186,35.1596893]]]]}},{"type":"Feature","properties":{"r":15,"k":0,"d":46.7},"geometry":{"type":"MultiPolygon","coordinates":[[[[129.1671794,35.1596244],[129.1672251,35.1596042],[129.1672397,35.1595923],[129.1672653,35.1595857],[129.1672798,35.1595851],[129.167282,35.1596211],[129.1671794,35.1596244]]]]}},{"type":"Feature","properties":{"r":48,"k":0,"d":58.9},"geometry":{"type":"MultiPolygon","coordinates":[[[[129.1656362,35.1596947],[129.1656352,35.1596749],[129.1658174,35.1596697],[129.1658186,35.1596893],[129.1656362,35.1596947]]]]}},{"type":"Feature","properties":{"r":353,"k":0,"d":160.9},"geometry":{"type":"MultiPolygon","coordinates":[[[[129.1619583,35.1601865],[129.1620043,35.1601324],[129.1620282,35.1601555],[129.1620697,35.1601926],[129.1620251,35.1602596],[129.1620138,35.1602472],[129.1619655,35.1601944],[129.1619583,35.1601865]]]]}},{"type":"Feature","properties":{"r":332,"k":0,"d":156.2},"geometry":{"type":"MultiPolygon","coordinates":[[[[129.1620697,35.1601926],[129.1620757,35.1601837],[129.1620752,35.1601603],[129.1620994,35.1601865],[129.1620837,35.1602094],[129.1621265,35.1602551],[129.1621123,35.1602629],[129.1621776,35.1603333],[129.1622729,35.1602756],[129.1622566,35.1602469],[129.1622743,35.1602407],[129.1622725,35.1602271],[129.1622855,35.1602205],[129.1622519,35.1601903],[129.162284,35.1601685],[129.1623832,35.1601951],[129.1623898,35.1601873],[129.162721,35.1604496],[129.1625645,35.1605768],[129.1625073,35.1605796],[129.1624646,35.1605435],[129.1624387,35.1605667],[129.1624588,35.1606026],[129.1624202,35.1606234],[129.1624321,35.160641],[129.1623613,35.1606592],[129.1623096,35.1606652],[129.1622485,35.1606285],[129.1621582,35.160547],[129.162189,35.1605848],[129.1621517,35.160614],[129.1621141,35.1605796],[129.1621229,35.1605678],[129.1621095,35.1605535],[129.1619013,35.1606815],[129.1618666,35.1606342],[129.1618203,35.1605811],[129.1618087,35.1605884],[129.1617636,35.1605436],[129.1617423,35.1605534],[129.1617178,35.1605277],[129.1617595,35.1605],[129.161726,35.1604709],[129.1620138,35.1602472],[129.1620251,35.1602596],[129.1620697,35.1601926]]]]}},{"type":"Feature","properties":{"r":326,"k":0,"d":155.0},"geometry":{"type":"MultiPolygon","coordinates":[[[[129.163855,35.160714],[129.163741,35.1607196],[129.1636992,35.1606218],[129.1636484,35.1604064],[129.1636488,35.160378],[129.1637218,35.1605772],[129.1637832,35.1605814],[129.163855,35.160714]]]]}},{"type":"Feature","properties":{"r":440,"k":0,"d":189.9},"geometry":{"type":"MultiPolygon","coordinates":[[[[129.163741,35.1607196],[129.163855,35.160714],[129.1638771,35.1607547],[129.1637582,35.1607599],[129.163741,35.1607196]]]]}},{"type":"Feature","properties":{"r":249,"k":0,"d":134.7},"geometry":{"type":"MultiPolygon","coordinates":[[[[129.1617577,35.1598565],[129.1616877,35.1598429],[129.1616073,35.1598271],[129.1614984,35.1598012],[129.1613834,35.1597749],[129.1613873,35.1597559],[129.161747,35.1598337],[129.1617577,35.1598565]]]]}},{"type":"Feature","properties":{"r":138,"k":0,"d":97.2},"geometry":{"type":"MultiPolygon","coordinates":[[[[129.1624412,35.1596503],[129.1625929,35.1596824],[129.1626096,35.1596869],[129.162433,35.1597135],[129.1624442,35.1597312],[129.1624236,35.1597218],[129.1624269,35.159699],[129.1624315,35.1596824],[129.1624359,35.1596663],[129.1624412,35.1596503]]]]}},{"type":"Feature","properties":{"r":89,"k":0,"d":76.0},"geometry":{"type":"MultiPolygon","coordinates":[[[[129.1626289,35.1594899],[129.1626007,35.1595004],[129.1625564,35.1595225],[129.1625264,35.1595439],[129.1625032,35.1595648],[129.1624805,35.159589],[129.1624621,35.1596136],[129.1624504,35.1596334],[129.1621884,35.1595804],[129.1622346,35.1594229],[129.1626289,35.1594899]]]]}},{"type":"Feature","properties":{"r":74,"k":0,"d":71.4},"geometry":{"type":"MultiPolygon","coordinates":[[[[129.1626289,35.1594899],[129.1622346,35.1594229],[129.1621884,35.1595804],[129.1621344,35.1595717],[129.1620976,35.1595431],[129.1621883,35.1593721],[129.1626837,35.1594617],[129.1626782,35.1594807],[129.1626289,35.1594899]]]]}},{"type":"Feature","properties":{"r":300,"k":0,"d":148.6},"geometry":{"type":"MultiPolygon","coordinates":[[[[129.1607079,35.1597396],[129.1607384,35.1598149],[129.1606574,35.1598336],[129.1605982,35.1597054],[129.1606417,35.1597016],[129.1607079,35.1597396]]]]}},{"type":"Feature","properties":{"r":252,"k":0,"d":135.1},"geometry":{"type":"MultiPolygon","coordinates":[[[[129.1612638,35.1597286],[129.1613873,35.1597559],[129.161381,35.1597856],[129.1612556,35.1597686],[129.1612638,35.1597286]]]]}},{"type":"Feature","properties":{"r":282,"k":0,"d":143.2},"geometry":{"type":"MultiPolygon","coordinates":[[[[129.1607267,35.159786],[129.1606929,35.1597025],[129.1607285,35.1597108],[129.160793,35.1596914],[129.1608485,35.1596926],[129.1608349,35.1597539],[129.1607267,35.159786]]]]}},{"type":"Feature","properties":{"r":26,"k":0,"d":49.3},"geometry":{"type":"MultiPolygon","coordinates":[[[[129.1646908,35.1595966],[129.1647139,35.1596883],[129.1645942,35.1596812],[129.1644344,35.159577],[129.1643631,35.1595856],[129.1644088,35.1594893],[129.1646074,35.1595797],[129.1647129,35.1595825],[129.1648856,35.1595497],[129.1650046,35.159561],[129.1654086,35.1595776],[129.1656533,35.159591],[129.1650129,35.1596021],[129.1647446,35.1596053],[129.1646908,35.1595966]]]]}},{"type":"Feature","properties":{"r":142,"k":0,"d":97.5},"geometry":{"type":"MultiPolygon","coordinates":[[[[129.1634626,35.1598664],[129.163447,35.1598649],[129.1634437,35.1598338],[129.1634616,35.159844],[129.1634626,35.1598664]]]]}},{"type":"Feature","properties":{"r":289,"k":0,"d":144.9},"geometry":{"type":"MultiPolygon","coordinates":[[[[129.1657146,35.1606111],[129.1657604,35.160569],[129.1657523,35.1604562],[129.1658378,35.1604459],[129.1658638,35.1604887],[129.1658305,35.160525],[129.1658114,35.1605638],[129.1657146,35.1606111]]]]}},{"type":"Feature","properties":{"r":152,"k":0,"d":98.4},"geometry":{"type":"MultiPolygon","coordinates":[[[[129.1631528,35.1598318],[129.1629442,35.1598208],[129.1629295,35.1597727],[129.1631528,35.1598318]]]]}},{"type":"Feature","properties":{"r":302,"k":0,"d":149.7},"geometry":{"type":"MultiPolygon","coordinates":[[[[129.1673437,35.160597],[129.1673076,35.1606528],[129.1672138,35.1607489],[129.1670751,35.1607541],[129.1670895,35.1607276],[129.1670895,35.160688],[129.1670653,35.1606439],[129.167028,35.160592],[129.1670066,35.1605709],[129.1672798,35.1605583],[129.1673381,35.1605121],[129.1673437,35.160597]]]]}},{"type":"Feature","properties":{"r":363,"k":0,"d":165.0},"geometry":{"type":"MultiPolygon","coordinates":[[[[129.1656737,35.1606754],[129.1656716,35.1606289],[129.1656788,35.1606286],[129.165711,35.1606739],[129.1656737,35.1606754]]]]}},{"type":"Feature","properties":{"r":242,"k":0,"d":131.6},"geometry":{"type":"MultiPolygon","coordinates":[[[[129.1612638,35.1597286],[129.1611223,35.1597002],[129.1611243,35.1596899],[129.1613953,35.1597235],[129.1613873,35.1597559],[129.1612638,35.1597286]]]]}},{"type":"Feature","properties":{"r":367,"k":0,"d":166.5},"geometry":{"type":"MultiPolygon","coordinates":[[[[129.1661687,35.16079],[129.1661649,35.1607806],[129.1662243,35.1606804],[129.1662302,35.1607874],[129.1661687,35.16079]]]]}},{"type":"Feature","properties":{"r":196,"k":0,"d":109.7},"geometry":{"type":"MultiPolygon","coordinates":[[[[129.1566679,35.1582776],[129.1565765,35.1582281],[129.1564285,35.1581557],[129.1564375,35.1581428],[129.156564,35.1582082],[129.1566717,35.1582652],[129.1566679,35.1582776]]]]}},{"type":"Feature","properties":{"r":310,"k":0,"d":151.4},"geometry":{"type":"MultiPolygon","coordinates":[[[[129.1615912,35.1599674],[129.1617205,35.1599844],[129.1616965,35.1600128],[129.1615889,35.1600026],[129.1614935,35.1599836],[129.1613529,35.1599677],[129.1613156,35.1599669],[129.1612796,35.1599377],[129.1613474,35.1599364],[129.1614661,35.159937],[129.1615912,35.1599674]]]]}},{"type":"Feature","properties":{"r":448,"k":0,"d":192.6},"geometry":{"type":"MultiPolygon","coordinates":[[[[129.1599202,35.1599878],[129.160037,35.159966],[129.1600698,35.1600192],[129.1603349,35.1601763],[129.1601588,35.1602075],[129.1600178,35.1601229],[129.1599573,35.1601254],[129.1599202,35.1599878]]]]}},{"type":"Feature","properties":{"r":257,"k":0,"d":136.2},"geometry":{"type":"MultiPolygon","coordinates":[[[[129.16443,35.160688],[129.1641253,35.1607015],[129.1641198,35.1606657],[129.1640858,35.1605667],[129.1640381,35.1604817],[129.1639542,35.160366],[129.1639292,35.1603167],[129.1640239,35.1603122],[129.1641419,35.1602859],[129.1644036,35.1602724],[129.16443,35.160688]]]]}},{"type":"Feature","properties":{"r":327,"k":0,"d":155.1},"geometry":{"type":"MultiPolygon","coordinates":[[[[129.1614408,35.160315],[129.1613614,35.1602258],[129.1612486,35.1602837],[129.1612151,35.1602537],[129.1611583,35.1602107],[129.1612045,35.1600823],[129.1612367,35.1600754],[129.1612565,35.1600646],[129.1613141,35.1600385],[129.1613644,35.160025],[129.1613382,35.1599674],[129.1613529,35.1599677],[129.1614935,35.1599836],[129.1615889,35.1600026],[129.1616965,35.1600128],[129.1614408,35.160315]]]]}},{"type":"Feature","properties":{"r":41,"k":0,"d":55.9},"geometry":{"type":"MultiPolygon","coordinates":[[[[129.164371,35.1595693],[129.1643199,35.1596796],[129.1636399,35.1595923],[129.1634994,35.1595759],[129.1635046,35.1595351],[129.1629814,35.1594678],[129.1634016,35.1594716],[129.1635616,35.1594709],[129.164371,35.1595693]]]]}},{"type":"Feature","properties":{"r":29,"k":0,"d":50.0},"geometry":{"type":"MultiPolygon","coordinates":[[[[129.168811,35.1595129],[129.1688578,35.1595026],[129.1688586,35.1595056],[129.168811,35.1595129]]]]}},{"type":"Feature","properties":{"r":210,"k":0,"d":112.3},"geometry":{"type":"MultiPolygon","coordinates":[[[[129.1553893,35.1578025],[129.1554687,35.1576927],[129.1556949,35.1578228],[129.1556299,35.1579099],[129.1553893,35.1578025]]]]}},{"type":"Feature","properties":{"r":329,"k":0,"d":155.8},"geometry":{"type":"MultiPolygon","coordinates":[[[[129.1557769,35.158313],[129.1557741,35.1583025],[129.1558008,35.1583071],[129.1557769,35.158313]]]]}},{"type":"Feature","properties":{"r":211,"k":0,"d":112.3},"geometry":{"type":"MultiPolygon","coordinates":[[[[129.1556299,35.1579099],[129.1556949,35.1578228],[129.1557137,35.1578342],[129.1558324,35.1578712],[129.155724,35.1580238],[129.1556898,35.1580121],[129.1556299,35.1579099]]]]}},{"type":"Feature","properties":{"r":462,"k":0,"d":198.1},"geometry":{"type":"MultiPolygon","coordinates":[[[[129.162901,35.1611987],[129.1627868,35.1611805],[129.1627099,35.161186],[129.1626502,35.1611731],[129.1626536,35.1611635],[129.162618,35.1611388],[129.1629696,35.1607097],[129.1630334,35.1607004],[129.1633409,35.1609473],[129.1633178,35.1609563],[129.1633323,35.160966],[129.1633225,35.1609697],[129.1633062,35.1609959],[129.1631269,35.1610855],[129.1631155,35.1610711],[129.1630051,35.1611306],[129.1630184,35.1611392],[129.162901,35.1611987]]]]}},{"type":"Feature","properties":{"r":173,"k":0,"d":103.6},"geometry":{"type":"MultiPolygon","coordinates":[[[[129.1597895,35.1593215],[129.159612,35.1592884],[129.1593093,35.159226],[129.1593855,35.1589824],[129.1597946,35.1590567],[129.1598751,35.1590815],[129.1598041,35.1593242],[129.1597895,35.1593215]]]]}},{"type":"Feature","properties":{"r":195,"k":0,"d":109.2},"geometry":{"type":"MultiPolygon","coordinates":[[[[129.1564375,35.1581428],[129.1564285,35.1581557],[129.1563233,35.1581011],[129.1563323,35.1580888],[129.1564375,35.1581428]]]]}},{"type":"Feature","properties":{"r":148,"k":0,"d":98.0},"geometry":{"type":"MultiPolygon","coordinates":[[[[129.1557988,35.1578124],[129.1557926,35.1578173],[129.1558371,35.1577256],[129.1558811,35.1577475],[129.1557988,35.1578124]]]]}},{"type":"Feature","properties":{"r":459,"k":0,"d":196.2},"geometry":{"type":"MultiPolygon","coordinates":[[[[129.1533459,35.1574422],[129.1532179,35.1575941],[129.1529565,35.1574372],[129.1531769,35.1572597],[129.1532999,35.1574046],[129.1533459,35.1574422]]]]}},{"type":"Feature","properties":{"r":61,"k":0,"d":67.7},"geometry":{"type":"MultiPolygon","coordinates":[[[[129.1559079,35.1575795],[129.1557951,35.1575771],[129.1557512,35.157549],[129.1558143,35.1574329],[129.1559627,35.1574693],[129.1559079,35.1575795]]]]}},{"type":"Feature","properties":{"r":410,"k":0,"d":183.6},"geometry":{"type":"MultiPolygon","coordinates":[[[[129.1531816,35.1571774],[129.1531644,35.1572031],[129.1531529,35.1571514],[129.153092,35.1570824],[129.1531264,35.1570403],[129.1531461,35.1570468],[129.1531188,35.1570811],[129.1531816,35.1571774]]]]}},{"type":"Feature","properties":{"r":244,"k":0,"d":132.0},"geometry":{"type":"MultiPolygon","coordinates":[[[[129.1532697,35.1564868],[129.1532438,35.1564795],[129.1532778,35.1563822],[129.1533073,35.1563553],[129.1532925,35.1564237],[129.1532697,35.1564868]]]]}},{"type":"Feature","properties":{"r":413,"k":0,"d":184.7},"geometry":{"type":"MultiPolygon","coordinates":[[[[129.1530873,35.1570773],[129.1530291,35.1570046],[129.1529361,35.1569297],[129.1529651,35.1568945],[129.1530069,35.1569436],[129.1530868,35.1570272],[129.1531264,35.1570403],[129.153092,35.1570824],[129.1530873,35.1570773]]]]}},{"type":"Feature","properties":{"r":304,"k":0,"d":150.2},"geometry":{"type":"MultiPolygon","coordinates":[[[[129.1532163,35.15693],[129.1533499,35.1567663],[129.1533624,35.1567739],[129.1532219,35.1569511],[129.1532163,35.15693]]]]}},{"type":"Feature","properties":{"r":218,"k":0,"d":116.7},"geometry":{"type":"MultiPolygon","coordinates":[[[[129.153248,35.1559384],[129.153094,35.1559776],[129.1530682,35.1558816],[129.1529924,35.1557035],[129.1530583,35.1556725],[129.1531164,35.1556391],[129.1533237,35.1558943],[129.1533094,35.1559063],[129.1532685,35.1559149],[129.153248,35.1559384]]]]}},{"type":"Feature","properties":{"r":205,"k":0,"d":110.9},"geometry":{"type":"MultiPolygon","coordinates":[[[[129.1533132,35.1558814],[129.1530746,35.1555876],[129.1530873,35.1555673],[129.1533332,35.1557483],[129.1533799,35.1558142],[129.1533132,35.1558814]]]]}},{"type":"Feature","properties":{"r":354,"k":0,"d":161.2},"geometry":{"type":"MultiPolygon","coordinates":[[[[129.1659925,35.1606147],[129.1660219,35.1606626],[129.1659708,35.160665],[129.1659416,35.1606171],[129.1659925,35.1606147]]]]}},{"type":"Feature","properties":{"r":391,"k":0,"d":176.3},"geometry":{"type":"MultiPolygon","coordinates":[[[[129.1582693,35.1596226],[129.1582068,35.1593716],[129.1584409,35.1594382],[129.1584851,35.1594352],[129.1585323,35.1595774],[129.1582693,35.1596226]]]]}},{"type":"Feature","properties":{"r":104,"k":0,"d":81.3},"geometry":{"type":"MultiPolygon","coordinates":[[[[129.1647237,35.1598109],[129.1647289,35.1599245],[129.1647191,35.1598039],[129.1647237,35.1598109]]]]}},{"type":"Feature","properties":{"r":356,"k":0,"d":161.7},"geometry":{"type":"MultiPolygon","coordinates":[[[[129.1607776,35.159906],[129.1606919,35.1599087],[129.1606789,35.1598803],[129.1607637,35.1598774],[129.1608564,35.159881],[129.1609487,35.1598945],[129.1608653,35.1599068],[129.1608432,35.1599018],[129.1607776,35.159906]]]]}},{"type":"Feature","properties":{"r":85,"k":0,"d":75.4},"geometry":{"type":"MultiPolygon","coordinates":[[[[129.164756,35.1598698],[129.1647237,35.1598109],[129.1647191,35.1598039],[129.1647167,35.1597601],[129.1647284,35.159751],[129.1647299,35.1597573],[129.164756,35.1598698]]]]}},{"type":"Feature","properties":{"r":177,"k":0,"d":105.2},"geometry":{"type":"MultiPolygon","coordinates":[[[[129.1548562,35.1575645],[129.154289,35.1573128],[129.1540651,35.157205],[129.1540783,35.1571879],[129.1540988,35.1571481],[129.154194,35.157135],[129.1542385,35.157132],[129.1543277,35.1571319],[129.1543734,35.1571358],[129.1544224,35.1571434],[129.1544695,35.1571553],[129.1545276,35.1571741],[129.1545977,35.1571996],[129.1550507,35.1573967],[129.1550762,35.1574738],[129.1551502,35.1575195],[129.1551191,35.1575137],[129.1549437,35.1575138],[129.1548562,35.1575645]]]]}},{"type":"Feature","properties":{"r":403,"k":0,"d":179.1},"geometry":{"type":"MultiPolygon","coordinates":[[[[129.1618704,35.1603585],[129.1618377,35.1603284],[129.1618802,35.1602769],[129.1619229,35.1603175],[129.1618704,35.1603585]]]]}},{"type":"Feature","properties":{"r":412,"k":0,"d":184.6},"geometry":{"type":"MultiPolygon","coordinates":[[[[129.1705808,35.1599181],[129.1705965,35.1599062],[129.1706433,35.1599245],[129.1706743,35.1599459],[129.1707046,35.1599826],[129.1707155,35.1600053],[129.1706699,35.1600453],[129.1705808,35.1599181]]]]}},{"type":"Feature","properties":{"r":116,"k":0,"d":85.9},"geometry":{"type":"MultiPolygon","coordinates":[[[[129.1599158,35.1589771],[129.1599304,35.1589166],[129.1600229,35.158937],[129.1600149,35.1589791],[129.1599158,35.1589771]]]]}},{"type":"Feature","properties":{"r":323,"k":0,"d":154.9},"geometry":{"type":"MultiPolygon","coordinates":[[[[129.1607827,35.1599184],[129.1609487,35.1598945],[129.1610798,35.1598916],[129.1612174,35.1599025],[129.1612397,35.1599135],[129.1612796,35.1599377],[129.1613156,35.1599669],[129.1613382,35.1599674],[129.1613644,35.160025],[129.1613141,35.1600385],[129.1612565,35.1600646],[129.1612367,35.1600754],[129.1612045,35.1600823],[129.1611583,35.1602107],[129.1612151,35.1602537],[129.1611859,35.1602802],[129.1611544,35.1602523],[129.1611099,35.1603275],[129.1609851,35.1602808],[129.1609283,35.1602701],[129.1607827,35.1599184]]]]}},{"type":"Feature","properties":{"r":414,"k":0,"d":185.4},"geometry":{"type":"MultiPolygon","coordinates":[[[[129.1657719,35.1609345],[129.1657492,35.1609038],[129.1656854,35.1608129],[129.1658262,35.1609171],[129.1657719,35.1609345]]]]}},{"type":"Feature","properties":{"r":277,"k":0,"d":141.6},"geometry":{"type":"MultiPolygon","coordinates":[[[[129.1655746,35.160478],[129.1655487,35.1604413],[129.1657495,35.1604167],[129.1657523,35.1604562],[129.1655746,35.160478]]]]}},{"type":"Feature","properties":{"r":222,"k":0,"d":120.0},"geometry":{"type":"MultiPolygon","coordinates":[[[[129.1657009,35.1602251],[129.1657381,35.1602227],[129.1657495,35.1604167],[129.1657009,35.1602251]]]]}},{"type":"Feature","properties":{"r":444,"k":0,"d":191.6},"geometry":{"type":"MultiPolygon","coordinates":[[[[129.1533666,35.1574591],[129.1532999,35.1574046],[129.1531769,35.1572597],[129.153222,35.1572395],[129.1533666,35.1574591]]]]}},{"type":"Feature","properties":{"r":32,"k":0,"d":50.7},"geometry":{"type":"MultiPolygon","coordinates":[[[[129.1671794,35.1596244],[129.167282,35.1596211],[129.1672835,35.1596452],[129.1672359,35.1596472],[129.167167,35.159648],[129.1671657,35.1596302],[129.1671794,35.1596244]]]]}},{"type":"Feature","properties":{"r":40,"k":0,"d":55.2},"geometry":{"type":"MultiPolygon","coordinates":[[[[129.1656352,35.1596749],[129.1656335,35.1596403],[129.1656532,35.1596396],[129.1656532,35.1596744],[129.1656352,35.1596749]]]]}},{"type":"Feature","properties":{"r":368,"k":0,"d":167.7},"geometry":{"type":"MultiPolygon","coordinates":[[[[129.1561075,35.1589785],[129.1560958,35.1589723],[129.1560335,35.1587233],[129.1561003,35.1586467],[129.1562226,35.1586383],[129.1562946,35.1589452],[129.1561075,35.1589785]]]]}},{"type":"Feature","properties":{"r":80,"k":0,"d":73.9},"geometry":{"type":"MultiPolygon","coordinates":[[[[129.1647299,35.1597573],[129.1647284,35.159751],[129.1647439,35.1597391],[129.1647445,35.1597449],[129.1647299,35.1597573]]]]}},{"type":"Feature","properties":{"r":163,"k":0,"d":101.3},"geometry":{"type":"MultiPolygon","coordinates":[[[[129.1568876,35.1582661],[129.1569574,35.1583031],[129.1568808,35.1582836],[129.1567102,35.1582366],[129.1566889,35.1582131],[129.1566769,35.158157],[129.1568876,35.1582661]]]]}},{"type":"Feature","properties":{"r":308,"k":0,"d":151.0},"geometry":{"type":"MultiPolygon","coordinates":[[[[129.1567762,35.1587039],[129.1569803,35.1587981],[129.1571425,35.1588765],[129.1571901,35.1588973],[129.15724,35.1590747],[129.1567579,35.1591563],[129.1566982,35.1589325],[129.1567339,35.1589265],[129.1566738,35.1586803],[129.1567762,35.1587039]]]]}},{"type":"Feature","properties":{"r":297,"k":0,"d":147.9},"geometry":{"type":"MultiPolygon","coordinates":[[[[129.1615912,35.1599674],[129.1615967,35.1599204],[129.1616715,35.1599394],[129.161721,35.1599662],[129.1617342,35.1599682],[129.1617205,35.1599844],[129.1616726,35.1599786],[129.1615912,35.1599674]]]]}},{"type":"Feature","properties":{"r":145,"k":0,"d":97.9},"geometry":{"type":"MultiPolygon","coordinates":[[[[129.1620717,35.1595623],[129.1620508,35.1595839],[129.1620354,35.1595941],[129.1620134,35.1595783],[129.1619309,35.1595651],[129.1613492,35.1594781],[129.161216,35.159459],[129.1612205,35.1594362],[129.1614066,35.1594636],[129.1618196,35.1595245],[129.1620717,35.1595623]]]]}},{"type":"Feature","properties":{"r":346,"k":0,"d":158.6},"geometry":{"type":"MultiPolygon","coordinates":[[[[129.1607637,35.1598774],[129.1606789,35.1598803],[129.1606574,35.1598336],[129.1607384,35.1598149],[129.1607637,35.1598774]]]]}},{"type":"Feature","properties":{"r":109,"k":0,"d":82.4},"geometry":{"type":"MultiPolygon","coordinates":[[[[129.1602492,35.1591641],[129.1601504,35.1591442],[129.1599781,35.1591121],[129.1600149,35.1589791],[129.1600275,35.1589194],[129.1603013,35.1589779],[129.1602492,35.1591641]]]]}},{"type":"Feature","properties":{"r":164,"k":0,"d":101.3},"geometry":{"type":"MultiPolygon","coordinates":[[[[129.1624236,35.1597218],[129.1624244,35.1597957],[129.1621933,35.1596172],[129.1624236,35.1597218]]]]}},{"type":"Feature","properties":{"r":387,"k":0,"d":175.5},"geometry":{"type":"MultiPolygon","coordinates":[[[[129.1670771,35.161176],[129.1670598,35.1608675],[129.1671302,35.1608262],[129.1671693,35.1607924],[129.1672138,35.1607489],[129.1673095,35.1607452],[129.1673551,35.1607785],[129.1673689,35.1609784],[129.1673244,35.1610193],[129.1672888,35.161041],[129.1672077,35.161083],[129.1671669,35.1610943],[129.1671785,35.1611238],[129.1672068,35.161152],[129.1672062,35.1611785],[129.1670771,35.161176]]]]}},{"type":"Feature","properties":{"r":373,"k":0,"d":169.3},"geometry":{"type":"MultiPolygon","coordinates":[[[[129.1659558,35.1609243],[129.1659496,35.1609201],[129.1659023,35.1608558],[129.1658436,35.1608014],[129.1658201,35.160771],[129.1659832,35.1606875],[129.1660416,35.160781],[129.1659558,35.1609243]]]]}},{"type":"Feature","properties":{"r":287,"k":0,"d":144.4},"geometry":{"type":"MultiPolygon","coordinates":[[[[129.1637409,35.1607193],[129.1637062,35.1607201],[129.1636704,35.1606236],[129.1636129,35.1604027],[129.1636118,35.1603139],[129.1636507,35.1602822],[129.1636484,35.1604064],[129.1636992,35.1606218],[129.1637409,35.1607193]]]]}},{"type":"Feature","properties":{"r":359,"k":0,"d":163.1},"geometry":{"type":"MultiPolygon","coordinates":[[[[129.1656788,35.1606286],[129.1657146,35.1606111],[129.1656972,35.1606271],[129.1656788,35.1606286]]]]}},{"type":"Feature","properties":{"r":262,"k":0,"d":137.4},"geometry":{"type":"MultiPolygon","coordinates":[[[[129.1614661,35.159937],[129.1613474,35.1599364],[129.1613486,35.1599259],[129.1613834,35.1597749],[129.1616073,35.1598271],[129.1615912,35.1599674],[129.1614661,35.159937]]]]}},{"type":"Feature","properties":{"r":8,"k":0,"d":37.6},"geometry":{"type":"MultiPolygon","coordinates":[[[[129.1672227,35.1595871],[129.1672161,35.159539],[129.1677373,35.1595163],[129.1677413,35.159582],[129.1676379,35.159573],[129.167505,35.1595656],[129.1673305,35.1595687],[129.1672653,35.1595857],[129.1672227,35.1595871]]]]}},{"type":"Feature","properties":{"r":17,"k":0,"d":46.8},"geometry":{"type":"MultiPolygon","coordinates":[[[[129.1671601,35.1595892],[129.1672227,35.1595871],[129.1672251,35.1596042],[129.1671657,35.1596302],[129.1671601,35.1595892]]]]}},{"type":"Feature","properties":{"r":397,"k":0,"d":177.2},"geometry":{"type":"MultiPolygon","coordinates":[[[[129.1662399,35.160967],[129.1662302,35.1607874],[129.1663962,35.1607802],[129.1663015,35.1608224],[129.1662399,35.160967]]]]}},{"type":"Feature","properties":{"r":5,"k":0,"d":28.6},"geometry":{"type":"MultiPolygon","coordinates":[[[[129.1672161,35.159539],[129.1672009,35.1594273],[129.1677321,35.1594331],[129.1677373,35.1595163],[129.1672161,35.159539]]]]}},{"type":"Feature","properties":{"r":460,"k":0,"d":196.6},"geometry":{"type":"MultiPolygon","coordinates":[[[[129.1658769,35.1610575],[129.1658528,35.1610504],[129.1657719,35.1609345],[129.1658262,35.1609171],[129.1658388,35.160927],[129.1658355,35.1609611],[129.1658412,35.160994],[129.1658807,35.1610511],[129.1658769,35.1610575]]]]}},{"type":"Feature","properties":{"r":290,"k":0,"d":145.5},"geometry":{"type":"MultiPolygon","coordinates":[[[[129.1623898,35.1601873],[129.1623832,35.1601951],[129.162284,35.1601685],[129.1622519,35.1601903],[129.1622855,35.1602205],[129.1622725,35.1602271],[129.1622743,35.1602407],[129.1622566,35.1602469],[129.1622729,35.1602756],[129.1621776,35.1603333],[129.1621123,35.1602629],[129.1621265,35.1602551],[129.1620837,35.1602094],[129.1620994,35.1601865],[129.1620554,35.160138],[129.1620282,35.1601555],[129.1620043,35.1601324],[129.1620644,35.1600631],[129.1620864,35.1600351],[129.1621667,35.1600241],[129.1623898,35.1601873]]]]}},{"type":"Feature","properties":{"r":149,"k":0,"d":98.1},"geometry":{"type":"MultiPolygon","coordinates":[[[[129.1566889,35.1582131],[129.1566717,35.1582652],[129.1563323,35.1580888],[129.1562229,35.1580289],[129.1560474,35.157946],[129.155919,35.1578704],[129.1557988,35.1578124],[129.1558811,35.1577475],[129.1560843,35.1578494],[129.1566769,35.158157],[129.1566889,35.1582131]]]]}},{"type":"Feature","properties":{"r":59,"k":0,"d":66.1},"geometry":{"type":"MultiPolygon","coordinates":[[[[129.1573557,35.1583636],[129.1573025,35.1583384],[129.1569328,35.1581537],[129.1570109,35.1579485],[129.157468,35.1581649],[129.1573557,35.1583636]]]]}},{"type":"Feature","properties":{"r":170,"k":0,"d":103.3},"geometry":{"type":"MultiPolygon","coordinates":[[[[129.1572381,35.1584199],[129.1572268,35.1584345],[129.1571556,35.158398],[129.1572381,35.1584199]]]]}},{"type":"Feature","properties":{"r":321,"k":0,"d":154.3},"geometry":{"type":"MultiPolygon","coordinates":[[[[129.170554,35.1594847],[129.1705635,35.1594928],[129.1705944,35.1595229],[129.1705962,35.1595218],[129.1706064,35.1595345],[129.1706189,35.1595591],[129.1705513,35.1594925],[129.170554,35.1594847]]]]}},{"type":"Feature","properties":{"r":298,"k":0,"d":147.9},"geometry":{"type":"MultiPolygon","coordinates":[[[[129.1609546,35.1597685],[129.1607384,35.1598149],[129.1607267,35.159786],[129.1608349,35.1597539],[129.1609548,35.1597624],[129.1609546,35.1597685]]]]}},{"type":"Feature","properties":{"r":456,"k":0,"d":195.9},"geometry":{"type":"MultiPolygon","coordinates":[[[[129.1527308,35.1566998],[129.1526829,35.1567497],[129.152647,35.1566812],[129.15257,35.1566045],[129.1525053,35.1565605],[129.1525668,35.1565313],[129.1526606,35.1566185],[129.1527308,35.1566998]]]]}},{"type":"Feature","properties":{"r":36,"k":0,"d":53.5},"geometry":{"type":"MultiPolygon","coordinates":[[[[129.1658638,35.1604887],[129.1658453,35.1601961],[129.1658217,35.1597441],[129.1658756,35.1596884],[129.1666917,35.1596621],[129.167167,35.159648],[129.1672359,35.1596472],[129.1672862,35.1596876],[129.1673381,35.1605121],[129.1672798,35.1605583],[129.1670066,35.1605709],[129.1668041,35.1605821],[129.165933,35.160617],[129.1658682,35.1605629],[129.1658638,35.1604887]]]]}},{"type":"Feature","properties":{"r":31,"k":0,"d":50.3},"geometry":{"type":"MultiPolygon","coordinates":[[[[129.1688586,35.1595056],[129.1688578,35.1595026],[129.1689714,35.1594796],[129.1689749,35.1594878],[129.1688586,35.1595056]]]]}},{"type":"Feature","properties":{"r":21,"k":0,"d":47.5},"geometry":{"type":"MultiPolygon","coordinates":[[[[129.1683284,35.1595962],[129.1683276,35.1595935],[129.1683996,35.1595874],[129.168359,35.1595945],[129.1683284,35.1595962]]]]}},{"type":"Feature","properties":{"r":406,"k":0,"d":181.1},"geometry":{"type":"MultiPolygon","coordinates":[[[[129.1531816,35.1571774],[129.1532315,35.1571027],[129.1532291,35.1571314],[129.1532182,35.1571624],[129.153238,35.1572303],[129.153222,35.1572395],[129.1531816,35.1571774]]]]}},{"type":"Feature","properties":{"r":276,"k":0,"d":141.6},"geometry":{"type":"MultiPolygon","coordinates":[[[[129.1533624,35.1567739],[129.1534272,35.1568144],[129.1535078,35.1568493],[129.1535755,35.1569047],[129.1536112,35.1569199],[129.1534366,35.157056],[129.153287,35.1571947],[129.153238,35.1572303],[129.1532182,35.1571624],[129.1532291,35.1571314],[129.1532315,35.1571027],[129.1532625,35.1570412],[129.1532393,35.157017],[129.1532219,35.1569511],[129.1533624,35.1567739]]]]}},{"type":"Feature","properties":{"r":347,"k":0,"d":158.8},"geometry":{"type":"MultiPolygon","coordinates":[[[[129.1706785,35.1594072],[129.1707804,35.1594735],[129.1707766,35.1594751],[129.1706963,35.1594328],[129.1706874,35.1594253],[129.1706699,35.1594058],[129.1706785,35.1594072]]]]}},{"type":"Feature","properties":{"r":433,"k":0,"d":189.6},"geometry":{"type":"MultiPolygon","coordinates":[[[[129.1571881,35.1593848],[129.1574778,35.159334],[129.1575602,35.1593797],[129.1575961,35.1595208],[129.1574474,35.1595456],[129.1575037,35.1597532],[129.1572883,35.1597891],[129.1571881,35.1593848]]]]}},{"type":"Feature","properties":{"r":153,"k":0,"d":99.2},"geometry":{"type":"MultiPolygon","coordinates":[[[[129.1622825,35.1596167],[129.1622589,35.1596468],[129.1621933,35.1596172],[129.1621744,35.1596026],[129.1621813,35.1596032],[129.1622823,35.1596166],[129.1622825,35.1596167]]]]}},{"type":"Feature","properties":{"r":112,"k":0,"d":85.2},"geometry":{"type":"MultiPolygon","coordinates":[[[[129.1557671,35.1576908],[129.1556941,35.1576542],[129.1557512,35.157549],[129.1557951,35.1575771],[129.1557671,35.1576908]]]]}},{"type":"Feature","properties":{"r":457,"k":0,"d":195.9},"geometry":{"type":"MultiPolygon","coordinates":[[[[129.1645562,35.1610028],[129.1645367,35.1609624],[129.1644767,35.1609596],[129.1645589,35.1608602],[129.1648529,35.1608461],[129.1648518,35.1609784],[129.1648424,35.1609924],[129.1645562,35.1610028]]]]}},{"type":"Feature","properties":{"r":434,"k":0,"d":189.7},"geometry":{"type":"MultiPolygon","coordinates":[[[[129.1528287,35.1574219],[129.1526258,35.1573082],[129.1529361,35.1569297],[129.1530291,35.1570046],[129.153092,35.1570824],[129.1528287,35.1574219]]]]}},{"type":"Feature","properties":{"r":198,"k":0,"d":109.9},"geometry":{"type":"MultiPolygon","coordinates":[[[[129.1533819,35.1559371],[129.1533094,35.1559063],[129.1533656,35.1558592],[129.1533929,35.1558448],[129.1534021,35.1559188],[129.1533972,35.1559413],[129.1533819,35.1559371]]]]}},{"type":"Feature","properties":{"r":328,"k":0,"d":155.6},"geometry":{"type":"MultiPolygon","coordinates":[[[[129.1670751,35.1607541],[129.1664842,35.1607739],[129.1665063,35.1607148],[129.1668041,35.1605821],[129.1670066,35.1605709],[129.167028,35.160592],[129.1670653,35.1606439],[129.1670895,35.160688],[129.1670895,35.1607276],[129.1670751,35.1607541]]]]}},{"type":"Feature","properties":{"r":348,"k":0,"d":159.0},"geometry":{"type":"MultiPolygon","coordinates":[[[[129.1661126,35.1606601],[129.1660219,35.1606626],[129.1659925,35.1606147],[129.1661421,35.1606089],[129.1661126,35.1606601]]]]}},{"type":"Feature","properties":{"r":301,"k":0,"d":149.1},"geometry":{"type":"MultiPolygon","coordinates":[[[[129.1658114,35.1605638],[129.1658305,35.160525],[129.1658638,35.1604887],[129.1658676,35.1605352],[129.1658114,35.1605638]]]]}},{"type":"Feature","properties":{"r":431,"k":0,"d":189.0},"geometry":{"type":"MultiPolygon","coordinates":[[[[129.1558566,35.1586995],[129.1558648,35.1587318],[129.1557712,35.1586715],[129.1558048,35.1586689],[129.1558566,35.1586995]]]]}},{"type":"Feature","properties":{"r":83,"k":0,"d":74.9},"geometry":{"type":"MultiPolygon","coordinates":[[[[129.1583753,35.1587236],[129.1580228,35.158616],[129.1580983,35.1584079],[129.1584485,35.1585154],[129.1583805,35.1587134],[129.1583753,35.1587236]]]]}},{"type":"Feature","properties":{"r":318,"k":0,"d":154.0},"geometry":{"type":"MultiPolygon","coordinates":[[[[129.1604059,35.1597714],[129.1603898,35.1596964],[129.1604582,35.15971],[129.1604808,35.1597587],[129.1604059,35.1597714]]]]}},{"type":"Feature","properties":{"r":221,"k":0,"d":119.7},"geometry":{"type":"MultiPolygon","coordinates":[[[[129.1600425,35.1594754],[129.1598776,35.1594493],[129.1597546,35.1594324],[129.1596845,35.1593931],[129.159523,35.1593995],[129.1594231,35.1593948],[129.159338,35.1594304],[129.1592527,35.1594135],[129.1592483,35.159393],[129.1590224,35.1593213],[129.1587824,35.1592487],[129.158598,35.1591859],[129.1584374,35.159124],[129.1583175,35.1590581],[129.1581725,35.1590325],[129.1579838,35.1589817],[129.1578576,35.1589017],[129.1577538,35.1588465],[129.1576655,35.1588164],[129.1576485,35.1588408],[129.1573159,35.1587231],[129.1572053,35.15869],[129.1570452,35.1586395],[129.1569893,35.1586201],[129.1568891,35.1585679],[129.1568358,35.1585197],[129.1567194,35.1584763],[129.1565501,35.1584319],[129.15635,35.1584516],[129.1563175,35.1584447],[129.1563013,35.1584664],[129.1561595,35.1584114],[129.1561907,35.1583829],[129.1562818,35.1583456],[129.156361,35.1583315],[129.1565568,35.1583285],[129.1568108,35.1584058],[129.1571381,35.1585605],[129.1573389,35.1586531],[129.1575318,35.1587457],[129.1576186,35.1587711],[129.1577105,35.1587953],[129.1587863,35.1591008],[129.158858,35.1591351],[129.159612,35.1592884],[129.1598988,35.1593428],[129.1598931,35.1593614],[129.1601036,35.1594093],[129.1600425,35.1594754]]]]}},{"type":"Feature","properties":{"r":313,"k":0,"d":152.7},"geometry":{"type":"MultiPolygon","coordinates":[[[[129.1594392,35.1594503],[129.1594709,35.1594452],[129.1594676,35.1594559],[129.1594392,35.1594503]]]]}},{"type":"Feature","properties":{"r":103,"k":0,"d":81.1},"geometry":{"type":"MultiPolygon","coordinates":[[[[129.1597946,35.1590567],[129.1593855,35.1589824],[129.1589003,35.1588868],[129.1586223,35.1588003],[129.1587165,35.1585934],[129.1588792,35.1586321],[129.1593893,35.1587393],[129.1596544,35.15883],[129.1598556,35.1589005],[129.1597946,35.1590567]]]]}},{"type":"Feature","properties":{"r":75,"k":0,"d":72.1},"geometry":{"type":"MultiPolygon","coordinates":[[[[129.1578196,35.1585546],[129.1577306,35.1585259],[129.1576725,35.158505],[129.1577632,35.1582975],[129.1580983,35.1584079],[129.1580228,35.158616],[129.1578196,35.1585546]]]]}},{"type":"Feature","properties":{"r":237,"k":0,"d":130.3},"geometry":{"type":"MultiPolygon","coordinates":[[[[129.1539142,35.1574346],[129.1539757,35.1573218],[129.1540651,35.157205],[129.154289,35.1573128],[129.1548562,35.1575645],[129.154834,35.1575774],[129.1547431,35.1576411],[129.1547337,35.1577019],[129.1546942,35.1576625],[129.1546572,35.1576338],[129.1546317,35.1575969],[129.1545863,35.1575564],[129.1545353,35.157528],[129.1544537,35.1575073],[129.1543419,35.1574447],[129.1541994,35.1573922],[129.1540688,35.1573908],[129.1539142,35.1574346]]]]}},{"type":"Feature","properties":{"r":42,"k":0,"d":57.2},"geometry":{"type":"MultiPolygon","coordinates":[[[[129.1648045,35.1596942],[129.1647139,35.1596883],[129.1646908,35.1595966],[129.1647446,35.1596053],[129.1650129,35.1596021],[129.165034,35.1596935],[129.1649071,35.159696],[129.1648045,35.1596942]]]]}},{"type":"Feature","properties":{"r":7,"k":0,"d":35.1},"geometry":{"type":"MultiPolygon","coordinates":[[[[129.1677708,35.1595846],[129.1677413,35.159582],[129.1677373,35.1595163],[129.1683647,35.15949],[129.1683717,35.15955],[129.1683152,35.1595487],[129.1680763,35.1595662],[129.1679879,35.1595794],[129.1678866,35.1595762],[129.1677708,35.1595846]]]]}},{"type":"Feature","properties":{"r":100,"k":0,"d":80.5},"geometry":{"type":"MultiPolygon","coordinates":[[[[129.1608717,35.1591678],[129.1608999,35.1591228],[129.1609203,35.1591318],[129.1609776,35.1591476],[129.1609472,35.1591913],[129.1608717,35.1591678]]]]}},{"type":"Feature","properties":{"r":63,"k":0,"d":68.2},"geometry":{"type":"MultiPolygon","coordinates":[[[[129.1636379,35.1602166],[129.1636016,35.1601825],[129.1635902,35.1596291],[129.1636399,35.1595923],[129.1644341,35.1596942],[129.1646018,35.1597137],[129.164637,35.1597526],[129.1646512,35.1601098],[129.1646521,35.1601708],[129.1646204,35.1601973],[129.1644924,35.1601989],[129.1636379,35.1602166]]]]}},{"type":"Feature","properties":{"r":259,"k":0,"d":136.5},"geometry":{"type":"MultiPolygon","coordinates":[[[[129.1646681,35.1603742],[129.164664,35.1603671],[129.164662,35.1602989],[129.1646681,35.1603742]]]]}},{"type":"Feature","properties":{"r":182,"k":0,"d":106.5},"geometry":{"type":"MultiPolygon","coordinates":[[[[129.1593093,35.159226],[129.158858,35.1591351],[129.1588295,35.1591213],[129.1589003,35.1588868],[129.1593855,35.1589824],[129.1593093,35.159226]]]]}},{"type":"Feature","properties":{"r":66,"k":0,"d":68.7},"geometry":{"type":"MultiPolygon","coordinates":[[[[129.1576725,35.158505],[129.1575406,35.1584517],[129.1573557,35.1583636],[129.157468,35.1581649],[129.1577632,35.1582975],[129.1576725,35.158505]]]]}},{"type":"Feature","properties":{"r":230,"k":0,"d":125.2},"geometry":{"type":"MultiPolygon","coordinates":[[[[129.1704716,35.1593376],[129.170461,35.159317],[129.170442,35.159288],[129.1704298,35.1592582],[129.1704102,35.1592525],[129.1704182,35.1592479],[129.1703886,35.1592025],[129.1705038,35.1591518],[129.1705332,35.1591909],[129.1705204,35.1591957],[129.1705833,35.1592816],[129.1705303,35.1593005],[129.1704716,35.1593376]]]]}},{"type":"Feature","properties":{"r":376,"k":0,"d":170.9},"geometry":{"type":"MultiPolygon","coordinates":[[[[129.1531461,35.1570468],[129.1531264,35.1570403],[129.1532163,35.15693],[129.1532219,35.1569511],[129.1531461,35.1570468]]]]}},{"type":"Feature","properties":{"r":454,"k":0,"d":193.8},"geometry":{"type":"MultiPolygon","coordinates":[[[[129.1613381,35.1604362],[129.1613395,35.1604377],[129.161295,35.1604836],[129.1612977,35.1604853],[129.1611973,35.1606024],[129.1610699,35.160622],[129.1610057,35.1604617],[129.1610282,35.1604325],[129.161076,35.1604029],[129.1610641,35.1603849],[129.1611099,35.1603275],[129.1611544,35.1602523],[129.1612235,35.1603113],[129.1613381,35.1604362]]]]}},{"type":"Feature","properties":{"r":224,"k":0,"d":120.5},"geometry":{"type":"MultiPolygon","coordinates":[[[[129.1587863,35.1591008],[129.1587236,35.1590832],[129.1587566,35.1589784],[129.1588673,35.1589971],[129.1588295,35.1591213],[129.1587863,35.1591008]]]]}},{"type":"Feature","properties":{"r":19,"k":0,"d":47.1},"geometry":{"type":"MultiPolygon","coordinates":[[[[129.1682402,35.159601],[129.1683276,35.1595935],[129.1683284,35.1595962],[129.1682301,35.1596017],[129.1682402,35.159601]]]]}},{"type":"Feature","properties":{"r":254,"k":0,"d":135.3},"geometry":{"type":"MultiPolygon","coordinates":[[[[129.164664,35.1603671],[129.1646214,35.1602924],[129.1646557,35.1602875],[129.164662,35.1602989],[129.164664,35.1603671]]]]}},{"type":"Feature","properties":{"r":291,"k":0,"d":145.5},"geometry":{"type":"MultiPolygon","coordinates":[[[[129.157233,35.1588569],[129.1572411,35.1588424],[129.1573681,35.1589171],[129.157233,35.1588569]]]]}},{"type":"Feature","properties":{"r":122,"k":0,"d":91.1},"geometry":{"type":"MultiPolygon","coordinates":[[[[129.154042,35.1571589],[129.1539072,35.1570321],[129.1538474,35.1570042],[129.1538271,35.1569918],[129.1538651,35.1569424],[129.1539603,35.156781],[129.1539976,35.1567265],[129.1541004,35.1567445],[129.1542149,35.1567936],[129.154264,35.1568065],[129.1542389,35.1568772],[129.1540783,35.1571879],[129.154042,35.1571589]]]]}},{"type":"Feature","properties":{"r":364,"k":0,"d":165.0},"geometry":{"type":"MultiPolygon","coordinates":[[[[129.1529651,35.1568945],[129.1528555,35.156766],[129.1530307,35.1566531],[129.1530407,35.1566644],[129.1530874,35.1566977],[129.1531198,35.156706],[129.1529651,35.1568945]]]]}},{"type":"Feature","properties":{"r":171,"k":0,"d":103.4},"geometry":{"type":"MultiPolygon","coordinates":[[[[129.1604649,35.159306],[129.1603977,35.1592967],[129.1604088,35.1592299],[129.1604778,35.1592411],[129.1604649,35.159306]]]]}},{"type":"Feature","properties":{"r":76,"k":0,"d":72.1},"geometry":{"type":"MultiPolygon","coordinates":[[[[129.1646868,35.1606763],[129.164612,35.1606797],[129.1646838,35.1606252],[129.164662,35.1602989],[129.1646557,35.1602875],[129.1646278,35.1602596],[129.1642533,35.160269],[129.1640447,35.1602721],[129.1637304,35.1602815],[129.1636507,35.1602822],[129.1636118,35.1603139],[129.1636114,35.1602719],[129.1636016,35.1601825],[129.1636379,35.1602166],[129.1644924,35.1601989],[129.1646204,35.1601973],[129.1646521,35.1601708],[129.1646512,35.1601098],[129.164637,35.1597526],[129.1646018,35.1597137],[129.1647637,35.1597238],[129.1647167,35.1597601],[129.1647386,35.1600575],[129.1647525,35.1602898],[129.164754,35.1603666],[129.1647713,35.1606236],[129.164835,35.1606695],[129.1646868,35.1606763]]]]}},{"type":"Feature","properties":{"r":270,"k":0,"d":139.4},"geometry":{"type":"MultiPolygon","coordinates":[[[[129.1704757,35.1593464],[129.1704716,35.1593376],[129.1705303,35.1593005],[129.1705833,35.1592816],[129.1705884,35.1592885],[129.1705349,35.1593067],[129.1704757,35.1593464]]]]}},{"type":"Feature","properties":{"r":39,"k":0,"d":55.1},"geometry":{"type":"MultiPolygon","coordinates":[[[[129.1658154,35.1596342],[129.1658174,35.1596697],[129.1656532,35.1596744],[129.1656532,35.1596396],[129.1658154,35.1596342]]]]}},{"type":"Feature","properties":{"r":12,"k":0,"d":42.7},"geometry":{"type":"MultiPolygon","coordinates":[[[[129.1684832,35.159573],[129.1684438,35.1595365],[129.1685475,35.1595144],[129.1686565,35.1594944],[129.1687486,35.159486],[129.1689418,35.1594722],[129.1689901,35.1594573],[129.1689997,35.1594424],[129.1691284,35.1594189],[129.1691945,35.1594135],[129.1692007,35.1594332],[129.1688578,35.1595026],[129.1688546,35.1594946],[129.1687377,35.1595133],[129.1687453,35.1595275],[129.1684832,35.159573]]]]}},{"type":"Feature","properties":{"r":336,"k":0,"d":156.8},"geometry":{"type":"MultiPolygon","coordinates":[[[[129.1664514,35.1605959],[129.166426,35.1606276],[129.1664035,35.1606808],[129.1663909,35.1607561],[129.1663695,35.1607528],[129.1663598,35.1607278],[129.1663613,35.1606776],[129.1663552,35.1606375],[129.1663393,35.1606006],[129.1664514,35.1605959]]]]}},{"type":"Feature","properties":{"r":131,"k":0,"d":94.7},"geometry":{"type":"MultiPolygon","coordinates":[[[[129.1624504,35.1596334],[129.1626471,35.1596729],[129.1629435,35.1597555],[129.1629594,35.1597589],[129.1631268,35.1597987],[129.163241,35.1598168],[129.1633311,35.1598408],[129.1634041,35.1598607],[129.163447,35.1598649],[129.1634626,35.1598664],[129.163434,35.1598746],[129.1632507,35.1598515],[129.1632475,35.1598508],[129.1631528,35.1598318],[129.1629295,35.1597727],[129.1626096,35.1596869],[129.1625929,35.1596824],[129.1624412,35.1596503],[129.1624504,35.1596334]]]]}},{"type":"Feature","properties":{"r":465,"k":0,"d":199.4},"geometry":{"type":"MultiPolygon","coordinates":[[[[129.1614043,35.160358],[129.1613925,35.160372],[129.1613899,35.1603689],[129.1614043,35.160358]]]]}},{"type":"Feature","properties":{"r":280,"k":0,"d":142.7},"geometry":{"type":"MultiPolygon","coordinates":[[[[129.1545288,35.1575272],[129.1544981,35.157571],[129.154453,35.1576145],[129.1544026,35.1576532],[129.1543706,35.1577108],[129.1544173,35.1577902],[129.154545,35.1579266],[129.1545826,35.1579462],[129.1546681,35.1579492],[129.1547292,35.1579047],[129.1547777,35.157875],[129.1548407,35.1579526],[129.1548125,35.1581617],[129.1547199,35.1581886],[129.1545081,35.1581178],[129.1542888,35.1580587],[129.1541328,35.1579524],[129.1540016,35.1578658],[129.1539347,35.1578081],[129.153681,35.1576092],[129.1537161,35.1575818],[129.1537798,35.157561],[129.1538276,35.1575248],[129.1539142,35.1574346],[129.1540688,35.1573908],[129.1541994,35.1573922],[129.1543419,35.1574447],[129.1544537,35.1575073],[129.1545288,35.1575272]]]]}},{"type":"Feature","properties":{"r":344,"k":0,"d":158.3},"geometry":{"type":"MultiPolygon","coordinates":[[[[129.1620024,35.1601306],[129.1620224,35.1601118],[129.1620043,35.1601324],[129.1620024,35.1601306]]]]}},{"type":"Feature","properties":{"r":322,"k":0,"d":154.5},"geometry":{"type":"MultiPolygon","coordinates":[[[[129.1644244,35.1605997],[129.1644163,35.160473],[129.1646739,35.1604624],[129.1646815,35.1605882],[129.1644244,35.1605997]]]]}},{"type":"Feature","properties":{"r":52,"k":0,"d":61.1},"geometry":{"type":"MultiPolygon","coordinates":[[[[129.1657375,35.1602045],[129.1657125,35.1597474],[129.1656362,35.1596947],[129.1658186,35.1596893],[129.165829,35.1598713],[129.1658197,35.1598718],[129.165824,35.1600045],[129.1657959,35.1600122],[129.165839,35.1601868],[129.1657375,35.1602045]]]]}},{"type":"Feature","properties":{"r":402,"k":0,"d":178.4},"geometry":{"type":"MultiPolygon","coordinates":[[[[129.1662302,35.1607874],[129.1662399,35.160967],[129.1661687,35.16079],[129.1662302,35.1607874]]]]}},{"type":"Feature","properties":{"r":158,"k":0,"d":100.1},"geometry":{"type":"MultiPolygon","coordinates":[[[[129.1623923,35.1598057],[129.1622592,35.1596961],[129.1621299,35.1595982],[129.1621744,35.1596026],[129.1624244,35.1597957],[129.1623923,35.1598057]]]]}},{"type":"Feature","properties":{"r":94,"k":0,"d":78.5},"geometry":{"type":"MultiPolygon","coordinates":[[[[129.1608717,35.1591678],[129.1607928,35.1591412],[129.1608268,35.1590877],[129.1608999,35.1591228],[129.1608717,35.1591678]]]]}},{"type":"Feature","properties":{"r":133,"k":0,"d":95.2},"geometry":{"type":"MultiPolygon","coordinates":[[[[129.1551401,35.1574876],[129.1550634,35.1574311],[129.1551665,35.1573472],[129.155241,35.157412],[129.155172,35.1574661],[129.1551401,35.1574876]]]]}},{"type":"Feature","properties":{"r":184,"k":0,"d":106.9},"geometry":{"type":"MultiPolygon","coordinates":[[[[129.1534491,35.1562244],[129.1534718,35.1561997],[129.1535116,35.1561663],[129.1534909,35.1562542],[129.1534491,35.1562244]]]]}},{"type":"Feature","properties":{"r":82,"k":0,"d":74.9},"geometry":{"type":"MultiPolygon","coordinates":[[[[129.1620867,35.1595415],[129.1621015,35.1595147],[129.1621105,35.1594801],[129.1621114,35.1594538],[129.1621078,35.1594235],[129.1621016,35.1594028],[129.1620928,35.15938],[129.1620784,35.1593542],[129.1621883,35.1593721],[129.1620976,35.1595431],[129.1620867,35.1595415]]]]}},{"type":"Feature","properties":{"r":70,"k":0,"d":70.2},"geometry":{"type":"MultiPolygon","coordinates":[[[[129.1620807,35.1593146],[129.1622436,35.1593392],[129.1622319,35.15938],[129.1621883,35.1593721],[129.1620784,35.1593542],[129.1620685,35.159337],[129.1620807,35.1593146]]]]}},{"type":"Feature","properties":{"r":425,"k":0,"d":186.7},"geometry":{"type":"MultiPolygon","coordinates":[[[[129.163978,35.160708],[129.163855,35.160714],[129.1638377,35.160682],[129.1639119,35.1607014],[129.163978,35.160708]]]]}},{"type":"Feature","properties":{"r":1,"k":0,"d":5.4},"geometry":{"type":"MultiPolygon","coordinates":[[[[129.1546324,35.1563259],[129.1545392,35.1563812],[129.1544561,35.1564346],[129.1544278,35.1563756],[129.1544058,35.1562984],[129.1543921,35.1561725],[129.1545595,35.155455],[129.1545732,35.1554563],[129.1544881,35.1561473],[129.1546324,35.1563259]]]]}},{"type":"Feature","properties":{"r":335,"k":0,"d":156.7},"geometry":{"type":"MultiPolygon","coordinates":[[[[129.1557769,35.158313],[129.1556271,35.1583491],[129.1555709,35.1583324],[129.1553696,35.1582839],[129.1551632,35.1582316],[129.1552016,35.1581868],[129.1552438,35.158175],[129.1552457,35.1581409],[129.1554142,35.1581958],[129.1556836,35.158287],[129.1557741,35.1583025],[129.1557769,35.158313]]]]}},{"type":"Feature","properties":{"r":377,"k":0,"d":171.0},"geometry":{"type":"MultiPolygon","coordinates":[[[[129.1707781,35.1595294],[129.1707747,35.1594759],[129.1707804,35.1594735],[129.1708091,35.1595082],[129.1708276,35.1595425],[129.1707911,35.1595784],[129.1707781,35.1595294]]]]}},{"type":"Feature","properties":{"r":288,"k":0,"d":144.6},"geometry":{"type":"MultiPolygon","coordinates":[[[[129.1600267,35.1595582],[129.1600145,35.1595639],[129.1598726,35.1595359],[129.1600466,35.1594989],[129.1600267,35.1595582]]]]}},{"type":"Feature","properties":{"r":426,"k":0,"d":187.2},"geometry":{"type":"MultiPolygon","coordinates":[[[[129.162618,35.1611388],[129.1625429,35.1610866],[129.1624765,35.161043],[129.1624851,35.161033],[129.1623869,35.1609613],[129.1628063,35.16066],[129.1628874,35.1605821],[129.1630334,35.1607004],[129.1629696,35.1607097],[129.162618,35.1611388]]]]}},{"type":"Feature","properties":{"r":120,"k":0,"d":89.7},"geometry":{"type":"MultiPolygon","coordinates":[[[[129.1572816,35.1583644],[129.1569196,35.1581864],[129.1569328,35.1581537],[129.1573025,35.1583384],[129.1572816,35.1583644]]]]}},{"type":"Feature","properties":{"r":51,"k":0,"d":60.8},"geometry":{"type":"MultiPolygon","coordinates":[[[[129.1570292,35.157903],[129.1570109,35.1579485],[129.1565966,35.1577521],[129.1570292,35.157903]]]]}},{"type":"Feature","properties":{"r":159,"k":0,"d":100.4},"geometry":{"type":"MultiPolygon","coordinates":[[[[129.1554281,35.1576192],[129.1553656,35.1575854],[129.1553126,35.1575055],[129.155321,35.1574897],[129.1554281,35.1576192]]]]}},{"type":"Feature","properties":{"r":58,"k":0,"d":66.1},"geometry":{"type":"MultiPolygon","coordinates":[[[[129.1560521,35.1576103],[129.1559823,35.1575951],[129.1559702,35.1575794],[129.1559079,35.1575795],[129.1559627,35.1574693],[129.1560368,35.1574881],[129.156143,35.1575386],[129.1560521,35.1576103]]]]}},{"type":"Feature","properties":{"r":73,"k":0,"d":71.3},"geometry":{"type":"MultiPolygon","coordinates":[[[[129.1558143,35.1574329],[129.1557512,35.157549],[129.1554702,35.1573683],[129.1554021,35.157337],[129.1554067,35.1573292],[129.1558143,35.1574329]]]]}},{"type":"Feature","properties":{"r":2,"k":0,"d":12.0},"geometry":{"type":"MultiPolygon","coordinates":[[[[129.1543708,35.1564511],[129.1543492,35.1564183],[129.1543264,35.156417],[129.1543231,35.1563775],[129.1543292,35.1563067],[129.1543139,35.1562024],[129.1544224,35.1557519],[129.1544637,35.1555766],[129.1544301,35.1555701],[129.1544669,35.1554449],[129.154549,35.1554541],[129.1544758,35.1557024],[129.1544287,35.155867],[129.154412,35.1559307],[129.1543971,35.1560008],[129.15439,35.1560837],[129.1543903,35.1561578],[129.1543921,35.1561725],[129.1543973,35.156219],[129.1544058,35.1562984],[129.1544278,35.1563756],[129.1544561,35.1564346],[129.1543926,35.1564773],[129.1543708,35.1564511]]]]}},{"type":"Feature","properties":{"r":334,"k":0,"d":156.6},"geometry":{"type":"MultiPolygon","coordinates":[[[[129.1530487,35.1564226],[129.1529835,35.1564036],[129.1530003,35.1563677],[129.1530487,35.1564226]]]]}},{"type":"Feature","properties":{"r":341,"k":0,"d":158.0},"geometry":{"type":"MultiPolygon","coordinates":[[[[129.1637062,35.1607201],[129.1636869,35.1607205],[129.1636599,35.1607028],[129.1636662,35.1606976],[129.1636366,35.16068],[129.1636327,35.1606837],[129.1636217,35.1606749],[129.1636129,35.1604027],[129.1636704,35.1606236],[129.1637062,35.1607201]]]]}},{"type":"Feature","properties":{"r":38,"k":0,"d":54.3},"geometry":{"type":"MultiPolygon","coordinates":[[[[129.1545872,35.1567127],[129.1545234,35.1566697],[129.1544552,35.1566463],[129.1543838,35.1566394],[129.1543183,35.1565699],[129.1543094,35.1564463],[129.1543264,35.156417],[129.1543492,35.1564183],[129.1543708,35.1564511],[129.1543926,35.1564773],[129.1543724,35.1564898],[129.1545872,35.1567127]]]]}},{"type":"Feature","properties":{"r":317,"k":0,"d":153.3},"geometry":{"type":"MultiPolygon","coordinates":[[[[129.1531198,35.156706],[129.1530874,35.1566977],[129.1530407,35.1566644],[129.1529071,35.156514],[129.1529154,35.1565052],[129.1532,35.1566084],[129.1531198,35.156706]]]]}},{"type":"Feature","properties":{"r":394,"k":0,"d":176.7},"geometry":{"type":"MultiPolygon","coordinates":[[[[129.1664275,35.1608209],[129.1664078,35.1607999],[129.1663962,35.1607802],[129.1664842,35.1607739],[129.1664573,35.1608415],[129.1664275,35.1608209]]]]}},{"type":"Feature","properties":{"r":219,"k":0,"d":117.6},"geometry":{"type":"MultiPolygon","coordinates":[[[[129.1658453,35.1601961],[129.1658516,35.1602941],[129.1658405,35.1602514],[129.1658335,35.1602177],[129.1658453,35.1601961]]]]}},{"type":"Feature","properties":{"r":333,"k":0,"d":156.3},"geometry":{"type":"MultiPolygon","coordinates":[[[[129.1577732,35.1596799],[129.1576663,35.1592554],[129.1576238,35.1590944],[129.1576635,35.159065],[129.1582569,35.1592348],[129.158201,35.15937],[129.1582068,35.1593716],[129.1582693,35.1596226],[129.1578161,35.1597005],[129.1577732,35.1596799]]]]}},{"type":"Feature","properties":{"r":235,"k":0,"d":129.8},"geometry":{"type":"MultiPolygon","coordinates":[[[[129.1601201,35.1593914],[129.1598988,35.1593428],[129.1601288,35.159382],[129.1601201,35.1593914]]]]}},{"type":"Feature","properties":{"r":331,"k":0,"d":156.2},"geometry":{"type":"MultiPolygon","coordinates":[[[[129.1587335,35.1593117],[129.1584582,35.1592321],[129.1584822,35.1592366],[129.1586352,35.1592752],[129.1587335,35.1593117]]]]}},{"type":"Feature","properties":{"r":281,"k":0,"d":143.0},"geometry":{"type":"MultiPolygon","coordinates":[[[[129.1628827,35.1602374],[129.1627939,35.1601593],[129.1628849,35.160233],[129.1630113,35.160337],[129.1628827,35.1602374]]]]}},{"type":"Feature","properties":{"r":77,"k":0,"d":72.4},"geometry":{"type":"MultiPolygon","coordinates":[[[[129.1543107,35.1566155],[129.1543078,35.1566332],[129.1542372,35.1566252],[129.1540417,35.1566362],[129.1542771,35.1566141],[129.1543107,35.1566155]]]]}},{"type":"Feature","properties":{"r":168,"k":0,"d":102.7},"geometry":{"type":"MultiPolygon","coordinates":[[[[129.1603983,35.1594782],[129.160185,35.1594953],[129.1600425,35.1594754],[129.1601201,35.1593914],[129.1603056,35.1594365],[129.1603618,35.1594636],[129.1603928,35.1593255],[129.1603977,35.1592967],[129.1604649,35.159306],[129.1604778,35.1592411],[129.1605007,35.1592408],[129.1604663,35.159479],[129.160431,35.159475],[129.1603983,35.1594782]]]]}},{"type":"Feature","properties":{"r":231,"k":0,"d":125.7},"geometry":{"type":"MultiPolygon","coordinates":[[[[129.1603056,35.1594365],[129.1601201,35.1593914],[129.1601288,35.159382],[129.1603706,35.1594241],[129.1603618,35.1594636],[129.1603056,35.1594365]]]]}},{"type":"Feature","properties":{"r":175,"k":0,"d":104.2},"geometry":{"type":"MultiPolygon","coordinates":[[[[129.1603706,35.1594241],[129.1601288,35.159382],[129.1602157,35.1592875],[129.1602395,35.1591986],[129.1604088,35.1592299],[129.1603928,35.1593255],[129.1603706,35.1594241]]]]}},{"type":"Feature","properties":{"r":166,"k":0,"d":101.6},"geometry":{"type":"MultiPolygon","coordinates":[[[[129.1604778,35.1592411],[129.1604088,35.1592299],[129.160413,35.1592148],[129.1604809,35.1592255],[129.1604778,35.1592411]]]]}},{"type":"Feature","properties":{"r":129,"k":0,"d":94.2},"geometry":{"type":"MultiPolygon","coordinates":[[[[129.1606402,35.1592304],[129.1605428,35.1592121],[129.1605525,35.1591892],[129.1606304,35.1592007],[129.1606313,35.1591913],[129.1606522,35.1591937],[129.1606402,35.1592304]]]]}},{"type":"Feature","properties":{"r":111,"k":0,"d":84.5},"geometry":{"type":"MultiPolygon","coordinates":[[[[129.1607745,35.1591874],[129.1607437,35.1591956],[129.1606526,35.1591806],[129.1606588,35.1591109],[129.1607168,35.1591157],[129.1607799,35.1591392],[129.1607864,35.1591635],[129.1607745,35.1591874]]]]}},{"type":"Feature","properties":{"r":274,"k":0,"d":141.3},"geometry":{"type":"MultiPolygon","coordinates":[[[[129.1704239,35.1595087],[129.1704163,35.159486],[129.1704122,35.1594551],[129.1704582,35.1593895],[129.1704862,35.1593589],[129.1705469,35.1593244],[129.1706497,35.1592871],[129.1706879,35.159282],[129.1706937,35.1593015],[129.1706751,35.1593604],[129.1706567,35.1594037],[129.1706143,35.1594168],[129.1705689,35.1594422],[129.1705513,35.1594925],[129.1704503,35.1595428],[129.1704239,35.1595087]]]]}},{"type":"Feature","properties":{"r":186,"k":0,"d":107.2},"geometry":{"type":"MultiPolygon","coordinates":[[[[129.1588901,35.1589208],[129.1587845,35.1588897],[129.1587957,35.1588543],[129.1589003,35.1588868],[129.1588901,35.1589208]]]]}},{"type":"Feature","properties":{"r":208,"k":0,"d":111.4},"geometry":{"type":"MultiPolygon","coordinates":[[[[129.1566345,35.1583137],[129.156374,35.1583129],[129.1563134,35.1583229],[129.1564285,35.1581557],[129.1565765,35.1582281],[129.1566679,35.1582776],[129.1566588,35.1583078],[129.1566345,35.1583137]]]]}},{"type":"Feature","properties":{"r":57,"k":0,"d":64.7},"geometry":{"type":"MultiPolygon","coordinates":[[[[129.1569328,35.1581537],[129.1569196,35.1581864],[129.1566558,35.1580567],[129.1565884,35.1577476],[129.1570109,35.1579485],[129.1569328,35.1581537]]]]}},{"type":"Feature","properties":{"r":407,"k":0,"d":181.1},"geometry":{"type":"MultiPolygon","coordinates":[[[[129.1532315,35.1571027],[129.1531816,35.1571774],[129.1531188,35.1570811],[129.1531461,35.1570468],[129.1531791,35.1570577],[129.1532315,35.1571027]]]]}},{"type":"Feature","properties":{"r":379,"k":0,"d":171.9},"geometry":{"type":"MultiPolygon","coordinates":[[[[129.1531791,35.1570577],[129.1531461,35.1570468],[129.1532219,35.1569511],[129.1532393,35.157017],[129.1532625,35.1570412],[129.1532315,35.1571027],[129.1531791,35.1570577]]]]}},{"type":"Feature","properties":{"r":305,"k":0,"d":150.4},"geometry":{"type":"MultiPolygon","coordinates":[[[[129.1528748,35.1561007],[129.1528507,35.1560623],[129.1527466,35.1559259],[129.1526185,35.1556841],[129.1527312,35.1555933],[129.1528336,35.1557132],[129.1529398,35.1559303],[129.1529768,35.156043],[129.1528748,35.1561007]]]]}},{"type":"Feature","properties":{"r":382,"k":0,"d":173.1},"geometry":{"type":"MultiPolygon","coordinates":[[[[129.1703331,35.1600065],[129.1704351,35.1598966],[129.1704657,35.1599386],[129.1704544,35.1600681],[129.1701857,35.1603567],[129.1700433,35.1605165],[129.1699217,35.1604493],[129.1700704,35.1602871],[129.1703331,35.1600065]]]]}},{"type":"Feature","properties":{"r":381,"k":0,"d":173.0},"geometry":{"type":"MultiPolygon","coordinates":[[[[129.1704351,35.1598966],[129.1704447,35.1598864],[129.1704675,35.1599177],[129.1704657,35.1599386],[129.1704351,35.1598966]]]]}},{"type":"Feature","properties":{"r":427,"k":0,"d":187.5},"geometry":{"type":"MultiPolygon","coordinates":[[[[129.1634306,35.1606677],[129.1634545,35.1606565],[129.163557,35.1607698],[129.1634306,35.1606677]]]]}},{"type":"Feature","properties":{"r":169,"k":0,"d":103.3},"geometry":{"type":"MultiPolygon","coordinates":[[[[129.1602395,35.1591986],[129.1599677,35.1591496],[129.1599781,35.1591121],[129.1601504,35.1591442],[129.1602492,35.1591641],[129.1602395,35.1591986]]]]}},{"type":"Feature","properties":{"r":27,"k":0,"d":49.3},"geometry":{"type":"MultiPolygon","coordinates":[[[[129.1643754,35.1595602],[129.1636818,35.1594666],[129.1638459,35.1594579],[129.1644088,35.1594893],[129.1643754,35.1595602]]]]}},{"type":"Feature","properties":{"r":64,"k":0,"d":68.5},"geometry":{"type":"MultiPolygon","coordinates":[[[[129.1647215,35.1597212],[129.1647139,35.1596883],[129.1647389,35.1596899],[129.1647422,35.1597225],[129.1647215,35.1597212]]]]}},{"type":"Feature","properties":{"r":110,"k":0,"d":83.1},"geometry":{"type":"MultiPolygon","coordinates":[[[[129.1602856,35.159033],[129.1602945,35.1590011],[129.1603589,35.1590058],[129.1603521,35.159043],[129.1602856,35.159033]]]]}},{"type":"Feature","properties":{"r":212,"k":0,"d":112.9},"geometry":{"type":"MultiPolygon","coordinates":[[[[129.1703139,35.159551],[129.1702078,35.1594104],[129.1701961,35.1594016],[129.1701397,35.1593261],[129.1702965,35.1592929],[129.1703208,35.1593484],[129.1703186,35.1593837],[129.1703456,35.1594199],[129.1703902,35.1594941],[129.1704006,35.1595609],[129.1704064,35.1596206],[129.1704017,35.1596762],[129.1703139,35.159551]]]]}},{"type":"Feature","properties":{"r":20,"k":0,"d":47.1},"geometry":{"type":"MultiPolygon","coordinates":[[[[129.1671082,35.1596498],[129.1666917,35.1596621],[129.1666541,35.1596486],[129.1666252,35.1596499],[129.1665401,35.1596454],[129.1664323,35.159635],[129.1663583,35.1596386],[129.1663135,35.1596387],[129.1662147,35.1596209],[129.1671601,35.1595892],[129.1671657,35.1596302],[129.1671082,35.1596498]]]]}},{"type":"Feature","properties":{"r":201,"k":0,"d":110.7},"geometry":{"type":"MultiPolygon","coordinates":[[[[129.1560778,35.1582313],[129.1562109,35.1580458],[129.1563233,35.1581011],[129.1561677,35.15831],[129.1561368,35.158262],[129.1560778,35.1582313]]]]}},{"type":"Feature","properties":{"r":119,"k":0,"d":88.4},"geometry":{"type":"MultiPolygon","coordinates":[[[[129.1553739,35.1573881],[129.1555603,35.1575804],[129.1556128,35.1576158],[129.1556941,35.1576542],[129.155647,35.1577395],[129.155535,35.1576649],[129.1554769,35.1576202],[129.155332,35.1574691],[129.1553739,35.1573881]]]]}},{"type":"Feature","properties":{"r":342,"k":0,"d":158.0},"geometry":{"type":"MultiPolygon","coordinates":[[[[129.159196,35.1598907],[129.1590927,35.1594835],[129.1591353,35.1594487],[129.1597693,35.1595749],[129.1600319,35.1596254],[129.16008,35.159679],[129.1600755,35.1597211],[129.1600246,35.1597714],[129.1592338,35.1599093],[129.159196,35.1598907]]]]}},{"type":"Feature","properties":{"r":370,"k":0,"d":167.7},"geometry":{"type":"MultiPolygon","coordinates":[[[[129.1619829,35.1602706],[129.1619273,35.160223],[129.1619583,35.1601865],[129.1620138,35.1602472],[129.1619829,35.1602706]]]]}},{"type":"Feature","properties":{"r":143,"k":0,"d":97.6},"geometry":{"type":"MultiPolygon","coordinates":[[[[129.1620717,35.1595623],[129.1621344,35.1595717],[129.1621744,35.1596026],[129.1621299,35.1595982],[129.1622592,35.1596961],[129.1623923,35.1598057],[129.1624479,35.1598542],[129.162412,35.1598938],[129.1621652,35.159687],[129.1620354,35.1595941],[129.1620508,35.1595839],[129.1620717,35.1595623]]]]}},{"type":"Feature","properties":{"r":409,"k":0,"d":183.3},"geometry":{"type":"MultiPolygon","coordinates":[[[[129.1571806,35.1593556],[129.1575541,35.1592923],[129.1575912,35.1593154],[129.1576128,35.1594],[129.1575673,35.1594077],[129.1575602,35.1593797],[129.1574778,35.159334],[129.1571881,35.1593848],[129.1571806,35.1593556]]]]}},{"type":"Feature","properties":{"r":273,"k":0,"d":140.6},"geometry":{"type":"MultiPolygon","coordinates":[[[[129.1608485,35.1596926],[129.1609599,35.1596948],[129.1609548,35.1597624],[129.1608349,35.1597539],[129.1608485,35.1596926]]]]}},{"type":"Feature","properties":{"r":350,"k":0,"d":160.5},"geometry":{"type":"MultiPolygon","coordinates":[[[[129.1620757,35.1601837],[129.1620697,35.1601926],[129.1620282,35.1601555],[129.1620554,35.160138],[129.1620752,35.1601603],[129.1620757,35.1601837]]]]}},{"type":"Feature","properties":{"r":13,"k":0,"d":43.2},"geometry":{"type":"MultiPolygon","coordinates":[[[[129.1679985,35.1596148],[129.1672836,35.1596452],[129.167282,35.1596211],[129.1677428,35.1596064],[129.1677413,35.159582],[129.1677708,35.1595846],[129.1678866,35.1595762],[129.1679879,35.1595794],[129.1679985,35.1596148]]]]}},{"type":"Feature","properties":{"r":398,"k":0,"d":177.2},"geometry":{"type":"MultiPolygon","coordinates":[[[[129.1662592,35.1610133],[129.1662399,35.160967],[129.1663015,35.1608224],[129.1663962,35.1607802],[129.1664078,35.1607999],[129.1664275,35.1608209],[129.1664573,35.1608415],[129.1662901,35.1610369],[129.1662592,35.1610133]]]]}},{"type":"Feature","properties":{"r":343,"k":0,"d":158.2},"geometry":{"type":"MultiPolygon","coordinates":[[[[129.1657917,35.1606223],[129.1656972,35.1606271],[129.1657146,35.1606111],[129.1658114,35.1605638],[129.1657916,35.1606134],[129.1657917,35.1606223]]]]}},{"type":"Feature","properties":{"r":160,"k":0,"d":100.8},"geometry":{"type":"MultiPolygon","coordinates":[[[[129.1634623,35.1598957],[129.1632507,35.1598515],[129.163434,35.1598746],[129.1634626,35.1598664],[129.1634623,35.1598957]]]]}},{"type":"Feature","properties":{"r":10,"k":0,"d":41.7},"geometry":{"type":"MultiPolygon","coordinates":[[[[129.1659211,35.1596189],[129.1657198,35.1595944],[129.1656533,35.159591],[129.1671534,35.1595404],[129.1671601,35.1595892],[129.1662147,35.1596209],[129.1661591,35.1596114],[129.1660375,35.1596167],[129.1659211,35.1596189]]]]}},{"type":"Feature","properties":{"r":337,"k":0,"d":157.1},"geometry":{"type":"MultiPolygon","coordinates":[[[[129.165933,35.160617],[129.1658719,35.1606184],[129.1658682,35.1605629],[129.165933,35.160617]]]]}},{"type":"Feature","properties":{"r":463,"k":0,"d":198.9},"geometry":{"type":"MultiPolygon","coordinates":[[[[129.1597425,35.1600209],[129.1599202,35.1599878],[129.1599573,35.1601254],[129.1599307,35.1601265],[129.1598094,35.1602698],[129.1598052,35.1602706],[129.1597425,35.1600209]]]]}},{"type":"Feature","properties":{"r":240,"k":0,"d":131.4},"geometry":{"type":"MultiPolygon","coordinates":[[[[129.1533666,35.1574591],[129.153222,35.1572395],[129.153238,35.1572303],[129.1533173,35.1572901],[129.1533632,35.1573521],[129.153438,35.157312],[129.1535316,35.157306],[129.1535872,35.1572822],[129.1536409,35.1572057],[129.1537599,35.1570859],[129.1538474,35.1570042],[129.1539072,35.1570321],[129.154042,35.1571589],[129.1540783,35.1571879],[129.1540651,35.157205],[129.1539932,35.1571713],[129.1538611,35.1572314],[129.1537893,35.1572734],[129.1537286,35.1573187],[129.1536667,35.1573764],[129.153606,35.1574465],[129.1535156,35.1575721],[129.1533666,35.1574591]]]]}},{"type":"Feature","properties":{"r":258,"k":0,"d":136.5},"geometry":{"type":"MultiPolygon","coordinates":[[[[129.1540651,35.157205],[129.1539757,35.1573218],[129.1539142,35.1574346],[129.1538276,35.1575248],[129.1537798,35.157561],[129.1537161,35.1575818],[129.153681,35.1576092],[129.1536216,35.1576022],[129.1535221,35.1575781],[129.1534532,35.1575296],[129.1533666,35.1574591],[129.1535156,35.1575721],[129.153606,35.1574465],[129.1536667,35.1573764],[129.1537286,35.1573187],[129.1537893,35.1572734],[129.1538611,35.1572314],[129.1539932,35.1571713],[129.1540651,35.157205]]]]}},{"type":"Feature","properties":{"r":371,"k":0,"d":168.4},"geometry":{"type":"MultiPolygon","coordinates":[[[[129.164612,35.1606797],[129.16443,35.160688],[129.1644244,35.1605997],[129.1646815,35.1605882],[129.1646838,35.1606252],[129.164612,35.1606797]]]]}},{"type":"Feature","properties":{"r":442,"k":0,"d":190.9},"geometry":{"type":"MultiPolygon","coordinates":[[[[129.1548071,35.1596806],[129.154804,35.1596789],[129.1547396,35.1594215],[129.1548788,35.1593992],[129.1548599,35.1593232],[129.1547214,35.1593486],[129.1547092,35.1593001],[129.1546835,35.1592201],[129.1546208,35.1592152],[129.1545939,35.1592068],[129.1546595,35.1590269],[129.154553,35.1589924],[129.1545469,35.1590053],[129.1543825,35.1589534],[129.1545059,35.1586878],[129.1546455,35.1586378],[129.1547537,35.1586532],[129.1550941,35.1587233],[129.1557712,35.1586715],[129.1558648,35.1587318],[129.1560425,35.1594342],[129.1560087,35.1594744],[129.155184,35.1596165],[129.1551391,35.1594327],[129.154931,35.1594682],[129.1549766,35.1596518],[129.1548071,35.1596806]]]]}},{"type":"Feature","properties":{"r":188,"k":0,"d":107.9},"geometry":{"type":"MultiPolygon","coordinates":[[[[129.1534412,35.1566499],[129.1534414,35.1566352],[129.153708,35.1566754],[129.1538323,35.1566624],[129.1538285,35.156672],[129.153736,35.1566868],[129.153658,35.1566853],[129.153538,35.1567017],[129.1534412,35.1566499]]]]}},{"type":"Feature","properties":{"r":452,"k":0,"d":193.4},"geometry":{"type":"MultiPolygon","coordinates":[[[[129.1536648,35.1578632],[129.1532179,35.1575941],[129.1533459,35.1574422],[129.1534532,35.1575296],[129.1535221,35.1575781],[129.1536216,35.1576022],[129.153681,35.1576092],[129.1538114,35.1577123],[129.1536648,35.1578632]]]]}},{"type":"Feature","properties":{"r":114,"k":0,"d":85.4},"geometry":{"type":"MultiPolygon","coordinates":[[[[129.155946,35.1576961],[129.1559591,35.157658],[129.1559854,35.1576646],[129.155946,35.1576961]]]]}},{"type":"Feature","properties":{"r":167,"k":0,"d":102.3},"geometry":{"type":"MultiPolygon","coordinates":[[[[129.1553656,35.1575854],[129.1553047,35.1575522],[129.1552965,35.1575343],[129.1553126,35.1575055],[129.1553656,35.1575854]]]]}},{"type":"Feature","properties":{"r":67,"k":0,"d":68.9},"geometry":{"type":"MultiPolygon","coordinates":[[[[129.155911,35.1574569],[129.1556298,35.1573862],[129.1553432,35.1572519],[129.1553876,35.1572108],[129.155911,35.1574569]]]]}},{"type":"Feature","properties":{"r":255,"k":0,"d":135.6},"geometry":{"type":"MultiPolygon","coordinates":[[[[129.1532438,35.1564795],[129.1530487,35.1564226],[129.1530003,35.1563677],[129.1530183,35.1563294],[129.1528748,35.1561007],[129.1529768,35.156043],[129.153071,35.1559926],[129.1531118,35.1560921],[129.1532345,35.1562994],[129.1532778,35.1563822],[129.1532438,35.1564795]]]]}},{"type":"Feature","properties":{"r":194,"k":0,"d":108.9},"geometry":{"type":"MultiPolygon","coordinates":[[[[129.1533929,35.1558448],[129.1533656,35.1558592],[129.1533237,35.1558943],[129.1533132,35.1558814],[129.1533727,35.1558201],[129.1534038,35.1558391],[129.1533929,35.1558448]]]]}},{"type":"Feature","properties":{"r":392,"k":0,"d":176.5},"geometry":{"type":"MultiPolygon","coordinates":[[[[129.1655842,35.1608164],[129.1655485,35.1608177],[129.1656281,35.1607325],[129.1656854,35.1608129],[129.1655842,35.1608164]]]]}},{"type":"Feature","properties":{"r":223,"k":0,"d":120.0},"geometry":{"type":"MultiPolygon","coordinates":[[[[129.1658516,35.1602941],[129.1658583,35.1604038],[129.1657495,35.1604167],[129.1657381,35.1602227],[129.1657521,35.1602324],[129.1657848,35.160244],[129.1658405,35.1602514],[129.1658516,35.1602941]]]]}},{"type":"Feature","properties":{"r":105,"k":0,"d":81.5},"geometry":{"type":"MultiPolygon","coordinates":[[[[129.165829,35.1598713],[129.1658447,35.1601862],[129.165839,35.1601868],[129.1657959,35.1600122],[129.165824,35.1600045],[129.1658197,35.1598718],[129.165829,35.1598713]]]]}},{"type":"Feature","properties":{"r":78,"k":0,"d":72.5},"geometry":{"type":"MultiPolygon","coordinates":[[[[129.1592497,35.1586893],[129.1593893,35.1587393],[129.1590305,35.1586645],[129.1588792,35.1586321],[129.1587165,35.1585934],[129.1587531,35.1585131],[129.1591677,35.1586602],[129.1592497,35.1586893]]]]}},{"type":"Feature","properties":{"r":278,"k":0,"d":142.2},"geometry":{"type":"MultiPolygon","coordinates":[[[[129.1600007,35.1595083],[129.1599901,35.1595106],[129.15976,35.1594765],[129.159672,35.159431],[129.1595402,35.1594371],[129.1594709,35.1594452],[129.1594392,35.1594503],[129.159338,35.1594304],[129.1594231,35.1593948],[129.159523,35.1593995],[129.1596845,35.1593931],[129.1597546,35.1594324],[129.1598776,35.1594493],[129.1600537,35.1594776],[129.1600466,35.1594989],[129.1600007,35.1595083]]]]}},{"type":"Feature","properties":{"r":11,"k":0,"d":41.9},"geometry":{"type":"MultiPolygon","coordinates":[[[[129.1681852,35.1596051],[129.1679985,35.1596148],[129.1679879,35.1595794],[129.1680763,35.1595662],[129.1683152,35.1595487],[129.1683276,35.1595935],[129.1681852,35.1596051]]]]}},{"type":"Feature","properties":{"r":283,"k":0,"d":143.2},"geometry":{"type":"MultiPolygon","coordinates":[[[[129.1606929,35.1597025],[129.1606511,35.1596802],[129.1605889,35.1596853],[129.1605839,35.1596745],[129.1605207,35.1596629],[129.1606759,35.1596591],[129.1606929,35.1597025]]]]}},{"type":"Feature","properties":{"r":23,"k":0,"d":48.0},"geometry":{"type":"MultiPolygon","coordinates":[[[[129.1687453,35.1595275],[129.1687377,35.1595133],[129.1688546,35.1594946],[129.1688578,35.1595026],[129.1687453,35.1595275]]]]}},{"type":"Feature","properties":{"r":117,"k":0,"d":86.2},"geometry":{"type":"MultiPolygon","coordinates":[[[[129.1604088,35.1592299],[129.1602395,35.1591986],[129.1602802,35.1590526],[129.1603255,35.1590636],[129.1603265,35.1590589],[129.1603824,35.1590607],[129.1604627,35.1590731],[129.1604257,35.1591707],[129.1604166,35.1591978],[129.1604088,35.1592299]]]]}},{"type":"Feature","properties":{"r":95,"k":0,"d":78.7},"geometry":{"type":"MultiPolygon","coordinates":[[[[129.1605641,35.1590765],[129.1605721,35.1590497],[129.160558,35.1590402],[129.1605586,35.1590338],[129.1606607,35.1590522],[129.1606438,35.159096],[129.1605641,35.1590765]]]]}},{"type":"Feature","properties":{"r":98,"k":0,"d":80.1},"geometry":{"type":"MultiPolygon","coordinates":[[[[129.1605151,35.1590702],[129.1604662,35.1590647],[129.1604813,35.1590259],[129.1605346,35.1590359],[129.1605256,35.1590671],[129.1605151,35.1590702]]]]}},{"type":"Feature","properties":{"r":144,"k":0,"d":97.8},"geometry":{"type":"MultiPolygon","coordinates":[[[[129.1557262,35.157781],[129.155647,35.1577395],[129.1556941,35.1576542],[129.1558371,35.1577256],[129.1557926,35.1578173],[129.1557262,35.157781]]]]}},{"type":"Feature","properties":{"r":443,"k":0,"d":191.2},"geometry":{"type":"MultiPolygon","coordinates":[[[[129.1616843,35.1604345],[129.1617701,35.1603665],[129.1617897,35.1603868],[129.1617233,35.1604674],[129.1616843,35.1604345]]]]}},{"type":"Feature","properties":{"r":303,"k":0,"d":149.9},"geometry":{"type":"MultiPolygon","coordinates":[[[[129.1705208,35.1596392],[129.1704503,35.1595428],[129.1705513,35.1594925],[129.1706368,35.1595768],[129.1705688,35.159611],[129.1705208,35.1596392]]]]}},{"type":"Feature","properties":{"r":453,"k":0,"d":193.6},"geometry":{"type":"MultiPolygon","coordinates":[[[[129.1602949,35.1604048],[129.1602012,35.1602],[129.1606488,35.160121],[129.1607083,35.1602493],[129.1606881,35.1602844],[129.1602949,35.1604048]]]]}},{"type":"Feature","properties":{"r":438,"k":0,"d":189.9},"geometry":{"type":"MultiPolygon","coordinates":[[[[129.1531014,35.1570931],[129.1528618,35.1573803],[129.153092,35.1570824],[129.1531014,35.1570931]]]]}},{"type":"Feature","properties":{"r":411,"k":0,"d":184.5},"geometry":{"type":"MultiPolygon","coordinates":[[[[129.1705739,35.1599233],[129.1705808,35.1599181],[129.1705882,35.1599281],[129.1705812,35.1599333],[129.1705739,35.1599233]]]]}},{"type":"Feature","properties":{"r":115,"k":0,"d":85.6},"geometry":{"type":"MultiPolygon","coordinates":[[[[129.1599158,35.1589771],[129.1598665,35.1589776],[129.1598321,35.1589603],[129.1598556,35.1589005],[129.1599304,35.1589166],[129.1599158,35.1589771]]]]}},{"type":"Feature","properties":{"r":192,"k":0,"d":108.6},"geometry":{"type":"MultiPolygon","coordinates":[[[[129.1563233,35.1581011],[129.1562109,35.1580458],[129.1562229,35.1580289],[129.1563323,35.1580888],[129.1563233,35.1581011]]]]}},{"type":"Feature","properties":{"r":362,"k":0,"d":164.6},"geometry":{"type":"MultiPolygon","coordinates":[[[[129.1656788,35.1606286],[129.1656972,35.1606271],[129.1657917,35.1606223],[129.1657924,35.1606721],[129.1657111,35.1606738],[129.1656788,35.1606286]]]]}},{"type":"Feature","properties":{"r":189,"k":0,"d":108.1},"geometry":{"type":"MultiPolygon","coordinates":[[[[129.1558324,35.1578712],[129.1557137,35.1578342],[129.1556949,35.1578228],[129.1557262,35.157781],[129.1557926,35.1578173],[129.1557988,35.1578124],[129.155855,35.15784],[129.1558324,35.1578712]]]]}},{"type":"Feature","properties":{"r":90,"k":0,"d":77.2},"geometry":{"type":"MultiPolygon","coordinates":[[[[129.1559591,35.157658],[129.1559823,35.1575951],[129.1560521,35.1576103],[129.1559854,35.1576646],[129.1559591,35.157658]]]]}},{"type":"Feature","properties":{"r":99,"k":0,"d":80.3},"geometry":{"type":"MultiPolygon","coordinates":[[[[129.1538271,35.1569918],[129.1537626,35.1569524],[129.1536672,35.1569066],[129.1537311,35.1567925],[129.1537798,35.1567405],[129.1538285,35.156672],[129.1540206,35.1566394],[129.1541285,35.1566573],[129.1542966,35.1567002],[129.1543001,35.1567694],[129.1542899,35.156785],[129.154264,35.1568065],[129.1542149,35.1567936],[129.1541004,35.1567445],[129.1539976,35.1567265],[129.1539603,35.156781],[129.1538651,35.1569424],[129.1538271,35.1569918]]]]}},{"type":"Feature","properties":{"r":419,"k":0,"d":185.8},"geometry":{"type":"MultiPolygon","coordinates":[[[[129.1655546,35.1613909],[129.1653641,35.1613159],[129.1654576,35.1612872],[129.1654694,35.1612666],[129.1654653,35.1612374],[129.1654506,35.1611993],[129.1654184,35.1611448],[129.1654517,35.1611395],[129.1654603,35.1611152],[129.1654277,35.1610411],[129.1654363,35.1610102],[129.1654252,35.1609834],[129.1654087,35.160969],[129.1655485,35.1608177],[129.1655842,35.1608164],[129.1655479,35.1608912],[129.1655588,35.1609717],[129.1655374,35.161022],[129.1655949,35.1610753],[129.1656009,35.1611546],[129.1656372,35.1611598],[129.1656302,35.1612264],[129.1656551,35.1612416],[129.1657495,35.1612697],[129.165709,35.1613348],[129.1656111,35.1612974],[129.1655546,35.1613909]]]]}},{"type":"Feature","properties":{"r":384,"k":0,"d":173.5},"geometry":{"type":"MultiPolygon","coordinates":[[[[129.1708276,35.1595425],[129.1708999,35.1595825],[129.1709263,35.1595923],[129.170934,35.1596008],[129.1709194,35.1596172],[129.1708943,35.1596033],[129.1707841,35.1597091],[129.1707405,35.1596379],[129.1707197,35.1595931],[129.1707394,35.1595969],[129.1707865,35.159583],[129.1708276,35.1595425]]]]}},{"type":"Feature","properties":{"r":372,"k":0,"d":169.3},"geometry":{"type":"MultiPolygon","coordinates":[[[[129.1528555,35.156766],[129.1528179,35.1567238],[129.1527704,35.1566585],[129.1529071,35.156514],[129.1530307,35.1566531],[129.1528555,35.156766]]]]}},{"type":"Feature","properties":{"r":206,"k":0,"d":111.0},"geometry":{"type":"MultiPolygon","coordinates":[[[[129.1548749,35.1575729],[129.1549496,35.1575361],[129.1551081,35.1575294],[129.1552299,35.1575541],[129.1554687,35.1576927],[129.1553893,35.1578025],[129.1548749,35.1575729]]]]}},{"type":"Feature","properties":{"r":203,"k":0,"d":110.8},"geometry":{"type":"MultiPolygon","coordinates":[[[[129.1561677,35.15831],[129.1563233,35.1581011],[129.1564285,35.1581557],[129.1563134,35.1583229],[129.1562723,35.1583307],[129.1561939,35.1583621],[129.1561677,35.15831]]]]}},{"type":"Feature","properties":{"r":400,"k":0,"d":178.0},"geometry":{"type":"MultiPolygon","coordinates":[[[[129.1584534,35.1600586],[129.1583563,35.1596621],[129.1589894,35.1595528],[129.1590292,35.1595737],[129.1591107,35.1599029],[129.1590724,35.159952],[129.1584534,35.1600586]]]]}},{"type":"Feature","properties":{"r":424,"k":0,"d":186.5},"geometry":{"type":"MultiPolygon","coordinates":[[[[129.1613899,35.1603689],[129.1613228,35.1604193],[129.1612235,35.1603113],[129.1612126,35.1603023],[129.1613614,35.1602258],[129.1614408,35.160315],[129.1614043,35.160358],[129.1613899,35.1603689]]]]}},{"type":"Feature","properties":{"r":135,"k":0,"d":95.3},"geometry":{"type":"MultiPolygon","coordinates":[[[[129.1620867,35.1595415],[129.1620717,35.1595623],[129.1612205,35.1594362],[129.1612239,35.1594188],[129.1620867,35.1595415]]]]}},{"type":"Feature","properties":{"r":93,"k":0,"d":78.2},"geometry":{"type":"MultiPolygon","coordinates":[[[[129.1608026,35.1590782],[129.1608268,35.1590877],[129.1607928,35.1591412],[129.1609472,35.1591913],[129.1609776,35.1591476],[129.1610588,35.1591703],[129.1611872,35.1592189],[129.1612874,35.1592481],[129.1612422,35.1593441],[129.1610626,35.15931],[129.161079,35.1592779],[129.1610336,35.1592608],[129.1610373,35.1592366],[129.1609605,35.1592043],[129.1609263,35.1592842],[129.1606402,35.1592304],[129.1606522,35.1591937],[129.1606313,35.1591913],[129.1606304,35.1592007],[129.1605525,35.1591892],[129.1605428,35.1592121],[129.1605057,35.1592061],[129.1605007,35.1592408],[129.1604778,35.1592411],[129.1604855,35.159204],[129.160493,35.159178],[129.1605243,35.1590818],[129.1604627,35.1590731],[129.1604662,35.1590647],[129.1605151,35.1590702],[129.1605256,35.1590671],[129.1605346,35.1590359],[129.1604813,35.1590259],[129.1604834,35.1590202],[129.1603013,35.1589779],[129.1603034,35.158971],[129.1608026,35.1590782]],[[129.1607246,35.1590639],[129.1607106,35.1591044],[129.1607812,35.1591213],[129.1608026,35.1590782],[129.1607246,35.1590639]],[[129.1606438,35.159096],[129.1606607,35.1590522],[129.1605586,35.1590338],[129.160558,35.1590402],[129.1605721,35.1590497],[129.1605641,35.1590765],[129.1606438,35.159096]],[[129.1607437,35.1591956],[129.1607745,35.1591874],[129.1607864,35.1591635],[129.1607799,35.1591392],[129.1607168,35.1591157],[129.1606588,35.1591109],[129.1606526,35.1591806],[129.1607437,35.1591956]]]]}},{"type":"Feature","properties":{"r":162,"k":0,"d":101.1},"geometry":{"type":"MultiPolygon","coordinates":[[[[129.1624244,35.1597957],[129.1625748,35.1598016],[129.1631528,35.1598318],[129.1634623,35.1598957],[129.1634766,35.160642],[129.16348,35.1606446],[129.1634306,35.1606677],[129.1631917,35.1604754],[129.1630113,35.160337],[129.1627916,35.1601575],[129.1624426,35.1598496],[129.1624244,35.1597957]]]]}},{"type":"Feature","properties":{"r":265,"k":0,"d":138.3},"geometry":{"type":"MultiPolygon","coordinates":[[[[129.1606771,35.1596622],[129.1606759,35.1596591],[129.1609612,35.159673],[129.1609599,35.1596948],[129.160793,35.1596914],[129.1606771,35.1596622]]]]}},{"type":"Feature","properties":{"r":286,"k":0,"d":144.1},"geometry":{"type":"MultiPolygon","coordinates":[[[[129.1620644,35.1600631],[129.1620886,35.1599927],[129.16212,35.1600161],[129.1621146,35.1600313],[129.1620864,35.1600351],[129.1620644,35.1600631]]]]}},{"type":"Feature","properties":{"r":9,"k":0,"d":41.5},"geometry":{"type":"MultiPolygon","coordinates":[[[[129.1672227,35.1595871],[129.1671601,35.1595892],[129.1671534,35.1595404],[129.1672161,35.159539],[129.1672227,35.1595871]]]]}},{"type":"Feature","properties":{"r":349,"k":0,"d":159.1},"geometry":{"type":"MultiPolygon","coordinates":[[[[129.1673437,35.160597],[129.1673531,35.160747],[129.1673416,35.1607396],[129.1672138,35.1607489],[129.1673076,35.1606528],[129.1673437,35.160597]]]]}},{"type":"Feature","properties":{"r":14,"k":0,"d":44.5},"geometry":{"type":"MultiPolygon","coordinates":[[[[129.1677413,35.159582],[129.1677428,35.1596064],[129.167282,35.1596211],[129.1672798,35.1595851],[129.1672653,35.1595857],[129.1673305,35.1595687],[129.167505,35.1595656],[129.1676379,35.159573],[129.1677413,35.159582]]]]}},{"type":"Feature","properties":{"r":311,"k":0,"d":151.7},"geometry":{"type":"MultiPolygon","coordinates":[[[[129.154837,35.1581672],[129.1548426,35.1580959],[129.1548654,35.1579969],[129.1548681,35.157928],[129.1549304,35.1579185],[129.1550116,35.1579242],[129.1552307,35.1579901],[129.1552481,35.1580294],[129.1552029,35.1581176],[129.1552457,35.1581409],[129.1552438,35.158175],[129.1552016,35.1581868],[129.1551632,35.1582316],[129.1550285,35.1581968],[129.154837,35.1581672]]]]}},{"type":"Feature","properties":{"r":423,"k":0,"d":186.4},"geometry":{"type":"MultiPolygon","coordinates":[[[[129.1708021,35.1597867],[129.1708169,35.1597809],[129.1709751,35.1596369],[129.1710184,35.1596748],[129.171034,35.159703],[129.1710548,35.159703],[129.1709063,35.159833],[129.1707628,35.159973],[129.1706732,35.1598488],[129.1707322,35.1598524],[129.1708021,35.1597867]]]]}},{"type":"Feature","properties":{"r":178,"k":0,"d":105.4},"geometry":{"type":"MultiPolygon","coordinates":[[[[129.1599664,35.1591099],[129.1599572,35.1591395],[129.1598902,35.1591312],[129.1599009,35.1590895],[129.1599664,35.1591099]]]]}},{"type":"Feature","properties":{"r":126,"k":0,"d":93.0},"geometry":{"type":"MultiPolygon","coordinates":[[[[129.1540206,35.1566394],[129.1539364,35.1566537],[129.1539103,35.1566543],[129.1538323,35.1566624],[129.1538522,35.1566194],[129.1539184,35.1566183],[129.1540206,35.1566394]]]]}},{"type":"Feature","properties":{"r":416,"k":0,"d":185.6},"geometry":{"type":"MultiPolygon","coordinates":[[[[129.163978,35.160708],[129.1641253,35.1607015],[129.1641286,35.1607229],[129.163978,35.160708]]]]}},{"type":"Feature","properties":{"r":256,"k":0,"d":136.0},"geometry":{"type":"MultiPolygon","coordinates":[[[[129.1609548,35.1597624],[129.1609599,35.1596948],[129.1611223,35.1597002],[129.161112,35.1597491],[129.1610703,35.1597437],[129.1609546,35.1597685],[129.1609548,35.1597624]]]]}},{"type":"Feature","properties":{"r":226,"k":0,"d":123.1},"geometry":{"type":"MultiPolygon","coordinates":[[[[129.1703139,35.159551],[129.1703058,35.1595571],[129.1702029,35.1594118],[129.1702078,35.1594104],[129.1703139,35.159551]]]]}},{"type":"Feature","properties":{"r":441,"k":0,"d":190.8},"geometry":{"type":"MultiPolygon","coordinates":[[[[129.1527683,35.1566607],[129.1527308,35.1566998],[129.1526606,35.1566185],[129.1525994,35.1565616],[129.1527683,35.1566607]]]]}},{"type":"Feature","properties":{"r":0,"k":0,"d":3.6},"geometry":{"type":"MultiPolygon","coordinates":[[[[129.1689086,35.1583742],[129.1690017,35.1582979],[129.1694526,35.1586665],[129.1695463,35.158717],[129.1699497,35.1590496],[129.1698099,35.1591375],[129.1694231,35.1588197],[129.1693605,35.158743],[129.1689086,35.1583742]]]]}},{"type":"Feature","properties":{"r":37,"k":0,"d":53.9},"geometry":{"type":"MultiPolygon","coordinates":[[[[129.1635616,35.1594709],[129.163576,35.1594708],[129.1636818,35.1594666],[129.1641067,35.1595246],[129.1643754,35.1595602],[129.164371,35.1595693],[129.1635633,35.1594711],[129.1635616,35.1594709]]]]}},{"type":"Feature","properties":{"r":228,"k":0,"d":125.2},"geometry":{"type":"MultiPolygon","coordinates":[[[[129.1555898,35.1579636],[129.1556299,35.1579099],[129.1556898,35.1580121],[129.1556338,35.1579929],[129.1555898,35.1579636]]]]}},{"type":"Feature","properties":{"r":22,"k":0,"d":48.0},"geometry":{"type":"MultiPolygon","coordinates":[[[[129.167392,35.1596866],[129.1674455,35.1596383],[129.1679186,35.1596181],[129.1679956,35.1605005],[129.167478,35.1605306],[129.1674495,35.1605073],[129.167392,35.1596866]]]]}},{"type":"Feature","properties":{"r":374,"k":0,"d":169.5},"geometry":{"type":"MultiPolygon","coordinates":[[[[129.1572987,35.1592821],[129.1570771,35.1593194],[129.157022,35.159111],[129.15724,35.1590747],[129.1572987,35.1592821]]]]}},{"type":"Feature","properties":{"r":339,"k":0,"d":157.6},"geometry":{"type":"MultiPolygon","coordinates":[[[[129.1706699,35.1594058],[129.1706874,35.1594253],[129.1706963,35.1594328],[129.1707766,35.1594751],[129.1707747,35.1594759],[129.1707781,35.1595294],[129.1707647,35.159487],[129.1706567,35.1594037],[129.1706699,35.1594058]]]]}},{"type":"Feature","properties":{"r":151,"k":0,"d":98.4},"geometry":{"type":"MultiPolygon","coordinates":[[[[129.1622589,35.1596468],[129.1622825,35.1596167],[129.1624412,35.1596503],[129.1624269,35.159699],[129.1624236,35.1597218],[129.1622589,35.1596468]]]]}},{"type":"Feature","properties":{"r":128,"k":0,"d":93.4},"geometry":{"type":"MultiPolygon","coordinates":[[[[129.1572816,35.1583644],[129.1572682,35.1583811],[129.1569574,35.1583031],[129.1568876,35.1582661],[129.1569196,35.1581864],[129.1572816,35.1583644]]]]}},{"type":"Feature","properties":{"r":190,"k":0,"d":108.2},"geometry":{"type":"MultiPolygon","coordinates":[[[[129.1559871,35.1579103],[129.155979,35.1579202],[129.1559545,35.1579084],[129.1558324,35.1578712],[129.155855,35.15784],[129.155919,35.1578704],[129.1559871,35.1579103]]]]}},{"type":"Feature","properties":{"r":50,"k":0,"d":60.7},"geometry":{"type":"MultiPolygon","coordinates":[[[[129.1565884,35.1577476],[129.156143,35.1575386],[129.1561648,35.1575222],[129.15645,35.157635],[129.1565776,35.1577046],[129.1565884,35.1577476]]]]}},{"type":"Feature","properties":{"r":55,"k":0,"d":63.7},"geometry":{"type":"MultiPolygon","coordinates":[[[[129.156143,35.1575386],[129.1560368,35.1574881],[129.1560751,35.157498],[129.1561354,35.1575142],[129.1561648,35.1575222],[129.156143,35.1575386]]]]}},{"type":"Feature","properties":{"r":156,"k":0,"d":99.6},"geometry":{"type":"MultiPolygon","coordinates":[[[[129.1552505,35.157534],[129.1552256,35.1575343],[129.1551502,35.1575195],[129.1550762,35.1574738],[129.1550272,35.1573256],[129.1550992,35.1574011],[129.1550634,35.1574311],[129.1551401,35.1574876],[129.155172,35.1574661],[129.1552505,35.157534]]]]}},{"type":"Feature","properties":{"r":107,"k":0,"d":81.7},"geometry":{"type":"MultiPolygon","coordinates":[[[[129.1553926,35.1574073],[129.1553739,35.1573881],[129.1554021,35.157337],[129.1554702,35.1573683],[129.1554146,35.1574084],[129.1553926,35.1574073]]]]}},{"type":"Feature","properties":{"r":155,"k":0,"d":99.3},"geometry":{"type":"MultiPolygon","coordinates":[[[[129.1535174,35.156144],[129.1535666,35.1560839],[129.1535675,35.1561132],[129.1535116,35.1561663],[129.1535174,35.156144]]]]}},{"type":"Feature","properties":{"r":81,"k":0,"d":74.0},"geometry":{"type":"MultiPolygon","coordinates":[[[[129.1542966,35.1567002],[129.1541285,35.1566573],[129.1540206,35.1566394],[129.1540417,35.1566362],[129.1542372,35.1566252],[129.1543078,35.1566332],[129.1542966,35.1567002]]]]}},{"type":"Feature","properties":{"r":396,"k":0,"d":177.2},"geometry":{"type":"MultiPolygon","coordinates":[[[[129.1561675,35.1592557],[129.1561138,35.1590393],[129.15612,35.1590314],[129.1566982,35.1589325],[129.1567579,35.1591563],[129.1561675,35.1592557]]]]}},{"type":"Feature","properties":{"r":238,"k":0,"d":130.7},"geometry":{"type":"MultiPolygon","coordinates":[[[[129.1583795,35.1591894],[129.158385,35.1592109],[129.1577368,35.1590236],[129.1576911,35.1589796],[129.1574013,35.1588433],[129.1572705,35.1587861],[129.1573159,35.1587231],[129.1576485,35.1588408],[129.1577225,35.1588713],[129.1577772,35.1589112],[129.1578097,35.1589568],[129.1578573,35.1589851],[129.1580097,35.1590456],[129.1580483,35.1590788],[129.1581816,35.1591251],[129.1583403,35.1591597],[129.1583795,35.1591894]]]]}},{"type":"Feature","properties":{"r":393,"k":0,"d":176.6},"geometry":{"type":"MultiPolygon","coordinates":[[[[129.1662901,35.1610369],[129.1664573,35.1608415],[129.1664842,35.1607739],[129.1667212,35.1607667],[129.1667336,35.161014],[129.1665261,35.1610864],[129.1664561,35.161109],[129.1664167,35.161109],[129.1663958,35.1611185],[129.1663838,35.1611069],[129.1662901,35.1610369]]]]}},{"type":"Feature","properties":{"r":366,"k":0,"d":165.6},"geometry":{"type":"MultiPolygon","coordinates":[[[[129.1608653,35.1599068],[129.1607827,35.1599184],[129.1607776,35.159906],[129.1608432,35.1599018],[129.1608653,35.1599068]]]]}},{"type":"Feature","properties":{"r":312,"k":0,"d":152.2},"geometry":{"type":"MultiPolygon","coordinates":[[[[129.1620491,35.16008],[129.1620151,35.1600626],[129.1620644,35.1600631],[129.1620491,35.16008]]]]}},{"type":"Feature","properties":{"r":316,"k":0,"d":153.2},"geometry":{"type":"MultiPolygon","coordinates":[[[[129.1613474,35.1599364],[129.1613216,35.1599369],[129.1613043,35.1599056],[129.1613486,35.1599259],[129.1613474,35.1599364]]]]}},{"type":"Feature","properties":{"r":263,"k":0,"d":137.9},"geometry":{"type":"MultiPolygon","coordinates":[[[[129.1704363,35.1593791],[129.1704139,35.1593905],[129.1704716,35.1593376],[129.1704757,35.1593464],[129.1704363,35.1593791]]]]}},{"type":"Feature","properties":{"r":225,"k":0,"d":122.1},"geometry":{"type":"MultiPolygon","coordinates":[[[[129.1704102,35.1592525],[129.1703427,35.1592834],[129.1703284,35.1592307],[129.1703886,35.1592025],[129.1704182,35.1592479],[129.1704102,35.1592525]]]]}},{"type":"Feature","properties":{"r":132,"k":0,"d":95.1},"geometry":{"type":"MultiPolygon","coordinates":[[[[129.161216,35.159459],[129.1612032,35.1595252],[129.1604727,35.1594351],[129.1605057,35.1592061],[129.1607762,35.1592558],[129.1612422,35.1593441],[129.1612003,35.1594332],[129.1612205,35.1594362],[129.161216,35.159459]]]]}},{"type":"Feature","properties":{"r":154,"k":0,"d":99.2},"geometry":{"type":"MultiPolygon","coordinates":[[[[129.1604809,35.1592255],[129.160413,35.1592148],[129.1604166,35.1591978],[129.1604855,35.159204],[129.1604809,35.1592255]]]]}},{"type":"Feature","properties":{"r":101,"k":0,"d":80.7},"geometry":{"type":"MultiPolygon","coordinates":[[[[129.1604597,35.1590638],[129.1603828,35.1590439],[129.1603935,35.159009],[129.1604813,35.1590259],[129.1604662,35.1590647],[129.1604597,35.1590638]]]]}},{"type":"Feature","properties":{"r":399,"k":0,"d":177.3},"geometry":{"type":"MultiPolygon","coordinates":[[[[129.1647745,35.1606723],[129.1647751,35.1606822],[129.1648037,35.1607114],[129.1646483,35.1607183],[129.164687,35.1606792],[129.1646868,35.1606763],[129.1647745,35.1606723]]]]}},{"type":"Feature","properties":{"r":220,"k":0,"d":118.0},"geometry":{"type":"MultiPolygon","coordinates":[[[[129.1657381,35.1602227],[129.1657009,35.1602251],[129.1656975,35.1602115],[129.1657375,35.1602045],[129.1657381,35.1602227]]]]}},{"type":"Feature","properties":{"r":293,"k":0,"d":146.0},"geometry":{"type":"MultiPolygon","coordinates":[[[[129.1656788,35.1606286],[129.165671,35.1606182],[129.1656608,35.1604672],[129.1657523,35.1604562],[129.1657604,35.160569],[129.1657146,35.1606111],[129.1656788,35.1606286]]]]}},{"type":"Feature","properties":{"r":450,"k":0,"d":192.9},"geometry":{"type":"MultiPolygon","coordinates":[[[[129.1617233,35.1604674],[129.1617897,35.1603868],[129.1618074,35.1604073],[129.161726,35.1604709],[129.1617233,35.1604674]]]]}},{"type":"Feature","properties":{"r":345,"k":0,"d":158.6},"geometry":{"type":"MultiPolygon","coordinates":[[[[129.1617736,35.160133],[129.1617639,35.1601263],[129.1617674,35.1600823],[129.1617867,35.1600657],[129.161859,35.160101],[129.1618893,35.1600935],[129.161904,35.1601028],[129.1618957,35.1601429],[129.1618927,35.1601172],[129.1618707,35.1601077],[129.161861,35.160113],[129.1618272,35.1600984],[129.1617736,35.160133]]]]}},{"type":"Feature","properties":{"r":418,"k":0,"d":185.7},"geometry":{"type":"MultiPolygon","coordinates":[[[[129.1705812,35.1599333],[129.1705882,35.1599281],[129.1706699,35.1600453],[129.1706656,35.1600493],[129.1705812,35.1599333]]]]}},{"type":"Feature","properties":{"r":268,"k":0,"d":138.7},"geometry":{"type":"MultiPolygon","coordinates":[[[[129.1577368,35.1590236],[129.1573681,35.1589171],[129.1572411,35.1588424],[129.1572705,35.1587861],[129.1574013,35.1588433],[129.1576911,35.1589796],[129.1577368,35.1590236]]]]}},{"type":"Feature","properties":{"r":207,"k":0,"d":111.3},"geometry":{"type":"MultiPolygon","coordinates":[[[[129.1587566,35.1589784],[129.1587845,35.1588897],[129.1588901,35.1589208],[129.1588673,35.1589971],[129.1587566,35.1589784]]]]}},{"type":"Feature","properties":{"r":146,"k":0,"d":97.9},"geometry":{"type":"MultiPolygon","coordinates":[[[[129.1577105,35.1587953],[129.1578196,35.1585546],[129.1583,35.1587006],[129.1582045,35.1589357],[129.1577105,35.1587953]]]]}},{"type":"Feature","properties":{"r":123,"k":0,"d":92.3},"geometry":{"type":"MultiPolygon","coordinates":[[[[129.1568876,35.1582661],[129.1566769,35.158157],[129.1566558,35.1580567],[129.1569196,35.1581864],[129.1568876,35.1582661]]]]}},{"type":"Feature","properties":{"r":361,"k":0,"d":163.2},"geometry":{"type":"MultiPolygon","coordinates":[[[[129.1657917,35.1606223],[129.1658719,35.1606184],[129.1658754,35.1606688],[129.1657924,35.1606721],[129.1657917,35.1606223]]]]}},{"type":"Feature","properties":{"r":102,"k":0,"d":80.8},"geometry":{"type":"MultiPolygon","coordinates":[[[[129.1557671,35.1576908],[129.1557951,35.1575771],[129.1559079,35.1575795],[129.1558371,35.1577256],[129.1557671,35.1576908]]]]}},{"type":"Feature","properties":{"r":432,"k":0,"d":189.5},"geometry":{"type":"MultiPolygon","coordinates":[[[[129.1709263,35.1595923],[129.1709618,35.1595749],[129.1709989,35.1595504],[129.1710473,35.1595016],[129.1711824,35.1594041],[129.1712087,35.1593766],[129.1712566,35.1593969],[129.1712952,35.1593878],[129.1713429,35.1593647],[129.1714734,35.1592739],[129.1714954,35.1593123],[129.1713566,35.1594263],[129.1710548,35.159703],[129.171034,35.159703],[129.1710184,35.1596748],[129.170934,35.1596008],[129.1709263,35.1595923]]]]}},{"type":"Feature","properties":{"r":134,"k":0,"d":95.3},"geometry":{"type":"MultiPolygon","coordinates":[[[[129.1620867,35.1595415],[129.1620976,35.1595431],[129.1621344,35.1595717],[129.1620717,35.1595623],[129.1620867,35.1595415]]]]}},{"type":"Feature","properties":{"r":49,"k":0,"d":59.1},"geometry":{"type":"MultiPolygon","coordinates":[[[[129.1656716,35.1606289],[129.164835,35.1606695],[129.1647713,35.1606236],[129.164754,35.1603666],[129.1647525,35.1602898],[129.1647386,35.1600575],[129.1647295,35.1599379],[129.1647237,35.1598109],[129.164756,35.1598698],[129.1647299,35.1597573],[129.1647445,35.1597449],[129.1647439,35.1597391],[129.1647637,35.1597238],[129.1647422,35.1597225],[129.1647389,35.1596899],[129.1648045,35.1596942],[129.1649071,35.159696],[129.165034,35.1596935],[129.1656352,35.1596749],[129.1656362,35.1596947],[129.1657125,35.1597474],[129.1657375,35.1602045],[129.1656975,35.1602115],[129.1657495,35.1604167],[129.1655487,35.1604413],[129.1655746,35.160478],[129.1656608,35.1604672],[129.165671,35.1606182],[129.1656788,35.1606286],[129.1656716,35.1606289]]]]}},{"type":"Feature","properties":{"r":71,"k":0,"d":71.0},"geometry":{"type":"MultiPolygon","coordinates":[[[[129.1701279,35.1589376],[129.1702063,35.1591292],[129.1696454,35.1592409],[129.1701279,35.1589376]]]]}},{"type":"Feature","properties":{"r":34,"k":0,"d":51.6},"geometry":{"type":"MultiPolygon","coordinates":[[[[129.167167,35.159648],[129.1671082,35.1596498],[129.1671657,35.1596302],[129.167167,35.159648]]]]}},{"type":"Feature","properties":{"r":30,"k":0,"d":50.2},"geometry":{"type":"MultiPolygon","coordinates":[[[[129.1663585,35.1596512],[129.1663583,35.1596386],[129.1664323,35.159635],[129.1665401,35.1596454],[129.1663585,35.1596512]]]]}},{"type":"Feature","properties":{"r":388,"k":0,"d":175.8},"geometry":{"type":"MultiPolygon","coordinates":[[[[129.1664004,35.1611164],[129.1664167,35.161109],[129.1664561,35.161109],[129.1665261,35.1610864],[129.1667336,35.161014],[129.1667212,35.1607667],[129.1672138,35.1607489],[129.1671693,35.1607924],[129.1671302,35.1608262],[129.1670598,35.1608675],[129.1670771,35.161176],[129.1670704,35.1611759],[129.1670431,35.1612144],[129.1670292,35.1612371],[129.1669843,35.1612624],[129.1669649,35.1612766],[129.1669481,35.1613042],[129.1669386,35.1613454],[129.1669225,35.1613793],[129.1666355,35.1614657],[129.1666342,35.161476],[129.1665932,35.161389],[129.1665154,35.1612517],[129.1664808,35.1611992],[129.1664004,35.1611164]]]]}},{"type":"Feature","properties":{"r":136,"k":0,"d":96.3},"geometry":{"type":"MultiPolygon","coordinates":[[[[129.1621813,35.1596032],[129.1621744,35.1596026],[129.1621344,35.1595717],[129.1621884,35.1595804],[129.1622869,35.1596006],[129.1624504,35.1596334],[129.1624412,35.1596503],[129.1622823,35.1596166],[129.1621813,35.1596032]]]]}},{"type":"Feature","properties":{"r":330,"k":0,"d":156.1},"geometry":{"type":"MultiPolygon","coordinates":[[[[129.1664514,35.1605959],[129.1668041,35.1605821],[129.1665063,35.1607148],[129.1664842,35.1607739],[129.1663962,35.1607802],[129.1663909,35.1607561],[129.1664035,35.1606808],[129.166426,35.1606276],[129.1664514,35.1605959]]]]}},{"type":"Feature","properties":{"r":284,"k":0,"d":143.5},"geometry":{"type":"MultiPolygon","coordinates":[[[[129.160793,35.1596914],[129.1607285,35.1597108],[129.1606929,35.1597025],[129.1606771,35.1596622],[129.160793,35.1596914]]]]}},{"type":"Feature","properties":{"r":420,"k":0,"d":185.8},"geometry":{"type":"MultiPolygon","coordinates":[[[[129.1623869,35.1609613],[129.1623622,35.1609621],[129.1622907,35.16091],[129.1622222,35.1608477],[129.1621352,35.160909],[129.1620543,35.1608325],[129.1621127,35.160798],[129.1621876,35.1607424],[129.1623096,35.1606652],[129.1623613,35.1606592],[129.1624321,35.160641],[129.1624202,35.1606234],[129.1624588,35.1606026],[129.1624387,35.1605667],[129.1624646,35.1605435],[129.1625073,35.1605796],[129.1625645,35.1605768],[129.1626299,35.1605235],[129.1626836,35.1605516],[129.1627474,35.1606032],[129.1628227,35.1606446],[129.1628063,35.16066],[129.1623869,35.1609613]]]]}},{"type":"Feature","properties":{"r":4,"k":0,"d":27.4},"geometry":{"type":"MultiPolygon","coordinates":[[[[129.1683647,35.15949],[129.1677373,35.1595163],[129.1677321,35.1594331],[129.1683582,35.1594342],[129.1683647,35.15949]]]]}},{"type":"Feature","properties":{"r":60,"k":0,"d":67.1},"geometry":{"type":"MultiPolygon","coordinates":[[[[129.1587165,35.1585934],[129.1586516,35.158578],[129.1585742,35.1585569],[129.1584485,35.1585154],[129.1584841,35.158414],[129.1587531,35.1585131],[129.1587165,35.1585934]]]]}},{"type":"Feature","properties":{"r":179,"k":0,"d":105.5},"geometry":{"type":"MultiPolygon","coordinates":[[[[129.1598902,35.1591312],[129.1599572,35.1591395],[129.1599664,35.1591099],[129.1599781,35.1591121],[129.1599677,35.1591496],[129.1602395,35.1591986],[129.1602157,35.1592875],[129.1601288,35.159382],[129.1598988,35.1593428],[129.1599541,35.1591501],[129.1598902,35.1591312]]]]}},{"type":"Feature","properties":{"r":197,"k":0,"d":109.9},"geometry":{"type":"MultiPolygon","coordinates":[[[[129.1598627,35.1591231],[129.1599541,35.1591501],[129.1599391,35.1592025],[129.159848,35.1591736],[129.1598627,35.1591231]]]]}},{"type":"Feature","properties":{"r":124,"k":0,"d":92.3},"geometry":{"type":"MultiPolygon","coordinates":[[[[129.153572,35.1558995],[129.1534776,35.1558916],[129.153483,35.1558809],[129.1534523,35.1558512],[129.1534038,35.1558391],[129.1533912,35.1558309],[129.1533799,35.1558142],[129.1534474,35.1557589],[129.1535863,35.1558382],[129.153572,35.1558995]]]]}},{"type":"Feature","properties":{"r":261,"k":0,"d":136.9},"geometry":{"type":"MultiPolygon","coordinates":[[[[129.1617342,35.1599682],[129.161721,35.1599662],[129.1616715,35.1599394],[129.1615967,35.1599204],[129.1616073,35.1598271],[129.1617577,35.1598565],[129.161783,35.1599105],[129.1617342,35.1599682]]]]}},{"type":"Feature","properties":{"r":314,"k":0,"d":153.0},"geometry":{"type":"MultiPolygon","coordinates":[[[[129.170554,35.1594847],[129.1705689,35.1594422],[129.1706143,35.1594168],[129.1706186,35.1594155],[129.170554,35.1594847]]]]}},{"type":"Feature","properties":{"r":408,"k":0,"d":181.8},"geometry":{"type":"MultiPolygon","coordinates":[[[[129.1641253,35.1607015],[129.16443,35.160688],[129.1644325,35.1607281],[129.1641313,35.160743],[129.1641253,35.1607015]]]]}},{"type":"Feature","properties":{"r":299,"k":0,"d":148.5},"geometry":{"type":"MultiPolygon","coordinates":[[[[129.1607384,35.1598149],[129.1609546,35.1597685],[129.1609543,35.1597856],[129.1607469,35.1598359],[129.1607384,35.1598149]]]]}},{"type":"Feature","properties":{"r":324,"k":0,"d":154.9},"geometry":{"type":"MultiPolygon","coordinates":[[[[129.1703961,35.1596794],[129.1704017,35.1596762],[129.1704042,35.1596903],[129.1703961,35.1596794]]]]}},{"type":"Feature","properties":{"r":390,"k":0,"d":176.0},"geometry":{"type":"MultiPolygon","coordinates":[[[[129.1705234,35.1598538],[129.1705334,35.1598624],[129.1705299,35.1598628],[129.1705234,35.1598538]]]]}},{"type":"Feature","properties":{"r":6,"k":0,"d":28.9},"geometry":{"type":"MultiPolygon","coordinates":[[[[129.1544561,35.1564346],[129.1545392,35.1563812],[129.1546324,35.1563259],[129.1549939,35.1567727],[129.1551923,35.1568959],[129.1555179,35.1570889],[129.1554055,35.1571932],[129.155,35.1570028],[129.154837,35.1568343],[129.1546386,35.1566258],[129.1545503,35.1565356],[129.1544561,35.1564346]]]]}},{"type":"Feature","properties":{"r":204,"k":0,"d":110.9},"geometry":{"type":"MultiPolygon","coordinates":[[[[129.1702029,35.1594118],[129.1701551,35.1593545],[129.1701295,35.1593421],[129.1701055,35.1593343],[129.1701397,35.1593261],[129.1701961,35.1594016],[129.1702078,35.1594104],[129.1702029,35.1594118]]]]}},{"type":"Feature","properties":{"r":229,"k":0,"d":125.2},"geometry":{"type":"MultiPolygon","coordinates":[[[[129.1553893,35.1578025],[129.1556299,35.1579099],[129.1555898,35.1579636],[129.1555597,35.1579435],[129.1554764,35.1579126],[129.1554023,35.1579129],[129.1553017,35.1579213],[129.1553893,35.1578025]]]]}},{"type":"Feature","properties":{"r":340,"k":0,"d":157.6},"geometry":{"type":"MultiPolygon","coordinates":[[[[129.1706785,35.1594072],[129.1707076,35.1593323],[129.1707454,35.1593243],[129.1708131,35.1593241],[129.1708712,35.1592928],[129.17091,35.1593057],[129.1709424,35.159347],[129.1708801,35.159403],[129.1707804,35.1594735],[129.1706785,35.1594072]]]]}},{"type":"Feature","properties":{"r":378,"k":0,"d":171.3},"geometry":{"type":"MultiPolygon","coordinates":[[[[129.1707804,35.1594735],[129.1708801,35.159403],[129.1709013,35.1594437],[129.1710037,35.1595449],[129.1709989,35.1595504],[129.1709618,35.1595749],[129.1709263,35.1595923],[129.1708999,35.1595825],[129.1708276,35.1595425],[129.1708091,35.1595082],[129.1707804,35.1594735]]]]}},{"type":"Feature","properties":{"r":383,"k":0,"d":173.1},"geometry":{"type":"MultiPolygon","coordinates":[[[[129.1619346,35.1602359],[129.1619388,35.1602328],[129.1619829,35.1602706],[129.1619721,35.160279],[129.1619346,35.1602359]]]]}},{"type":"Feature","properties":{"r":150,"k":0,"d":98.2},"geometry":{"type":"MultiPolygon","coordinates":[[[[129.1571556,35.158398],[129.1569574,35.1583031],[129.1572682,35.1583811],[129.1572381,35.1584199],[129.1571556,35.158398]]]]}},{"type":"Feature","properties":{"r":200,"k":0,"d":110.5},"geometry":{"type":"MultiPolygon","coordinates":[[[[129.1560416,35.1582119],[129.1559105,35.1581257],[129.1558527,35.1580896],[129.155979,35.1579202],[129.1560951,35.1579766],[129.1562109,35.1580458],[129.1560778,35.1582313],[129.1560416,35.1582119]]]]}},{"type":"Feature","properties":{"r":279,"k":0,"d":142.4},"geometry":{"type":"MultiPolygon","coordinates":[[[[129.1546681,35.1579492],[129.1545826,35.1579462],[129.154545,35.1579266],[129.1544173,35.1577902],[129.1543706,35.1577108],[129.1544026,35.1576532],[129.154453,35.1576145],[129.1544981,35.157571],[129.1545288,35.1575272],[129.1545353,35.157528],[129.1545863,35.1575564],[129.1546317,35.1575969],[129.1546572,35.1576338],[129.1546942,35.1576625],[129.1547337,35.1577019],[129.1547697,35.1578195],[129.1547777,35.157875],[129.1547292,35.1579047],[129.1546681,35.1579492]]]]}},{"type":"Feature","properties":{"r":147,"k":0,"d":98.0},"geometry":{"type":"MultiPolygon","coordinates":[[[[129.155647,35.1577395],[129.1554281,35.1576192],[129.155321,35.1574897],[129.155332,35.1574691],[129.1554769,35.1576202],[129.155535,35.1576649],[129.155647,35.1577395]]]]}},{"type":"Feature","properties":{"r":185,"k":0,"d":107.0},"geometry":{"type":"MultiPolygon","coordinates":[[[[129.1554687,35.1576927],[129.1552299,35.1575541],[129.1553047,35.1575522],[129.1554956,35.1576563],[129.1554687,35.1576927]]]]}},{"type":"Feature","properties":{"r":108,"k":0,"d":81.7},"geometry":{"type":"MultiPolygon","coordinates":[[[[129.1556941,35.1576542],[129.1556128,35.1576158],[129.1555603,35.1575804],[129.1553926,35.1574073],[129.1554146,35.1574084],[129.1554702,35.1573683],[129.1557512,35.157549],[129.1556941,35.1576542]]]]}},{"type":"Feature","properties":{"r":275,"k":0,"d":141.4},"geometry":{"type":"MultiPolygon","coordinates":[[[[129.1527704,35.1566585],[129.1527683,35.1566607],[129.1525994,35.1565616],[129.1525668,35.1565313],[129.1525543,35.1565373],[129.1522732,35.1563765],[129.1522145,35.1563556],[129.1522088,35.1563588],[129.1521866,35.1563227],[129.1520008,35.1562885],[129.1517893,35.1562096],[129.1516382,35.156217],[129.1514861,35.1562873],[129.1515029,35.1563432],[129.1514503,35.1563155],[129.1511715,35.1563661],[129.1507439,35.1548608],[129.1504829,35.1548866],[129.1504696,35.1546438],[129.1499142,35.1546034],[129.1499216,35.1543541],[129.1504703,35.1543991],[129.1504713,35.1543852],[129.1506151,35.1543964],[129.1506074,35.1543515],[129.150566,35.1541979],[129.1505586,35.1538641],[129.1507131,35.1538357],[129.1508694,35.1537981],[129.1507972,35.1536655],[129.1507478,35.1535177],[129.150995,35.1535006],[129.1510606,35.1536858],[129.1511656,35.1539983],[129.1512269,35.1541643],[129.1512456,35.1542027],[129.1513346,35.1543293],[129.1515064,35.1545328],[129.1515928,35.1546161],[129.1516525,35.1546556],[129.1517547,35.1547173],[129.1517474,35.1547842],[129.1517378,35.1548232],[129.151797,35.1548932],[129.1521539,35.1551514],[129.1521688,35.1552063],[129.1521182,35.1551878],[129.1520805,35.1552407],[129.1520224,35.1552718],[129.1521266,35.1553323],[129.1522172,35.1553926],[129.1522625,35.15545],[129.1523289,35.1555084],[129.152353,35.1555238],[129.1524202,35.155462],[129.1524988,35.1555286],[129.1526185,35.1556841],[129.1527466,35.1559259],[129.1528507,35.1560623],[129.1530183,35.1563294],[129.1529835,35.1564036],[129.1532697,35.1564868],[129.1532468,35.1565504],[129.1532,35.1566084],[129.1529154,35.1565052],[129.1527704,35.1566585]],[[129.1520918,35.1560776],[129.1519919,35.1558119],[129.1522868,35.1557766],[129.1522733,35.1557514],[129.1522042,35.1557405],[129.1521398,35.1557236],[129.1520288,35.1556834],[129.151996,35.1556594],[129.1519388,35.1556334],[129.1519577,35.1556891],[129.1519645,35.1557661],[129.1519792,35.15587],[129.1519815,35.1559425],[129.1519869,35.1560328],[129.1520286,35.1560963],[129.1520918,35.1560776]]]]}},{"type":"Feature","properties":{"r":217,"k":0,"d":116.5},"geometry":{"type":"MultiPolygon","coordinates":[[[[129.1533073,35.1563553],[129.1532778,35.1563822],[129.1532345,35.1562994],[129.1531118,35.1560921],[129.153071,35.1559926],[129.153094,35.1559776],[129.153248,35.1559384],[129.1533676,35.1560773],[129.1533073,35.1563553]]]]}},{"type":"Feature","properties":{"r":358,"k":0,"d":162.4},"geometry":{"type":"MultiPolygon","coordinates":[[[[129.1584851,35.1594352],[129.1584409,35.1594382],[129.1583419,35.1594101],[129.1583925,35.1592736],[129.1584816,35.1592991],[129.1584851,35.1594352]]]]}},{"type":"Feature","properties":{"r":315,"k":0,"d":153.0},"geometry":{"type":"MultiPolygon","coordinates":[[[[129.1575406,35.1592415],[129.1572987,35.1592821],[129.1571901,35.1588973],[129.1573617,35.158976],[129.1574866,35.1590116],[129.157522,35.1590481],[129.1575657,35.1592082],[129.1575406,35.1592415]]]]}},{"type":"Feature","properties":{"r":137,"k":0,"d":97.1},"geometry":{"type":"MultiPolygon","coordinates":[[[[129.1577161,35.1585577],[129.1577306,35.1585259],[129.1578196,35.1585546],[129.1578054,35.1585854],[129.1577161,35.1585577]]]]}},{"type":"Feature","properties":{"r":294,"k":0,"d":146.1},"geometry":{"type":"MultiPolygon","coordinates":[[[[129.1606929,35.1597025],[129.1607079,35.1597396],[129.1606417,35.1597016],[129.1605982,35.1597054],[129.1605889,35.1596853],[129.1606511,35.1596802],[129.1606929,35.1597025]]]]}},{"type":"Feature","properties":{"r":47,"k":0,"d":58.9},"geometry":{"type":"MultiPolygon","coordinates":[[[[129.1646018,35.1597137],[129.1643199,35.1596796],[129.1643631,35.1595856],[129.1644344,35.159577],[129.1645942,35.1596812],[129.1646454,35.1597164],[129.1646018,35.1597137]]]]}},{"type":"Feature","properties":{"r":113,"k":0,"d":85.3},"geometry":{"type":"MultiPolygon","coordinates":[[[[129.1604166,35.1591978],[129.1604627,35.1590731],[129.1605243,35.1590818],[129.1604855,35.159204],[129.1604166,35.1591978]]]]}},{"type":"Feature","properties":{"r":449,"k":0,"d":192.7},"geometry":{"type":"MultiPolygon","coordinates":[[[[129.1612126,35.1603023],[129.1611859,35.1602802],[129.1612151,35.1602537],[129.1612486,35.1602837],[129.1612126,35.1603023]]]]}},{"type":"Feature","properties":{"r":271,"k":0,"d":140.0},"geometry":{"type":"MultiPolygon","coordinates":[[[[129.1658638,35.1604887],[129.1658378,35.1604459],[129.1657523,35.1604562],[129.1657495,35.1604167],[129.1658583,35.1604038],[129.1658638,35.1604887]]]]}},{"type":"Feature","properties":{"r":227,"k":0,"d":124.1},"geometry":{"type":"MultiPolygon","coordinates":[[[[129.1533624,35.1567739],[129.1533746,35.1567584],[129.1534755,35.1567102],[129.153538,35.1567017],[129.1535995,35.1567346],[129.1537311,35.1567925],[129.1536672,35.1569066],[129.1536112,35.1569199],[129.1535755,35.1569047],[129.1535078,35.1568493],[129.1534272,35.1568144],[129.1533624,35.1567739]]]]}},{"type":"Feature","properties":{"r":247,"k":0,"d":132.7},"geometry":{"type":"MultiPolygon","coordinates":[[[[129.1533632,35.1573521],[129.1533173,35.1572901],[129.153238,35.1572303],[129.153287,35.1571947],[129.1534366,35.157056],[129.1536112,35.1569199],[129.1536672,35.1569066],[129.1537626,35.1569524],[129.1538474,35.1570042],[129.1537599,35.1570859],[129.1536409,35.1572057],[129.1535872,35.1572822],[129.1535316,35.157306],[129.153438,35.157312],[129.1533632,35.1573521]]]]}},{"type":"Feature","properties":{"r":245,"k":0,"d":132.4},"geometry":{"type":"MultiPolygon","coordinates":[[[[129.1533499,35.1567663],[129.1534412,35.1566499],[129.153538,35.1567017],[129.1534755,35.1567102],[129.1533746,35.1567584],[129.1533624,35.1567739],[129.1533499,35.1567663]]]]}},{"type":"Feature","properties":{"r":266,"k":0,"d":138.6},"geometry":{"type":"MultiPolygon","coordinates":[[[[129.1529768,35.156043],[129.1529398,35.1559303],[129.1528336,35.1557132],[129.1527219,35.1555824],[129.1527605,35.155568],[129.1528015,35.1555411],[129.1528792,35.1555943],[129.1529379,35.155661],[129.1529924,35.1557035],[129.1530682,35.1558816],[129.153094,35.1559776],[129.153071,35.1559926],[129.1529768,35.156043]]]]}},{"type":"Feature","properties":{"r":35,"k":0,"d":51.8},"geometry":{"type":"MultiPolygon","coordinates":[[[[129.1692891,35.1594303],[129.1690507,35.1594761],[129.1689749,35.1594877],[129.1689714,35.1594795],[129.1692006,35.1594332],[129.1692796,35.1594148],[129.1692891,35.1594303]]]]}},{"type":"Feature","properties":{"r":464,"k":0,"d":199.4},"geometry":{"type":"MultiPolygon","coordinates":[[[[129.1644245,35.1609584],[129.16441,35.1609571],[129.1643845,35.1608674],[129.1645589,35.1608602],[129.1644866,35.1609477],[129.1644774,35.1609304],[129.1644421,35.160934],[129.1644245,35.1609584]]]]}},{"type":"Feature","properties":{"r":121,"k":0,"d":90.5},"geometry":{"type":"MultiPolygon","coordinates":[[[[129.1599664,35.1591099],[129.1599009,35.1590895],[129.1599168,35.1590274],[129.159816,35.1590011],[129.1598321,35.1589603],[129.1598665,35.1589776],[129.1599158,35.1589771],[129.1600149,35.1589791],[129.1599781,35.1591121],[129.1599664,35.1591099]]]]}},{"type":"Feature","properties":{"r":84,"k":0,"d":75.3},"geometry":{"type":"MultiPolygon","coordinates":[[[[129.1553739,35.1573881],[129.1551012,35.157107],[129.1552174,35.1572051],[129.1553199,35.1572735],[129.1554067,35.1573292],[129.1554021,35.157337],[129.1553739,35.1573881]]]]}},{"type":"Feature","properties":{"r":415,"k":0,"d":185.4},"geometry":{"type":"MultiPolygon","coordinates":[[[[129.1657495,35.1612697],[129.1656551,35.1612416],[129.1656302,35.1612264],[129.1656372,35.1611598],[129.1656009,35.1611546],[129.1655949,35.1610753],[129.1655374,35.161022],[129.1655588,35.1609717],[129.1655479,35.1608912],[129.1655842,35.1608164],[129.1656854,35.1608129],[129.165868,35.1610723],[129.1657943,35.1611972],[129.1657495,35.1612697]]]]}},{"type":"Feature","properties":{"r":422,"k":0,"d":185.9},"geometry":{"type":"MultiPolygon","coordinates":[[[[129.1652478,35.1609986],[129.1652387,35.1608277],[129.1655485,35.1608177],[129.1654087,35.160969],[129.1654252,35.1609834],[129.1654277,35.1609893],[129.1652478,35.1609986]]]]}},{"type":"Feature","properties":{"r":233,"k":0,"d":126.4},"geometry":{"type":"MultiPolygon","coordinates":[[[[129.1547717,35.1577701],[129.1547599,35.1576958],[129.1547714,35.1576458],[129.1548397,35.1575901],[129.1548749,35.1575729],[129.1553893,35.1578025],[129.1553017,35.1579213],[129.1551503,35.1579119],[129.1550536,35.1578627],[129.1550267,35.1578299],[129.1549683,35.157804],[129.1549261,35.1577918],[129.1548646,35.1578049],[129.1548075,35.1578601],[129.1547717,35.1577701]]]]}},{"type":"Feature","properties":{"r":25,"k":0,"d":49.2},"geometry":{"type":"MultiPolygon","coordinates":[[[[129.1663583,35.1596386],[129.1663585,35.1596512],[129.1659782,35.159665],[129.1658174,35.1596697],[129.1658154,35.1596342],[129.1662147,35.1596209],[129.1663135,35.1596387],[129.1663583,35.1596386]]]]}},{"type":"Feature","properties":{"r":264,"k":0,"d":138.0},"geometry":{"type":"MultiPolygon","coordinates":[[[[129.1561677,35.15831],[129.1561939,35.1583621],[129.1561253,35.158408],[129.1560635,35.1584121],[129.1559462,35.1583984],[129.1558337,35.1584042],[129.1556271,35.1583491],[129.1558008,35.1583071],[129.1561677,35.15831]]]]}},{"type":"Feature","properties":{"r":248,"k":0,"d":132.8},"geometry":{"type":"MultiPolygon","coordinates":[[[[129.1644036,35.1602724],[129.1641419,35.1602859],[129.1642533,35.160269],[129.1642561,35.1602681],[129.1646046,35.1602609],[129.1644036,35.1602724]]]]}},{"type":"Feature","properties":{"r":260,"k":0,"d":136.7},"geometry":{"type":"MultiPolygon","coordinates":[[[[129.1639292,35.1603167],[129.1637894,35.1602881],[129.1637304,35.1602815],[129.1639391,35.160275],[129.1639937,35.1602855],[129.1640447,35.1602721],[129.1642533,35.160269],[129.1641419,35.1602859],[129.1640239,35.1603122],[129.1639292,35.1603167]]]]}},{"type":"Feature","properties":{"r":213,"k":0,"d":114.1},"geometry":{"type":"MultiPolygon","coordinates":[[[[129.1624244,35.1597957],[129.162431,35.159817],[129.1624093,35.1598004],[129.1624244,35.1597957]]]]}},{"type":"Feature","properties":{"r":429,"k":0,"d":188.0},"geometry":{"type":"MultiPolygon","coordinates":[[[[129.1527308,35.1566998],[129.1527683,35.1566607],[129.1527704,35.1566585],[129.1528179,35.1567238],[129.1528555,35.156766],[129.1529651,35.1568945],[129.1529361,35.1569297],[129.1529301,35.1569275],[129.1528987,35.1568947],[129.1527308,35.1566998]]]]}},{"type":"Feature","properties":{"r":325,"k":0,"d":155.0},"geometry":{"type":"MultiPolygon","coordinates":[[[[129.1619511,35.1601787],[129.161928,35.1601535],[129.1619377,35.1601459],[129.1619212,35.1601137],[129.161904,35.1601028],[129.1619052,35.1600972],[129.1619756,35.160072],[129.162005,35.1600838],[129.162008,35.1601],[129.1620224,35.1601118],[129.1619511,35.1601787]]]]}},{"type":"Feature","properties":{"r":172,"k":0,"d":103.4},"geometry":{"type":"MultiPolygon","coordinates":[[[[129.1612003,35.1594332],[129.1612082,35.1594165],[129.1612239,35.1594188],[129.1612205,35.1594362],[129.1612003,35.1594332]]]]}},{"type":"Feature","properties":{"r":338,"k":0,"d":157.3},"geometry":{"type":"MultiPolygon","coordinates":[[[[129.1662698,35.1606034],[129.1663393,35.1606006],[129.1663552,35.1606375],[129.1663613,35.1606776],[129.1663598,35.1607278],[129.1663695,35.1607528],[129.1663909,35.1607561],[129.1663962,35.1607802],[129.1662302,35.1607874],[129.1662243,35.1606804],[129.1662698,35.1606034]]]]}},{"type":"Feature","properties":{"r":28,"k":0,"d":49.8},"geometry":{"type":"MultiPolygon","coordinates":[[[[129.1656533,35.159591],[129.1656532,35.1596396],[129.1656335,35.1596403],[129.1656352,35.1596749],[129.165034,35.1596935],[129.1650129,35.1596021],[129.1656533,35.159591]]]]}},{"type":"Feature","properties":{"r":24,"k":0,"d":48.8},"geometry":{"type":"MultiPolygon","coordinates":[[[[129.1656532,35.1596396],[129.1656533,35.159591],[129.1657198,35.1595944],[129.1659211,35.1596189],[129.1660375,35.1596167],[129.1661591,35.1596114],[129.1662147,35.1596209],[129.1656532,35.1596396]]]]}},{"type":"Feature","properties":{"r":421,"k":0,"d":185.8},"geometry":{"type":"MultiPolygon","coordinates":[[[[129.1706699,35.1598442],[129.1706911,35.1598298],[129.1708021,35.1597867],[129.1707322,35.1598524],[129.1706732,35.1598488],[129.1706699,35.1598442]]]]}},{"type":"Feature","properties":{"r":380,"k":0,"d":172.3},"geometry":{"type":"MultiPolygon","coordinates":[[[[129.1618802,35.1602769],[129.1619273,35.160223],[129.1619388,35.1602328],[129.1619346,35.1602359],[129.1619721,35.160279],[129.1619229,35.1603175],[129.1618802,35.1602769]]]]}},{"type":"Feature","properties":{"r":157,"k":0,"d":99.8},"geometry":{"type":"MultiPolygon","coordinates":[[[[129.1538323,35.1566624],[129.1539103,35.1566543],[129.1539364,35.1566537],[129.1538285,35.156672],[129.1538323,35.1566624]]]]}},{"type":"Feature","properties":{"r":428,"k":0,"d":187.8},"geometry":{"type":"MultiPolygon","coordinates":[[[[129.163855,35.160714],[129.163978,35.160708],[129.1641286,35.1607229],[129.1641313,35.160743],[129.1638771,35.1607547],[129.163855,35.160714]]]]}}]}