{"type":"FeatureCollection","features":[{"type":"Feature","properties":{"r":605,"k":0,"d":169.9},"geometry":{"type":"MultiPolygon","coordinates":[[[[129.5167799,35.9288303],[129.5167844,35.9287184],[129.5167991,35.9286478],[129.5168496,35.9286556],[129.5169106,35.9286779],[129.5170805,35.9287095],[129.5170728,35.9287438],[129.5170661,35.9288154],[129.5169716,35.9288021],[129.5168889,35.928806],[129.5167799,35.9288303]]]]}},{"type":"Feature","properties":{"r":270,"k":0,"d":82.3},"geometry":{"type":"MultiPolygon","coordinates":[[[[129.5171099,35.9249663],[129.5171109,35.9249247],[129.5171198,35.9248871],[129.517148,35.9248646],[129.5171772,35.9247361],[129.5172173,35.9247198],[129.5172873,35.9247193],[129.5173194,35.9247309],[129.5173794,35.9247308],[129.5173985,35.9247133],[129.5174576,35.9247406],[129.5174049,35.9248057],[129.5173759,35.924864],[129.5173679,35.9249212],[129.5173456,35.9249593],[129.5172817,35.9249827],[129.5172495,35.9249896],[129.5171615,35.9249687],[129.5171099,35.9249663]]]]}},{"type":"Feature","properties":{"r":432,"k":0,"d":120.2},"geometry":{"type":"MultiPolygon","coordinates":[[[[129.5187356,35.9311368],[129.5187405,35.931127],[129.5187685,35.9311377],[129.5187816,35.9311585],[129.5187356,35.9311368]]]]}},{"type":"Feature","properties":{"r":9,"k":0,"d":17.9},"geometry":{"type":"MultiPolygon","coordinates":[[[[129.5216801,35.9331006],[129.5216311,35.9330498],[129.5217984,35.9329113],[129.5219041,35.9329946],[129.5218197,35.9331789],[129.5216801,35.9331006]]]]}},{"type":"Feature","properties":{"r":453,"k":0,"d":128.4},"geometry":{"type":"MultiPolygon","coordinates":[[[[129.5168432,35.9261842],[129.5170206,35.926201],[129.517007,35.9264308],[129.5167264,35.9264167],[129.5167461,35.9261773],[129.5168432,35.9261842]]]]}},{"type":"Feature","properties":{"r":241,"k":0,"d":72.7},"geometry":{"type":"MultiPolygon","coordinates":[[[[129.5175399,35.9235887],[129.517487,35.9235455],[129.5174886,35.9235279],[129.5174806,35.9234708],[129.517459,35.9233894],[129.5174472,35.9233186],[129.517443,35.9232769],[129.5174797,35.9232433],[129.5175624,35.9232311],[129.5176025,35.9234311],[129.5176084,35.9234948],[129.5176078,35.9235752],[129.5175825,35.9235781],[129.5175399,35.9235887]]]]}},{"type":"Feature","properties":{"r":607,"k":0,"d":170.5},"geometry":{"type":"MultiPolygon","coordinates":[[[[129.523131,35.9350821],[129.5233991,35.935129],[129.5234688,35.935181],[129.5235594,35.9351867],[129.5236503,35.9352077],[129.5236708,35.9353064],[129.5235758,35.9352357],[129.5234958,35.935255],[129.5234945,35.9353235],[129.5234286,35.9353076],[129.5233246,35.9352495],[129.5233173,35.9352606],[129.5234068,35.935328],[129.5233929,35.9353499],[129.5233071,35.935301],[129.5232419,35.9352998],[129.5232106,35.935275],[129.523166,35.9352073],[129.5231487,35.9351959],[129.522981,35.9351904],[129.5229348,35.9351202],[129.5229214,35.9351203],[129.5228963,35.935129],[129.5228833,35.9351883],[129.522991,35.9352466],[129.5231352,35.9352362],[129.5231224,35.9352813],[129.5231315,35.9353182],[129.523187,35.9353171],[129.5232218,35.9353383],[129.523279,35.935318],[129.5233712,35.9353571],[129.5234326,35.9353926],[129.5235715,35.9354054],[129.5236163,35.9354482],[129.5235828,35.9355776],[129.5235264,35.9355765],[129.5234298,35.9355798],[129.5234289,35.9355474],[129.5234791,35.9355437],[129.5234833,35.9355218],[129.5234138,35.9355174],[129.5233792,35.9354682],[129.5233239,35.9354304],[129.5232825,35.9354239],[129.5232098,35.9354214],[129.5231049,35.9353377],[129.5230783,35.9353086],[129.5229164,35.935283],[129.5228064,35.93529],[129.5227367,35.9352916],[129.5227047,35.9352584],[129.5227032,35.9351931],[129.5227386,35.9351645],[129.5227387,35.9351216],[129.522699,35.9351041],[129.5226467,35.9351478],[129.5225314,35.9351504],[129.522428,35.9351829],[129.5224325,35.9352019],[129.522588,35.9351745],[129.5226572,35.9351895],[129.5226477,35.9352389],[129.5225942,35.9352069],[129.5225462,35.9352068],[129.5225138,35.9352334],[129.5225585,35.9352623],[129.5224614,35.9352752],[129.5224395,35.9352918],[129.5225503,35.9353245],[129.522758,35.9354233],[129.5228513,35.9354475],[129.5228395,35.9354988],[129.5226729,35.9354488],[129.5225678,35.9354215],[129.5224845,35.9353648],[129.5223818,35.9353092],[129.5223479,35.9353414],[129.522277,35.9353629],[129.5221403,35.9354307],[129.5221252,35.9354506],[129.521909,35.9352995],[129.5218587,35.9352359],[129.5218957,35.9351969],[129.5219462,35.9351835],[129.5218063,35.9350745],[129.5217931,35.9350334],[129.5217612,35.9349954],[129.5216372,35.9348597],[129.5216262,35.9348228],[129.5215838,35.934751],[129.5215978,35.9347397],[129.5216476,35.9347741],[129.5217115,35.934811],[129.5217257,35.9347998],[129.521701,35.9347628],[129.5217303,35.9347044],[129.5217777,35.9346682],[129.5218219,35.9346401],[129.5218164,35.9346802],[129.5217817,35.9347647],[129.5217625,35.9348184],[129.5217366,35.9348204],[129.5217264,35.9348695],[129.521792,35.9349037],[129.5217975,35.9349431],[129.5218383,35.9349773],[129.5218671,35.9349303],[129.521847,35.9349075],[129.5218518,35.9348641],[129.5218682,35.9348464],[129.5219693,35.9349769],[129.522039,35.9350083],[129.5220617,35.9349812],[129.522122,35.9350224],[129.5221534,35.9350962],[129.5222772,35.9351242],[129.5223536,35.9351758],[129.5223711,35.9351581],[129.5223512,35.9351343],[129.5223818,35.935088],[129.5223011,35.9350335],[129.5222807,35.9349888],[129.5223069,35.9349677],[129.5222539,35.9348858],[129.5222464,35.9348481],[129.5222301,35.9348044],[129.5222805,35.9347745],[129.5222844,35.9349037],[129.5224436,35.9350343],[129.5225102,35.9350154],[129.5227769,35.9349676],[129.5228433,35.9350227],[129.5228746,35.9350614],[129.5228896,35.9351003],[129.5229328,35.9350907],[129.5229462,35.9350721],[129.523131,35.9350821]],[[129.5230516,35.9351037],[129.523033,35.9351509],[129.5230946,35.9351254],[129.523131,35.9350821],[129.5230516,35.9351037]]]]}},{"type":"Feature","properties":{"r":614,"k":0,"d":173.5},"geometry":{"type":"MultiPolygon","coordinates":[[[[129.5229462,35.9350721],[129.5229328,35.9350907],[129.5228896,35.9351003],[129.5228746,35.9350614],[129.5228433,35.9350227],[129.5227769,35.9349676],[129.5227036,35.9349369],[129.5226087,35.9349192],[129.5227267,35.9349118],[129.5228749,35.9349711],[129.5229237,35.9350284],[129.5229462,35.9350721]]]]}},{"type":"Feature","properties":{"r":191,"k":0,"d":59.1},"geometry":{"type":"MultiPolygon","coordinates":[[[[129.5223596,35.9339389],[129.522466,35.9337925],[129.5225027,35.9338106],[129.5225268,35.9337804],[129.5226441,35.9338589],[129.5225174,35.9340027],[129.5223596,35.9339389]]]]}},{"type":"Feature","properties":{"r":250,"k":0,"d":76.5},"geometry":{"type":"MultiPolygon","coordinates":[[[[129.5203016,35.9325819],[129.5203172,35.932551],[129.5203416,35.9324804],[129.5203426,35.9324627],[129.5203744,35.9324359],[129.5203878,35.9324452],[129.520452,35.9324704],[129.5205157,35.9324867],[129.5204402,35.9326292],[129.5203576,35.9326064],[129.5203016,35.9325819]]]]}},{"type":"Feature","properties":{"r":82,"k":0,"d":33.3},"geometry":{"type":"MultiPolygon","coordinates":[[[[129.5208582,35.9325315],[129.5209625,35.9323474],[129.5210357,35.9323979],[129.5211314,35.9324796],[129.5211061,35.9324982],[129.5210251,35.9325482],[129.5209993,35.9325558],[129.5208582,35.9325315]]]]}},{"type":"Feature","properties":{"r":4,"k":0,"d":16.3},"geometry":{"type":"MultiPolygon","coordinates":[[[[129.5214723,35.9327502],[129.5213135,35.9325801],[129.5214181,35.9325183],[129.5215236,35.9326165],[129.521573,35.9326861],[129.5214723,35.9327502]]]]}},{"type":"Feature","properties":{"r":286,"k":0,"d":85.5},"geometry":{"type":"MultiPolygon","coordinates":[[[[129.5175038,35.9218917],[129.5175048,35.9218774],[129.5174953,35.9217587],[129.5175332,35.9217574],[129.5175417,35.9218231],[129.5175391,35.9218764],[129.5175262,35.9218912],[129.5175038,35.9218917]]]]}},{"type":"Feature","properties":{"r":75,"k":0,"d":30.9},"geometry":{"type":"MultiPolygon","coordinates":[[[[129.5215833,35.9329286],[129.5215474,35.9328498],[129.5215502,35.9328423],[129.521605,35.9329148],[129.5215833,35.9329286]]]]}},{"type":"Feature","properties":{"r":622,"k":0,"d":177.1},"geometry":{"type":"MultiPolygon","coordinates":[[[[129.5155251,35.920651],[129.5154133,35.9206514],[129.5154044,35.9204264],[129.5154991,35.9202103],[129.5157143,35.9200964],[129.5157811,35.9200047],[129.5158319,35.9199063],[129.5160874,35.9199251],[129.5163175,35.9201032],[129.5164093,35.9203684],[129.516408,35.9207062],[129.5162331,35.9207173],[129.5159115,35.9205917],[129.515852,35.9205672],[129.5157892,35.9205678],[129.515718,35.9205179],[129.5156582,35.9204583],[129.5156299,35.920463],[129.5155381,35.9205327],[129.5155231,35.9205961],[129.5155251,35.920651]]]]}},{"type":"Feature","properties":{"r":208,"k":0,"d":63.4},"geometry":{"type":"MultiPolygon","coordinates":[[[[129.5209313,35.9331041],[129.5209995,35.9329706],[129.520987,35.9329159],[129.521058,35.9328359],[129.5210841,35.9328493],[129.5210797,35.9329088],[129.5210926,35.9329088],[129.521093,35.9329503],[129.5212013,35.933011],[129.5211656,35.9330516],[129.5211427,35.9330684],[129.5210729,35.9331388],[129.5210475,35.9331509],[129.5209313,35.9331041]]]]}},{"type":"Feature","properties":{"r":289,"k":0,"d":85.7},"geometry":{"type":"MultiPolygon","coordinates":[[[[129.5206403,35.9329861],[129.5207436,35.932855],[129.5207484,35.932861],[129.5208062,35.9328985],[129.5207554,35.9329815],[129.5207526,35.9330434],[129.5206403,35.9329861]]]]}},{"type":"Feature","properties":{"r":438,"k":0,"d":122.6},"geometry":{"type":"MultiPolygon","coordinates":[[[[129.5170161,35.9206858],[129.5169733,35.9209283],[129.516948,35.9209239],[129.5169468,35.9208811],[129.5169149,35.9208213],[129.5169137,35.9208227],[129.5169104,35.9208174],[129.5168898,35.9206558],[129.5169128,35.9206417],[129.5170161,35.9206858]]]]}},{"type":"Feature","properties":{"r":64,"k":0,"d":28.5},"geometry":{"type":"MultiPolygon","coordinates":[[[[129.5182859,35.9273744],[129.5179263,35.927393],[129.5178935,35.9270883],[129.5182495,35.9270643],[129.5182859,35.9273744]]]]}},{"type":"Feature","properties":{"r":447,"k":0,"d":126.5},"geometry":{"type":"MultiPolygon","coordinates":[[[[129.5167894,35.9259622],[129.5168111,35.9258802],[129.5167939,35.9258496],[129.5168153,35.9258441],[129.5168297,35.9258193],[129.5168399,35.9257766],[129.5169559,35.9257874],[129.516997,35.925872],[129.5169852,35.9258806],[129.5170047,35.9259174],[129.517013,35.925929],[129.5169867,35.9259541],[129.5169655,35.9259851],[129.5168818,35.9259858],[129.5167919,35.9259956],[129.5167894,35.9259622]]]]}},{"type":"Feature","properties":{"r":130,"k":0,"d":43.9},"geometry":{"type":"MultiPolygon","coordinates":[[[[129.5176282,35.9231469],[129.5178081,35.9231163],[129.5178662,35.9230578],[129.5178866,35.9229906],[129.5178448,35.9226978],[129.5177562,35.9222579],[129.5176996,35.9222479],[129.5177292,35.9220721],[129.5177775,35.9219539],[129.5177973,35.9219163],[129.5178676,35.9219759],[129.5179926,35.921966],[129.5179762,35.9220939],[129.5178507,35.9220924],[129.5178531,35.9225402],[129.517897,35.922542],[129.5179189,35.9226162],[129.517909,35.9227146],[129.5179275,35.9232199],[129.5176978,35.9231664],[129.5176501,35.9231844],[129.5176282,35.9231469]]]]}},{"type":"Feature","properties":{"r":113,"k":0,"d":40.0},"geometry":{"type":"MultiPolygon","coordinates":[[[[129.5180642,35.9266884],[129.5180797,35.9268669],[129.5178665,35.9268789],[129.5178853,35.9270889],[129.5172507,35.9271353],[129.5172469,35.9270974],[129.517665,35.9270674],[129.5176979,35.9270639],[129.517628,35.9268511],[129.5176355,35.9267557],[129.5176211,35.9267071],[129.5180642,35.9266884]]]]}},{"type":"Feature","properties":{"r":449,"k":0,"d":126.8},"geometry":{"type":"MultiPolygon","coordinates":[[[[129.5170206,35.926201],[129.5168432,35.9261842],[129.516829,35.9261135],[129.5169135,35.9261113],[129.5170042,35.9260945],[129.5170265,35.9260957],[129.5170206,35.926201]]]]}},{"type":"Feature","properties":{"r":431,"k":0,"d":120.1},"geometry":{"type":"MultiPolygon","coordinates":[[[[129.5169559,35.9257874],[129.5168399,35.9257766],[129.5168478,35.9257041],[129.5168346,35.9256809],[129.5168734,35.9256734],[129.5169082,35.9256767],[129.5169493,35.9256637],[129.5169557,35.9256359],[129.5169972,35.9256373],[129.5170522,35.9256285],[129.5170499,35.925691],[129.5170674,35.9257449],[129.5170049,35.9257844],[129.5169559,35.9257874]]]]}},{"type":"Feature","properties":{"r":195,"k":0,"d":60.6},"geometry":{"type":"MultiPolygon","coordinates":[[[[129.5215726,35.9336291],[129.521494,35.9335507],[129.5215549,35.9333966],[129.5216302,35.9333303],[129.5216506,35.9333804],[129.5217231,35.9333966],[129.5216981,35.9334385],[129.5217062,35.9334812],[129.5217639,35.9335016],[129.5217211,35.9336115],[129.5215726,35.9336291]]]]}},{"type":"Feature","properties":{"r":92,"k":0,"d":35.2},"geometry":{"type":"MultiPolygon","coordinates":[[[[129.5194175,35.9308377],[129.5193877,35.930757],[129.5195436,35.93071],[129.5196191,35.9308085],[129.519555,35.9308295],[129.5194776,35.9308234],[129.5194175,35.9308377]]]]}},{"type":"Feature","properties":{"r":54,"k":0,"d":25.8},"geometry":{"type":"MultiPolygon","coordinates":[[[[129.5180197,35.9206187],[129.5176839,35.9205668],[129.5178284,35.920282],[129.5179409,35.9201422],[129.5179289,35.9200912],[129.5179718,35.9200908],[129.5181343,35.9202449],[129.5182162,35.9202629],[129.5181692,35.9204268],[129.5181611,35.9204372],[129.518041,35.9204324],[129.5180244,35.9205486],[129.5180197,35.9206187]]]]}},{"type":"Feature","properties":{"r":216,"k":0,"d":67.8},"geometry":{"type":"MultiPolygon","coordinates":[[[[129.517574,35.9243636],[129.5175307,35.9243357],[129.5172656,35.9242055],[129.5169574,35.9240811],[129.516965,35.9240801],[129.5171047,35.9241071],[129.5172376,35.9241069],[129.517346,35.9241177],[129.5175789,35.9242214],[129.5176284,35.9242678],[129.5176144,35.9243305],[129.5175772,35.9243627],[129.517574,35.9243636]]]]}},{"type":"Feature","properties":{"r":475,"k":0,"d":133.9},"geometry":{"type":"MultiPolygon","coordinates":[[[[129.5244618,35.9347643],[129.5245083,35.9347483],[129.5245339,35.9347437],[129.5245728,35.9347429],[129.5246041,35.934747],[129.5246339,35.934755],[129.524657,35.9347644],[129.5247919,35.9348342],[129.5247004,35.9348867],[129.5245961,35.9348504],[129.5244618,35.9347643]]]]}},{"type":"Feature","properties":{"r":345,"k":0,"d":95.0},"geometry":{"type":"MultiPolygon","coordinates":[[[[129.5226257,35.9343158],[129.5225819,35.9342889],[129.5226618,35.9341506],[129.5228031,35.9342102],[129.5226875,35.9343537],[129.5226257,35.9343158]]]]}},{"type":"Feature","properties":{"r":651,"k":0,"d":187.0},"geometry":{"type":"MultiPolygon","coordinates":[[[[129.5182201,35.9320568],[129.5181145,35.9321693],[129.5177551,35.9319479],[129.5180332,35.9316484],[129.5183962,35.9318697],[129.5182201,35.9320568]]]]}},{"type":"Feature","properties":{"r":547,"k":0,"d":151.7},"geometry":{"type":"MultiPolygon","coordinates":[[[[129.5193468,35.9324439],[129.5193343,35.9324272],[129.519327,35.932409],[129.5193599,35.9324281],[129.5193468,35.9324439]]]]}},{"type":"Feature","properties":{"r":63,"k":0,"d":28.3},"geometry":{"type":"MultiPolygon","coordinates":[[[[129.5203107,35.9318629],[129.5203863,35.9317999],[129.5204497,35.931754],[129.5205454,35.9318489],[129.5204366,35.9319456],[129.5203107,35.9318629]]]]}},{"type":"Feature","properties":{"r":675,"k":0,"d":198.1},"geometry":{"type":"MultiPolygon","coordinates":[[[[129.5174419,35.9304236],[129.5174073,35.9304555],[129.5172218,35.9303465],[129.5169965,35.9302279],[129.5170352,35.9301874],[129.5174419,35.9304236]]]]}},{"type":"Feature","properties":{"r":13,"k":0,"d":18.5},"geometry":{"type":"MultiPolygon","coordinates":[[[[129.5181576,35.9213],[129.5180739,35.9212895],[129.5180573,35.9211906],[129.5181603,35.9211627],[129.5181701,35.9211878],[129.5181576,35.9213]]]]}},{"type":"Feature","properties":{"r":656,"k":0,"d":188.9},"geometry":{"type":"MultiPolygon","coordinates":[[[[129.5249682,35.9352604],[129.5250453,35.9352178],[129.5250839,35.9352268],[129.5253602,35.9353631],[129.5253683,35.9353847],[129.5252936,35.9353895],[129.5252622,35.9354094],[129.5251716,35.9353531],[129.5249884,35.9352673],[129.5249682,35.9352604]]]]}},{"type":"Feature","properties":{"r":67,"k":0,"d":29.1},"geometry":{"type":"MultiPolygon","coordinates":[[[[129.5213826,35.9327571],[129.5213314,35.9327066],[129.5214,35.9326727],[129.5214464,35.9327224],[129.5213826,35.9327571]]]]}},{"type":"Feature","properties":{"r":109,"k":0,"d":38.8},"geometry":{"type":"MultiPolygon","coordinates":[[[[129.5221623,35.9334115],[129.522168,35.9334062],[129.5222383,35.9334532],[129.5222294,35.9334625],[129.5221623,35.9334115]]]]}},{"type":"Feature","properties":{"r":186,"k":0,"d":57.5},"geometry":{"type":"MultiPolygon","coordinates":[[[[129.5171968,35.9211831],[129.5170778,35.9210238],[129.5170899,35.9209859],[129.5170823,35.9209616],[129.5170226,35.9209369],[129.5169733,35.9209283],[129.5170161,35.9206858],[129.5170709,35.9204102],[129.517224,35.9199578],[129.5172716,35.919888],[129.5172474,35.9198512],[129.5172107,35.919736],[129.5172067,35.9196788],[129.5172097,35.9196],[129.5172349,35.9195654],[129.5174461,35.9198],[129.5178984,35.9201157],[129.5178593,35.920209],[129.5177952,35.9202748],[129.5177779,35.9203265],[129.517704,35.9203613],[129.5176867,35.9204237],[129.5175669,35.9204442],[129.5175391,35.9204823],[129.5175373,35.9205524],[129.51755,35.9205999],[129.5174698,35.9208244],[129.5174807,35.920883],[129.5174173,35.9208562],[129.5173245,35.9208779],[129.5173184,35.9208953],[129.5173565,35.9209215],[129.5172998,35.9209933],[129.5172562,35.9210208],[129.5172443,35.9210388],[129.5172402,35.9210782],[129.5172734,35.9210944],[129.5172509,35.9211627],[129.5171968,35.9211831]]]]}},{"type":"Feature","properties":{"r":78,"k":0,"d":32.1},"geometry":{"type":"MultiPolygon","coordinates":[[[[129.5180528,35.9214234],[129.5179406,35.9214402],[129.5179296,35.9214303],[129.5179094,35.9213942],[129.5179878,35.9213072],[129.5180397,35.9213071],[129.5180558,35.9214093],[129.5180528,35.9214234]]]]}},{"type":"Feature","properties":{"r":428,"k":0,"d":119.7},"geometry":{"type":"MultiPolygon","coordinates":[[[[129.5250146,35.9349123],[129.525035,35.9348924],[129.5250434,35.9348763],[129.5250443,35.9348577],[129.5250389,35.9348431],[129.5250254,35.9348272],[129.5250074,35.934816],[129.5249899,35.9348102],[129.5249652,35.9348113],[129.5248996,35.9348299],[129.5248481,35.9348094],[129.5249616,35.9346218],[129.5249726,35.9345967],[129.525329,35.9347367],[129.5253185,35.9347947],[129.5252775,35.9348242],[129.5252631,35.9348784],[129.5252414,35.9348789],[129.5251365,35.9348927],[129.5250146,35.9349123]]]]}},{"type":"Feature","properties":{"r":152,"k":0,"d":49.9},"geometry":{"type":"MultiPolygon","coordinates":[[[[129.5184824,35.9301154],[129.5185543,35.9300509],[129.5186524,35.9299731],[129.5187654,35.9299329],[129.5191299,35.9302691],[129.5188954,35.9303664],[129.5188672,35.9303872],[129.5187843,35.9303367],[129.5187529,35.9303761],[129.5184824,35.9301154]]]]}},{"type":"Feature","properties":{"r":492,"k":0,"d":139.0},"geometry":{"type":"MultiPolygon","coordinates":[[[[129.5205471,35.9335408],[129.5206118,35.9335297],[129.5206659,35.9335085],[129.5207023,35.9335301],[129.5206248,35.9335898],[129.5205782,35.933674],[129.5205461,35.933681],[129.5204217,35.9335807],[129.5203981,35.9335361],[129.5204683,35.9333915],[129.5205006,35.9334106],[129.520458,35.9335225],[129.5205276,35.9335442],[129.5205471,35.9335408]]]]}},{"type":"Feature","properties":{"r":472,"k":0,"d":132.1},"geometry":{"type":"MultiPolygon","coordinates":[[[[129.5189982,35.9319109],[129.5190803,35.9318171],[129.5196496,35.932655],[129.5196454,35.9326571],[129.5195466,35.9326715],[129.519537,35.9326744],[129.5195082,35.9326595],[129.5193468,35.9324439],[129.5193599,35.9324281],[129.519327,35.932409],[129.519276,35.9322946],[129.5190626,35.9319709],[129.5190325,35.9319301],[129.5189982,35.9319109]]]]}},{"type":"Feature","properties":{"r":30,"k":0,"d":20.9},"geometry":{"type":"MultiPolygon","coordinates":[[[[129.5216311,35.9330498],[129.5216066,35.9330004],[129.5215923,35.932963],[129.5216802,35.9329057],[129.5217461,35.932886],[129.5217984,35.9329113],[129.5216311,35.9330498]]]]}},{"type":"Feature","properties":{"r":269,"k":0,"d":81.8},"geometry":{"type":"MultiPolygon","coordinates":[[[[129.5174539,35.9253577],[129.5174476,35.9254174],[129.5174215,35.9254322],[129.5174152,35.9253972],[129.5173789,35.9253617],[129.5174096,35.9252641],[129.517463,35.9252731],[129.5174539,35.9253577]]]]}},{"type":"Feature","properties":{"r":66,"k":0,"d":28.8},"geometry":{"type":"MultiPolygon","coordinates":[[[[129.5190647,35.9304942],[129.5190428,35.9304737],[129.5192073,35.9303599],[129.5191509,35.9302966],[129.5192991,35.9302351],[129.5194355,35.9303803],[129.5192496,35.9305254],[129.519259,35.9305368],[129.5191724,35.9305959],[129.5190647,35.9304942]]]]}},{"type":"Feature","properties":{"r":160,"k":0,"d":50.7},"geometry":{"type":"MultiPolygon","coordinates":[[[[129.5211656,35.9330516],[129.5212802,35.9329256],[129.5213067,35.9329077],[129.521322,35.932925],[129.5213369,35.9329158],[129.5213773,35.9329526],[129.5213343,35.9329877],[129.5213214,35.9330066],[129.5213268,35.9330091],[129.5212886,35.933063],[129.5212809,35.9331129],[129.5212598,35.9330962],[129.5211656,35.9330516]]]]}},{"type":"Feature","properties":{"r":134,"k":0,"d":45.5},"geometry":{"type":"MultiPolygon","coordinates":[[[[129.5179406,35.9214402],[129.5179034,35.9214457],[129.5178985,35.9215185],[129.5178719,35.9215067],[129.5177524,35.9214369],[129.5176988,35.9214157],[129.5177268,35.921294],[129.5178832,35.921301],[129.5178775,35.9213077],[129.5179094,35.9213942],[129.5179296,35.9214303],[129.5179406,35.9214402]]]]}},{"type":"Feature","properties":{"r":73,"k":0,"d":30.3},"geometry":{"type":"MultiPolygon","coordinates":[[[[129.5177859,35.9274003],[129.5182859,35.9273744],[129.5183123,35.9275823],[129.518288,35.9277969],[129.518045,35.9277963],[129.5179434,35.9277771],[129.5177859,35.9274003]]]]}},{"type":"Feature","properties":{"r":306,"k":0,"d":87.3},"geometry":{"type":"MultiPolygon","coordinates":[[[[129.5226618,35.9341506],[129.5227012,35.9340883],[129.5227318,35.9340965],[129.522855,35.9341372],[129.5228031,35.9342102],[129.5226618,35.9341506]]]]}},{"type":"Feature","properties":{"r":433,"k":0,"d":120.3},"geometry":{"type":"MultiPolygon","coordinates":[[[[129.5168155,35.9247727],[129.5166597,35.924687],[129.5164772,35.9246213],[129.5162203,35.9245104],[129.5164526,35.9243891],[129.5166306,35.9244553],[129.5168815,35.9245568],[129.5170104,35.924605],[129.5170403,35.9246218],[129.5168155,35.9247727]]]]}},{"type":"Feature","properties":{"r":542,"k":0,"d":150.1},"geometry":{"type":"MultiPolygon","coordinates":[[[[129.52047,35.9334931],[129.5205471,35.9335408],[129.5205276,35.9335442],[129.520458,35.9335225],[129.52047,35.9334931]]]]}},{"type":"Feature","properties":{"r":575,"k":0,"d":158.8},"geometry":{"type":"MultiPolygon","coordinates":[[[[129.5194271,35.9328203],[129.5191709,35.9326652],[129.5192148,35.9326147],[129.519205,35.9326095],[129.519273,35.9325294],[129.519537,35.9326744],[129.5195046,35.9326842],[129.5194599,35.9327765],[129.5194271,35.9328203]]]]}},{"type":"Feature","properties":{"r":546,"k":0,"d":151.7},"geometry":{"type":"MultiPolygon","coordinates":[[[[129.5165026,35.9260307],[129.5165099,35.9259673],[129.51652,35.9259175],[129.5165673,35.9259073],[129.5166161,35.9259066],[129.516637,35.9259294],[129.5167035,35.9259435],[129.5167285,35.925959],[129.5167417,35.9260216],[129.5166964,35.926028],[129.516542,35.9260394],[129.5165026,35.9260307]]]]}},{"type":"Feature","properties":{"r":19,"k":0,"d":19.2},"geometry":{"type":"MultiPolygon","coordinates":[[[[129.5201997,35.9315103],[129.5202694,35.9314431],[129.5204968,35.9316836],[129.5204651,35.9317071],[129.5201997,35.9315103]]]]}},{"type":"Feature","properties":{"r":541,"k":0,"d":149.7},"geometry":{"type":"MultiPolygon","coordinates":[[[[129.5253877,35.9349159],[129.5254757,35.9349055],[129.5254847,35.9348563],[129.5255631,35.9347906],[129.5256321,35.9349455],[129.5256494,35.9350272],[129.525705,35.935133],[129.5258136,35.9351207],[129.5258548,35.9352228],[129.5259094,35.9352837],[129.5260268,35.9354677],[129.5260701,35.9355971],[129.5261273,35.9357095],[129.5261773,35.9358428],[129.5261537,35.9359024],[129.5261869,35.9359708],[129.5261722,35.936042],[129.5261836,35.9360913],[129.5261561,35.9363657],[129.5259878,35.9363843],[129.5259839,35.9363786],[129.5259625,35.9363683],[129.5259583,35.9363573],[129.5260217,35.9361456],[129.5259735,35.9360444],[129.5258552,35.9359325],[129.5255065,35.9354781],[129.5255013,35.9354761],[129.5255254,35.9352204],[129.5257379,35.935335],[129.5256294,35.9351422],[129.5255461,35.9350079],[129.5254787,35.934961],[129.5253877,35.9349159]]]]}},{"type":"Feature","properties":{"r":213,"k":0,"d":65.0},"geometry":{"type":"MultiPolygon","coordinates":[[[[129.5176316,35.9235724],[129.5176078,35.9235752],[129.5176084,35.9234948],[129.5176025,35.9234311],[129.5175624,35.9232311],[129.5175786,35.9232287],[129.5176501,35.9231844],[129.5176978,35.9231664],[129.5176733,35.9232428],[129.5176559,35.9234461],[129.5176849,35.9235664],[129.5176316,35.9235724]]]]}},{"type":"Feature","properties":{"r":335,"k":0,"d":92.5},"geometry":{"type":"MultiPolygon","coordinates":[[[[129.5173998,35.9228106],[129.5173803,35.9229509],[129.5172174,35.9227178],[129.5172795,35.922701],[129.5173998,35.9228106]]]]}},{"type":"Feature","properties":{"r":158,"k":0,"d":50.6},"geometry":{"type":"MultiPolygon","coordinates":[[[[129.5204469,35.9320782],[129.5204493,35.9320417],[129.5204727,35.9320612],[129.5204469,35.9320782]]]]}},{"type":"Feature","properties":{"r":325,"k":0,"d":90.2},"geometry":{"type":"MultiPolygon","coordinates":[[[[129.520273,35.9325695],[129.5203065,35.932472],[129.5203129,35.9324722],[129.520278,35.9325716],[129.520273,35.9325695]]]]}},{"type":"Feature","properties":{"r":247,"k":0,"d":75.5},"geometry":{"type":"MultiPolygon","coordinates":[[[[129.5212111,35.9333906],[129.521191,35.9333657],[129.5212069,35.9332906],[129.5212529,35.9332608],[129.5213201,35.9332237],[129.5213755,35.9333008],[129.5213775,35.9333386],[129.5214009,35.9333656],[129.5213577,35.9334436],[129.5212827,35.9334221],[129.5212111,35.9333906]]]]}},{"type":"Feature","properties":{"r":295,"k":0,"d":86.1},"geometry":{"type":"MultiPolygon","coordinates":[[[[129.5190148,35.9311606],[129.5190179,35.9310578],[129.5191135,35.9310121],[129.5191152,35.9310181],[129.5190377,35.9311275],[129.5190506,35.9311784],[129.5190148,35.9311606]]]]}},{"type":"Feature","properties":{"r":397,"k":0,"d":110.4},"geometry":{"type":"MultiPolygon","coordinates":[[[[129.5237397,35.934878],[129.5237335,35.9348192],[129.5237993,35.9345626],[129.5238305,35.9345132],[129.524055,35.9346155],[129.5242421,35.9347603],[129.5241568,35.9348081],[129.5241922,35.9349033],[129.5237397,35.934878]]]]}},{"type":"Feature","properties":{"r":88,"k":0,"d":34.7},"geometry":{"type":"MultiPolygon","coordinates":[[[[129.5212365,35.9327078],[129.52115,35.9326105],[129.5212129,35.93258],[129.5213008,35.9326742],[129.5212365,35.9327078]]]]}},{"type":"Feature","properties":{"r":563,"k":0,"d":155.3},"geometry":{"type":"MultiPolygon","coordinates":[[[[129.5215796,35.9343633],[129.5215837,35.934383],[129.5216336,35.9344234],[129.5216037,35.9344213],[129.521507,35.9343816],[129.5214815,35.9344312],[129.5214004,35.9344581],[129.5213423,35.9344214],[129.5213308,35.9344416],[129.5213597,35.9345098],[129.5212008,35.9344362],[129.5211536,35.934388],[129.5210442,35.9343491],[129.5209719,35.9342963],[129.5209449,35.9342735],[129.5209038,35.9342314],[129.5208762,35.9341874],[129.5208765,35.9341465],[129.5209133,35.9340989],[129.5209778,35.9340602],[129.5209789,35.9341368],[129.5210673,35.9341805],[129.5211458,35.9341672],[129.5212757,35.9342221],[129.5214946,35.9343299],[129.5215796,35.9343633]]]]}},{"type":"Feature","properties":{"r":383,"k":0,"d":107.1},"geometry":{"type":"MultiPolygon","coordinates":[[[[129.5172247,35.9235957],[129.5167565,35.9239539],[129.5166026,35.9240448],[129.5165103,35.9240591],[129.5164721,35.9240819],[129.5164663,35.9240799],[129.5167324,35.9238112],[129.5167679,35.9237542],[129.5168007,35.9237396],[129.5168737,35.923733],[129.5169442,35.9237134],[129.5169914,35.9236854],[129.5169771,35.9236637],[129.5170811,35.9236358],[129.5171235,35.9235933],[129.5171593,35.9235781],[129.5172098,35.9235873],[129.5172247,35.9235957]]]]}},{"type":"Feature","properties":{"r":285,"k":0,"d":85.5},"geometry":{"type":"MultiPolygon","coordinates":[[[[129.5182499,35.9295248],[129.518323,35.9294918],[129.5183982,35.9296276],[129.5183232,35.929655],[129.5182499,35.9295248]]]]}},{"type":"Feature","properties":{"r":495,"k":0,"d":139.8},"geometry":{"type":"MultiPolygon","coordinates":[[[[129.52047,35.9334931],[129.5205006,35.9334106],[129.5206659,35.9335085],[129.5206118,35.9335297],[129.5205471,35.9335408],[129.52047,35.9334931]]]]}},{"type":"Feature","properties":{"r":627,"k":0,"d":178.4},"geometry":{"type":"MultiPolygon","coordinates":[[[[129.5177667,35.9306136],[129.5177341,35.9306479],[129.5174073,35.9304555],[129.5174419,35.9304236],[129.5177569,35.9306071],[129.5177667,35.9306136]]]]}},{"type":"Feature","properties":{"r":60,"k":0,"d":27.3},"geometry":{"type":"MultiPolygon","coordinates":[[[[129.5180642,35.9266884],[129.5182044,35.9266824],[129.5182495,35.9270643],[129.5178853,35.9270889],[129.5178665,35.9268789],[129.5180797,35.9268669],[129.5180642,35.9266884]]]]}},{"type":"Feature","properties":{"r":385,"k":0,"d":107.6},"geometry":{"type":"MultiPolygon","coordinates":[[[[129.5172219,35.926039],[129.5171963,35.9260628],[129.5171679,35.9260695],[129.5171357,35.9260736],[129.5169721,35.9260217],[129.5169791,35.9259898],[129.5170056,35.9259564],[129.517037,35.925938],[129.5171254,35.9259298],[129.5172211,35.9259125],[129.5172219,35.926039]]]]}},{"type":"Feature","properties":{"r":484,"k":0,"d":135.9},"geometry":{"type":"MultiPolygon","coordinates":[[[[129.518489,35.9310718],[129.5183886,35.930969],[129.5185148,35.9310445],[129.518489,35.9310718]]]]}},{"type":"Feature","properties":{"r":644,"k":0,"d":183.3},"geometry":{"type":"MultiPolygon","coordinates":[[[[129.5169084,35.9292183],[129.5168744,35.9291546],[129.5168399,35.9290704],[129.5168072,35.9289732],[129.5167964,35.9289164],[129.5169703,35.9289977],[129.5170629,35.9291581],[129.5169084,35.9292183]]]]}},{"type":"Feature","properties":{"r":354,"k":0,"d":98.6},"geometry":{"type":"MultiPolygon","coordinates":[[[[129.520074,35.9325914],[129.5200405,35.9325063],[129.5200378,35.9324785],[129.520048,35.9324339],[129.5201376,35.9324087],[129.5201537,35.9324311],[129.5201024,35.9325989],[129.520074,35.9325914]]]]}},{"type":"Feature","properties":{"r":641,"k":0,"d":183.0},"geometry":{"type":"MultiPolygon","coordinates":[[[[129.5237965,35.9353113],[129.5237607,35.9353194],[129.5236708,35.9353064],[129.5236503,35.9352077],[129.5235594,35.9351867],[129.5234688,35.935181],[129.5234903,35.9351534],[129.5235355,35.9351465],[129.5237462,35.9351897],[129.5237965,35.9353113]]]]}},{"type":"Feature","properties":{"r":590,"k":0,"d":163.0},"geometry":{"type":"MultiPolygon","coordinates":[[[[129.5218219,35.9346401],[129.5217777,35.9346682],[129.5217303,35.9347044],[129.5216686,35.9346942],[129.5216181,35.9346322],[129.5216611,35.9346154],[129.5217122,35.9345713],[129.5217878,35.9345511],[129.5218219,35.9346401]]]]}},{"type":"Feature","properties":{"r":487,"k":0,"d":136.6},"geometry":{"type":"MultiPolygon","coordinates":[[[[129.5165628,35.9254363],[129.5166008,35.9254063],[129.5166699,35.9253947],[129.5167319,35.9253495],[129.516758,35.9253363],[129.516763,35.9253034],[129.5167543,35.9252742],[129.5167763,35.9252592],[129.5168351,35.9252677],[129.5168573,35.9253149],[129.51683,35.9253392],[129.5168326,35.9253827],[129.5168471,35.9254324],[129.5168324,35.9254826],[129.5167311,35.9254788],[129.5166791,35.9254655],[129.5165999,35.9254582],[129.5165628,35.9254363]]]]}},{"type":"Feature","properties":{"r":176,"k":0,"d":55.2},"geometry":{"type":"MultiPolygon","coordinates":[[[[129.5198978,35.9317948],[129.5199013,35.9317719],[129.5199324,35.931681],[129.5200734,35.9317677],[129.5200292,35.9318197],[129.5198978,35.9317948]]]]}},{"type":"Feature","properties":{"r":511,"k":0,"d":143.1},"geometry":{"type":"MultiPolygon","coordinates":[[[[129.5191662,35.9323148],[129.5188239,35.9321126],[129.5189982,35.9319109],[129.5190325,35.9319301],[129.5190626,35.9319709],[129.519276,35.9322946],[129.519226,35.9323497],[129.5191662,35.9323148]]]]}},{"type":"Feature","properties":{"r":217,"k":0,"d":68.1},"geometry":{"type":"MultiPolygon","coordinates":[[[[129.5196036,35.9315226],[129.5196186,35.9315194],[129.5196296,35.9314918],[129.5196895,35.9315168],[129.5196709,35.9315539],[129.5196036,35.9315226]]]]}},{"type":"Feature","properties":{"r":301,"k":0,"d":86.7},"geometry":{"type":"MultiPolygon","coordinates":[[[[129.5195603,35.9320577],[129.5195213,35.9320409],[129.5196279,35.931906],[129.5196841,35.9319003],[129.5197742,35.9319424],[129.5197633,35.93198],[129.5198304,35.9320038],[129.5198582,35.9320118],[129.519871,35.9320129],[129.5197952,35.9320974],[129.5197564,35.9321173],[129.5196976,35.932117],[129.5195603,35.9320577]]]]}},{"type":"Feature","properties":{"r":482,"k":0,"d":135.7},"geometry":{"type":"MultiPolygon","coordinates":[[[[129.5168694,35.921937],[129.5168152,35.9219702],[129.5168462,35.9218157],[129.5168932,35.9216202],[129.5169036,35.9216616],[129.5169939,35.9217115],[129.5169208,35.9218134],[129.5168928,35.9218766],[129.5168694,35.921937]]]]}},{"type":"Feature","properties":{"r":445,"k":0,"d":125.2},"geometry":{"type":"MultiPolygon","coordinates":[[[[129.5169722,35.9211524],[129.5169236,35.9211101],[129.5169066,35.9211161],[129.5168314,35.92103],[129.5168427,35.9209901],[129.5169495,35.9210481],[129.5169904,35.9210797],[129.5169722,35.9211524]]]]}},{"type":"Feature","properties":{"r":368,"k":0,"d":102.8},"geometry":{"type":"MultiPolygon","coordinates":[[[[129.5172789,35.9231137],[129.5172666,35.9231031],[129.5172225,35.9230486],[129.5171518,35.9229407],[129.5170924,35.9228855],[129.5171197,35.9228592],[129.517221,35.9229281],[129.5172445,35.9230453],[129.5172789,35.9231137]]]]}},{"type":"Feature","properties":{"r":396,"k":0,"d":110.1},"geometry":{"type":"MultiPolygon","coordinates":[[[[129.5172706,35.9266972],[129.5172164,35.9267083],[129.5171054,35.9266905],[129.5170298,35.9266946],[129.5169915,35.9266694],[129.517005,35.9264645],[129.517147,35.9264654],[129.5172527,35.9264571],[129.5172706,35.9266972]]]]}},{"type":"Feature","properties":{"r":194,"k":0,"d":60.1},"geometry":{"type":"MultiPolygon","coordinates":[[[[129.5178001,35.9263834],[129.5178245,35.9266628],[129.5176105,35.9266715],[129.5175494,35.9264656],[129.5175695,35.9263906],[129.5178001,35.9263834]]]]}},{"type":"Feature","properties":{"r":527,"k":0,"d":145.4},"geometry":{"type":"MultiPolygon","coordinates":[[[[129.5252631,35.9348784],[129.5252775,35.9348242],[129.5253185,35.9347947],[129.5253352,35.9347975],[129.5253214,35.9348772],[129.5252631,35.9348784]]]]}},{"type":"Feature","properties":{"r":58,"k":0,"d":26.3},"geometry":{"type":"MultiPolygon","coordinates":[[[[129.5176105,35.9266715],[129.5178245,35.9266628],[129.5178001,35.9263834],[129.5181747,35.9263718],[129.5181817,35.9264866],[129.5182044,35.9266824],[129.5176211,35.9267071],[129.5176105,35.9266715]]]]}},{"type":"Feature","properties":{"r":451,"k":0,"d":127.8},"geometry":{"type":"MultiPolygon","coordinates":[[[[129.5208208,35.933713],[129.5208505,35.9336966],[129.5208845,35.9336413],[129.5212522,35.9338658],[129.5212038,35.9339154],[129.5211953,35.9339317],[129.5210472,35.9338471],[129.5208405,35.933726],[129.5208208,35.933713]]]]}},{"type":"Feature","properties":{"r":11,"k":0,"d":18.2},"geometry":{"type":"MultiPolygon","coordinates":[[[[129.5199204,35.9310568],[129.5199524,35.9310286],[129.5201325,35.9312642],[129.520008,35.931356],[129.5199923,35.9313433],[129.5201065,35.9312408],[129.5199204,35.9310568]]]]}},{"type":"Feature","properties":{"r":148,"k":0,"d":49.7},"geometry":{"type":"MultiPolygon","coordinates":[[[[129.5179198,35.9220932],[129.5178841,35.9221184],[129.5178511,35.9221649],[129.5178507,35.9220924],[129.5179198,35.9220932]]]]}},{"type":"Feature","properties":{"r":146,"k":0,"d":48.6},"geometry":{"type":"MultiPolygon","coordinates":[[[[129.5176524,35.9259843],[129.5175523,35.9259808],[129.5174062,35.9259784],[129.517376,35.9259261],[129.5174124,35.9257759],[129.5173984,35.9256141],[129.5173985,35.9255604],[129.5173963,35.9255208],[129.5174077,35.9254883],[129.5174215,35.9254322],[129.5174476,35.9254174],[129.5174539,35.9253577],[129.5178332,35.925336],[129.5178198,35.9254805],[129.5178341,35.9255586],[129.517816,35.9257497],[129.5177895,35.9258135],[129.517741,35.9259206],[129.5177007,35.9259819],[129.5176524,35.9259843]]]]}},{"type":"Feature","properties":{"r":624,"k":0,"d":177.7},"geometry":{"type":"MultiPolygon","coordinates":[[[[129.516413,35.9255288],[129.516394,35.9255659],[129.5163991,35.9256049],[129.5164175,35.9256527],[129.5163589,35.9256624],[129.5162955,35.9256579],[129.5161618,35.9256578],[129.5161133,35.9256473],[129.516106,35.9255852],[129.5160822,35.9255015],[129.5161629,35.9254879],[129.5162442,35.925462],[129.5162756,35.9254431],[129.5163422,35.9255052],[129.5163744,35.9255258],[129.516413,35.9255288]]]]}},{"type":"Feature","properties":{"r":329,"k":0,"d":91.8},"geometry":{"type":"MultiPolygon","coordinates":[[[[129.517191,35.9255887],[129.5171877,35.9255805],[129.5172013,35.9255787],[129.5172107,35.9255612],[129.5172516,35.9255031],[129.5172729,35.9254834],[129.5172956,35.9255048],[129.5173273,35.9255148],[129.5173642,35.9255148],[129.5173635,35.9255745],[129.5173554,35.9256214],[129.5172258,35.925603],[129.517191,35.9255887]]]]}},{"type":"Feature","properties":{"r":416,"k":0,"d":116.1},"geometry":{"type":"MultiPolygon","coordinates":[[[[129.5170388,35.9254541],[129.517023,35.9254535],[129.5168471,35.9254324],[129.5168326,35.9253827],[129.51683,35.9253392],[129.5168573,35.9253149],[129.5169534,35.9253243],[129.5170344,35.9253124],[129.5170368,35.9252669],[129.5170828,35.9252695],[129.5170713,35.9253572],[129.5170503,35.9254111],[129.5170388,35.9254541]]]]}},{"type":"Feature","properties":{"r":517,"k":0,"d":144.1},"geometry":{"type":"MultiPolygon","coordinates":[[[[129.5167461,35.9261773],[129.516751,35.9261181],[129.5167933,35.9261061],[129.5167987,35.9261142],[129.516829,35.9261135],[129.5168432,35.9261842],[129.5167461,35.9261773]]]]}},{"type":"Feature","properties":{"r":276,"k":0,"d":83.7},"geometry":{"type":"MultiPolygon","coordinates":[[[[129.5186584,35.9306145],[129.518523,35.9304765],[129.518669,35.9303778],[129.5188214,35.9304654],[129.5186584,35.9306145]]]]}},{"type":"Feature","properties":{"r":595,"k":0,"d":165.7},"geometry":{"type":"MultiPolygon","coordinates":[[[[129.516413,35.9255288],[129.5163744,35.9255258],[129.5163422,35.9255052],[129.5162756,35.9254431],[129.5162733,35.9254267],[129.5162838,35.9254069],[129.5163158,35.9253636],[129.5163491,35.9253377],[129.5163713,35.925352],[129.5165377,35.9253853],[129.5165268,35.925415],[129.5164878,35.925446],[129.5164552,35.9254881],[129.5164314,35.9255282],[129.516413,35.9255288]]]]}},{"type":"Feature","properties":{"r":201,"k":0,"d":61.9},"geometry":{"type":"MultiPolygon","coordinates":[[[[129.5197834,35.9319762],[129.5197742,35.9319424],[129.519785,35.931929],[129.5198198,35.9319399],[129.5198586,35.9318621],[129.5198521,35.9317892],[129.5199013,35.9317719],[129.5198978,35.9317948],[129.5200292,35.9318197],[129.520018,35.9318331],[129.5200236,35.931865],[129.5199898,35.9318764],[129.5199237,35.9320034],[129.5198883,35.9320116],[129.5197834,35.9319762]]]]}},{"type":"Feature","properties":{"r":521,"k":0,"d":144.5},"geometry":{"type":"MultiPolygon","coordinates":[[[[129.5184251,35.9312233],[129.5184591,35.9311862],[129.5185329,35.9312551],[129.518581,35.9313194],[129.5184251,35.9312233]]]]}},{"type":"Feature","properties":{"r":182,"k":0,"d":56.1},"geometry":{"type":"MultiPolygon","coordinates":[[[[129.5191451,35.9308173],[129.519111,35.930717],[129.5192222,35.9306215],[129.5192571,35.9306435],[129.5191538,35.9307135],[129.5191831,35.9308093],[129.5191451,35.9308173]]]]}},{"type":"Feature","properties":{"r":446,"k":0,"d":125.8},"geometry":{"type":"MultiPolygon","coordinates":[[[[129.5178214,35.9302628],[129.5177398,35.9301557],[129.5175954,35.9299893],[129.5176701,35.9299377],[129.5177371,35.9299012],[129.517966,35.9297971],[129.5180386,35.9298898],[129.5180912,35.9299942],[129.5179665,35.9300571],[129.5178793,35.9301122],[129.5179513,35.9301978],[129.5178214,35.9302628]]]]}},{"type":"Feature","properties":{"r":420,"k":0,"d":117.6},"geometry":{"type":"MultiPolygon","coordinates":[[[[129.5171357,35.9202185],[129.5169598,35.9203765],[129.5169128,35.9206417],[129.5168898,35.9206558],[129.5168516,35.9203557],[129.5165682,35.9202326],[129.5166824,35.9201214],[129.5166709,35.9200037],[129.5166185,35.9198891],[129.5166088,35.9197838],[129.5166876,35.9196757],[129.5168918,35.919658],[129.5172107,35.919736],[129.5172474,35.9198512],[129.5172716,35.919888],[129.517224,35.9199578],[129.5171357,35.9202185]]]]}},{"type":"Feature","properties":{"r":424,"k":0,"d":118.6},"geometry":{"type":"MultiPolygon","coordinates":[[[[129.5180912,35.9299942],[129.5180386,35.9298898],[129.517966,35.9297971],[129.5180269,35.9297731],[129.5180745,35.9298004],[129.5181603,35.9299592],[129.5180963,35.9299941],[129.5180912,35.9299942]]]]}},{"type":"Feature","properties":{"r":553,"k":0,"d":153.4},"geometry":{"type":"MultiPolygon","coordinates":[[[[129.5173881,35.9298537],[129.5173404,35.9298271],[129.5172152,35.929718],[129.5171838,35.9296857],[129.5172901,35.9296251],[129.5171801,35.9295039],[129.5174265,35.9293759],[129.5175094,35.9294665],[129.5175793,35.9296042],[129.5176391,35.929715],[129.5176109,35.9297201],[129.517548,35.9297535],[129.5174498,35.9298078],[129.5173881,35.9298537]]]]}},{"type":"Feature","properties":{"r":673,"k":0,"d":196.7},"geometry":{"type":"MultiPolygon","coordinates":[[[[129.5168744,35.9291546],[129.5169288,35.9292592],[129.5169859,35.929383],[129.5168311,35.92944],[129.516757,35.9293408],[129.5165345,35.9293907],[129.516492,35.9292759],[129.5165645,35.9292526],[129.5166749,35.9292303],[129.5167386,35.9292088],[129.5168744,35.9291546]]]]}},{"type":"Feature","properties":{"r":430,"k":0,"d":120.0},"geometry":{"type":"MultiPolygon","coordinates":[[[[129.5202429,35.9331639],[129.5203137,35.9330659],[129.5204122,35.9330989],[129.520471,35.9331089],[129.5205373,35.9331182],[129.5205271,35.9331671],[129.5204668,35.9332797],[129.5204179,35.9332864],[129.5203291,35.933233],[129.5202429,35.9331639]]]]}},{"type":"Feature","properties":{"r":338,"k":0,"d":93.0},"geometry":{"type":"MultiPolygon","coordinates":[[[[129.5194293,35.9316086],[129.5194892,35.9316735],[129.5194961,35.9317683],[129.5194834,35.9318123],[129.5192169,35.9316554],[129.5192708,35.9315947],[129.5194101,35.9316337],[129.5194293,35.9316086]]]]}},{"type":"Feature","properties":{"r":608,"k":0,"d":170.8},"geometry":{"type":"MultiPolygon","coordinates":[[[[129.5165026,35.9260307],[129.5163459,35.9260315],[129.5162388,35.9260283],[129.5161958,35.9260365],[129.51619,35.9260095],[129.5162277,35.9259193],[129.5163439,35.9259196],[129.51652,35.9259175],[129.5165099,35.9259673],[129.5165026,35.9260307]]]]}},{"type":"Feature","properties":{"r":330,"k":0,"d":92.0},"geometry":{"type":"MultiPolygon","coordinates":[[[[129.5173725,35.9256594],[129.5172166,35.9256975],[129.5172177,35.9256743],[129.5171949,35.9256442],[129.5172039,35.9256205],[129.5171993,35.9256093],[129.5172167,35.9256173],[129.5172947,35.9256313],[129.5173627,35.9256377],[129.5173725,35.9256594]]]]}},{"type":"Feature","properties":{"r":410,"k":0,"d":114.1},"geometry":{"type":"MultiPolygon","coordinates":[[[[129.5166676,35.9255634],[129.5165999,35.9254582],[129.5166791,35.9254655],[129.5167311,35.9254788],[129.5168324,35.9254826],[129.5168471,35.9254324],[129.517023,35.9254535],[129.5170284,35.9254772],[129.5170308,35.925501],[129.5170617,35.9255164],[129.517121,35.9255829],[129.5170605,35.9256085],[129.5169842,35.9256227],[129.5168723,35.9256198],[129.5168051,35.9256112],[129.5167892,35.9255581],[129.5167715,35.9255715],[129.5167012,35.9255726],[129.5166676,35.9255634]]]]}},{"type":"Feature","properties":{"r":344,"k":0,"d":94.8},"geometry":{"type":"MultiPolygon","coordinates":[[[[129.5172845,35.9254184],[129.5171939,35.9254162],[129.51715,35.925399],[129.5170836,35.9254297],[129.5170388,35.9254541],[129.5170503,35.9254111],[129.5170713,35.9253572],[129.5170828,35.9252695],[129.5172188,35.9252884],[129.5172299,35.925343],[129.5172356,35.9253575],[129.5172752,35.9253715],[129.5173234,35.9253773],[129.5172845,35.9254184]]]]}},{"type":"Feature","properties":{"r":155,"k":0,"d":50.3},"geometry":{"type":"MultiPolygon","coordinates":[[[[129.5212809,35.9331129],[129.5212886,35.933063],[129.5213268,35.9330091],[129.5213214,35.9330066],[129.5213343,35.9329877],[129.5213773,35.9329526],[129.5214261,35.9330018],[129.521454,35.9330175],[129.5214682,35.9330166],[129.5214922,35.9330387],[129.5214226,35.9330947],[129.5213311,35.933152],[129.5212809,35.9331129]]]]}},{"type":"Feature","properties":{"r":668,"k":0,"d":195.1},"geometry":{"type":"MultiPolygon","coordinates":[[[[129.5177928,35.9314196],[129.5176064,35.9313051],[129.517741,35.9311683],[129.5179258,35.9312785],[129.5177928,35.9314196]]]]}},{"type":"Feature","properties":{"r":136,"k":0,"d":46.1},"geometry":{"type":"MultiPolygon","coordinates":[[[[129.5207154,35.9323924],[129.5207185,35.932302],[129.5207247,35.932292],[129.5207693,35.9323057],[129.5207379,35.9324015],[129.5207154,35.9323924]]]]}},{"type":"Feature","properties":{"r":90,"k":0,"d":35.1},"geometry":{"type":"MultiPolygon","coordinates":[[[[129.5206686,35.9324915],[129.5206905,35.9324542],[129.5207154,35.9323924],[129.5207615,35.9324107],[129.5208089,35.9323943],[129.5208818,35.932297],[129.5209625,35.9323474],[129.5208582,35.9325315],[129.5206686,35.9324915]]]]}},{"type":"Feature","properties":{"r":120,"k":0,"d":41.8},"geometry":{"type":"MultiPolygon","coordinates":[[[[129.5177973,35.9219163],[129.5177972,35.9217042],[129.5180306,35.9217311],[129.5180302,35.9218074],[129.5179926,35.921966],[129.5178676,35.9219759],[129.5177973,35.9219163]]]]}},{"type":"Feature","properties":{"r":643,"k":0,"d":183.1},"geometry":{"type":"MultiPolygon","coordinates":[[[[129.5249682,35.9352604],[129.5249884,35.9352673],[129.5251716,35.9353531],[129.5252622,35.9354094],[129.5251489,35.9354812],[129.5251036,35.9354919],[129.5247687,35.93544],[129.5246387,35.9352396],[129.52464,35.9351841],[129.5247823,35.9353134],[129.5249178,35.9352883],[129.5249682,35.9352604]]]]}},{"type":"Feature","properties":{"r":81,"k":0,"d":32.9},"geometry":{"type":"MultiPolygon","coordinates":[[[[129.5226008,35.9337039],[129.5227093,35.9335705],[129.5228062,35.9336281],[129.5227637,35.9336671],[129.5227238,35.9337204],[129.5226758,35.9337609],[129.5226008,35.9337039]]]]}},{"type":"Feature","properties":{"r":463,"k":0,"d":130.9},"geometry":{"type":"MultiPolygon","coordinates":[[[[129.5168,35.9260393],[129.5169395,35.9260377],[129.5169704,35.9260296],[129.516975,35.9260385],[129.5169171,35.9260505],[129.5168014,35.9260472],[129.5168,35.9260393]]]]}},{"type":"Feature","properties":{"r":531,"k":0,"d":147.4},"geometry":{"type":"MultiPolygon","coordinates":[[[[129.5167679,35.9237542],[129.5167324,35.9238112],[129.5164663,35.9240799],[129.5163665,35.9240461],[129.5162778,35.9239954],[129.5162094,35.9239783],[129.5162156,35.923955],[129.5162265,35.9239418],[129.5162626,35.9239357],[129.5164348,35.9239367],[129.5165277,35.9239234],[129.5166118,35.9238996],[129.5166672,35.9238627],[129.5167585,35.9237584],[129.5167679,35.9237542]]]]}},{"type":"Feature","properties":{"r":252,"k":0,"d":77.4},"geometry":{"type":"MultiPolygon","coordinates":[[[[129.5234208,35.9342277],[129.5234705,35.9341754],[129.5236036,35.9342417],[129.5236094,35.9342601],[129.5235845,35.9343122],[129.5234208,35.9342277]]]]}},{"type":"Feature","properties":{"r":437,"k":0,"d":122.1},"geometry":{"type":"MultiPolygon","coordinates":[[[[129.5256445,35.934573],[129.5256747,35.9345032],[129.5257355,35.934495],[129.525852,35.9345236],[129.5258161,35.9346154],[129.5256445,35.934573]]]]}},{"type":"Feature","properties":{"r":660,"k":0,"d":190.6},"geometry":{"type":"MultiPolygon","coordinates":[[[[129.5189107,35.9330697],[129.5190962,35.9328294],[129.5194294,35.9330212],[129.5193613,35.9330661],[129.5193596,35.9331208],[129.519291,35.9330913],[129.5192501,35.9330549],[129.5191881,35.9330628],[129.5190763,35.9330832],[129.5189107,35.9330697]]]]}},{"type":"Feature","properties":{"r":149,"k":0,"d":49.8},"geometry":{"type":"MultiPolygon","coordinates":[[[[129.517898,35.9225366],[129.517898,35.9225366],[129.517897,35.922542],[129.5178531,35.9225402],[129.5178518,35.9222958],[129.5178696,35.9223928],[129.517898,35.9225366]]]]}},{"type":"Feature","properties":{"r":573,"k":0,"d":157.1},"geometry":{"type":"MultiPolygon","coordinates":[[[[129.5191662,35.9323148],[129.5190087,35.9324972],[129.5186633,35.9322988],[129.5188239,35.9321126],[129.5191662,35.9323148]]]]}},{"type":"Feature","properties":{"r":552,"k":0,"d":153.2},"geometry":{"type":"MultiPolygon","coordinates":[[[[129.5169084,35.9292183],[129.5170629,35.9291581],[129.5169703,35.9289977],[129.5167964,35.9289164],[129.5167799,35.9288303],[129.5168889,35.928806],[129.5169716,35.9288021],[129.5170661,35.9288154],[129.517136,35.9288465],[129.517216,35.9288509],[129.5172461,35.9289065],[129.5172895,35.9289457],[129.5173775,35.9290607],[129.5173495,35.9290982],[129.5170666,35.9292263],[129.5169288,35.9292592],[129.5169084,35.9292183]]]]}},{"type":"Feature","properties":{"r":259,"k":0,"d":79.6},"geometry":{"type":"MultiPolygon","coordinates":[[[[129.5174725,35.9250415],[129.5174418,35.9250439],[129.51744,35.9250096],[129.5174187,35.9249814],[129.5173686,35.9249596],[129.5173824,35.9249166],[129.5174522,35.924943],[129.5174804,35.924948],[129.5174786,35.9249972],[129.5174725,35.9250415]]]]}},{"type":"Feature","properties":{"r":274,"k":0,"d":83.6},"geometry":{"type":"MultiPolygon","coordinates":[[[[129.5172606,35.9246269],[129.5171546,35.9245724],[129.5172282,35.9244984],[129.5172985,35.92446],[129.517386,35.9244481],[129.5174247,35.9244383],[129.517448,35.9245285],[129.5174228,35.9245537],[129.5173843,35.9245632],[129.5173259,35.9245542],[129.5173006,35.924564],[129.5172756,35.9246072],[129.5172606,35.9246269]]]]}},{"type":"Feature","properties":{"r":422,"k":0,"d":117.6},"geometry":{"type":"MultiPolygon","coordinates":[[[[129.5168243,35.9227802],[129.5168601,35.9227695],[129.5169609,35.9227686],[129.5171197,35.9228592],[129.5170773,35.9229019],[129.5170114,35.9229188],[129.5168243,35.9227802]]]]}},{"type":"Feature","properties":{"r":373,"k":0,"d":104.8},"geometry":{"type":"MultiPolygon","coordinates":[[[[129.5200151,35.9327054],[129.5199818,35.9326872],[129.520074,35.9325914],[129.5201024,35.9325989],[129.5202571,35.932631],[129.5202231,35.932748],[129.5201995,35.9328144],[129.5201307,35.9328014],[129.5200971,35.9327543],[129.5200151,35.9327054]]]]}},{"type":"Feature","properties":{"r":533,"k":0,"d":147.5},"geometry":{"type":"MultiPolygon","coordinates":[[[[129.5226087,35.9349192],[129.5224901,35.9349363],[129.5223822,35.9349052],[129.5223381,35.934872],[129.5223237,35.9348036],[129.5222903,35.9347405],[129.5222805,35.9347745],[129.5222314,35.9347655],[129.5221606,35.9347179],[129.5221567,35.9346725],[129.5221905,35.9346282],[129.5221762,35.9345792],[129.5222335,35.9345869],[129.5222082,35.9345374],[129.522711,35.9348414],[129.5226794,35.9348432],[129.522615,35.9348675],[129.5226087,35.9349192]]]]}},{"type":"Feature","properties":{"r":543,"k":0,"d":150.3},"geometry":{"type":"MultiPolygon","coordinates":[[[[129.5187703,35.9320966],[129.518591,35.9319881],[129.5187511,35.9318175],[129.5189249,35.931922],[129.5187703,35.9320966]]]]}},{"type":"Feature","properties":{"r":10,"k":0,"d":18.0},"geometry":{"type":"MultiPolygon","coordinates":[[[[129.521605,35.9329148],[129.5215502,35.9328423],[129.5215324,35.9328211],[129.5216435,35.9327536],[129.5217346,35.9328338],[129.521605,35.9329148]]]]}},{"type":"Feature","properties":{"r":135,"k":0,"d":46.1},"geometry":{"type":"MultiPolygon","coordinates":[[[[129.5205744,35.9321559],[129.520586,35.9321438],[129.5206623,35.9321866],[129.5206515,35.9322052],[129.5205744,35.9321559]]]]}},{"type":"Feature","properties":{"r":392,"k":0,"d":108.5},"geometry":{"type":"MultiPolygon","coordinates":[[[[129.5172527,35.9264571],[129.517147,35.9264654],[129.517005,35.9264645],[129.5170126,35.9263409],[129.517258,35.926345],[129.5172503,35.9264126],[129.5172527,35.9264571]]]]}},{"type":"Feature","properties":{"r":628,"k":0,"d":178.6},"geometry":{"type":"MultiPolygon","coordinates":[[[[129.5164673,35.9262536],[129.5164699,35.9263192],[129.5164913,35.9265445],[129.5164892,35.9266591],[129.5164758,35.9267246],[129.5164265,35.9267686],[129.5164126,35.9268323],[129.5163752,35.9268313],[129.5164017,35.9264477],[129.516197,35.9264361],[129.5162549,35.9264099],[129.516331,35.9263551],[129.5164418,35.9262659],[129.5164673,35.9262536]]]]}},{"type":"Feature","properties":{"r":615,"k":0,"d":173.7},"geometry":{"type":"MultiPolygon","coordinates":[[[[129.516378,35.9243614],[129.5164526,35.9243891],[129.5162203,35.9245104],[129.51616,35.9244843],[129.516378,35.9243614]]]]}},{"type":"Feature","properties":{"r":331,"k":0,"d":92.0},"geometry":{"type":"MultiPolygon","coordinates":[[[[129.5173734,35.9257771],[129.5173651,35.9256612],[129.5173725,35.9256594],[129.5173787,35.9257445],[129.5173785,35.9257761],[129.5173734,35.9257771]]]]}},{"type":"Feature","properties":{"r":645,"k":0,"d":183.5},"geometry":{"type":"MultiPolygon","coordinates":[[[[129.5176628,35.9307247],[129.5175912,35.9308016],[129.517251,35.9306022],[129.5173809,35.9304804],[129.5176246,35.9306233],[129.5177271,35.9306554],[129.5176628,35.9307247]]]]}},{"type":"Feature","properties":{"r":603,"k":0,"d":168.4},"geometry":{"type":"MultiPolygon","coordinates":[[[[129.525172,35.9351631],[129.5250704,35.9350296],[129.5252112,35.9350775],[129.5252767,35.9351075],[129.5252923,35.9352083],[129.525172,35.9351631]]]]}},{"type":"Feature","properties":{"r":0,"k":0,"d":7.4},"geometry":{"type":"MultiPolygon","coordinates":[[[[129.5217346,35.9328338],[129.5216435,35.9327536],[129.5216494,35.9327499],[129.5216004,35.9327065],[129.5215934,35.9327108],[129.5215877,35.9327059],[129.5215236,35.9326165],[129.5214181,35.9325183],[129.5213334,35.9324283],[129.5211014,35.9321888],[129.5207746,35.9318715],[129.5208237,35.9318387],[129.5211572,35.9321605],[129.5218927,35.932842],[129.5220289,35.9329758],[129.5221123,35.933052],[129.5222767,35.933178],[129.5224961,35.9333308],[129.5233047,35.9338302],[129.523449,35.9339138],[129.5235454,35.9339618],[129.5235016,35.9340142],[129.5233972,35.9339608],[129.5234054,35.9339489],[129.5233106,35.9338989],[129.5233034,35.9339116],[129.5232395,35.9338753],[129.5232576,35.9338472],[129.5227418,35.933553],[129.5224693,35.9333775],[129.5221442,35.9331395],[129.5217622,35.9328169],[129.5217346,35.9328338]]]]}},{"type":"Feature","properties":{"r":326,"k":0,"d":90.3},"geometry":{"type":"MultiPolygon","coordinates":[[[[129.5173554,35.9256214],[129.5173635,35.9255745],[129.5173633,35.9255606],[129.5173642,35.9255148],[129.5173805,35.9255076],[129.5173722,35.9255446],[129.5173713,35.9255606],[129.5173678,35.9255745],[129.5173554,35.9256214]]]]}},{"type":"Feature","properties":{"r":26,"k":0,"d":19.6},"geometry":{"type":"MultiPolygon","coordinates":[[[[129.5205047,35.9317153],[129.5205219,35.9317034],[129.5206062,35.9317722],[129.52059,35.9317849],[129.5205047,35.9317153]]]]}},{"type":"Feature","properties":{"r":427,"k":0,"d":119.5},"geometry":{"type":"MultiPolygon","coordinates":[[[[129.5204866,35.9333098],[129.5205527,35.933167],[129.5205827,35.9332002],[129.5207062,35.9332704],[129.5206683,35.9333089],[129.5207308,35.9333613],[129.5206813,35.9334369],[129.5204866,35.9333098]]]]}},{"type":"Feature","properties":{"r":62,"k":0,"d":28.3},"geometry":{"type":"MultiPolygon","coordinates":[[[[129.5222419,35.9334493],[129.5223149,35.9333726],[129.5223953,35.9334295],[129.5223217,35.9335032],[129.5222419,35.9334493]]]]}},{"type":"Feature","properties":{"r":419,"k":0,"d":117.4},"geometry":{"type":"MultiPolygon","coordinates":[[[[129.5261146,35.9344199],[129.5260459,35.9344588],[129.5259906,35.9344065],[129.5260436,35.9343318],[129.5260806,35.934323],[129.5261146,35.9344199]]]]}},{"type":"Feature","properties":{"r":540,"k":0,"d":149.7},"geometry":{"type":"MultiPolygon","coordinates":[[[[129.5179258,35.9312785],[129.5178576,35.9312381],[129.5180307,35.9310522],[129.5179988,35.9310335],[129.5180736,35.9309516],[129.5184137,35.9311559],[129.5181671,35.9314212],[129.5179258,35.9312785]]]]}},{"type":"Feature","properties":{"r":218,"k":0,"d":68.1},"geometry":{"type":"MultiPolygon","coordinates":[[[[129.5197096,35.9315859],[129.5197164,35.9315753],[129.5197225,35.9315686],[129.5197487,35.9315831],[129.5197096,35.9315859]]]]}},{"type":"Feature","properties":{"r":7,"k":0,"d":17.4},"geometry":{"type":"MultiPolygon","coordinates":[[[[129.5215324,35.9328211],[129.5214903,35.9327711],[129.5216004,35.9327065],[129.5216494,35.9327499],[129.5215324,35.9328211]]]]}},{"type":"Feature","properties":{"r":400,"k":0,"d":111.5},"geometry":{"type":"MultiPolygon","coordinates":[[[[129.5194234,35.9321679],[129.5195213,35.9320409],[129.5195603,35.9320577],[129.5194234,35.9321679]]]]}},{"type":"Feature","properties":{"r":333,"k":0,"d":92.4},"geometry":{"type":"MultiPolygon","coordinates":[[[[129.5172265,35.9257778],[129.5172507,35.9257956],[129.5173774,35.9257799],[129.5173437,35.9259037],[129.5172664,35.9258815],[129.5170918,35.9259194],[129.5170324,35.9259242],[129.516997,35.925872],[129.5169559,35.9257874],[129.5170049,35.9257844],[129.5170674,35.9257449],[129.5171282,35.9257562],[129.5171884,35.9257359],[129.5172059,35.9257551],[129.5172062,35.9257629],[129.5172265,35.9257778]]]]}},{"type":"Feature","properties":{"r":469,"k":0,"d":131.7},"geometry":{"type":"MultiPolygon","coordinates":[[[[129.5168633,35.921473],[129.5168675,35.9212959],[129.516924,35.921324],[129.5169342,35.9213751],[129.5169248,35.9214385],[129.5168633,35.921473]]]]}},{"type":"Feature","properties":{"r":298,"k":0,"d":86.6},"geometry":{"type":"MultiPolygon","coordinates":[[[[129.5174025,35.9208597],[129.517293,35.9210524],[129.5172734,35.9210944],[129.5172402,35.9210782],[129.5172443,35.9210388],[129.5172562,35.9210208],[129.5172998,35.9209933],[129.5173565,35.9209215],[129.5173184,35.9208953],[129.5173245,35.9208779],[129.5174025,35.9208597]]]]}},{"type":"Feature","properties":{"r":56,"k":0,"d":26.3},"geometry":{"type":"MultiPolygon","coordinates":[[[[129.5181031,35.9205513],[129.5180244,35.9205486],[129.518041,35.9204324],[129.5181611,35.9204372],[129.5181313,35.9204757],[129.5181031,35.9205513]]]]}},{"type":"Feature","properties":{"r":530,"k":0,"d":147.3},"geometry":{"type":"MultiPolygon","coordinates":[[[[129.5215796,35.9343633],[129.5214946,35.9343299],[129.5215467,35.9342895],[129.5216544,35.9343185],[129.5217353,35.9343692],[129.5217109,35.9343864],[129.5215796,35.9343633]]]]}},{"type":"Feature","properties":{"r":253,"k":0,"d":77.8},"geometry":{"type":"MultiPolygon","coordinates":[[[[129.5172469,35.9270974],[129.5172411,35.927026],[129.5172829,35.9268873],[129.5173324,35.9268586],[129.5174335,35.9268602],[129.5175286,35.9268475],[129.5175977,35.9268559],[129.517628,35.9268511],[129.5176979,35.9270639],[129.517665,35.9270674],[129.5172469,35.9270974]]]]}},{"type":"Feature","properties":{"r":598,"k":0,"d":167.0},"geometry":{"type":"MultiPolygon","coordinates":[[[[129.5160393,35.9244282],[129.51595,35.9243956],[129.5159504,35.9243908],[129.5160918,35.9242897],[129.516284,35.9241739],[129.5163784,35.9241234],[129.5163863,35.9241272],[129.5165325,35.924158],[129.5160393,35.9244282]]]]}},{"type":"Feature","properties":{"r":260,"k":0,"d":79.9},"geometry":{"type":"MultiPolygon","coordinates":[[[[129.5221887,35.934288],[129.5220595,35.9342186],[129.5222758,35.9340313],[129.5223596,35.9339389],[129.5225174,35.9340027],[129.5223637,35.934177],[129.5224377,35.9342145],[129.5223101,35.9343569],[129.5221887,35.934288]]]]}},{"type":"Feature","properties":{"r":609,"k":0,"d":171.0},"geometry":{"type":"MultiPolygon","coordinates":[[[[129.5206297,35.9341102],[129.5206636,35.9340506],[129.520504,35.9340156],[129.5205071,35.9340112],[129.520615,35.9340105],[129.5206769,35.9340294],[129.520807,35.9340644],[129.5208171,35.9340915],[129.5207895,35.9341606],[129.5206297,35.9341102]]]]}},{"type":"Feature","properties":{"r":180,"k":0,"d":55.5},"geometry":{"type":"MultiPolygon","coordinates":[[[[129.5177733,35.9239929],[129.5177425,35.9240528],[129.5177341,35.9239804],[129.5177733,35.9239929]]]]}},{"type":"Feature","properties":{"r":551,"k":0,"d":152.7},"geometry":{"type":"MultiPolygon","coordinates":[[[[129.5202572,35.9334816],[129.5203604,35.9334257],[129.520431,35.9334694],[129.5203981,35.9335361],[129.5202572,35.9334816]]]]}},{"type":"Feature","properties":{"r":681,"k":0,"d":199.9},"geometry":{"type":"MultiPolygon","coordinates":[[[[129.5167964,35.9289164],[129.5168051,35.9289625],[129.5166669,35.9289551],[129.5166495,35.9289127],[129.5166093,35.9288439],[129.5167316,35.928828],[129.5167799,35.9288303],[129.5167964,35.9289164]]]]}},{"type":"Feature","properties":{"r":477,"k":0,"d":134.4},"geometry":{"type":"MultiPolygon","coordinates":[[[[129.5206248,35.9335898],[129.5207023,35.9335301],[129.5208845,35.9336413],[129.5208505,35.9336966],[129.5208208,35.933713],[129.5206248,35.9335898]]]]}},{"type":"Feature","properties":{"r":548,"k":0,"d":151.8},"geometry":{"type":"MultiPolygon","coordinates":[[[[129.5165738,35.9262474],[129.5165788,35.9261834],[129.5166112,35.9261667],[129.5167017,35.926132],[129.516751,35.9261181],[129.5167397,35.926255],[129.5165738,35.9262474]]]]}},{"type":"Feature","properties":{"r":356,"k":0,"d":98.8},"geometry":{"type":"MultiPolygon","coordinates":[[[[129.5242759,35.9347237],[129.5241483,35.9346253],[129.5241289,35.9344962],[129.5243417,35.9344485],[129.5245213,35.9344291],[129.5245439,35.9344311],[129.5246136,35.9344256],[129.5246974,35.9344451],[129.524999,35.9345335],[129.5249616,35.9346218],[129.5248481,35.9348094],[129.5246849,35.9347254],[129.5246476,35.934711],[129.5246073,35.9347015],[129.5245869,35.9346988],[129.5245564,35.9346974],[129.5245357,35.9346981],[129.5245095,35.9347015],[129.5244893,35.934706],[129.5243742,35.9347454],[129.5243556,35.9347491],[129.5243424,35.9347489],[129.52433,35.9347465],[129.5242759,35.9347237]]]]}},{"type":"Feature","properties":{"r":523,"k":0,"d":144.7},"geometry":{"type":"MultiPolygon","coordinates":[[[[129.5195282,35.9326892],[129.5195323,35.9326861],[129.5196575,35.9326665],[129.5198399,35.932893],[129.5201062,35.9331398],[129.5204683,35.9333915],[129.520431,35.9334694],[129.5202219,35.93334],[129.5198223,35.9330408],[129.5196517,35.9328517],[129.5195282,35.9326892]]]]}},{"type":"Feature","properties":{"r":162,"k":0,"d":50.7},"geometry":{"type":"MultiPolygon","coordinates":[[[[129.5202331,35.9319034],[129.5202449,35.9318915],[129.5203092,35.9319267],[129.5203958,35.9319971],[129.5203901,35.9320028],[129.5202331,35.9319034]]]]}},{"type":"Feature","properties":{"r":263,"k":0,"d":80.1},"geometry":{"type":"MultiPolygon","coordinates":[[[[129.5215726,35.9336291],[129.5217211,35.9336115],[129.5217269,35.9336272],[129.5219445,35.9337465],[129.5218969,35.9338062],[129.5215726,35.9336291]]]]}},{"type":"Feature","properties":{"r":27,"k":0,"d":19.9},"geometry":{"type":"MultiPolygon","coordinates":[[[[129.5208561,35.9320718],[129.5208832,35.9320516],[129.520983,35.9321432],[129.5209608,35.9321618],[129.5208561,35.9320718]]]]}},{"type":"Feature","properties":{"r":558,"k":0,"d":154.2},"geometry":{"type":"MultiPolygon","coordinates":[[[[129.5167397,35.926255],[129.5166744,35.9270599],[129.5166585,35.9270662],[129.5165218,35.9270739],[129.5165089,35.9270781],[129.5165738,35.9262474],[129.5167397,35.926255]]]]}},{"type":"Feature","properties":{"r":203,"k":0,"d":62.2},"geometry":{"type":"MultiPolygon","coordinates":[[[[129.5193337,35.931213],[129.5193909,35.9311451],[129.5194334,35.9310989],[129.5193995,35.9309986],[129.5193713,35.930949],[129.5194576,35.9311002],[129.5193739,35.9312316],[129.5193337,35.931213]]]]}},{"type":"Feature","properties":{"r":154,"k":0,"d":50.2},"geometry":{"type":"MultiPolygon","coordinates":[[[[129.5204241,35.9321332],[129.5204841,35.9320982],[129.5205744,35.9321559],[129.5205291,35.9322031],[129.5205022,35.9321863],[129.5205035,35.9321834],[129.5204241,35.9321332]]]]}},{"type":"Feature","properties":{"r":3,"k":0,"d":15.4},"geometry":{"type":"MultiPolygon","coordinates":[[[[129.5213135,35.9325801],[129.5212411,35.9325036],[129.5213334,35.9324283],[129.5214181,35.9325183],[129.5213135,35.9325801]]]]}},{"type":"Feature","properties":{"r":94,"k":0,"d":35.4},"geometry":{"type":"MultiPolygon","coordinates":[[[[129.5180194,35.9219528],[129.5180476,35.9218632],[129.518095,35.9218741],[129.5180194,35.9219528]]]]}},{"type":"Feature","properties":{"r":434,"k":0,"d":120.8},"geometry":{"type":"MultiPolygon","coordinates":[[[[129.5170097,35.9209924],[129.5169198,35.920951],[129.5168619,35.920954],[129.5168541,35.9208905],[129.516879,35.9208659],[129.5169149,35.9208213],[129.5169468,35.9208811],[129.516948,35.9209239],[129.5170226,35.9209369],[129.5170097,35.9209924]]]]}},{"type":"Feature","properties":{"r":232,"k":0,"d":71.5},"geometry":{"type":"MultiPolygon","coordinates":[[[[129.5191386,35.9308186],[129.519107,35.9307204],[129.519111,35.930717],[129.5191451,35.9308173],[129.5191386,35.9308186]]]]}},{"type":"Feature","properties":{"r":633,"k":0,"d":179.9},"geometry":{"type":"MultiPolygon","coordinates":[[[[129.5206297,35.9341102],[129.5207895,35.9341606],[129.5207661,35.9342014],[129.5206241,35.9341758],[129.5205989,35.9342084],[129.5206353,35.9342471],[129.5205895,35.9342662],[129.5205551,35.9342554],[129.5205144,35.9342091],[129.5205754,35.9341981],[129.5205638,35.9341365],[129.5206159,35.9341348],[129.5206297,35.9341102]]]]}},{"type":"Feature","properties":{"r":112,"k":0,"d":39.7},"geometry":{"type":"MultiPolygon","coordinates":[[[[129.5227701,35.9338576],[129.5229164,35.933695],[129.5230113,35.9337518],[129.5229094,35.9338942],[129.5228202,35.9338803],[129.5227701,35.9338576]]]]}},{"type":"Feature","properties":{"r":15,"k":0,"d":18.6},"geometry":{"type":"MultiPolygon","coordinates":[[[[129.5180537,35.9208444],[129.5180582,35.9208199],[129.5181114,35.9207139],[129.5181733,35.9207196],[129.5181704,35.9207448],[129.5181167,35.9207361],[129.5180838,35.9208485],[129.5180537,35.9208444]]]]}},{"type":"Feature","properties":{"r":262,"k":0,"d":80.0},"geometry":{"type":"MultiPolygon","coordinates":[[[[129.5198233,35.9322298],[129.5198133,35.9321895],[129.5198195,35.9321553],[129.5198205,35.9321198],[129.5198632,35.9320565],[129.519904,35.9320374],[129.5199376,35.9320381],[129.5200187,35.9320611],[129.5200528,35.9321338],[129.5200497,35.9321683],[129.5199971,35.9322397],[129.519938,35.9322474],[129.5198233,35.9322298]]]]}},{"type":"Feature","properties":{"r":454,"k":0,"d":128.5},"geometry":{"type":"MultiPolygon","coordinates":[[[[129.517966,35.9297971],[129.5177371,35.9299012],[129.5176631,35.9298274],[129.517548,35.9297535],[129.5176109,35.9297201],[129.5177714,35.9296903],[129.5178566,35.929662],[129.5179228,35.9297157],[129.5179281,35.9297554],[129.517966,35.9297971]]]]}},{"type":"Feature","properties":{"r":41,"k":0,"d":23.1},"geometry":{"type":"MultiPolygon","coordinates":[[[[129.5174539,35.9253577],[129.517463,35.9252731],[129.5174598,35.9252221],[129.5174669,35.9251775],[129.5174725,35.9250415],[129.5174786,35.9249972],[129.517481,35.9249429],[129.5178756,35.9249651],[129.5179009,35.9248863],[129.5179547,35.9247858],[129.5179867,35.9246509],[129.5179684,35.9246021],[129.5179837,35.9245446],[129.5180487,35.92454],[129.5180661,35.9248697],[129.5180159,35.9251599],[129.5181225,35.9254663],[129.5181386,35.9257212],[129.517816,35.9257497],[129.5178341,35.9255586],[129.5178198,35.9254805],[129.5178332,35.925336],[129.5174539,35.9253577]]]]}},{"type":"Feature","properties":{"r":618,"k":0,"d":176.3},"geometry":{"type":"MultiPolygon","coordinates":[[[[129.5246284,35.9351598],[129.5246108,35.9351232],[129.5250453,35.9352178],[129.5249682,35.9352604],[129.524794,35.9352014],[129.5246284,35.9351598]]]]}},{"type":"Feature","properties":{"r":323,"k":0,"d":89.9},"geometry":{"type":"MultiPolygon","coordinates":[[[[129.5239475,35.9344131],[129.5239718,35.934335],[129.5241065,35.9343389],[129.5241078,35.9344211],[129.5239475,35.9344131]]]]}},{"type":"Feature","properties":{"r":311,"k":0,"d":88.1},"geometry":{"type":"MultiPolygon","coordinates":[[[[129.5173642,35.9255148],[129.5173273,35.9255148],[129.5172956,35.9255048],[129.5172678,35.9254785],[129.5173207,35.9254058],[129.5173642,35.9253901],[129.5173988,35.9254049],[129.5173968,35.9254458],[129.5173972,35.9254791],[129.5173805,35.9255076],[129.5173642,35.9255148]]]]}},{"type":"Feature","properties":{"r":404,"k":0,"d":112.7},"geometry":{"type":"MultiPolygon","coordinates":[[[[129.5169872,35.9252023],[129.5169819,35.9251553],[129.5169674,35.9251221],[129.5169462,35.9250947],[129.516928,35.9250456],[129.5169356,35.9249951],[129.5169489,35.9249673],[129.5170934,35.9249842],[129.5171134,35.9250517],[129.5170995,35.925093],[129.5170533,35.9251851],[129.5169872,35.9252023]]]]}},{"type":"Feature","properties":{"r":510,"k":0,"d":142.3},"geometry":{"type":"MultiPolygon","coordinates":[[[[129.5165739,35.9250394],[129.5165545,35.9250346],[129.5165307,35.9250018],[129.5165224,35.9249776],[129.5165705,35.9249381],[129.5166594,35.9249094],[129.5167398,35.9248905],[129.5167813,35.924904],[129.5167874,35.9249289],[129.516769,35.9249798],[129.5167414,35.9249727],[129.5167154,35.9249936],[129.5165739,35.9250394]]]]}},{"type":"Feature","properties":{"r":128,"k":0,"d":43.4},"geometry":{"type":"MultiPolygon","coordinates":[[[[129.5217269,35.9336272],[129.5217211,35.9336115],[129.5217639,35.9335016],[129.521863,35.9335454],[129.5220037,35.9333656],[129.5222694,35.9335702],[129.522255,35.933583],[129.5221841,35.9336982],[129.5220992,35.9338313],[129.5217269,35.9336272]]]]}},{"type":"Feature","properties":{"r":324,"k":0,"d":90.1},"geometry":{"type":"MultiPolygon","coordinates":[[[[129.5174057,35.9231772],[129.5173504,35.9231569],[129.5173119,35.9229899],[129.5171197,35.9228592],[129.5171432,35.9228364],[129.517229,35.9228877],[129.5172911,35.9229401],[129.5173439,35.9229584],[129.5173589,35.9229553],[129.5173901,35.9229952],[129.5174192,35.9230745],[129.5174057,35.9231772]]]]}},{"type":"Feature","properties":{"r":32,"k":0,"d":21.5},"geometry":{"type":"MultiPolygon","coordinates":[[[[129.5180461,35.9200703],[129.5180807,35.9200142],[129.5181184,35.9199744],[129.5181634,35.9199576],[129.5181986,35.919968],[129.5183167,35.9200675],[129.5182506,35.9201551],[129.5182192,35.9202248],[129.5181396,35.9201866],[129.5180461,35.9200703]]]]}},{"type":"Feature","properties":{"r":665,"k":0,"d":192.4},"geometry":{"type":"MultiPolygon","coordinates":[[[[129.5240406,35.935399],[129.5240771,35.9355482],[129.5239907,35.9355709],[129.5235828,35.9355776],[129.5236163,35.9354482],[129.5235715,35.9354054],[129.5234326,35.9353926],[129.5233712,35.9353571],[129.523279,35.935318],[129.5232419,35.9352998],[129.5233071,35.935301],[129.5233929,35.9353499],[129.5234068,35.935328],[129.5233173,35.9352606],[129.5233246,35.9352495],[129.5234286,35.9353076],[129.5234945,35.9353235],[129.5234958,35.935255],[129.5235758,35.9352357],[129.5236708,35.9353064],[129.5237607,35.9353194],[129.5237965,35.9353113],[129.5238148,35.9353554],[129.5240321,35.9353642],[129.5240406,35.935399]]]]}},{"type":"Feature","properties":{"r":662,"k":0,"d":191.3},"geometry":{"type":"MultiPolygon","coordinates":[[[[129.5218587,35.9352359],[129.5218126,35.9352399],[129.5216841,35.9351931],[129.5214854,35.9352017],[129.5214687,35.9351828],[129.5215059,35.935173],[129.5215097,35.9350286],[129.5214939,35.9349594],[129.5215225,35.9349064],[129.5215804,35.9348574],[129.5215873,35.9348008],[129.5215538,35.9347756],[129.5215838,35.934751],[129.5216262,35.9348228],[129.5216372,35.9348597],[129.5217612,35.9349954],[129.5217931,35.9350334],[129.5218063,35.9350745],[129.5219462,35.9351835],[129.5218957,35.9351969],[129.5218587,35.9352359]]]]}},{"type":"Feature","properties":{"r":273,"k":0,"d":83.5},"geometry":{"type":"MultiPolygon","coordinates":[[[[129.5207526,35.9330434],[129.5207554,35.9329815],[129.5208062,35.9328985],[129.5208327,35.9328931],[129.5207777,35.932978],[129.5207526,35.9330434]]]]}},{"type":"Feature","properties":{"r":204,"k":0,"d":62.2},"geometry":{"type":"MultiPolygon","coordinates":[[[[129.5193337,35.931213],[129.5192491,35.9311115],[129.5192235,35.9309916],[129.5193713,35.930949],[129.5193995,35.9309986],[129.5194334,35.9310989],[129.5193909,35.9311451],[129.5193337,35.931213]]]]}},{"type":"Feature","properties":{"r":65,"k":0,"d":28.8},"geometry":{"type":"MultiPolygon","coordinates":[[[[129.5204366,35.9319456],[129.520489,35.9318978],[129.5205454,35.9318489],[129.5206527,35.9319295],[129.5206308,35.9319454],[129.520532,35.9320144],[129.5204366,35.9319456]]]]}},{"type":"Feature","properties":{"r":123,"k":0,"d":42.6},"geometry":{"type":"MultiPolygon","coordinates":[[[[129.5206197,35.9322597],[129.5206515,35.9322052],[129.5207574,35.9322397],[129.5207247,35.932292],[129.5206197,35.9322597]]]]}},{"type":"Feature","properties":{"r":537,"k":0,"d":148.9},"geometry":{"type":"MultiPolygon","coordinates":[[[[129.5184137,35.9311559],[129.5180736,35.9309516],[129.5181247,35.9308962],[129.5182429,35.9309871],[129.5184195,35.9311493],[129.5184137,35.9311559]]]]}},{"type":"Feature","properties":{"r":293,"k":0,"d":86.0},"geometry":{"type":"MultiPolygon","coordinates":[[[[129.5187712,35.9304366],[129.518669,35.9303779],[129.518562,35.9304503],[129.5183783,35.930246],[129.5183445,35.9302008],[129.5182949,35.9301892],[129.5182784,35.9301594],[129.5182833,35.9301381],[129.5181603,35.9299592],[129.5180745,35.9298004],[129.5180269,35.9297731],[129.517966,35.9297971],[129.5179281,35.9297554],[129.5179228,35.9297157],[129.5180152,35.9297063],[129.5180434,35.9296771],[129.5179209,35.9295052],[129.5178589,35.9295311],[129.5177584,35.9294365],[129.5176677,35.9294545],[129.5176023,35.9293772],[129.5176664,35.9292917],[129.5180838,35.9293184],[129.5180216,35.9294207],[129.5180747,35.9294685],[129.5181503,35.9295831],[129.5182244,35.92957],[129.5182499,35.9295248],[129.5183232,35.929655],[129.518341,35.9298049],[129.518399,35.9299244],[129.5185543,35.9300509],[129.5184824,35.9301154],[129.5187529,35.9303761],[129.5187712,35.9304366]]]]}},{"type":"Feature","properties":{"r":164,"k":0,"d":50.9},"geometry":{"type":"MultiPolygon","coordinates":[[[[129.5177268,35.921294],[129.5176988,35.9214157],[129.5176835,35.9214095],[129.5175741,35.9213379],[129.5174488,35.9212497],[129.5173376,35.9212121],[129.5173678,35.9211881],[129.5174965,35.9209326],[129.5175152,35.9209218],[129.5175566,35.9209042],[129.517607,35.920903],[129.5176856,35.920912],[129.5178029,35.9209698],[129.5177268,35.921294]]]]}},{"type":"Feature","properties":{"r":441,"k":0,"d":123.7},"geometry":{"type":"MultiPolygon","coordinates":[[[[129.5258969,35.9345793],[129.5259439,35.9344699],[129.5259812,35.9344187],[129.5260363,35.9344849],[129.526006,35.9345131],[129.5258969,35.9345793]]]]}},{"type":"Feature","properties":{"r":153,"k":0,"d":50.0},"geometry":{"type":"MultiPolygon","coordinates":[[[[129.5231763,35.933987],[129.5232395,35.9338753],[129.5233034,35.9339116],[129.5232507,35.9340039],[129.5231763,35.933987]]]]}},{"type":"Feature","properties":{"r":637,"k":0,"d":181.0},"geometry":{"type":"MultiPolygon","coordinates":[[[[129.5163784,35.9241234],[129.5162922,35.9241695],[129.516236,35.9241467],[129.5161017,35.9240583],[129.5161112,35.9240172],[129.5162321,35.924039],[129.5163041,35.9240878],[129.5163784,35.9241234]]]]}},{"type":"Feature","properties":{"r":632,"k":0,"d":179.7},"geometry":{"type":"MultiPolygon","coordinates":[[[[129.5169617,35.9298947],[129.5169268,35.9298675],[129.516813,35.9297849],[129.5166333,35.9296194],[129.516611,35.9295684],[129.5167129,35.9295391],[129.5167313,35.9295151],[129.5168311,35.92944],[129.5169859,35.929383],[129.5171174,35.9295259],[129.5171801,35.9295039],[129.5172901,35.9296251],[129.5171838,35.9296857],[129.5172152,35.929718],[129.5170904,35.9298152],[129.5169617,35.9298947]]]]}},{"type":"Feature","properties":{"r":376,"k":0,"d":105.2},"geometry":{"type":"MultiPolygon","coordinates":[[[[129.5206683,35.9333089],[129.5207062,35.9332704],[129.5207656,35.9332387],[129.520827,35.9332146],[129.5209865,35.9333304],[129.5209657,35.9333677],[129.5209361,35.9333978],[129.5208911,35.9334664],[129.5208693,35.9334966],[129.5208344,35.933537],[129.5206813,35.9334369],[129.5207308,35.9333613],[129.5206683,35.9333089]]]]}},{"type":"Feature","properties":{"r":57,"k":0,"d":26.3},"geometry":{"type":"MultiPolygon","coordinates":[[[[129.5192989,35.9305466],[129.5192983,35.9305222],[129.5193769,35.9304569],[129.5194525,35.9304109],[129.5195275,35.9304834],[129.5193657,35.9306076],[129.5192989,35.9305466]]]]}},{"type":"Feature","properties":{"r":423,"k":0,"d":117.9},"geometry":{"type":"MultiPolygon","coordinates":[[[[129.5168351,35.9252677],[129.5168915,35.9252599],[129.5169445,35.9252371],[129.5169872,35.9252023],[129.5170533,35.9251851],[129.5170598,35.9251941],[129.5170362,35.9252333],[129.5170368,35.9252669],[129.5170344,35.9253124],[129.5169534,35.9253243],[129.5168573,35.9253149],[129.5168351,35.9252677]]]]}},{"type":"Feature","properties":{"r":244,"k":0,"d":74.1},"geometry":{"type":"MultiPolygon","coordinates":[[[[129.5174576,35.9247406],[129.5173985,35.9247133],[129.5173794,35.9247308],[129.5173194,35.9247309],[129.5172873,35.9247193],[129.5172606,35.9246269],[129.5172756,35.9246072],[129.5173006,35.924564],[129.5173259,35.9245542],[129.5173843,35.9245632],[129.5174228,35.9245537],[129.517448,35.9245285],[129.5175006,35.9245561],[129.5175128,35.9245768],[129.5175519,35.9245954],[129.5175109,35.9246323],[129.5174706,35.9247049],[129.5174576,35.9247406]]]]}},{"type":"Feature","properties":{"r":321,"k":0,"d":89.8},"geometry":{"type":"MultiPolygon","coordinates":[[[[129.5187896,35.9310619],[129.5187561,35.9310473],[129.5188093,35.9309613],[129.5187997,35.9309587],[129.518842,35.9308656],[129.5188679,35.9308221],[129.5188964,35.9307995],[129.5189248,35.9307818],[129.5189783,35.9309053],[129.5189712,35.9311415],[129.5187896,35.9310619]]]]}},{"type":"Feature","properties":{"r":103,"k":0,"d":36.3},"geometry":{"type":"MultiPolygon","coordinates":[[[[129.5193877,35.930757],[129.5193657,35.9306076],[129.5194218,35.9305655],[129.5195436,35.93071],[129.5193877,35.930757]]]]}},{"type":"Feature","properties":{"r":151,"k":0,"d":49.9},"geometry":{"type":"MultiPolygon","coordinates":[[[[129.5223226,35.9337388],[129.5223292,35.9337287],[129.5223363,35.9337065],[129.5223505,35.9336826],[129.5223767,35.9336518],[129.5224914,35.9337305],[129.5225314,35.9337746],[129.5225027,35.9338106],[129.522466,35.9337925],[129.5224471,35.9338171],[129.5223226,35.9337388]]]]}},{"type":"Feature","properties":{"r":501,"k":0,"d":140.8},"geometry":{"type":"MultiPolygon","coordinates":[[[[129.5165314,35.9242645],[129.5164188,35.92422],[129.5165325,35.924158],[129.5165712,35.9241661],[129.516667,35.9241495],[129.5167513,35.9241],[129.5168245,35.9240966],[129.516698,35.924171],[129.5165314,35.9242645]]]]}},{"type":"Feature","properties":{"r":382,"k":0,"d":106.6},"geometry":{"type":"MultiPolygon","coordinates":[[[[129.5198349,35.9326268],[129.5197905,35.9325859],[129.5198781,35.932502],[129.5199725,35.9324445],[129.520048,35.9324339],[129.5200378,35.9324785],[129.5200405,35.9325063],[129.520074,35.9325914],[129.5199818,35.9326872],[129.5199064,35.9326618],[129.5198349,35.9326268]]]]}},{"type":"Feature","properties":{"r":46,"k":0,"d":23.9},"geometry":{"type":"MultiPolygon","coordinates":[[[[129.5201781,35.9317771],[129.5200279,35.931676],[129.5201997,35.9315103],[129.5204651,35.9317071],[129.520329,35.9318069],[129.5202902,35.9318457],[129.5201781,35.9317771]]]]}},{"type":"Feature","properties":{"r":409,"k":0,"d":113.4},"geometry":{"type":"MultiPolygon","coordinates":[[[[129.5224916,35.9344586],[129.5226257,35.9343158],[129.5226875,35.9343537],[129.5226012,35.9344441],[129.5225519,35.9344855],[129.5224916,35.9344586]]]]}},{"type":"Feature","properties":{"r":125,"k":0,"d":42.8},"geometry":{"type":"MultiPolygon","coordinates":[[[[129.5216302,35.9333303],[129.5216948,35.9331897],[129.5218093,35.9332459],[129.5217989,35.9332707],[129.521773,35.9333754],[129.5217231,35.9333966],[129.5216506,35.9333804],[129.5216302,35.9333303]]]]}},{"type":"Feature","properties":{"r":184,"k":0,"d":57.1},"geometry":{"type":"MultiPolygon","coordinates":[[[[129.5203113,35.9323111],[129.5203975,35.9321576],[129.5204241,35.9321332],[129.5205035,35.9321834],[129.5204248,35.9323539],[129.5203718,35.9323431],[129.5203113,35.9323111]]]]}},{"type":"Feature","properties":{"r":496,"k":0,"d":140.0},"geometry":{"type":"MultiPolygon","coordinates":[[[[129.5166928,35.926826],[129.5167064,35.9266605],[129.5169471,35.926673],[129.5169206,35.9268379],[129.5166928,35.926826]]]]}},{"type":"Feature","properties":{"r":239,"k":0,"d":72.3},"geometry":{"type":"MultiPolygon","coordinates":[[[[129.5232802,35.9342226],[129.5233555,35.9341082],[129.5234705,35.9341754],[129.5234081,35.934241],[129.5233967,35.9342352],[129.5233639,35.9342672],[129.5232802,35.9342226]]]]}},{"type":"Feature","properties":{"r":5,"k":0,"d":16.5},"geometry":{"type":"MultiPolygon","coordinates":[[[[129.5218197,35.9331789],[129.5219041,35.9329946],[129.5219856,35.9330561],[129.5218596,35.9332022],[129.5218197,35.9331789]]]]}},{"type":"Feature","properties":{"r":421,"k":0,"d":117.6},"geometry":{"type":"MultiPolygon","coordinates":[[[[129.5176391,35.929715],[129.5175793,35.9296042],[129.5175297,35.9295065],[129.5176579,35.9294571],[129.5177584,35.9294365],[129.5178589,35.9295311],[129.5179209,35.9295052],[129.5180434,35.9296771],[129.5180152,35.9297063],[129.5179228,35.9297157],[129.5178566,35.929662],[129.5177714,35.9296903],[129.5176391,35.929715]]]]}},{"type":"Feature","properties":{"r":452,"k":0,"d":127.9},"geometry":{"type":"MultiPolygon","coordinates":[[[[129.5155235,35.9198767],[129.5155579,35.9197525],[129.5161147,35.9192045],[129.5165169,35.9189629],[129.516755,35.9192452],[129.5170268,35.9193343],[129.5172349,35.9195654],[129.5172097,35.9196],[129.5172067,35.9196788],[129.5172107,35.919736],[129.5168918,35.919658],[129.5166876,35.9196757],[129.5166088,35.9197838],[129.5166185,35.9198891],[129.5166709,35.9200037],[129.5166824,35.9201214],[129.5165682,35.9202326],[129.5168516,35.9203557],[129.5168898,35.9206558],[129.5168191,35.9206993],[129.5168101,35.9209108],[129.5164678,35.9206917],[129.5164701,35.9203787],[129.5163612,35.9201356],[129.5160874,35.9199251],[129.5155658,35.919886],[129.5155235,35.9198767]]]]}},{"type":"Feature","properties":{"r":50,"k":0,"d":24.9},"geometry":{"type":"MultiPolygon","coordinates":[[[[129.5179705,35.9259702],[129.5180362,35.9259503],[129.5181423,35.9259434],[129.518143,35.9260743],[129.5181603,35.9261096],[129.5181025,35.9261043],[129.5180508,35.9261097],[129.5180188,35.9261106],[129.5179846,35.9261085],[129.5179769,35.9259982],[129.5179705,35.9259702]]]]}},{"type":"Feature","properties":{"r":141,"k":0,"d":48.0},"geometry":{"type":"MultiPolygon","coordinates":[[[[129.5173998,35.9228106],[129.5174869,35.9224557],[129.5175607,35.922311],[129.5176996,35.9222479],[129.5177562,35.9222579],[129.5178866,35.9229906],[129.5178662,35.9230578],[129.5178081,35.9231163],[129.5176282,35.9231469],[129.5174542,35.9228492],[129.5173998,35.9228106]]]]}},{"type":"Feature","properties":{"r":528,"k":0,"d":146.3},"geometry":{"type":"MultiPolygon","coordinates":[[[[129.5167017,35.926132],[129.51667,35.9260719],[129.5166724,35.9260462],[129.516757,35.9260368],[129.5168,35.9260393],[129.5168095,35.9260941],[129.5167933,35.9261061],[129.5167017,35.926132]]]]}},{"type":"Feature","properties":{"r":336,"k":0,"d":92.7},"geometry":{"type":"MultiPolygon","coordinates":[[[[129.5173627,35.9256377],[129.5172947,35.9256313],[129.5172167,35.9256173],[129.5171993,35.9256093],[129.517191,35.9255887],[129.5172258,35.925603],[129.5173554,35.9256214],[129.5173627,35.9256377]]]]}},{"type":"Feature","properties":{"r":361,"k":0,"d":100.7},"geometry":{"type":"MultiPolygon","coordinates":[[[[129.5170533,35.9251851],[129.5170995,35.925093],[129.5171134,35.9250517],[129.5170934,35.9249842],[129.5171642,35.9249976],[129.5172458,35.9250067],[129.5172348,35.9250332],[129.5172279,35.9250934],[129.517202,35.9251106],[129.5170533,35.9251851]]]]}},{"type":"Feature","properties":{"r":403,"k":0,"d":112.4},"geometry":{"type":"MultiPolygon","coordinates":[[[[129.5169318,35.9249456],[129.5169371,35.9248495],[129.5169767,35.9248587],[129.5170252,35.924867],[129.5170946,35.9248735],[129.5171198,35.9248871],[129.5171109,35.9249247],[129.5171099,35.9249663],[129.5170242,35.9249608],[129.5169318,35.9249456]]]]}},{"type":"Feature","properties":{"r":228,"k":0,"d":70.2},"geometry":{"type":"MultiPolygon","coordinates":[[[[129.5175382,35.9247322],[129.5174864,35.9247144],[129.5175265,35.9246351],[129.5175705,35.9246026],[129.5175949,35.9246131],[129.5175382,35.9247322]]]]}},{"type":"Feature","properties":{"r":462,"k":0,"d":130.5},"geometry":{"type":"MultiPolygon","coordinates":[[[[129.5184591,35.9311862],[129.5185275,35.9311112],[129.5187199,35.9313084],[129.5190531,35.9317772],[129.5189822,35.9318574],[129.5187464,35.9315395],[129.5185329,35.9312551],[129.5184591,35.9311862]]]]}},{"type":"Feature","properties":{"r":395,"k":0,"d":109.0},"geometry":{"type":"MultiPolygon","coordinates":[[[[129.5191235,35.9316847],[129.5190427,35.9315555],[129.5192046,35.9315994],[129.5191235,35.9316847]]]]}},{"type":"Feature","properties":{"r":52,"k":0,"d":25.4},"geometry":{"type":"MultiPolygon","coordinates":[[[[129.5224007,35.9335964],[129.5225449,35.9334711],[129.5227093,35.9335705],[129.5225771,35.9337329],[129.5224007,35.9335964]]]]}},{"type":"Feature","properties":{"r":55,"k":0,"d":26.2},"geometry":{"type":"MultiPolygon","coordinates":[[[[129.5181058,35.9226032],[129.517936,35.922615],[129.5179424,35.9225132],[129.5179537,35.922425],[129.5179642,35.9223802],[129.5179738,35.9222212],[129.5180093,35.9220659],[129.5180513,35.9220699],[129.5181397,35.9220491],[129.5181889,35.9219702],[129.5181058,35.9226032]]]]}},{"type":"Feature","properties":{"r":159,"k":0,"d":50.6},"geometry":{"type":"MultiPolygon","coordinates":[[[[129.5203432,35.932173],[129.5203684,35.9321399],[129.5203978,35.9321112],[129.5204469,35.9320782],[129.5204727,35.9320612],[129.5204027,35.9321149],[129.5203458,35.9321743],[129.5203432,35.932173]]]]}},{"type":"Feature","properties":{"r":525,"k":0,"d":144.8},"geometry":{"type":"MultiPolygon","coordinates":[[[[129.5260751,35.9348311],[129.5259242,35.9347508],[129.5258995,35.9346545],[129.5260896,35.9346411],[129.5260751,35.9348311]]]]}},{"type":"Feature","properties":{"r":534,"k":0,"d":147.8},"geometry":{"type":"MultiPolygon","coordinates":[[[[129.5214632,35.9347028],[129.5212272,35.9347987],[129.5209657,35.934729],[129.5210276,35.9346202],[129.5211281,35.9346783],[129.5211656,35.9345763],[129.5212041,35.9346066],[129.5212729,35.9345842],[129.5213544,35.9345805],[129.5213597,35.9345098],[129.5213308,35.9344416],[129.5213423,35.9344214],[129.5214004,35.9344581],[129.5214815,35.9344312],[129.521507,35.9343816],[129.5216037,35.9344213],[129.5216336,35.9344234],[129.5215837,35.934383],[129.5215796,35.9343633],[129.5217109,35.9343864],[129.5217353,35.9343692],[129.5218563,35.9344289],[129.5218096,35.9345376],[129.5217878,35.9345511],[129.5217122,35.9345713],[129.5216687,35.9345392],[129.5214675,35.9345229],[129.5214917,35.9345627],[129.5215435,35.9345845],[129.5215182,35.9346177],[129.5214703,35.9346221],[129.5214743,35.9346608],[129.5214632,35.9347028]],[[129.5215531,35.9344268],[129.5215671,35.9344569],[129.5216168,35.9344779],[129.5216894,35.934523],[129.5217089,35.9344994],[129.5216458,35.9344547],[129.5215531,35.9344268]]]]}},{"type":"Feature","properties":{"r":202,"k":0,"d":62.2},"geometry":{"type":"MultiPolygon","coordinates":[[[[129.5197092,35.9317572],[129.5197022,35.9316281],[129.5197096,35.9315859],[129.5197487,35.9315831],[129.5198971,35.9316643],[129.5198559,35.9317653],[129.5197629,35.9317518],[129.5197406,35.9317656],[129.5197092,35.9317572]]]]}},{"type":"Feature","properties":{"r":502,"k":0,"d":140.9},"geometry":{"type":"MultiPolygon","coordinates":[[[[129.5189249,35.931922],[129.5184733,35.9316518],[129.5186363,35.9314724],[129.5187464,35.9315395],[129.5189822,35.9318574],[129.5189249,35.931922]]]]}},{"type":"Feature","properties":{"r":173,"k":0,"d":53.9},"geometry":{"type":"MultiPolygon","coordinates":[[[[129.5191152,35.9310181],[129.5190639,35.9308343],[129.5193628,35.9307714],[129.5193833,35.9308493],[129.5193713,35.930949],[129.5192235,35.9309916],[129.5191152,35.9310181]]]]}},{"type":"Feature","properties":{"r":21,"k":0,"d":19.2},"geometry":{"type":"MultiPolygon","coordinates":[[[[129.5205454,35.9318489],[129.5205291,35.9318332],[129.5206062,35.9317722],[129.520731,35.931872],[129.5206527,35.9319295],[129.5205454,35.9318489]]]]}},{"type":"Feature","properties":{"r":381,"k":0,"d":106.1},"geometry":{"type":"MultiPolygon","coordinates":[[[[129.5195167,35.9323146],[129.5194234,35.9321679],[129.5195603,35.9320577],[129.5196976,35.932117],[129.5196912,35.9321439],[129.519551,35.9323204],[129.5195167,35.9323146]]]]}},{"type":"Feature","properties":{"r":142,"k":0,"d":48.1},"geometry":{"type":"MultiPolygon","coordinates":[[[[129.5205291,35.9322031],[129.5205744,35.9321559],[129.5206515,35.9322052],[129.5206197,35.9322597],[129.5205291,35.9322031]]]]}},{"type":"Feature","properties":{"r":86,"k":0,"d":34.4},"geometry":{"type":"MultiPolygon","coordinates":[[[[129.5209068,35.9326957],[129.5209001,35.932689],[129.5211853,35.9325504],[129.5211901,35.9325573],[129.5210308,35.9326349],[129.5209068,35.9326957]]]]}},{"type":"Feature","properties":{"r":22,"k":0,"d":19.2},"geometry":{"type":"MultiPolygon","coordinates":[[[[129.5180573,35.9211906],[129.518032,35.9210395],[129.5180345,35.9210242],[129.5181279,35.9210277],[129.5181603,35.9211627],[129.5180573,35.9211906]]]]}},{"type":"Feature","properties":{"r":37,"k":0,"d":22.2},"geometry":{"type":"MultiPolygon","coordinates":[[[[129.5182162,35.9202629],[129.5181343,35.9202449],[129.5179718,35.9200908],[129.5180461,35.9200703],[129.5181396,35.9201866],[129.5182192,35.9202248],[129.5182717,35.9202437],[129.5182554,35.9202806],[129.5182162,35.9202629]]]]}},{"type":"Feature","properties":{"r":150,"k":0,"d":49.8},"geometry":{"type":"MultiPolygon","coordinates":[[[[129.5225771,35.9337329],[129.5226008,35.9337039],[129.5226758,35.9337609],[129.5226494,35.9337832],[129.5225771,35.9337329]]]]}},{"type":"Feature","properties":{"r":205,"k":0,"d":62.9},"geometry":{"type":"MultiPolygon","coordinates":[[[[129.5235219,35.9341478],[129.5235988,35.9340618],[129.523611,35.9340671],[129.5235369,35.934155],[129.5235219,35.9341478]]]]}},{"type":"Feature","properties":{"r":76,"k":0,"d":31.1},"geometry":{"type":"MultiPolygon","coordinates":[[[[129.5180259,35.9239797],[129.5179612,35.923951],[129.5179646,35.9238698],[129.5179603,35.9238309],[129.5179501,35.9237803],[129.5179449,35.9236914],[129.5179454,35.9236016],[129.5179401,35.9235064],[129.5180613,35.9235154],[129.5180632,35.9236644],[129.5180259,35.9239797]]]]}},{"type":"Feature","properties":{"r":465,"k":0,"d":131.2},"geometry":{"type":"MultiPolygon","coordinates":[[[[129.5178657,35.930477],[129.5179033,35.9304608],[129.5180548,35.9305474],[129.5184249,35.9308011],[129.5183935,35.9308743],[129.5178657,35.930477]]]]}},{"type":"Feature","properties":{"r":131,"k":0,"d":44.7},"geometry":{"type":"MultiPolygon","coordinates":[[[[129.5179762,35.9220939],[129.517898,35.9225366],[129.5178518,35.9222958],[129.5178511,35.9221649],[129.5178841,35.9221184],[129.5179198,35.9220932],[129.5179762,35.9220939]]]]}},{"type":"Feature","properties":{"r":206,"k":0,"d":63.3},"geometry":{"type":"MultiPolygon","coordinates":[[[[129.5235369,35.934155],[129.523611,35.9340671],[129.5239598,35.9341697],[129.5239365,35.9342724],[129.5238744,35.9342638],[129.5237239,35.9342297],[129.5235369,35.934155]]]]}},{"type":"Feature","properties":{"r":89,"k":0,"d":34.8},"geometry":{"type":"MultiPolygon","coordinates":[[[[129.5179009,35.9248863],[129.5178756,35.9249651],[129.517481,35.9249429],[129.5174965,35.9248226],[129.5175063,35.9247747],[129.5175382,35.9247322],[129.5175949,35.9246131],[129.5176348,35.9245616],[129.5177124,35.9244962],[129.5178387,35.9245363],[129.5179229,35.9245412],[129.5179502,35.9245535],[129.5179867,35.9246509],[129.5179547,35.9247858],[129.5179009,35.9248863]]]]}},{"type":"Feature","properties":{"r":646,"k":0,"d":183.7},"geometry":{"type":"MultiPolygon","coordinates":[[[[129.5159537,35.9259824],[129.5159498,35.9259356],[129.5159602,35.925913],[129.5160536,35.9259299],[129.5160943,35.9259179],[129.5161475,35.9258988],[129.5161576,35.9258641],[129.5161352,35.9258462],[129.5161274,35.9257256],[129.5161478,35.9256735],[129.5162955,35.9256754],[129.5163343,35.9256929],[129.5163607,35.925742],[129.5163604,35.9257859],[129.5163439,35.9259196],[129.5162277,35.9259193],[129.516202,35.9259808],[129.5160575,35.9259689],[129.5159537,35.9259824]]]]}},{"type":"Feature","properties":{"r":40,"k":0,"d":23.1},"geometry":{"type":"MultiPolygon","coordinates":[[[[129.5196228,35.9306698],[129.5194988,35.9305057],[129.5195275,35.9304834],[129.519597,35.9305596],[129.5196683,35.9306469],[129.5196228,35.9306698]]]]}},{"type":"Feature","properties":{"r":29,"k":0,"d":20.2},"geometry":{"type":"MultiPolygon","coordinates":[[[[129.5207894,35.9320968],[129.5206308,35.9319454],[129.5207176,35.9318821],[129.5208776,35.9320315],[129.5207894,35.9320968]]]]}},{"type":"Feature","properties":{"r":522,"k":0,"d":144.6},"geometry":{"type":"MultiPolygon","coordinates":[[[[129.516761,35.922799],[129.516732,35.9227391],[129.5166565,35.9226725],[129.5166332,35.9226072],[129.516575,35.9225437],[129.5165197,35.9223344],[129.516561,35.9222724],[129.5167835,35.9227499],[129.5168243,35.9227802],[129.516761,35.922799]]]]}},{"type":"Feature","properties":{"r":310,"k":0,"d":88.0},"geometry":{"type":"MultiPolygon","coordinates":[[[[129.5173256,35.9233371],[129.5173504,35.9231569],[129.5174057,35.9231772],[129.517443,35.9232769],[129.5174202,35.9233232],[129.5173408,35.9233332],[129.5173256,35.9233371]]]]}},{"type":"Feature","properties":{"r":251,"k":0,"d":77.2},"geometry":{"type":"MultiPolygon","coordinates":[[[[129.5175624,35.9232311],[129.5174797,35.9232433],[129.517443,35.9232769],[129.5174057,35.9231772],[129.5174296,35.9229951],[129.5174546,35.9230435],[129.5175624,35.9232311]]]]}},{"type":"Feature","properties":{"r":667,"k":0,"d":194.7},"geometry":{"type":"MultiPolygon","coordinates":[[[[129.5234289,35.9355474],[129.5234104,35.9355487],[129.5233315,35.9355715],[129.5232899,35.9355624],[129.5232891,35.9356328],[129.5232266,35.9356688],[129.5231536,35.9356626],[129.5229712,35.9355711],[129.5229112,35.9355508],[129.5228325,35.9355461],[129.5227303,35.9355055],[129.5227363,35.9354907],[129.5226752,35.9354681],[129.5226729,35.9354488],[129.5228395,35.9354988],[129.5228513,35.9354475],[129.522758,35.9354233],[129.5225503,35.9353245],[129.5224395,35.9352918],[129.5224614,35.9352752],[129.5225585,35.9352623],[129.5225138,35.9352334],[129.5225462,35.9352068],[129.5225942,35.9352069],[129.5226477,35.9352389],[129.5226572,35.9351895],[129.522588,35.9351745],[129.5224325,35.9352019],[129.522428,35.9351829],[129.5225314,35.9351504],[129.5226467,35.9351478],[129.522699,35.9351041],[129.5227387,35.9351216],[129.5227386,35.9351645],[129.5227032,35.9351931],[129.5227047,35.9352584],[129.5227367,35.9352916],[129.5228064,35.93529],[129.5229164,35.935283],[129.5230783,35.9353086],[129.5231049,35.9353377],[129.5232098,35.9354214],[129.5232825,35.9354239],[129.5233239,35.9354304],[129.5233792,35.9354682],[129.5234138,35.9355174],[129.5234833,35.9355218],[129.5234791,35.9355437],[129.5234289,35.9355474]]]]}},{"type":"Feature","properties":{"r":671,"k":0,"d":196.0},"geometry":{"type":"MultiPolygon","coordinates":[[[[129.5240321,35.9353642],[129.5238148,35.9353554],[129.5237965,35.9353113],[129.523819,35.9353063],[129.5238517,35.935306],[129.523935,35.9352899],[129.5240204,35.9353191],[129.5240321,35.9353642]]]]}},{"type":"Feature","properties":{"r":308,"k":0,"d":87.6},"geometry":{"type":"MultiPolygon","coordinates":[[[[129.5189712,35.9311415],[129.5189783,35.9309053],[129.5189248,35.9307818],[129.5189446,35.9307695],[129.5190014,35.9309026],[129.5189935,35.9311513],[129.5189712,35.9311415]]]]}},{"type":"Feature","properties":{"r":101,"k":0,"d":36.2},"geometry":{"type":"MultiPolygon","coordinates":[[[[129.5211754,35.9327941],[129.5211622,35.9327777],[129.521323,35.9326983],[129.5213365,35.9327115],[129.5211754,35.9327941]]]]}},{"type":"Feature","properties":{"r":171,"k":0,"d":52.9},"geometry":{"type":"MultiPolygon","coordinates":[[[[129.521093,35.9329503],[129.5210926,35.9329088],[129.5210797,35.9329088],[129.5210841,35.9328493],[129.5211163,35.9328153],[129.5211622,35.9327777],[129.5212802,35.9329256],[129.5212013,35.933011],[129.521093,35.9329503]]]]}},{"type":"Feature","properties":{"r":612,"k":0,"d":173.1},"geometry":{"type":"MultiPolygon","coordinates":[[[[129.5186021,35.9322856],[129.5184079,35.9321696],[129.5185807,35.9319816],[129.5187703,35.9320966],[129.5186021,35.9322856]]]]}},{"type":"Feature","properties":{"r":157,"k":0,"d":50.5},"geometry":{"type":"MultiPolygon","coordinates":[[[[129.5195531,35.9313835],[129.5197006,35.9312494],[129.5197622,35.9313383],[129.5197693,35.93137],[129.5196878,35.9314482],[129.5195531,35.9313835]]]]}},{"type":"Feature","properties":{"r":74,"k":0,"d":30.8},"geometry":{"type":"MultiPolygon","coordinates":[[[[129.5206605,35.9321303],[129.520532,35.9320144],[129.5206308,35.9319454],[129.5208038,35.9321106],[129.5207261,35.9321682],[129.5206605,35.9321303]]]]}},{"type":"Feature","properties":{"r":145,"k":0,"d":48.4},"geometry":{"type":"MultiPolygon","coordinates":[[[[129.5205404,35.9325058],[129.520576,35.9323999],[129.5205675,35.9323793],[129.5205692,35.9323473],[129.5206197,35.9322597],[129.5207247,35.932292],[129.5207185,35.932302],[129.5207154,35.9323924],[129.5206905,35.9324542],[129.5206569,35.9325113],[129.520607,35.9325214],[129.5205404,35.9325058]]]]}},{"type":"Feature","properties":{"r":189,"k":0,"d":58.1},"geometry":{"type":"MultiPolygon","coordinates":[[[[129.5175021,35.9219132],[129.5175038,35.9218917],[129.5175262,35.9218912],[129.5175391,35.9218764],[129.5175417,35.9218231],[129.5175332,35.9217574],[129.5174953,35.9217587],[129.5174424,35.9217484],[129.5174181,35.9217344],[129.5173634,35.9217308],[129.517351,35.9216926],[129.5173591,35.9215811],[129.5173903,35.9214428],[129.5174043,35.9213715],[129.5174459,35.9213226],[129.5176202,35.9214329],[129.517743,35.9214873],[129.5178318,35.9215494],[129.5177975,35.9216045],[129.5177969,35.9218708],[129.5175793,35.9218685],[129.5175693,35.9219193],[129.5175021,35.9219132]]]]}},{"type":"Feature","properties":{"r":415,"k":0,"d":116.1},"geometry":{"type":"MultiPolygon","coordinates":[[[[129.5179706,35.9304313],[129.5178214,35.9302628],[129.5179513,35.9301978],[129.5178793,35.9301122],[129.5179665,35.9300571],[129.5180912,35.9299942],[129.5181187,35.9299937],[129.5182039,35.9301028],[129.5183302,35.9302452],[129.5180522,35.9303966],[129.5179706,35.9304313]]]]}},{"type":"Feature","properties":{"r":401,"k":0,"d":112.1},"geometry":{"type":"MultiPolygon","coordinates":[[[[129.5183457,35.930264],[129.5183302,35.9302452],[129.5182039,35.9301028],[129.5181187,35.9299937],[129.5180963,35.9299941],[129.5181603,35.9299592],[129.5182833,35.9301381],[129.5182784,35.9301594],[129.5182949,35.9301892],[129.5183445,35.9302008],[129.5183783,35.930246],[129.5183457,35.930264]]]]}},{"type":"Feature","properties":{"r":412,"k":0,"d":115.1},"geometry":{"type":"MultiPolygon","coordinates":[[[[129.5170778,35.9210238],[129.5170097,35.9209924],[129.5170226,35.9209369],[129.5170823,35.9209616],[129.5170899,35.9209859],[129.5170778,35.9210238]]]]}},{"type":"Feature","properties":{"r":24,"k":0,"d":19.4},"geometry":{"type":"MultiPolygon","coordinates":[[[[129.5181285,35.9206772],[129.5181501,35.9206167],[129.5181801,35.9205365],[129.5181784,35.9206737],[129.5181285,35.9206772]]]]}},{"type":"Feature","properties":{"r":18,"k":0,"d":18.9},"geometry":{"type":"MultiPolygon","coordinates":[[[[129.5198983,35.9310762],[129.519803,35.9309786],[129.5198442,35.9309532],[129.5199026,35.9309634],[129.5199524,35.9310286],[129.5198983,35.9310762]]]]}},{"type":"Feature","properties":{"r":564,"k":0,"d":155.4},"geometry":{"type":"MultiPolygon","coordinates":[[[[129.5168996,35.9274961],[129.5168615,35.9274938],[129.5168387,35.9274761],[129.5167968,35.9274812],[129.5167949,35.9274463],[129.5168966,35.927443],[129.5168996,35.9274961]]]]}},{"type":"Feature","properties":{"r":95,"k":0,"d":35.6},"geometry":{"type":"MultiPolygon","coordinates":[[[[129.5197693,35.93137],[129.5197622,35.9313383],[129.5197006,35.9312494],[129.5197887,35.9311722],[129.5199353,35.9312955],[129.5198106,35.9314078],[129.5197693,35.93137]]]]}},{"type":"Feature","properties":{"r":178,"k":0,"d":55.5},"geometry":{"type":"MultiPolygon","coordinates":[[[[129.5233345,35.9340496],[129.5233972,35.9339608],[129.5235016,35.9340142],[129.5235988,35.9340618],[129.5235219,35.9341478],[129.5234571,35.9341162],[129.5233345,35.9340496]]]]}},{"type":"Feature","properties":{"r":190,"k":0,"d":58.4},"geometry":{"type":"MultiPolygon","coordinates":[[[[129.5225787,35.9338148],[129.5225268,35.9337804],[129.5225314,35.9337746],[129.5226478,35.9338547],[129.5226441,35.9338589],[129.5225787,35.9338148]]]]}},{"type":"Feature","properties":{"r":650,"k":0,"d":186.5},"geometry":{"type":"MultiPolygon","coordinates":[[[[129.516197,35.9264361],[129.5164017,35.9264477],[129.5163752,35.9268313],[129.5162863,35.9268288],[129.5162496,35.9268185],[129.5162557,35.9267496],[129.5162735,35.9266725],[129.5162804,35.9266175],[129.5161882,35.9266097],[129.5162035,35.9265531],[129.516197,35.9264361]]]]}},{"type":"Feature","properties":{"r":28,"k":0,"d":20.2},"geometry":{"type":"MultiPolygon","coordinates":[[[[129.5181603,35.9261096],[129.518143,35.9260743],[129.5181422,35.9259309],[129.518194,35.9259279],[129.5182127,35.9261442],[129.5181621,35.9261413],[129.5181603,35.9261096]]]]}},{"type":"Feature","properties":{"r":455,"k":0,"d":128.8},"geometry":{"type":"MultiPolygon","coordinates":[[[[129.5168014,35.9260472],[129.5169171,35.9260505],[129.516975,35.9260385],[129.5170042,35.9260945],[129.5169135,35.9261113],[129.5167987,35.9261142],[129.5167933,35.9261061],[129.5168095,35.9260941],[129.5168014,35.9260472]]]]}},{"type":"Feature","properties":{"r":393,"k":0,"d":108.6},"geometry":{"type":"MultiPolygon","coordinates":[[[[129.5166228,35.9243002],[129.516743,35.9243471],[129.5168696,35.9244088],[129.5171176,35.9244927],[129.5171704,35.9245227],[129.5171272,35.9245616],[129.5170403,35.9246218],[129.5170104,35.924605],[129.5168815,35.9245568],[129.5166306,35.9244553],[129.5164526,35.9243891],[129.5166228,35.9243002]]]]}},{"type":"Feature","properties":{"r":408,"k":0,"d":113.2},"geometry":{"type":"MultiPolygon","coordinates":[[[[129.5172599,35.9275142],[129.5171647,35.9274867],[129.5171596,35.9274511],[129.5171906,35.9274137],[129.5171799,35.9273348],[129.517129,35.9272628],[129.5171254,35.9272424],[129.5172548,35.9271774],[129.517317,35.9272653],[129.517362,35.9274056],[129.5173307,35.9274754],[129.5172599,35.9275142]]]]}},{"type":"Feature","properties":{"r":399,"k":0,"d":111.0},"geometry":{"type":"MultiPolygon","coordinates":[[[[129.5257355,35.934495],[129.5257055,35.9343887],[129.5258957,35.9343606],[129.5259301,35.934375],[129.525852,35.9345236],[129.5257355,35.934495]]]]}},{"type":"Feature","properties":{"r":568,"k":0,"d":156.2},"geometry":{"type":"MultiPolygon","coordinates":[[[[129.5169859,35.929383],[129.5169288,35.9292592],[129.5170666,35.9292263],[129.5173495,35.9290982],[129.5173791,35.9291771],[129.5170651,35.9294689],[129.5169859,35.929383]]]]}},{"type":"Feature","properties":{"r":458,"k":0,"d":129.4},"geometry":{"type":"MultiPolygon","coordinates":[[[[129.5166606,35.9258262],[129.5166482,35.9257358],[129.5166494,35.925684],[129.5166575,35.92564],[129.516689,35.9256375],[129.5168499,35.9256412],[129.5169557,35.9256359],[129.5169493,35.9256637],[129.5169082,35.9256767],[129.5168734,35.9256734],[129.5168346,35.9256809],[129.5168478,35.9257041],[129.5168399,35.9257766],[129.5168297,35.9258193],[129.5168153,35.9258441],[129.5167939,35.9258496],[129.5167387,35.9258453],[129.5166666,35.9258419],[129.5166606,35.9258262]]]]}},{"type":"Feature","properties":{"r":352,"k":0,"d":96.6},"geometry":{"type":"MultiPolygon","coordinates":[[[[129.5172188,35.9252884],[129.5170828,35.9252695],[129.5170368,35.9252669],[129.5170362,35.9252333],[129.5170598,35.9251941],[129.5172284,35.9251112],[129.5172805,35.9251409],[129.5172947,35.925166],[129.5172797,35.9251863],[129.5172642,35.9252469],[129.5172356,35.9252535],[129.5172188,35.9252884]]]]}},{"type":"Feature","properties":{"r":175,"k":0,"d":54.5},"geometry":{"type":"MultiPolygon","coordinates":[[[[129.5200292,35.9318197],[129.5200686,35.9317735],[129.5201532,35.9318351],[129.5201166,35.9318698],[129.5200292,35.9318197]]]]}},{"type":"Feature","properties":{"r":554,"k":0,"d":153.6},"geometry":{"type":"MultiPolygon","coordinates":[[[[129.5249959,35.9349153],[129.5251365,35.9348927],[129.5252414,35.9348789],[129.5252579,35.9350027],[129.5252767,35.9351075],[129.5252112,35.9350775],[129.5251939,35.9350538],[129.5251822,35.9350296],[129.5251784,35.9349467],[129.5251156,35.9349466],[129.5251159,35.9350047],[129.5250972,35.9350208],[129.5250704,35.9350296],[129.5249959,35.9349153]]]]}},{"type":"Feature","properties":{"r":114,"k":0,"d":40.1},"geometry":{"type":"MultiPolygon","coordinates":[[[[129.5177348,35.9242945],[129.5177652,35.9242273],[129.5179344,35.9242665],[129.5179185,35.9243542],[129.5177348,35.9242945]]]]}},{"type":"Feature","properties":{"r":630,"k":0,"d":179.4},"geometry":{"type":"MultiPolygon","coordinates":[[[[129.5251936,35.9360549],[129.5251371,35.9362087],[129.5250961,35.9362361],[129.5250413,35.9362149],[129.5250066,35.9361881],[129.5249025,35.9361601],[129.5249026,35.936134],[129.5248602,35.9361085],[129.5248036,35.9360624],[129.5247453,35.9360245],[129.5246183,35.9360291],[129.5244987,35.9360206],[129.5244958,35.9359885],[129.5244799,35.9359665],[129.5243591,35.9359549],[129.524327,35.9359689],[129.5243207,35.9360093],[129.5242494,35.9359923],[129.5241867,35.9359914],[129.5241028,35.935977],[129.524018,35.935972],[129.5240116,35.935929],[129.5239081,35.9359409],[129.5238433,35.9359331],[129.5237784,35.9359449],[129.5237312,35.9359431],[129.5236927,35.9359606],[129.5236315,35.9359695],[129.5235048,35.9359808],[129.5234347,35.9360013],[129.5233641,35.9359848],[129.5232761,35.9359713],[129.5232073,35.9360123],[129.5231071,35.9360553],[129.5230961,35.935962],[129.5231988,35.9359299],[129.5232349,35.9359283],[129.5232992,35.9359137],[129.5234566,35.9359079],[129.5235235,35.9359336],[129.5235765,35.935941],[129.5236385,35.9358874],[129.5235843,35.9358472],[129.5235168,35.9358961],[129.523455,35.9358817],[129.5233393,35.9358668],[129.5233374,35.9358116],[129.5232743,35.9357999],[129.5231806,35.9358226],[129.5231678,35.9358453],[129.5232529,35.9358413],[129.5232857,35.9358756],[129.5230509,35.9358841],[129.5230699,35.9358297],[129.5229928,35.9358048],[129.5229651,35.9357778],[129.5230093,35.9357452],[129.523086,35.9357505],[129.5231197,35.9357336],[129.5230363,35.9356864],[129.5229346,35.9356],[129.5229712,35.9355711],[129.5231536,35.9356626],[129.5232266,35.9356688],[129.5232891,35.9356328],[129.5232899,35.9355624],[129.5233315,35.9355715],[129.5234104,35.9355487],[129.5234289,35.9355474],[129.5234298,35.9355798],[129.5233122,35.9356254],[129.5233389,35.9356923],[129.5235157,35.9357217],[129.5235647,35.9357054],[129.5235203,35.9356458],[129.5235264,35.9355765],[129.5235828,35.9355776],[129.5239907,35.9355709],[129.5240771,35.9355482],[129.5240406,35.935399],[129.5243232,35.9354118],[129.5245259,35.935152],[129.524627,35.935157],[129.52464,35.9351841],[129.5246387,35.9352396],[129.5247687,35.93544],[129.5251036,35.9354919],[129.524973,35.9355474],[129.524992,35.9357294],[129.5251372,35.9357953],[129.5252224,35.9357234],[129.5254101,35.9356526],[129.5253098,35.9358498],[129.5251971,35.9358532],[129.5251345,35.9358967],[129.5251936,35.9360549]],[[129.5244718,35.9355668],[129.5245402,35.9357103],[129.5245881,35.9357364],[129.5246866,35.9357223],[129.5245893,35.935669],[129.5245042,35.9355802],[129.5244718,35.9355668]],[[129.5235629,35.9357371],[129.523564,35.9357527],[129.5236468,35.9357548],[129.5236534,35.9357785],[129.5237072,35.9357686],[129.5236958,35.9357394],[129.5236173,35.9357435],[129.5235629,35.9357371]]]]}},{"type":"Feature","properties":{"r":140,"k":0,"d":47.5},"geometry":{"type":"MultiPolygon","coordinates":[[[[129.5221841,35.9336982],[129.522255,35.933583],[129.5222694,35.9335702],[129.5223767,35.9336518],[129.5223505,35.9336826],[129.5223363,35.9337065],[129.5223292,35.9337287],[129.5223048,35.9337661],[129.5221841,35.9336982]]]]}},{"type":"Feature","properties":{"r":599,"k":0,"d":167.1},"geometry":{"type":"MultiPolygon","coordinates":[[[[129.5215838,35.934751],[129.521565,35.9347105],[129.5214743,35.9346608],[129.5214703,35.9346221],[129.5215182,35.9346177],[129.5215435,35.9345845],[129.5214917,35.9345627],[129.5214675,35.9345229],[129.5216687,35.9345392],[129.5217122,35.9345713],[129.5216611,35.9346154],[129.5216181,35.9346322],[129.5215786,35.9346408],[129.5215762,35.9346694],[129.521701,35.9347628],[129.5217257,35.9347998],[129.5217115,35.934811],[129.5216476,35.9347741],[129.5215978,35.9347397],[129.5215838,35.934751]]]]}},{"type":"Feature","properties":{"r":626,"k":0,"d":178.3},"geometry":{"type":"MultiPolygon","coordinates":[[[[129.521701,35.9347628],[129.5215762,35.9346694],[129.5215786,35.9346408],[129.5216181,35.9346322],[129.5216686,35.9346942],[129.5217303,35.9347044],[129.521701,35.9347628]]]]}},{"type":"Feature","properties":{"r":235,"k":0,"d":71.7},"geometry":{"type":"MultiPolygon","coordinates":[[[[129.5196841,35.9319003],[129.5197112,35.9318399],[129.5197406,35.9317656],[129.5197629,35.9317518],[129.5198499,35.9317645],[129.5198586,35.9318621],[129.5198198,35.9319399],[129.519785,35.931929],[129.5197742,35.9319424],[129.5196841,35.9319003]]]]}},{"type":"Feature","properties":{"r":102,"k":0,"d":36.2},"geometry":{"type":"MultiPolygon","coordinates":[[[[129.521322,35.932925],[129.5213067,35.9329077],[129.5213575,35.932882],[129.5214514,35.9328251],[129.5214695,35.9328426],[129.5213369,35.9329158],[129.521322,35.932925]]]]}},{"type":"Feature","properties":{"r":337,"k":0,"d":92.9},"geometry":{"type":"MultiPolygon","coordinates":[[[[129.5205943,35.9330709],[129.5206391,35.9329855],[129.5207526,35.9330434],[129.5208549,35.9330642],[129.5209092,35.9330925],[129.5208578,35.933169],[129.5205943,35.9330709]]]]}},{"type":"Feature","properties":{"r":625,"k":0,"d":178.2},"geometry":{"type":"MultiPolygon","coordinates":[[[[129.5161662,35.9264369],[129.5161767,35.9262765],[129.5161705,35.9262398],[129.516197,35.92623],[129.5161944,35.9261792],[129.516263,35.9261822],[129.5162906,35.9261762],[129.5163816,35.926189],[129.5164433,35.9261823],[129.5164448,35.9261932],[129.5164644,35.9261869],[129.5164705,35.9262384],[129.5164673,35.9262536],[129.5164418,35.9262659],[129.516331,35.9263551],[129.5162549,35.9264099],[129.516197,35.9264361],[129.5161662,35.9264369]]]]}},{"type":"Feature","properties":{"r":93,"k":0,"d":35.2},"geometry":{"type":"MultiPolygon","coordinates":[[[[129.5179355,35.921535],[129.5179661,35.9214629],[129.5179406,35.9214402],[129.5180528,35.9214234],[129.5180286,35.9215568],[129.5179355,35.921535]]]]}},{"type":"Feature","properties":{"r":448,"k":0,"d":126.5},"geometry":{"type":"MultiPolygon","coordinates":[[[[129.5168675,35.9212959],[129.5167674,35.9212973],[129.5166924,35.921269],[129.5167286,35.9212629],[129.5167768,35.9212785],[129.5168856,35.9212471],[129.5169433,35.9211988],[129.5169066,35.9211161],[129.5169236,35.9211101],[129.5169722,35.9211524],[129.5169273,35.9213405],[129.516924,35.921324],[129.5168675,35.9212959]]]]}},{"type":"Feature","properties":{"r":163,"k":0,"d":50.8},"geometry":{"type":"MultiPolygon","coordinates":[[[[129.5232466,35.9340125],[129.5233106,35.9338989],[129.5234054,35.9339489],[129.5233345,35.9340496],[129.5232466,35.9340125]]]]}},{"type":"Feature","properties":{"r":439,"k":0,"d":122.7},"geometry":{"type":"MultiPolygon","coordinates":[[[[129.5197207,35.9326023],[129.5196584,35.9325327],[129.5195745,35.9324123],[129.5196018,35.9323584],[129.5197061,35.9324027],[129.5197057,35.9324154],[129.5198568,35.9324764],[129.5197847,35.9325575],[129.5197207,35.9326023]]]]}},{"type":"Feature","properties":{"r":240,"k":0,"d":72.5},"geometry":{"type":"MultiPolygon","coordinates":[[[[129.5166228,35.9243002],[129.5166458,35.9242883],[129.5167539,35.9241587],[129.5168846,35.9240905],[129.5169574,35.9240811],[129.5172656,35.9242055],[129.5175307,35.9243357],[129.517574,35.9243636],[129.5175279,35.924378],[129.5174167,35.9244075],[129.5173619,35.9244172],[129.5172894,35.9244425],[129.517219,35.9244793],[129.5171704,35.9245227],[129.5171176,35.9244927],[129.5168696,35.9244088],[129.516743,35.9243471],[129.5166228,35.9243002]]]]}},{"type":"Feature","properties":{"r":606,"k":0,"d":170.2},"geometry":{"type":"MultiPolygon","coordinates":[[[[129.5160833,35.924582],[129.5160965,35.9246257],[129.5161748,35.9247262],[129.5161491,35.9247982],[129.5161661,35.924818],[129.5162967,35.924881],[129.5164764,35.9249586],[129.5163147,35.9250573],[129.5162772,35.9250422],[129.516108,35.9249242],[129.5160009,35.9248456],[129.5158973,35.9247414],[129.5158467,35.9246727],[129.5158728,35.924636],[129.5160521,35.9245414],[129.5160808,35.9245738],[129.5160833,35.924582]]]]}},{"type":"Feature","properties":{"r":582,"k":0,"d":160.3},"geometry":{"type":"MultiPolygon","coordinates":[[[[129.5178576,35.9312381],[129.517562,35.9310583],[129.5177294,35.9308785],[129.5179056,35.9309801],[129.5180457,35.9308358],[129.5181247,35.9308962],[129.5179988,35.9310335],[129.5180307,35.9310522],[129.5178576,35.9312381]]]]}},{"type":"Feature","properties":{"r":621,"k":0,"d":177.1},"geometry":{"type":"MultiPolygon","coordinates":[[[[129.5164644,35.9261869],[129.5164448,35.9261932],[129.5164433,35.9261823],[129.5163816,35.926189],[129.5162906,35.9261762],[129.5163242,35.926169],[129.5163319,35.9261421],[129.5163229,35.9260446],[129.5164627,35.9260473],[129.5164604,35.9261291],[129.5164644,35.9261869]]]]}},{"type":"Feature","properties":{"r":583,"k":0,"d":160.3},"geometry":{"type":"MultiPolygon","coordinates":[[[[129.5163439,35.9259196],[129.5163604,35.9257859],[129.5163607,35.925742],[129.5163343,35.9256929],[129.516363,35.9256802],[129.5164394,35.9256654],[129.5164443,35.9257388],[129.5164533,35.9257729],[129.5165085,35.9258218],[129.5165332,35.925832],[129.5165692,35.9258357],[129.5166248,35.9258276],[129.5166323,35.9258757],[129.5166161,35.9259066],[129.5165673,35.9259073],[129.51652,35.9259175],[129.5163439,35.9259196]]]]}},{"type":"Feature","properties":{"r":654,"k":0,"d":188.6},"geometry":{"type":"MultiPolygon","coordinates":[[[[129.5157973,35.9250423],[129.5158899,35.9250655],[129.5159419,35.9250902],[129.5159974,35.9250575],[129.5159708,35.9250318],[129.5159707,35.9250161],[129.5159647,35.924988],[129.5159344,35.9249018],[129.5158388,35.9249114],[129.5158488,35.9248322],[129.5158456,35.9247437],[129.5158855,35.9247812],[129.5159524,35.92485],[129.5162172,35.9250416],[129.5162738,35.9250845],[129.5162093,35.9251064],[129.5161052,35.92515],[129.5160069,35.9251781],[129.5159598,35.9252042],[129.5158965,35.9252867],[129.5158365,35.925167],[129.5157949,35.9250764],[129.5157973,35.9250423]]]]}},{"type":"Feature","properties":{"r":34,"k":0,"d":21.7},"geometry":{"type":"MultiPolygon","coordinates":[[[[129.5196698,35.9309997],[129.5195624,35.9308664],[129.5197478,35.9307598],[129.5198273,35.9308736],[129.5198171,35.9309135],[129.5197076,35.9309804],[129.5196698,35.9309997]]]]}},{"type":"Feature","properties":{"r":281,"k":0,"d":85.1},"geometry":{"type":"MultiPolygon","coordinates":[[[[129.5170828,35.9225382],[129.517021,35.9223261],[129.5169986,35.9221835],[129.5170062,35.922004],[129.5170543,35.9217707],[129.5170589,35.9217254],[129.5172839,35.921272],[129.5173883,35.9212974],[129.5174459,35.9213226],[129.5174043,35.9213715],[129.5173903,35.9214428],[129.5173591,35.9215811],[129.517351,35.9216926],[129.5173634,35.9217308],[129.5173523,35.9218952],[129.5173411,35.9220141],[129.5173287,35.9220722],[129.5172186,35.9223848],[129.5172271,35.9224525],[129.5172372,35.9224734],[129.5170828,35.9225382]]]]}},{"type":"Feature","properties":{"r":557,"k":0,"d":153.8},"geometry":{"type":"MultiPolygon","coordinates":[[[[129.5179411,35.9304443],[129.5179033,35.9304608],[129.5176848,35.9303356],[129.5178121,35.9302504],[129.5178214,35.9302628],[129.5179706,35.9304313],[129.5179411,35.9304443]]]]}},{"type":"Feature","properties":{"r":77,"k":0,"d":32.0},"geometry":{"type":"MultiPolygon","coordinates":[[[[129.5180613,35.9235154],[129.5179401,35.9235064],[129.5179404,35.9234646],[129.5180619,35.9234636],[129.5180613,35.9235154]]]]}},{"type":"Feature","properties":{"r":669,"k":0,"d":195.2},"geometry":{"type":"MultiPolygon","coordinates":[[[[129.5160741,35.9233924],[129.5160878,35.9231254],[129.5160781,35.9230823],[129.5159744,35.9229524],[129.5158174,35.9228073],[129.5157789,35.9228109],[129.515715,35.9228697],[129.5156894,35.9228034],[129.5159481,35.9226914],[129.516256,35.9231047],[129.5161794,35.9232373],[129.5160741,35.9233924]]]]}},{"type":"Feature","properties":{"r":619,"k":0,"d":176.8},"geometry":{"type":"MultiPolygon","coordinates":[[[[129.5234688,35.935181],[129.5233991,35.935129],[129.523469,35.9351305],[129.5234762,35.935085],[129.523646,35.9351018],[129.5236456,35.9351511],[129.5235475,35.9351447],[129.5234903,35.9351534],[129.5234688,35.935181]]]]}},{"type":"Feature","properties":{"r":567,"k":0,"d":156.1},"geometry":{"type":"MultiPolygon","coordinates":[[[[129.5248069,35.9349412],[129.5249082,35.9349303],[129.524956,35.9350021],[129.5248069,35.9349412]]]]}},{"type":"Feature","properties":{"r":571,"k":0,"d":156.6},"geometry":{"type":"MultiPolygon","coordinates":[[[[129.518591,35.9319881],[129.5180332,35.9316484],[129.5181881,35.9314802],[129.5187511,35.9318175],[129.518591,35.9319881]]]]}},{"type":"Feature","properties":{"r":170,"k":0,"d":52.8},"geometry":{"type":"MultiPolygon","coordinates":[[[[129.5191831,35.9308093],[129.5191538,35.9307135],[129.5192571,35.9306435],[129.519358,35.9307423],[129.5193628,35.9307714],[129.5191831,35.9308093]]]]}},{"type":"Feature","properties":{"r":520,"k":0,"d":144.5},"geometry":{"type":"MultiPolygon","coordinates":[[[[129.5169206,35.9268379],[129.5169056,35.9269809],[129.5168323,35.9269844],[129.5167277,35.9270088],[129.5167202,35.9270418],[129.5166744,35.9270599],[129.5166928,35.926826],[129.5169206,35.9268379]]]]}},{"type":"Feature","properties":{"r":68,"k":0,"d":29.5},"geometry":{"type":"MultiPolygon","coordinates":[[[[129.5180978,35.9214163],[129.518115,35.9214141],[129.5181085,35.9215582],[129.5180735,35.9215583],[129.5180978,35.9214163]]]]}},{"type":"Feature","properties":{"r":277,"k":0,"d":84.0},"geometry":{"type":"MultiPolygon","coordinates":[[[[129.5234684,35.9343956],[129.523116,35.9342177],[129.5231454,35.9341754],[129.5232738,35.9342324],[129.5232802,35.9342226],[129.5233639,35.9342672],[129.5233967,35.9342352],[129.5234081,35.934241],[129.5234208,35.9342277],[129.5235845,35.9343122],[129.5235541,35.9343824],[129.5238305,35.9345132],[129.5237993,35.9345626],[129.5234684,35.9343956]]]]}},{"type":"Feature","properties":{"r":676,"k":0,"d":198.9},"geometry":{"type":"MultiPolygon","coordinates":[[[[129.5163375,35.9271189],[129.5162036,35.9271414],[129.5161185,35.9271394],[129.5160265,35.927141],[129.5159832,35.9271045],[129.5160951,35.9270329],[129.5161819,35.9269672],[129.5162638,35.9269657],[129.5163318,35.926962],[129.5163416,35.9270874],[129.5163375,35.9271189]]]]}},{"type":"Feature","properties":{"r":635,"k":0,"d":180.3},"geometry":{"type":"MultiPolygon","coordinates":[[[[129.5203498,35.9338231],[129.5201828,35.9337857],[129.5201908,35.9337642],[129.5201342,35.9337454],[129.5201479,35.9337282],[129.520227,35.9337414],[129.520369,35.9337847],[129.5203498,35.9338231]]]]}},{"type":"Feature","properties":{"r":139,"k":0,"d":47.0},"geometry":{"type":"MultiPolygon","coordinates":[[[[129.5230469,35.9339585],[129.5231461,35.9338247],[129.5232395,35.9338753],[129.5231763,35.933987],[129.5230469,35.9339585]]]]}},{"type":"Feature","properties":{"r":586,"k":0,"d":160.6},"geometry":{"type":"MultiPolygon","coordinates":[[[[129.5165755,35.9252714],[129.5165418,35.9252529],[129.5164581,35.925229],[129.5163711,35.9251718],[129.5163141,35.9250883],[129.5164607,35.9250205],[129.5165224,35.9249776],[129.5165307,35.9250018],[129.5165545,35.9250346],[129.5165739,35.9250394],[129.5165816,35.9250841],[129.5165827,35.9251637],[129.516572,35.9252202],[129.5165894,35.9252645],[129.5165755,35.9252714]]]]}},{"type":"Feature","properties":{"r":350,"k":0,"d":96.3},"geometry":{"type":"MultiPolygon","coordinates":[[[[129.5173504,35.9231569],[129.5173172,35.923147],[129.5172789,35.9231137],[129.5172445,35.9230453],[129.517221,35.9229281],[129.5173119,35.9229899],[129.5173504,35.9231569]]]]}},{"type":"Feature","properties":{"r":512,"k":0,"d":143.3},"geometry":{"type":"MultiPolygon","coordinates":[[[[129.5248995,35.9348299],[129.5249652,35.9348113],[129.5249899,35.9348102],[129.5250074,35.934816],[129.5250254,35.9348272],[129.5250389,35.9348431],[129.5250443,35.9348577],[129.5250434,35.9348763],[129.525035,35.9348924],[129.5250143,35.9349126],[129.5249959,35.9349153],[129.5249668,35.9348768],[129.5248995,35.9348299]]]]}},{"type":"Feature","properties":{"r":577,"k":0,"d":159.6},"geometry":{"type":"MultiPolygon","coordinates":[[[[129.5250704,35.9350296],[129.5250972,35.9350208],[129.5251159,35.9350047],[129.5251156,35.9349466],[129.5251784,35.9349467],[129.5251822,35.9350296],[129.5251939,35.9350538],[129.5252112,35.9350775],[129.5250704,35.9350296]]]]}},{"type":"Feature","properties":{"r":442,"k":0,"d":124.2},"geometry":{"type":"MultiPolygon","coordinates":[[[[129.5171896,35.9271525],[129.5171226,35.927244],[129.5171647,35.9274867],[129.5172599,35.9275142],[129.5171904,35.9276117],[129.5170332,35.9275995],[129.5170015,35.9275716],[129.5169996,35.9275578],[129.5169615,35.9274983],[129.5169582,35.9274205],[129.516863,35.9273987],[129.5167958,35.9273905],[129.5167697,35.9273408],[129.5168156,35.9272624],[129.5168994,35.9272783],[129.5169187,35.9272644],[129.5169612,35.9272476],[129.5169862,35.9272255],[129.5169888,35.9271676],[129.517066,35.9271667],[129.5170914,35.9271029],[129.517097,35.9271165],[129.5171132,35.9271153],[129.5171896,35.9271525]]]]}},{"type":"Feature","properties":{"r":370,"k":0,"d":104.2},"geometry":{"type":"MultiPolygon","coordinates":[[[[129.5179411,35.9304443],[129.5180522,35.9303966],[129.5183302,35.9302452],[129.518523,35.9304766],[129.5186431,35.9305992],[129.5184334,35.9307813],[129.5182877,35.9306947],[129.5181241,35.9305749],[129.5179411,35.9304443]]]]}},{"type":"Feature","properties":{"r":386,"k":0,"d":107.6},"geometry":{"type":"MultiPolygon","coordinates":[[[[129.5167178,35.9223866],[129.5167438,35.9223394],[129.5168135,35.9223896],[129.5168916,35.9224872],[129.5169241,35.9225634],[129.5169772,35.9226451],[129.5171089,35.9227533],[129.5171268,35.9227543],[129.517229,35.9228877],[129.5171432,35.9228364],[129.5171197,35.9228592],[129.5169609,35.9227686],[129.5168601,35.9227695],[129.5168628,35.9226542],[129.5167178,35.9223866]]]]}},{"type":"Feature","properties":{"r":143,"k":0,"d":48.3},"geometry":{"type":"MultiPolygon","coordinates":[[[[129.519358,35.9307423],[129.5192744,35.9306591],[129.5193371,35.9306164],[129.519358,35.9307423]]]]}},{"type":"Feature","properties":{"r":535,"k":0,"d":147.9},"geometry":{"type":"MultiPolygon","coordinates":[[[[129.519205,35.9326095],[129.5190087,35.9324972],[129.5191662,35.9323148],[129.519226,35.9323497],[129.519276,35.9322946],[129.5193343,35.9324272],[129.5195082,35.9326595],[129.519273,35.9325294],[129.519205,35.9326095]]]]}},{"type":"Feature","properties":{"r":589,"k":0,"d":161.9},"geometry":{"type":"MultiPolygon","coordinates":[[[[129.5163491,35.9253377],[129.5164036,35.9252776],[129.5164478,35.9252458],[129.5164581,35.925229],[129.5165418,35.9252529],[129.5165755,35.9252714],[129.5165481,35.9252974],[129.5165419,35.9253252],[129.5165377,35.9253853],[129.5163713,35.925352],[129.5163491,35.9253377]]]]}},{"type":"Feature","properties":{"r":279,"k":0,"d":84.5},"geometry":{"type":"MultiPolygon","coordinates":[[[[129.517344,35.9249811],[129.5173909,35.9249833],[129.5174205,35.9250028],[129.5174263,35.9250616],[129.51742,35.925096],[129.517396,35.9251662],[129.5173544,35.9251673],[129.517317,35.9251592],[129.5172906,35.9251342],[129.5172446,35.9250988],[129.5172476,35.925081],[129.5172761,35.9250067],[129.5173068,35.9249882],[129.517344,35.9249811]]]]}},{"type":"Feature","properties":{"r":210,"k":0,"d":64.2},"geometry":{"type":"MultiPolygon","coordinates":[[[[129.5175519,35.9245954],[129.5175128,35.9245768],[129.5175006,35.9245561],[129.517448,35.9245285],[129.5174247,35.9244383],[129.5175396,35.9244059],[129.5176556,35.9243779],[129.5176643,35.9244333],[129.5175833,35.9245782],[129.5175519,35.9245954]]]]}},{"type":"Feature","properties":{"r":188,"k":0,"d":57.8},"geometry":{"type":"MultiPolygon","coordinates":[[[[129.5199237,35.9320034],[129.5199898,35.9318764],[129.5200236,35.931865],[129.520018,35.9318331],[129.5200292,35.9318197],[129.5201772,35.9319045],[129.5201134,35.93199],[129.5200789,35.9319964],[129.520013,35.9320267],[129.5199237,35.9320034]]]]}},{"type":"Feature","properties":{"r":309,"k":0,"d":87.9},"geometry":{"type":"MultiPolygon","coordinates":[[[[129.5214066,35.9338557],[129.5215726,35.9336291],[129.5220558,35.9338936],[129.5218878,35.9341262],[129.5214066,35.9338557]]]]}},{"type":"Feature","properties":{"r":16,"k":0,"d":18.8},"geometry":{"type":"MultiPolygon","coordinates":[[[[129.5212411,35.9325036],[129.521101,35.932369],[129.521017,35.9323013],[129.5209333,35.9322596],[129.5209316,35.9322381],[129.5210021,35.9321789],[129.521022,35.9321805],[129.5213032,35.9324529],[129.5212411,35.9325036]]]]}},{"type":"Feature","properties":{"r":504,"k":0,"d":141.2},"geometry":{"type":"MultiPolygon","coordinates":[[[[129.516725,35.9228368],[129.5167709,35.9228194],[129.5167846,35.9228477],[129.5168327,35.922867],[129.5168559,35.9229198],[129.5168344,35.9229293],[129.516725,35.9228368]]]]}},{"type":"Feature","properties":{"r":284,"k":0,"d":85.5},"geometry":{"type":"MultiPolygon","coordinates":[[[[129.520827,35.9332146],[129.5209092,35.9330925],[129.5209313,35.9331041],[129.5210475,35.9331509],[129.5210636,35.9331669],[129.5211974,35.933246],[129.5211427,35.9332533],[129.5210731,35.9332725],[129.5210297,35.933293],[129.5209865,35.9333304],[129.520827,35.9332146]]]]}},{"type":"Feature","properties":{"r":275,"k":0,"d":83.6},"geometry":{"type":"MultiPolygon","coordinates":[[[[129.517487,35.9235455],[129.5174395,35.9235068],[129.5172938,35.9234192],[129.517285,35.9233477],[129.5173408,35.9233332],[129.5174202,35.9233232],[129.517443,35.9232769],[129.5174472,35.9233186],[129.517459,35.9233894],[129.5174806,35.9234708],[129.5174886,35.9235279],[129.517487,35.9235455]]]]}},{"type":"Feature","properties":{"r":524,"k":0,"d":144.8},"geometry":{"type":"MultiPolygon","coordinates":[[[[129.5245827,35.935063],[129.5245392,35.9349694],[129.5247004,35.9348867],[129.5247919,35.9348342],[129.5248157,35.9348461],[129.524849,35.9348684],[129.5248753,35.9348944],[129.5248069,35.9349412],[129.524956,35.9350021],[129.5250805,35.9351602],[129.5249357,35.935099],[129.5245827,35.935063]]]]}},{"type":"Feature","properties":{"r":550,"k":0,"d":151.9},"geometry":{"type":"MultiPolygon","coordinates":[[[[129.5248069,35.9349412],[129.5248753,35.9348944],[129.5249082,35.9349303],[129.5248069,35.9349412]]]]}},{"type":"Feature","properties":{"r":199,"k":0,"d":61.8},"geometry":{"type":"MultiPolygon","coordinates":[[[[129.5207484,35.932861],[129.5207392,35.9328497],[129.5207853,35.9328159],[129.5208419,35.9327541],[129.5209302,35.9327018],[129.5209424,35.9327154],[129.5209569,35.9327354],[129.5209937,35.9327759],[129.5210734,35.9328186],[129.520987,35.9329159],[129.5209071,35.9329085],[129.5208327,35.9328931],[129.5208062,35.9328985],[129.5207484,35.932861]]]]}},{"type":"Feature","properties":{"r":343,"k":0,"d":94.4},"geometry":{"type":"MultiPolygon","coordinates":[[[[129.5210979,35.9336624],[129.5212276,35.9335115],[129.5214077,35.9335771],[129.5212883,35.9337528],[129.5210979,35.9336624]]]]}},{"type":"Feature","properties":{"r":340,"k":0,"d":93.0},"geometry":{"type":"MultiPolygon","coordinates":[[[[129.5192708,35.9315947],[129.5193256,35.9315886],[129.5194293,35.9316086],[129.5194101,35.9316337],[129.5192708,35.9315947]]]]}},{"type":"Feature","properties":{"r":418,"k":0,"d":116.3},"geometry":{"type":"MultiPolygon","coordinates":[[[[129.517089,35.9212408],[129.5170471,35.9212875],[129.5170106,35.9213402],[129.5169862,35.9214524],[129.5169707,35.9214488],[129.5169885,35.9213549],[129.5170056,35.9213065],[129.5170476,35.9212536],[129.517066,35.9212264],[129.517089,35.9212408]]]]}},{"type":"Feature","properties":{"r":35,"k":0,"d":21.8},"geometry":{"type":"MultiPolygon","coordinates":[[[[129.5180978,35.9214163],[129.5180991,35.9214046],[129.5180739,35.9212895],[129.5181576,35.9213],[129.5181441,35.921408],[129.5180978,35.9214163]]]]}},{"type":"Feature","properties":{"r":406,"k":0,"d":112.9},"geometry":{"type":"MultiPolygon","coordinates":[[[[129.517089,35.9212408],[129.517066,35.9212264],[129.5170986,35.9211781],[129.5171245,35.9212025],[129.517126,35.9212314],[129.517089,35.9212408]]]]}},{"type":"Feature","properties":{"r":436,"k":0,"d":122.0},"geometry":{"type":"MultiPolygon","coordinates":[[[[129.5169128,35.9206417],[129.5169598,35.9203765],[129.5171357,35.9202185],[129.5170709,35.9204102],[129.5170161,35.9206858],[129.5169128,35.9206417]]]]}},{"type":"Feature","properties":{"r":539,"k":0,"d":149.5},"geometry":{"type":"MultiPolygon","coordinates":[[[[129.5168996,35.9274961],[129.5168966,35.927443],[129.5167949,35.9274463],[129.5167968,35.9274812],[129.5166247,35.9275025],[129.5165169,35.9274164],[129.5164443,35.9273876],[129.5164695,35.9272951],[129.5164886,35.9272538],[129.5165351,35.9272038],[129.5166849,35.9272214],[129.5168156,35.9272624],[129.5167697,35.9273408],[129.5167958,35.9273905],[129.516863,35.9273987],[129.5169582,35.9274205],[129.5169615,35.9274983],[129.5168996,35.9274961]]]]}},{"type":"Feature","properties":{"r":413,"k":0,"d":115.1},"geometry":{"type":"MultiPolygon","coordinates":[[[[129.516924,35.9216727],[129.5169036,35.9216616],[129.5168857,35.9215906],[129.5168551,35.9215668],[129.5168633,35.921473],[129.5169248,35.9214385],[129.5169342,35.9213751],[129.5169273,35.9213405],[129.5169904,35.9210797],[129.5170354,35.9211149],[129.5170986,35.9211781],[129.5170476,35.9212536],[129.5170056,35.9213065],[129.5169885,35.9213549],[129.5169489,35.9215745],[129.516924,35.9216727]]]]}},{"type":"Feature","properties":{"r":282,"k":0,"d":85.4},"geometry":{"type":"MultiPolygon","coordinates":[[[[129.5200286,35.9324153],[129.5199892,35.9323118],[129.5200763,35.9321809],[129.5201291,35.9322201],[129.5202236,35.932307],[129.5201652,35.9323681],[129.520147,35.93238],[129.5200886,35.9324056],[129.5200286,35.9324153]]]]}},{"type":"Feature","properties":{"r":211,"k":0,"d":64.4},"geometry":{"type":"MultiPolygon","coordinates":[[[[129.522503,35.9340191],[129.5225174,35.9340027],[129.5226049,35.9339031],[129.5226441,35.9338589],[129.5226478,35.9338547],[129.5226606,35.9338628],[129.5225178,35.9340263],[129.522503,35.9340191]]]]}},{"type":"Feature","properties":{"r":346,"k":0,"d":95.4},"geometry":{"type":"MultiPolygon","coordinates":[[[[129.5249521,35.934472],[129.5249814,35.9343768],[129.525112,35.9344047],[129.5252258,35.9344335],[129.5252104,35.9345365],[129.5249521,35.934472]]]]}},{"type":"Feature","properties":{"r":629,"k":0,"d":179.1},"geometry":{"type":"MultiPolygon","coordinates":[[[[129.5252923,35.9352083],[129.5252767,35.9351075],[129.5254025,35.9351563],[129.5254335,35.9352617],[129.5252923,35.9352083]]]]}},{"type":"Feature","properties":{"r":518,"k":0,"d":144.2},"geometry":{"type":"MultiPolygon","coordinates":[[[[129.5167439,35.9259598],[129.5167285,35.925959],[129.5167035,35.9259435],[129.516637,35.9259294],[129.5166161,35.9259066],[129.5166323,35.9258757],[129.5166248,35.9258276],[129.5166606,35.9258262],[129.5166666,35.9258419],[129.5167387,35.9258453],[129.5167939,35.9258496],[129.5168111,35.9258802],[129.5167894,35.9259622],[129.5167439,35.9259598]]]]}},{"type":"Feature","properties":{"r":359,"k":0,"d":100.2},"geometry":{"type":"MultiPolygon","coordinates":[[[[129.5187952,35.9311794],[129.5187685,35.9311377],[129.5190918,35.9312612],[129.519077,35.9312792],[129.5187952,35.9311794]]]]}},{"type":"Feature","properties":{"r":122,"k":0,"d":42.5},"geometry":{"type":"MultiPolygon","coordinates":[[[[129.5217062,35.9334812],[129.5216981,35.9334385],[129.5217231,35.9333966],[129.521773,35.9333754],[129.5217989,35.9332707],[129.5218093,35.9332459],[129.5220037,35.9333656],[129.521863,35.9335454],[129.5217639,35.9335016],[129.5217062,35.9334812]]]]}},{"type":"Feature","properties":{"r":480,"k":0,"d":135.7},"geometry":{"type":"MultiPolygon","coordinates":[[[[129.516911,35.9235464],[129.5168952,35.9236361],[129.5168598,35.9236241],[129.516911,35.9235464]]]]}},{"type":"Feature","properties":{"r":357,"k":0,"d":99.4},"geometry":{"type":"MultiPolygon","coordinates":[[[[129.5169771,35.9236637],[129.5168952,35.9236361],[129.516911,35.9235464],[129.5169358,35.9234472],[129.5170024,35.923335],[129.5171278,35.9233546],[129.5172905,35.9233924],[129.5172938,35.9234192],[129.5173164,35.9234328],[129.5173065,35.9235325],[129.5172247,35.9235957],[129.5172098,35.9235873],[129.5171593,35.9235781],[129.5171235,35.9235933],[129.5170811,35.9236358],[129.5169771,35.9236637]]]]}},{"type":"Feature","properties":{"r":327,"k":0,"d":90.7},"geometry":{"type":"MultiPolygon","coordinates":[[[[129.5201024,35.9325989],[129.5201537,35.9324311],[129.5202357,35.9324714],[129.5203065,35.932472],[129.520273,35.9325695],[129.520278,35.9325716],[129.5202571,35.932631],[129.5201024,35.9325989]]]]}},{"type":"Feature","properties":{"r":562,"k":0,"d":154.8},"geometry":{"type":"MultiPolygon","coordinates":[[[[129.5196308,35.9357462],[129.5194924,35.9357724],[129.5193595,35.935779],[129.5184168,35.9356083],[129.516512,35.9348014],[129.5162651,35.9345679],[129.515828,35.9343775],[129.515765,35.9341316],[129.5154205,35.9341331],[129.5148629,35.9339222],[129.5150684,35.9334148],[129.5154409,35.9327474],[129.5155173,35.9327813],[129.515533,35.9327484],[129.5155919,35.9327982],[129.5156425,35.9327987],[129.5156655,35.9328186],[129.515666,35.9327811],[129.5156318,35.9327266],[129.5155406,35.9326799],[129.5155464,35.9326555],[129.515594,35.9325774],[129.5156595,35.9326195],[129.5156228,35.932561],[129.5156678,35.9325841],[129.515777,35.9326727],[129.5158102,35.9326671],[129.5159028,35.9327459],[129.5156741,35.9328644],[129.5156927,35.9328994],[129.5157213,35.9329206],[129.5157545,35.9329221],[129.5159576,35.9328095],[129.5159989,35.9327581],[129.5159915,35.9325126],[129.5160144,35.9323944],[129.5159167,35.9323317],[129.5157642,35.9322475],[129.5157384,35.9322168],[129.5157084,35.9321915],[129.5157341,35.9322593],[129.5158595,35.9323182],[129.5159697,35.932425],[129.5159455,35.9325413],[129.5158986,35.9325448],[129.5159075,35.9325791],[129.5159577,35.9326044],[129.5159556,35.9327406],[129.5157303,35.9325522],[129.5156322,35.9324655],[129.5155182,35.9323906],[129.5154368,35.9323415],[129.5154404,35.9323133],[129.5154226,35.9322815],[129.5154903,35.9322804],[129.5155178,35.9322515],[129.5154864,35.9321892],[129.5153485,35.9321067],[129.5153201,35.9321086],[129.515262,35.93207],[129.5152179,35.9321173],[129.5151571,35.9321277],[129.5151008,35.932132],[129.5150919,35.9321539],[129.5150664,35.9321703],[129.5149963,35.9321702],[129.5150083,35.932217],[129.5150732,35.9322454],[129.5151361,35.9322525],[129.5152558,35.9323564],[129.5153514,35.9323422],[129.51547,35.9324234],[129.5153967,35.9324036],[129.5153668,35.9324267],[129.5153011,35.9324022],[129.51528,35.9324235],[129.5152071,35.9324332],[129.5151787,35.932416],[129.5151012,35.9323202],[129.5150224,35.9323027],[129.5149502,35.932264],[129.5148863,35.9323215],[129.5147521,35.9323512],[129.5146829,35.9323272],[129.5146866,35.9322889],[129.5146597,35.9322602],[129.5145694,35.9322233],[129.5145743,35.932146],[129.5146014,35.9321229],[129.5146957,35.9321252],[129.5146948,35.9320983],[129.514761,35.9321223],[129.5147583,35.9321619],[129.5147985,35.9321847],[129.514911,35.9322318],[129.5149626,35.9321566],[129.5150959,35.9320977],[129.5150851,35.9320099],[129.5150478,35.9319783],[129.5150397,35.9319477],[129.5150608,35.9319358],[129.515034,35.9318952],[129.5149324,35.9318407],[129.5149687,35.9318275],[129.515065,35.9318704],[129.5151964,35.9319826],[129.5152428,35.9319505],[129.515275,35.9319832],[129.5152964,35.93204],[129.5153446,35.9320809],[129.5154056,35.9320948],[129.5154572,35.9320837],[129.5155101,35.9321046],[129.5155716,35.9321633],[129.5156298,35.9321574],[129.5157312,35.9321332],[129.5156695,35.9320602],[129.5156337,35.9320891],[129.5154484,35.9319938],[129.5154419,35.9319682],[129.5155624,35.9320064],[129.5156508,35.9320177],[129.5156881,35.9320073],[129.5157988,35.9321227],[129.5158729,35.9322469],[129.5159496,35.9322701],[129.5160071,35.9323374],[129.5160757,35.9323371],[129.5160881,35.9324111],[129.51612,35.932411],[129.5161622,35.9323379],[129.5161332,35.9323138],[129.5160982,35.9323047],[129.5160845,35.9322196],[129.5161046,35.9322091],[129.5161262,35.9322439],[129.5162532,35.9323589],[129.5163342,35.9324508],[129.5162938,35.9324496],[129.5163816,35.9325106],[129.5164458,35.9325271],[129.5165409,35.9326032],[129.516612,35.9326249],[129.5166477,35.9325854],[129.5168481,35.9326302],[129.5167263,35.9326467],[129.5167749,35.9326776],[129.5169031,35.9326983],[129.5169862,35.9326529],[129.5171439,35.9327571],[129.5172427,35.9327607],[129.5173464,35.932818],[129.5173847,35.932802],[129.5174486,35.9328399],[129.517631,35.9328645],[129.5177345,35.9329062],[129.5177732,35.9329377],[129.5178517,35.9329598],[129.5179801,35.9329856],[129.5179877,35.9330064],[129.5179505,35.9330183],[129.5179076,35.9330101],[129.5179326,35.9330345],[129.5180038,35.9330282],[129.5179642,35.9330817],[129.5179819,35.9331006],[129.5180941,35.9331116],[129.5182099,35.9331095],[129.5182398,35.9330848],[129.5181526,35.933087],[129.5180562,35.9330751],[129.5180309,35.933026],[129.5180914,35.9330298],[129.518158,35.9330526],[129.518234,35.9330548],[129.5182791,35.9330435],[129.5182909,35.9329972],[129.51834,35.9330055],[129.5184424,35.9329736],[129.518457,35.9330128],[129.5183946,35.9330712],[129.5185232,35.9332416],[129.5185111,35.9333615],[129.5185726,35.9333811],[129.5186144,35.9333558],[129.5186583,35.9333782],[129.5186814,35.9334562],[129.5185846,35.9334619],[129.5185258,35.9334274],[129.518503,35.9334395],[129.5185184,35.9334859],[129.518486,35.9335547],[129.5184842,35.9336113],[129.5184987,35.933616],[129.5185281,35.9335585],[129.5185851,35.9334985],[129.5186456,35.9335202],[129.5186759,35.933557],[129.5187446,35.9335184],[129.5187538,35.9334833],[129.5187587,35.933452],[129.5188169,35.933441],[129.5188285,35.9334402],[129.5188555,35.9334061],[129.5189535,35.9334046],[129.5189224,35.9334857],[129.51879,35.9335807],[129.5187206,35.933573],[129.5186501,35.9335896],[129.5186144,35.9336203],[129.5185355,35.9336517],[129.5185047,35.9337087],[129.5184637,35.93372],[129.518383,35.9338251],[129.5184243,35.933863],[129.518484,35.9338823],[129.5185462,35.9337879],[129.5185812,35.9337952],[129.5186142,35.9338898],[129.5187217,35.9339281],[129.5187882,35.9338781],[129.5189444,35.9339242],[129.5188918,35.9339771],[129.5186584,35.9339796],[129.5187071,35.9340322],[129.5188117,35.9340772],[129.5188401,35.9341087],[129.5190256,35.934151],[129.5190497,35.9342024],[129.5191106,35.9342232],[129.5192112,35.9342159],[129.5192219,35.9341817],[129.5192884,35.9341712],[129.5194151,35.9340531],[129.5194449,35.9340795],[129.519477,35.9341189],[129.5194275,35.9341984],[129.5194435,35.934222],[129.5195001,35.9341998],[129.5195594,35.934257],[129.5195869,35.9342604],[129.5195985,35.9342512],[129.51953,35.9341875],[129.5195509,35.9341034],[129.5195947,35.9340754],[129.5196362,35.9340954],[129.519671,35.9340858],[129.5196716,35.934044],[129.5197055,35.934034],[129.5197361,35.9340461],[129.5198188,35.933973],[129.519872,35.9339697],[129.5198767,35.9339187],[129.5199143,35.9339195],[129.519947,35.9339497],[129.520002,35.9339623],[129.5200546,35.9339487],[129.5200615,35.9339243],[129.5199389,35.9338767],[129.5199271,35.9338799],[129.5199125,35.9339015],[129.5198479,35.9338919],[129.5197171,35.9338759],[129.5197255,35.933827],[129.5197457,35.933803],[129.5197805,35.9338],[129.5198996,35.9338142],[129.5199195,35.9338018],[129.519731,35.9337355],[129.5197997,35.9336915],[129.5198567,35.9336932],[129.5200334,35.9337509],[129.5200565,35.933779],[129.5201342,35.9337454],[129.5201908,35.9337642],[129.5201749,35.9338087],[129.5202612,35.9338363],[129.5203852,35.9338604],[129.5203498,35.9338231],[129.520369,35.9337847],[129.520227,35.9337414],[129.5201479,35.9337282],[129.5199653,35.9336889],[129.5199638,35.9336597],[129.5201424,35.9336756],[129.5202352,35.9337009],[129.5203436,35.9337135],[129.5204306,35.9336963],[129.5205461,35.933681],[129.5205291,35.9337056],[129.5204363,35.9337392],[129.5204419,35.9337568],[129.5205429,35.933752],[129.5206118,35.9337585],[129.520678,35.9337797],[129.5206959,35.9338148],[129.5207265,35.9338389],[129.5205847,35.9338135],[129.5205171,35.9338285],[129.5205372,35.933882],[129.5206224,35.9338934],[129.5207342,35.9338985],[129.5208848,35.9339711],[129.5209466,35.9339714],[129.5209344,35.9339899],[129.5209778,35.9340602],[129.5209133,35.9340989],[129.5208765,35.9341465],[129.5208759,35.93421],[129.5208495,35.9342661],[129.5208152,35.9342578],[129.5207964,35.9342305],[129.5207058,35.9342241],[129.5207022,35.93426],[129.520607,35.9342832],[129.5206192,35.9343467],[129.5204147,35.9344724],[129.5206556,35.9346726],[129.5209657,35.934729],[129.5212272,35.9347987],[129.5214632,35.9347028],[129.5215538,35.9347756],[129.5215873,35.9348008],[129.5215804,35.9348574],[129.5215225,35.9349064],[129.5214939,35.9349594],[129.5215097,35.9350286],[129.5215059,35.935173],[129.5214687,35.9351828],[129.5214518,35.9351905],[129.5214584,35.9352176],[129.5214982,35.9352588],[129.5214961,35.935353],[129.5214728,35.935484],[129.5213913,35.9356101],[129.5209994,35.9360264],[129.5206525,35.9359511],[129.5196308,35.9357462]],[[129.5209684,35.9353154],[129.5208432,35.9353856],[129.5207084,35.9354188],[129.5207454,35.9354746],[129.5207895,35.9355032],[129.5208221,35.9355744],[129.520879,35.9355972],[129.5209294,35.9355662],[129.5209705,35.9355113],[129.5209633,35.9354621],[129.5210148,35.935394],[129.5209684,35.9353154]],[[129.5206297,35.9341102],[129.5206159,35.9341348],[129.5205638,35.9341365],[129.5205754,35.9341981],[129.5205144,35.9342091],[129.5205551,35.9342554],[129.5205895,35.9342662],[129.5206353,35.9342471],[129.5205989,35.9342084],[129.5206241,35.9341758],[129.5207661,35.9342014],[129.5207895,35.9341606],[129.5208171,35.9340915],[129.520807,35.9340644],[129.5208307,35.9340431],[129.5206937,35.9340081],[129.5206769,35.9340294],[129.520615,35.9340105],[129.5205071,35.9340112],[129.520504,35.9340156],[129.5206636,35.9340506],[129.5206297,35.9341102]],[[129.5179261,35.9335554],[129.5177632,35.9337025],[129.5178328,35.9337412],[129.5179037,35.9336579],[129.5179804,35.9337131],[129.5180195,35.9336765],[129.5179996,35.9336455],[129.5180327,35.9336107],[129.5179906,35.9335729],[129.5179261,35.9335554]],[[129.5180805,35.9334215],[129.5180487,35.9334323],[129.5181082,35.933451],[129.518121,35.9334867],[129.518072,35.9336042],[129.5181497,35.9336613],[129.518199,35.9336634],[129.5182061,35.9335696],[129.5181933,35.9335023],[129.5182182,35.9334598],[129.5181676,35.9334385],[129.5180805,35.9334215]],[[129.5182906,35.9331717],[129.51824,35.9331898],[129.5182889,35.9332155],[129.5182412,35.9332831],[129.5182142,35.9332882],[129.5181911,35.9333095],[129.5181999,35.933349],[129.5182815,35.9333177],[129.5183625,35.9332097],[129.5183383,35.9331765],[129.5182906,35.9331717]],[[129.5183084,35.9330516],[129.5182808,35.9330741],[129.5182623,35.9331296],[129.5181808,35.93315],[129.5181163,35.933173],[129.5181744,35.9332196],[129.5181275,35.9332318],[129.5180458,35.9331826],[129.5180385,35.9331875],[129.5181251,35.9332401],[129.5181692,35.9332397],[129.5182096,35.9332045],[129.518302,35.9331299],[129.5183283,35.9330683],[129.5183084,35.9330516]],[[129.5182937,35.9334425],[129.518295,35.9334891],[129.5182762,35.9335261],[129.5183283,35.9335572],[129.5183599,35.9336284],[129.5183863,35.9336133],[129.5183667,35.9335806],[129.5183932,35.9335559],[129.5183703,35.9334766],[129.5183441,35.933453],[129.5182937,35.9334425]],[[129.5156024,35.9328673],[129.5155339,35.9328846],[129.5155537,35.932957],[129.5155919,35.9329844],[129.5156325,35.9329999],[129.5156679,35.9329812],[129.515636,35.9329385],[129.5156024,35.9328673]],[[129.5199667,35.9338268],[129.5199957,35.9338543],[129.5200747,35.933895],[129.5201093,35.9338892],[129.5200487,35.9338456],[129.5199667,35.9338268]],[[129.5182006,35.9332299],[129.5181372,35.9332667],[129.5180941,35.9332541],[129.5180718,35.9332608],[129.5181173,35.9332846],[129.5181582,35.933278],[129.5182067,35.9332356],[129.5182006,35.9332299]]]]}},{"type":"Feature","properties":{"r":566,"k":0,"d":155.6},"geometry":{"type":"MultiPolygon","coordinates":[[[[129.5261929,35.9350415],[129.5262071,35.9351351],[129.526192,35.9351795],[129.5260981,35.9352122],[129.5260361,35.9352037],[129.5259601,35.9352519],[129.5257919,35.9348811],[129.525752,35.9348686],[129.5257464,35.9348117],[129.5259242,35.9347508],[129.5260751,35.9348311],[129.5261405,35.9348986],[129.5261466,35.9349644],[129.5261929,35.9350415]]]]}},{"type":"Feature","properties":{"r":661,"k":0,"d":190.7},"geometry":{"type":"MultiPolygon","coordinates":[[[[129.5217625,35.9348184],[129.5217954,35.9348484],[129.5218518,35.9348641],[129.521847,35.9349075],[129.5218671,35.9349303],[129.5218383,35.9349773],[129.5217975,35.9349431],[129.521792,35.9349037],[129.5217264,35.9348695],[129.5217366,35.9348204],[129.5217625,35.9348184]]]]}},{"type":"Feature","properties":{"r":106,"k":0,"d":37.5},"geometry":{"type":"MultiPolygon","coordinates":[[[[129.5207379,35.9324015],[129.5207693,35.9323057],[129.5207247,35.932292],[129.5207574,35.9322397],[129.5208818,35.932297],[129.5208089,35.9323943],[129.5207615,35.9324107],[129.5207379,35.9324015]]]]}},{"type":"Feature","properties":{"r":377,"k":0,"d":105.4},"geometry":{"type":"MultiPolygon","coordinates":[[[[129.517258,35.926345],[129.5170126,35.9263409],[129.5170206,35.926201],[129.5172752,35.9261945],[129.517258,35.926345]]]]}},{"type":"Feature","properties":{"r":476,"k":0,"d":134.1},"geometry":{"type":"MultiPolygon","coordinates":[[[[129.5260896,35.9346411],[129.5258995,35.9346545],[129.5258865,35.9346048],[129.5258969,35.9345793],[129.526006,35.9345131],[129.5260929,35.9345956],[129.5260896,35.9346411]]]]}},{"type":"Feature","properties":{"r":450,"k":0,"d":127.6},"geometry":{"type":"MultiPolygon","coordinates":[[[[129.5168598,35.9236241],[129.5169771,35.9236637],[129.5169914,35.9236854],[129.5169442,35.9237134],[129.5168737,35.923733],[129.5168007,35.9237396],[129.5167679,35.9237542],[129.5168508,35.9236211],[129.5168598,35.9236241]]]]}},{"type":"Feature","properties":{"r":200,"k":0,"d":61.9},"geometry":{"type":"MultiPolygon","coordinates":[[[[129.5175793,35.9218685],[129.5177969,35.9218708],[129.5177973,35.9219163],[129.5177775,35.9219539],[129.5177292,35.9220721],[129.5176996,35.9222479],[129.5175607,35.922311],[129.5174869,35.9224557],[129.5174204,35.9224599],[129.5173623,35.9225319],[129.517378,35.922565],[129.5173774,35.922621],[129.5173738,35.922624],[129.5172798,35.9225616],[129.5172271,35.9224525],[129.5172186,35.9223848],[129.5173287,35.9220722],[129.5173411,35.9220141],[129.5173523,35.9218952],[129.5175038,35.9218917],[129.5175021,35.9219132],[129.5175693,35.9219193],[129.5175793,35.9218685]]]]}},{"type":"Feature","properties":{"r":234,"k":0,"d":71.6},"geometry":{"type":"MultiPolygon","coordinates":[[[[129.5239365,35.9342724],[129.5239598,35.9341697],[129.5240329,35.9341909],[129.5240632,35.9342013],[129.5240742,35.9342099],[129.5240817,35.9342269],[129.5240831,35.9342459],[129.52408,35.934255],[129.5240741,35.9342623],[129.5240625,35.9342708],[129.5240435,35.9342735],[129.5239915,35.9342748],[129.5239365,35.9342724]]]]}},{"type":"Feature","properties":{"r":290,"k":0,"d":85.7},"geometry":{"type":"MultiPolygon","coordinates":[[[[129.5236696,35.9343681],[129.5236499,35.9343217],[129.5236587,35.9343023],[129.5237103,35.9342811],[129.5238843,35.9343205],[129.5239718,35.934335],[129.5239224,35.9344938],[129.5236696,35.9343681]]]]}},{"type":"Feature","properties":{"r":249,"k":0,"d":76.2},"geometry":{"type":"MultiPolygon","coordinates":[[[[129.5235845,35.9343122],[129.5236094,35.9342601],[129.5237239,35.9342297],[129.5238744,35.9342638],[129.5239365,35.9342724],[129.5239915,35.9342748],[129.5240435,35.9342735],[129.5240625,35.9342708],[129.5240741,35.9342623],[129.52408,35.934255],[129.5240831,35.9342459],[129.5240817,35.9342269],[129.5243095,35.9342202],[129.5245513,35.9342665],[129.5246939,35.9343175],[129.5246012,35.9343115],[129.5245423,35.9343168],[129.5243303,35.9343245],[129.5243289,35.9343091],[129.5241366,35.9343177],[129.5241302,35.9344658],[129.5243417,35.9344485],[129.5241289,35.9344962],[129.5241483,35.9346253],[129.5240935,35.934583],[129.5241104,35.9345811],[129.5241065,35.9343389],[129.5239718,35.934335],[129.5238843,35.9343205],[129.5237103,35.9342811],[129.5236587,35.9343023],[129.5236499,35.9343217],[129.5235845,35.9343122]]]]}},{"type":"Feature","properties":{"r":313,"k":0,"d":88.5},"geometry":{"type":"MultiPolygon","coordinates":[[[[129.5246974,35.9344451],[129.5247267,35.9343883],[129.5247545,35.9343407],[129.5247648,35.934328],[129.5248645,35.9343482],[129.5249814,35.9343768],[129.5249388,35.9345154],[129.5246974,35.9344451]]]]}},{"type":"Feature","properties":{"r":494,"k":0,"d":139.3},"geometry":{"type":"MultiPolygon","coordinates":[[[[129.5181247,35.9308962],[129.5181702,35.930846],[129.5183886,35.9309691],[129.51849,35.9310728],[129.5184195,35.9311493],[129.5182429,35.9309871],[129.5181247,35.9308962]]]]}},{"type":"Feature","properties":{"r":616,"k":0,"d":175.1},"geometry":{"type":"MultiPolygon","coordinates":[[[[129.5190512,35.9328035],[129.518499,35.9324884],[129.5186633,35.9322988],[129.5192148,35.9326147],[129.5190512,35.9328035]]]]}},{"type":"Feature","properties":{"r":519,"k":0,"d":144.4},"geometry":{"type":"MultiPolygon","coordinates":[[[[129.5166848,35.9256215],[129.5166676,35.9255634],[129.5167012,35.9255726],[129.5167715,35.9255715],[129.5167877,35.9256175],[129.5166848,35.9256215]]]]}},{"type":"Feature","properties":{"r":515,"k":0,"d":143.8},"geometry":{"type":"MultiPolygon","coordinates":[[[[129.5167426,35.9252536],[129.516679,35.9252633],[129.5165894,35.9252645],[129.516572,35.9252202],[129.5165827,35.9251637],[129.5165816,35.9250841],[129.5165739,35.9250394],[129.5167154,35.9249936],[129.5167414,35.9249727],[129.516769,35.9249798],[129.5167437,35.9250618],[129.5167386,35.9251652],[129.5167426,35.9252536]]]]}},{"type":"Feature","properties":{"r":231,"k":0,"d":71.5},"geometry":{"type":"MultiPolygon","coordinates":[[[[129.519404,35.9314069],[129.5194099,35.9313977],[129.5196262,35.9315002],[129.5196186,35.9315194],[129.519404,35.9314069]]]]}},{"type":"Feature","properties":{"r":137,"k":0,"d":47.0},"geometry":{"type":"MultiPolygon","coordinates":[[[[129.5213577,35.9334436],[129.5214009,35.9333656],[129.5213775,35.9333386],[129.5213755,35.9333008],[129.5213201,35.9332237],[129.5213729,35.9331866],[129.5215248,35.9330623],[129.5215651,35.9330683],[129.5216696,35.9331804],[129.5216062,35.9333183],[129.5215303,35.9333849],[129.5214924,35.9334809],[129.5213577,35.9334436]]]]}},{"type":"Feature","properties":{"r":388,"k":0,"d":107.8},"geometry":{"type":"MultiPolygon","coordinates":[[[[129.5173324,35.9268586],[129.5172834,35.9268578],[129.5172815,35.926819],[129.5172781,35.9267807],[129.5172747,35.9267079],[129.5173324,35.9268586]]]]}},{"type":"Feature","properties":{"r":133,"k":0,"d":45.5},"geometry":{"type":"MultiPolygon","coordinates":[[[[129.517691,35.9232244],[129.5177401,35.9232168],[129.5178606,35.9232258],[129.5178833,35.9232352],[129.5179038,35.9232462],[129.5179111,35.9232683],[129.5179136,35.9232884],[129.5178793,35.9235092],[129.5178395,35.923804],[129.517817,35.9238878],[129.5178103,35.9239069],[129.5177733,35.9239929],[129.5177341,35.9239804],[129.5176881,35.9236873],[129.5176849,35.9235664],[129.5176681,35.9234965],[129.5176783,35.9234777],[129.517691,35.9232244]]]]}},{"type":"Feature","properties":{"r":588,"k":0,"d":161.1},"geometry":{"type":"MultiPolygon","coordinates":[[[[129.5164263,35.9229963],[129.516256,35.9231047],[129.5159481,35.9226914],[129.5158796,35.9219719],[129.5158117,35.9215887],[129.5158687,35.9211958],[129.516171,35.9213569],[129.5162613,35.9214522],[129.5163436,35.921543],[129.516396,35.9215172],[129.5164488,35.9215255],[129.5164962,35.9215014],[129.5166646,35.9216217],[129.5165862,35.9219737],[129.5165072,35.9222598],[129.516476,35.9222937],[129.5164502,35.9223445],[129.516408,35.922524],[129.5164531,35.9227099],[129.5164866,35.9227863],[129.5165336,35.9228546],[129.5166059,35.9228941],[129.5164263,35.9229963]]]]}},{"type":"Feature","properties":{"r":457,"k":0,"d":129.2},"geometry":{"type":"MultiPolygon","coordinates":[[[[129.5168601,35.9227695],[129.5168243,35.9227802],[129.5167835,35.9227499],[129.516561,35.9222724],[129.5165072,35.9222598],[129.5165862,35.9219737],[129.5166646,35.9216217],[129.5164962,35.9215014],[129.5164739,35.9214429],[129.5163467,35.9212612],[129.5163304,35.9211719],[129.5169314,35.9211721],[129.5169433,35.9211988],[129.5168856,35.9212471],[129.5167768,35.9212785],[129.5167286,35.9212629],[129.5166924,35.921269],[129.5167674,35.9212973],[129.5168675,35.9212959],[129.5168633,35.921473],[129.5168551,35.9215668],[129.5167985,35.921842],[129.5167723,35.922145],[129.5167181,35.9222987],[129.5167438,35.9223394],[129.5167178,35.9223866],[129.5168628,35.9226542],[129.5168601,35.9227695]]]]}},{"type":"Feature","properties":{"r":80,"k":0,"d":32.4},"geometry":{"type":"MultiPolygon","coordinates":[[[[129.5179106,35.9241172],[129.5178981,35.924112],[129.5179493,35.924067],[129.5179589,35.9240059],[129.5179612,35.923951],[129.5180259,35.9239797],[129.518027,35.9240568],[129.5179936,35.9241513],[129.5179106,35.9241172]]]]}},{"type":"Feature","properties":{"r":322,"k":0,"d":89.9},"geometry":{"type":"MultiPolygon","coordinates":[[[[129.5173989,35.9260139],[129.5174279,35.9260105],[129.5174285,35.9260152],[129.5173989,35.9260139]]]]}},{"type":"Feature","properties":{"r":42,"k":0,"d":23.2},"geometry":{"type":"MultiPolygon","coordinates":[[[[129.5220124,35.9332907],[129.522098,35.9331997],[129.5222539,35.9333242],[129.522168,35.9334062],[129.5220124,35.9332907]]]]}},{"type":"Feature","properties":{"r":224,"k":0,"d":69.4},"geometry":{"type":"MultiPolygon","coordinates":[[[[129.5210636,35.9331669],[129.5210475,35.9331509],[129.5210729,35.9331388],[129.5211364,35.9330747],[129.5212457,35.9331362],[129.5212809,35.9331129],[129.5213311,35.933152],[129.5211974,35.933246],[129.5210636,35.9331669]]]]}},{"type":"Feature","properties":{"r":223,"k":0,"d":69.3},"geometry":{"type":"MultiPolygon","coordinates":[[[[129.5211364,35.9330747],[129.5211427,35.9330684],[129.5211656,35.9330516],[129.5212598,35.9330962],[129.5212809,35.9331129],[129.5212457,35.9331362],[129.5211364,35.9330747]]]]}},{"type":"Feature","properties":{"r":578,"k":0,"d":159.8},"geometry":{"type":"MultiPolygon","coordinates":[[[[129.5253877,35.9349159],[129.5254787,35.934961],[129.5255461,35.9350079],[129.5256294,35.9351422],[129.5257379,35.935335],[129.5255254,35.9352204],[129.5253877,35.9349159]]]]}},{"type":"Feature","properties":{"r":265,"k":0,"d":80.4},"geometry":{"type":"MultiPolygon","coordinates":[[[[129.5212276,35.9335115],[129.5212827,35.9334221],[129.5215186,35.9334885],[129.521494,35.9335507],[129.5214329,35.9335863],[129.5212276,35.9335115]]]]}},{"type":"Feature","properties":{"r":613,"k":0,"d":173.3},"geometry":{"type":"MultiPolygon","coordinates":[[[[129.5161128,35.9251642],[129.51621,35.9251221],[129.5162995,35.9250898],[129.5163537,35.9251769],[129.5164229,35.9252222],[129.5164478,35.9252458],[129.5164036,35.9252776],[129.5163491,35.9253377],[129.5163158,35.9253636],[129.5162627,35.9253239],[129.5162159,35.9252729],[129.5162002,35.9252696],[129.5161128,35.9251642]]]]}},{"type":"Feature","properties":{"r":183,"k":0,"d":56.6},"geometry":{"type":"MultiPolygon","coordinates":[[[[129.5176609,35.92421],[129.5174987,35.9241489],[129.5173853,35.9240861],[129.5172321,35.924056],[129.5171228,35.9240544],[129.5170273,35.9240334],[129.5169833,35.9240347],[129.5172097,35.923899],[129.5173914,35.9237876],[129.5175155,35.9237207],[129.5175479,35.9236937],[129.5175802,35.9236571],[129.5175949,35.9236298],[129.5176117,35.9236174],[129.5176316,35.9235724],[129.5176849,35.9235664],[129.5176881,35.9236873],[129.5177317,35.9239595],[129.5177548,35.9241584],[129.5176609,35.92421]]]]}},{"type":"Feature","properties":{"r":53,"k":0,"d":25.7},"geometry":{"type":"MultiPolygon","coordinates":[[[[129.5198149,35.9311495],[129.5197108,35.9310348],[129.519803,35.9309786],[129.5198983,35.9310762],[129.5198149,35.9311495]]]]}},{"type":"Feature","properties":{"r":581,"k":0,"d":160.3},"geometry":{"type":"MultiPolygon","coordinates":[[[[129.5215531,35.9344268],[129.5216458,35.9344547],[129.5217089,35.9344994],[129.5216894,35.934523],[129.5216168,35.9344779],[129.5215671,35.9344569],[129.5215531,35.9344268]]]]}},{"type":"Feature","properties":{"r":464,"k":0,"d":130.9},"geometry":{"type":"MultiPolygon","coordinates":[[[[129.5168605,35.920943],[129.5168101,35.9209108],[129.5168191,35.9206993],[129.5168898,35.9206558],[129.5169104,35.9208174],[129.5169137,35.9208227],[129.516879,35.9208659],[129.5168541,35.9208905],[129.5168605,35.920943]]]]}},{"type":"Feature","properties":{"r":470,"k":0,"d":131.9},"geometry":{"type":"MultiPolygon","coordinates":[[[[129.5194534,35.9322663],[129.5194972,35.9322839],[129.5195167,35.9323146],[129.5194534,35.9322663]]]]}},{"type":"Feature","properties":{"r":255,"k":0,"d":78.0},"geometry":{"type":"MultiPolygon","coordinates":[[[[129.5175736,35.9275198],[129.5173307,35.9274754],[129.517362,35.9274056],[129.517317,35.9272653],[129.5172548,35.9271774],[129.5177081,35.9271405],[129.5177304,35.927351],[129.5177029,35.9273572],[129.51759,35.9273886],[129.5175748,35.9274947],[129.5175736,35.9275198]]]]}},{"type":"Feature","properties":{"r":374,"k":0,"d":104.9},"geometry":{"type":"MultiPolygon","coordinates":[[[[129.5200294,35.9329456],[129.5201533,35.9328336],[129.5201307,35.9328014],[129.5201995,35.9328144],[129.5202231,35.932748],[129.5204272,35.9328096],[129.5204091,35.9328287],[129.520343,35.9328554],[129.5203002,35.9329221],[129.5202944,35.9329967],[129.5202692,35.9330349],[129.5201904,35.9329541],[129.5200924,35.9330329],[129.5200435,35.9329621],[129.5200294,35.9329456]]]]}},{"type":"Feature","properties":{"r":663,"k":0,"d":192.0},"geometry":{"type":"MultiPolygon","coordinates":[[[[129.5160624,35.9286979],[129.516071,35.9286702],[129.516118,35.9286667],[129.5163318,35.9286977],[129.51644,35.928704],[129.5164854,35.9286987],[129.5165474,35.9286381],[129.5165926,35.9286214],[129.5167328,35.9286384],[129.5167991,35.9286478],[129.5167844,35.9287184],[129.5167799,35.9288303],[129.5167316,35.928828],[129.5166093,35.9288439],[129.5165744,35.9288547],[129.5164527,35.9288735],[129.5160699,35.9287674],[129.5160624,35.9286979]]]]}},{"type":"Feature","properties":{"r":267,"k":0,"d":80.9},"geometry":{"type":"MultiPolygon","coordinates":[[[[129.5173185,35.9268223],[129.5172706,35.9266972],[129.5172527,35.9264571],[129.5172503,35.9264126],[129.5172767,35.9261812],[129.5174518,35.9262133],[129.5174227,35.9263794],[129.5174439,35.9264357],[129.5174809,35.9264587],[129.5175494,35.9264656],[129.5176009,35.926639],[129.517558,35.9266481],[129.5175905,35.9267576],[129.5175895,35.9267782],[129.5175338,35.9268103],[129.5174304,35.9268241],[129.5173185,35.9268223]]]]}},{"type":"Feature","properties":{"r":341,"k":0,"d":93.3},"geometry":{"type":"MultiPolygon","coordinates":[[[[129.5203338,35.9328698],[129.520343,35.9328554],[129.5204091,35.9328287],[129.5204442,35.9327916],[129.5206712,35.9328777],[129.5206205,35.9329526],[129.5206087,35.932975],[129.5203338,35.9328698]]]]}},{"type":"Feature","properties":{"r":659,"k":0,"d":190.5},"geometry":{"type":"MultiPolygon","coordinates":[[[[129.5231352,35.9352362],[129.522991,35.9352466],[129.5228833,35.9351883],[129.5228963,35.935129],[129.5229214,35.9351203],[129.5229348,35.9351202],[129.522981,35.9351904],[129.5231487,35.9351959],[129.5231352,35.9352362]]]]}},{"type":"Feature","properties":{"r":339,"k":0,"d":93.0},"geometry":{"type":"MultiPolygon","coordinates":[[[[129.5185534,35.930852],[129.518453,35.9307933],[129.5186864,35.9305888],[129.5188964,35.9307995],[129.5188679,35.9308221],[129.518842,35.9308656],[129.5187997,35.9309587],[129.5187628,35.9309491],[129.5185534,35.930852]]]]}},{"type":"Feature","properties":{"r":657,"k":0,"d":189.6},"geometry":{"type":"MultiPolygon","coordinates":[[[[129.5162906,35.9261762],[129.516263,35.9261822],[129.5161944,35.9261792],[129.5161897,35.9261398],[129.5161803,35.9260965],[129.5162153,35.9260634],[129.5162582,35.9260452],[129.5163229,35.9260446],[129.5163319,35.9261421],[129.5163242,35.926169],[129.5162906,35.9261762]]]]}},{"type":"Feature","properties":{"r":617,"k":0,"d":175.4},"geometry":{"type":"MultiPolygon","coordinates":[[[[129.5164403,35.9256455],[129.5164309,35.925642],[129.5164219,35.9255976],[129.5164204,35.9255594],[129.5164314,35.9255282],[129.5164382,35.9255324],[129.5164282,35.9255596],[129.5164292,35.9255961],[129.5164403,35.9256455]]]]}},{"type":"Feature","properties":{"r":387,"k":0,"d":107.7},"geometry":{"type":"MultiPolygon","coordinates":[[[[129.5171198,35.9248871],[129.5170946,35.9248735],[129.5170252,35.924867],[129.5169767,35.9248587],[129.5169371,35.9248495],[129.5169605,35.9247883],[129.5170313,35.924703],[129.517055,35.9246924],[129.517114,35.9246998],[129.5171603,35.9247163],[129.5171772,35.9247361],[129.517148,35.9248646],[129.5171198,35.9248871]]]]}},{"type":"Feature","properties":{"r":369,"k":0,"d":103.7},"geometry":{"type":"MultiPolygon","coordinates":[[[[129.5190776,35.931813],[129.5190491,35.9317714],[129.5191235,35.9316847],[129.5192046,35.9315994],[129.5192708,35.9315947],[129.5190776,35.931813]]]]}},{"type":"Feature","properties":{"r":233,"k":0,"d":71.6},"geometry":{"type":"MultiPolygon","coordinates":[[[[129.5200765,35.9321057],[129.5200543,35.9320478],[129.5200798,35.9320264],[129.5200988,35.9320202],[129.5201243,35.9320496],[129.5201384,35.932094],[129.5200765,35.9321057]]]]}},{"type":"Feature","properties":{"r":214,"k":0,"d":65.5},"geometry":{"type":"MultiPolygon","coordinates":[[[[129.5176864,35.9232018],[129.5176918,35.9232086],[129.5176783,35.9234777],[129.5176681,35.9234965],[129.5176559,35.9234461],[129.5176733,35.9232428],[129.5176864,35.9232018]]]]}},{"type":"Feature","properties":{"r":623,"k":0,"d":177.1},"geometry":{"type":"MultiPolygon","coordinates":[[[[129.5164545,35.9234782],[129.5163723,35.9234926],[129.5162825,35.9234896],[129.5162398,35.9234174],[129.5162467,35.9233385],[129.5163096,35.9233121],[129.5163966,35.9233498],[129.5164337,35.9233974],[129.5164545,35.9234782]]]]}},{"type":"Feature","properties":{"r":498,"k":0,"d":140.4},"geometry":{"type":"MultiPolygon","coordinates":[[[[129.5257464,35.9348117],[129.525752,35.9348686],[129.5256906,35.9348494],[129.5256329,35.934815],[129.525578,35.9347656],[129.5255523,35.9347664],[129.5255333,35.9347259],[129.5256424,35.9346854],[129.5257154,35.9346995],[129.5257464,35.9348117]]]]}},{"type":"Feature","properties":{"r":529,"k":0,"d":147.2},"geometry":{"type":"MultiPolygon","coordinates":[[[[129.5222805,35.9347745],[129.5222301,35.9348044],[129.522112,35.9347764],[129.5220801,35.9347204],[129.5221056,35.934655],[129.5220906,35.9345877],[129.5220228,35.9345423],[129.521889,35.9344991],[129.5218455,35.9344519],[129.5218563,35.9344289],[129.5220015,35.9344756],[129.5220766,35.9345337],[129.5221762,35.9345792],[129.5221905,35.9346282],[129.5221567,35.9346725],[129.5221606,35.9347179],[129.5222314,35.9347655],[129.5222805,35.9347745]]]]}},{"type":"Feature","properties":{"r":237,"k":0,"d":72.0},"geometry":{"type":"MultiPolygon","coordinates":[[[[129.5189717,35.9307815],[129.5189619,35.9307588],[129.5190651,35.9306949],[129.519107,35.9307204],[129.5189717,35.9307815]]]]}},{"type":"Feature","properties":{"r":332,"k":0,"d":92.3},"geometry":{"type":"MultiPolygon","coordinates":[[[[129.5171884,35.9257359],[129.5172166,35.9256975],[129.5173651,35.9256612],[129.5173734,35.9257771],[129.5173785,35.9257761],[129.5173774,35.9257799],[129.5172507,35.9257956],[129.5172062,35.9257629],[129.5172059,35.9257551],[129.5171884,35.9257359]]]]}},{"type":"Feature","properties":{"r":258,"k":0,"d":79.3},"geometry":{"type":"MultiPolygon","coordinates":[[[[129.5176009,35.926639],[129.5176355,35.9267557],[129.517628,35.9268511],[129.5175977,35.9268559],[129.5175286,35.9268475],[129.5174335,35.9268602],[129.5173324,35.9268586],[129.5173185,35.9268223],[129.5174304,35.9268241],[129.5175338,35.9268103],[129.5175895,35.9267782],[129.5175905,35.9267576],[129.517558,35.9266481],[129.5176009,35.926639]]]]}},{"type":"Feature","properties":{"r":144,"k":0,"d":48.3},"geometry":{"type":"MultiPolygon","coordinates":[[[[129.5192472,35.9305446],[129.519255,35.9305394],[129.5193371,35.9306164],[129.5193312,35.9306203],[129.5192472,35.9305446]]]]}},{"type":"Feature","properties":{"r":246,"k":0,"d":74.9},"geometry":{"type":"MultiPolygon","coordinates":[[[[129.5207526,35.9330434],[129.5207777,35.932978],[129.5208327,35.9328931],[129.5209071,35.9329085],[129.520987,35.9329159],[129.5209995,35.9329706],[129.5209313,35.9331041],[129.5208549,35.9330642],[129.5207526,35.9330434]]]]}},{"type":"Feature","properties":{"r":648,"k":0,"d":184.5},"geometry":{"type":"MultiPolygon","coordinates":[[[[129.5202612,35.9338363],[129.5202805,35.933807],[129.5203498,35.9338231],[129.5203852,35.9338604],[129.5202612,35.9338363]]]]}},{"type":"Feature","properties":{"r":278,"k":0,"d":84.2},"geometry":{"type":"MultiPolygon","coordinates":[[[[129.5190427,35.9315555],[129.5189377,35.9313986],[129.5189531,35.9313792],[129.5189914,35.9313826],[129.519127,35.9314493],[129.5193873,35.9314911],[129.5194933,35.9315456],[129.5194293,35.9316086],[129.5193256,35.9315886],[129.5192708,35.9315947],[129.5192046,35.9315994],[129.5190427,35.9315555]]]]}},{"type":"Feature","properties":{"r":257,"k":0,"d":78.7},"geometry":{"type":"MultiPolygon","coordinates":[[[[129.5173755,35.9236414],[129.5172779,35.9236253],[129.5172247,35.9235957],[129.5173065,35.9235325],[129.5173164,35.9234328],[129.5174395,35.9235068],[129.5175399,35.9235887],[129.5174603,35.9236296],[129.5173755,35.9236414]]]]}},{"type":"Feature","properties":{"r":379,"k":0,"d":105.7},"geometry":{"type":"MultiPolygon","coordinates":[[[[129.5249388,35.9345154],[129.5249521,35.934472],[129.5252104,35.9345365],[129.5252017,35.9345943],[129.5249388,35.9345154]]]]}},{"type":"Feature","properties":{"r":411,"k":0,"d":114.7},"geometry":{"type":"MultiPolygon","coordinates":[[[[129.5170246,35.9269486],[129.5170446,35.9266938],[129.5171054,35.9266905],[129.5172164,35.9267083],[129.517234,35.9267047],[129.5172367,35.9267305],[129.5172328,35.926781],[129.5172078,35.9269487],[129.5170246,35.9269486]]]]}},{"type":"Feature","properties":{"r":474,"k":0,"d":133.5},"geometry":{"type":"MultiPolygon","coordinates":[[[[129.5174026,35.9285932],[129.5173669,35.9285699],[129.5173404,35.9285397],[129.5173049,35.9285179],[129.5172002,35.9284978],[129.5170834,35.9284785],[129.5169386,35.9284454],[129.5168338,35.9284615],[129.5165067,35.9284692],[129.5165183,35.9284043],[129.51678,35.9284186],[129.5170415,35.9284164],[129.5171711,35.9284318],[129.5172445,35.9284478],[129.5173827,35.9284618],[129.517419,35.9284953],[129.5174254,35.9285346],[129.5174026,35.9285932]]]]}},{"type":"Feature","properties":{"r":682,"k":0,"d":199.9},"geometry":{"type":"MultiPolygon","coordinates":[[[[129.5159985,35.9260545],[129.5160201,35.9259884],[129.5159544,35.9259914],[129.5159537,35.9259824],[129.5160575,35.9259689],[129.516202,35.9259808],[129.51619,35.9260095],[129.5161958,35.9260365],[129.5161717,35.9260688],[129.5161098,35.9260896],[129.5160594,35.9260944],[129.5159985,35.9260545]]]]}},{"type":"Feature","properties":{"r":362,"k":0,"d":101.1},"geometry":{"type":"MultiPolygon","coordinates":[[[[129.5169371,35.9248495],[129.5168628,35.9248361],[129.5168257,35.9248144],[129.5168382,35.9247909],[129.5168825,35.9247527],[129.5170581,35.9246469],[129.5171386,35.9245847],[129.5172315,35.9246347],[129.5172514,35.9246604],[129.5172443,35.9247042],[129.5171935,35.9247026],[129.5171603,35.9247163],[129.517114,35.9246998],[129.517055,35.9246924],[129.5170313,35.924703],[129.5169605,35.9247883],[129.5169371,35.9248495]]]]}},{"type":"Feature","properties":{"r":169,"k":0,"d":52.8},"geometry":{"type":"MultiPolygon","coordinates":[[[[129.5235988,35.9340618],[129.5235016,35.9340142],[129.5235454,35.9339618],[129.5236257,35.9339959],[129.523797,35.9340584],[129.5240308,35.934128],[129.5240848,35.9341389],[129.5239598,35.9341697],[129.523611,35.9340671],[129.5235988,35.9340618]]]]}},{"type":"Feature","properties":{"r":168,"k":0,"d":52.8},"geometry":{"type":"MultiPolygon","coordinates":[[[[129.5182653,35.92933],[129.5176664,35.9292917],[129.5176023,35.9293772],[129.5175346,35.9292978],[129.5175034,35.9293225],[129.5173981,35.9292225],[129.5173791,35.9291771],[129.5173495,35.9290982],[129.5173775,35.9290607],[129.517458,35.929037],[129.5174884,35.9290123],[129.5173838,35.9288539],[129.5173183,35.9288409],[129.517216,35.9288509],[129.517136,35.9288465],[129.5170661,35.9288154],[129.5170728,35.9287438],[129.5171478,35.9287509],[129.5171567,35.9287348],[129.5172114,35.9287504],[129.5173156,35.928752],[129.5173999,35.9287307],[129.5174568,35.9287067],[129.5174851,35.9286852],[129.5174631,35.9286363],[129.5174026,35.9285932],[129.5174254,35.9285346],[129.517419,35.9284953],[129.5180141,35.9285725],[129.518549,35.9291604],[129.5186128,35.9292377],[129.5182653,35.92933]]]]}},{"type":"Feature","properties":{"r":315,"k":0,"d":88.8},"geometry":{"type":"MultiPolygon","coordinates":[[[[129.5218878,35.9341262],[129.5220506,35.933901],[129.5222758,35.9340313],[129.5220595,35.9342186],[129.5218878,35.9341262]]]]}},{"type":"Feature","properties":{"r":219,"k":0,"d":68.5},"geometry":{"type":"MultiPolygon","coordinates":[[[[129.5229237,35.9341471],[129.5230224,35.9340171],[129.5230602,35.9340159],[129.5231596,35.9340296],[129.5232289,35.9340496],[129.5231454,35.9341754],[129.5230981,35.9342436],[129.5229237,35.9341471]]]]}},{"type":"Feature","properties":{"r":585,"k":0,"d":160.5},"geometry":{"type":"MultiPolygon","coordinates":[[[[129.522749,35.9348392],[129.5227918,35.9348059],[129.5230254,35.9349155],[129.5230168,35.9349962],[129.5229741,35.9349725],[129.5229291,35.9349052],[129.522798,35.9348839],[129.522749,35.9348392]]]]}},{"type":"Feature","properties":{"r":104,"k":0,"d":36.3},"geometry":{"type":"MultiPolygon","coordinates":[[[[129.5214261,35.9330018],[129.5213773,35.9329526],[129.5213369,35.9329158],[129.5214695,35.9328426],[129.5215004,35.9328851],[129.5215198,35.9329221],[129.5215279,35.9329432],[129.5215339,35.9329891],[129.5214682,35.9330166],[129.521454,35.9330175],[129.5214261,35.9330018]]]]}},{"type":"Feature","properties":{"r":391,"k":0,"d":108.0},"geometry":{"type":"MultiPolygon","coordinates":[[[[129.5187153,35.9310322],[129.5187711,35.9309511],[129.5188093,35.9309613],[129.5187561,35.9310473],[129.5187153,35.9310322]]]]}},{"type":"Feature","properties":{"r":378,"k":0,"d":105.4},"geometry":{"type":"MultiPolygon","coordinates":[[[[129.5189377,35.9313986],[129.5187952,35.9311794],[129.5190287,35.9312622],[129.5189531,35.9313792],[129.5189377,35.9313986]]]]}},{"type":"Feature","properties":{"r":435,"k":0,"d":121.1},"geometry":{"type":"MultiPolygon","coordinates":[[[[129.5191096,35.9317769],[129.5191522,35.9317288],[129.5192222,35.9318422],[129.5191096,35.9317769]]]]}},{"type":"Feature","properties":{"r":79,"k":0,"d":32.1},"geometry":{"type":"MultiPolygon","coordinates":[[[[129.5180476,35.9218632],[129.5180562,35.9218343],[129.5180608,35.9217206],[129.518144,35.9217438],[129.518095,35.9218741],[129.5180476,35.9218632]]]]}},{"type":"Feature","properties":{"r":12,"k":0,"d":18.2},"geometry":{"type":"MultiPolygon","coordinates":[[[[129.5180838,35.9208485],[129.5181167,35.9207361],[129.5181704,35.9207448],[129.5181569,35.920867],[129.5180951,35.9208665],[129.5180838,35.9208485]]]]}},{"type":"Feature","properties":{"r":508,"k":0,"d":142.1},"geometry":{"type":"MultiPolygon","coordinates":[[[[129.5216544,35.9343185],[129.5215467,35.9342895],[129.5214946,35.9343299],[129.5212757,35.9342221],[129.5211458,35.9341672],[129.5210673,35.9341805],[129.5209789,35.9341368],[129.5209778,35.9340602],[129.5209344,35.9339899],[129.5209466,35.9339714],[129.5209777,35.9339531],[129.5209748,35.9339185],[129.5211717,35.9339784],[129.5212238,35.9340529],[129.5212882,35.934117],[129.5213782,35.9341612],[129.5214644,35.9342263],[129.5215663,35.9342633],[129.5216673,35.9342951],[129.5216544,35.9343185]]]]}},{"type":"Feature","properties":{"r":489,"k":0,"d":136.7},"geometry":{"type":"MultiPolygon","coordinates":[[[[129.5211717,35.9339784],[129.5209748,35.9339185],[129.5209777,35.9339531],[129.5209466,35.9339714],[129.5208848,35.9339711],[129.5207342,35.9338985],[129.5207826,35.9338618],[129.5207265,35.9338389],[129.5206959,35.9338148],[129.520678,35.9337797],[129.5206612,35.9337529],[129.5206776,35.9337328],[129.520761,35.9337462],[129.5208208,35.933713],[129.5208405,35.933726],[129.5210472,35.9338471],[129.5211953,35.9339317],[129.5211717,35.9339784]]]]}},{"type":"Feature","properties":{"r":196,"k":0,"d":60.7},"geometry":{"type":"MultiPolygon","coordinates":[[[[129.5179263,35.927393],[129.5177859,35.9274003],[129.5177446,35.9273478],[129.5177304,35.927351],[129.5177081,35.9271405],[129.5172548,35.9271774],[129.5172507,35.9271353],[129.5178935,35.9270883],[129.5179263,35.927393]]]]}},{"type":"Feature","properties":{"r":631,"k":0,"d":179.4},"geometry":{"type":"MultiPolygon","coordinates":[[[[129.5183016,35.9322843],[129.5181145,35.9321693],[129.5183962,35.9318697],[129.5185807,35.9319816],[129.5183016,35.9322843]]]]}},{"type":"Feature","properties":{"r":294,"k":0,"d":86.0},"geometry":{"type":"MultiPolygon","coordinates":[[[[129.5241302,35.9344658],[129.5241366,35.9343177],[129.5243289,35.9343091],[129.5243417,35.9344485],[129.5241302,35.9344658]]]]}},{"type":"Feature","properties":{"r":51,"k":0,"d":24.9},"geometry":{"type":"MultiPolygon","coordinates":[[[[129.5181603,35.9261096],[129.5181747,35.9263718],[129.5180051,35.926377],[129.5179846,35.9261085],[129.5180188,35.9261106],[129.5180508,35.9261097],[129.5181025,35.9261043],[129.5181603,35.9261096]]]]}},{"type":"Feature","properties":{"r":384,"k":0,"d":107.4},"geometry":{"type":"MultiPolygon","coordinates":[[[[129.5254293,35.9345172],[129.525418,35.9344277],[129.5255631,35.9344089],[129.5255759,35.9344984],[129.5254293,35.9345172]]]]}},{"type":"Feature","properties":{"r":167,"k":0,"d":51.7},"geometry":{"type":"MultiPolygon","coordinates":[[[[129.5196912,35.9312579],[129.5195436,35.931392],[129.5194213,35.9313278],[129.5194152,35.93129],[129.5194108,35.9312876],[129.5194678,35.9312161],[129.5195402,35.9311387],[129.5195489,35.9311516],[129.5196912,35.9312579]]]]}},{"type":"Feature","properties":{"r":300,"k":0,"d":86.7},"geometry":{"type":"MultiPolygon","coordinates":[[[[129.5243417,35.9344485],[129.5243303,35.9343245],[129.5245423,35.9343168],[129.5245213,35.9344291],[129.5243417,35.9344485]]]]}},{"type":"Feature","properties":{"r":47,"k":0,"d":24.4},"geometry":{"type":"MultiPolygon","coordinates":[[[[129.5182653,35.92933],[129.5186128,35.9292377],[129.5188581,35.9291696],[129.5191508,35.9297809],[129.5193801,35.9301586],[129.5193114,35.9301986],[129.5191299,35.9302691],[129.5187654,35.9299329],[129.5186524,35.9299731],[129.5186005,35.9299044],[129.5185535,35.9298899],[129.5185258,35.929856],[129.518565,35.9298253],[129.5185335,35.9297927],[129.518341,35.9298049],[129.5183232,35.929655],[129.5183982,35.9296276],[129.518323,35.9294918],[129.5182653,35.92933]]]]}},{"type":"Feature","properties":{"r":351,"k":0,"d":96.3},"geometry":{"type":"MultiPolygon","coordinates":[[[[129.5172905,35.9233924],[129.5171278,35.9233546],[129.5170024,35.923335],[129.5169358,35.9234472],[129.516911,35.9235464],[129.5168063,35.9233758],[129.5168477,35.9232163],[129.5167945,35.9231152],[129.5164263,35.9229963],[129.5166059,35.9228941],[129.5166581,35.9228673],[129.516725,35.9228368],[129.5168344,35.9229293],[129.5168559,35.9229198],[129.5168327,35.922867],[129.5167846,35.9228477],[129.516761,35.922799],[129.5168243,35.9227802],[129.5170114,35.9229188],[129.5170773,35.9229019],[129.5170924,35.9228855],[129.5171518,35.9229407],[129.5172225,35.9230486],[129.5172666,35.9231031],[129.5173172,35.923147],[129.5173504,35.9231569],[129.5173256,35.9233371],[129.517285,35.9233477],[129.5172905,35.9233924]]]]}},{"type":"Feature","properties":{"r":580,"k":0,"d":160.0},"geometry":{"type":"MultiPolygon","coordinates":[[[[129.5178121,35.9302504],[129.5176848,35.9303356],[129.5174217,35.9301842],[129.5174527,35.9301561],[129.5175813,35.9300742],[129.5175386,35.9300235],[129.5175954,35.9299893],[129.5177398,35.9301557],[129.5178121,35.9302504]]]]}},{"type":"Feature","properties":{"r":507,"k":0,"d":142.1},"geometry":{"type":"MultiPolygon","coordinates":[[[[129.5255631,35.9347906],[129.5254847,35.9348563],[129.5254757,35.9349055],[129.5253877,35.9349159],[129.5253797,35.9348981],[129.5254251,35.9347744],[129.5255333,35.9347259],[129.5255631,35.9347906]]]]}},{"type":"Feature","properties":{"r":499,"k":0,"d":140.7},"geometry":{"type":"MultiPolygon","coordinates":[[[[129.5157272,35.9238261],[129.5158721,35.9236725],[129.5159057,35.9236645],[129.5159337,35.9236538],[129.5159943,35.9236691],[129.5160491,35.9236522],[129.5161254,35.9236067],[129.5161522,35.9235569],[129.5162825,35.9234896],[129.5163723,35.9234926],[129.5164545,35.9234782],[129.5165709,35.923494],[129.5167596,35.9235585],[129.5168042,35.9235918],[129.5168508,35.9236211],[129.5166648,35.9236548],[129.5165423,35.9236879],[129.5164891,35.9236908],[129.5164265,35.9237034],[129.5162692,35.9236994],[129.5161059,35.923788],[129.5160323,35.9238178],[129.5159212,35.9238471],[129.5159072,35.9238805],[129.5158071,35.9238536],[129.515787,35.9238689],[129.5157561,35.9238402],[129.5157272,35.9238261]]]]}},{"type":"Feature","properties":{"r":161,"k":0,"d":50.7},"geometry":{"type":"MultiPolygon","coordinates":[[[[129.5202486,35.9321259],[129.5202556,35.932102],[129.5202846,35.9320951],[129.5203163,35.9320763],[129.5203958,35.9319971],[129.5204493,35.9320417],[129.5204469,35.9320782],[129.5203978,35.9321112],[129.5203684,35.9321399],[129.5203432,35.932173],[129.5202486,35.9321259]]]]}},{"type":"Feature","properties":{"r":639,"k":0,"d":182.2},"geometry":{"type":"MultiPolygon","coordinates":[[[[129.523131,35.9350821],[129.5230946,35.9351254],[129.523033,35.9351509],[129.5230516,35.9351037],[129.523131,35.9350821]]]]}},{"type":"Feature","properties":{"r":185,"k":0,"d":57.4},"geometry":{"type":"MultiPolygon","coordinates":[[[[129.520643,35.9326143],[129.5206933,35.9325314],[129.5208881,35.9325833],[129.5208567,35.9326453],[129.5209068,35.9326957],[129.5208172,35.9327359],[129.520643,35.9326143]]]]}},{"type":"Feature","properties":{"r":116,"k":0,"d":40.7},"geometry":{"type":"MultiPolygon","coordinates":[[[[129.5194821,35.9310575],[129.5194166,35.9309428],[129.5194247,35.9308743],[129.5194818,35.93086],[129.5195624,35.9308664],[129.5196698,35.9309997],[129.5194821,35.9310575]]]]}},{"type":"Feature","properties":{"r":360,"k":0,"d":100.5},"geometry":{"type":"MultiPolygon","coordinates":[[[[129.5196018,35.9323584],[129.519551,35.9323204],[129.5196912,35.9321439],[129.5197599,35.9321425],[129.5198195,35.9321553],[129.5198133,35.9321895],[129.5198233,35.9322298],[129.5197607,35.9323267],[129.5197557,35.9323248],[129.5197061,35.9324027],[129.5196018,35.9323584]]]]}},{"type":"Feature","properties":{"r":83,"k":0,"d":33.4},"geometry":{"type":"MultiPolygon","coordinates":[[[[129.5208927,35.9325742],[129.5208981,35.9325637],[129.5210172,35.932572],[129.5211455,35.9324957],[129.5211523,35.9325051],[129.5210212,35.9325831],[129.5208927,35.9325742]]]]}},{"type":"Feature","properties":{"r":375,"k":0,"d":105.0},"geometry":{"type":"MultiPolygon","coordinates":[[[[129.518562,35.9304503],[129.518523,35.9304766],[129.5183457,35.930264],[129.5183783,35.930246],[129.518562,35.9304503]]]]}},{"type":"Feature","properties":{"r":672,"k":0,"d":196.3},"geometry":{"type":"MultiPolygon","coordinates":[[[[129.5161363,35.9207474],[129.5160716,35.9208254],[129.5159335,35.9208356],[129.5158426,35.9208006],[129.5158277,35.9207874],[129.5157666,35.9207188],[129.5157495,35.9206654],[129.5157892,35.9205678],[129.515852,35.9205672],[129.5159115,35.9205917],[129.5159721,35.9206533],[129.5161379,35.9207068],[129.5161849,35.9207029],[129.5161839,35.9207118],[129.5161936,35.9207327],[129.5161363,35.9207474]]]]}},{"type":"Feature","properties":{"r":110,"k":0,"d":39.0},"geometry":{"type":"MultiPolygon","coordinates":[[[[129.5195269,35.93112],[129.5195163,35.9311054],[129.5197108,35.9310348],[129.5195269,35.93112]]]]}},{"type":"Feature","properties":{"r":59,"k":0,"d":26.8},"geometry":{"type":"MultiPolygon","coordinates":[[[[129.5196191,35.9308085],[129.5195436,35.93071],[129.5194218,35.9305655],[129.5194988,35.9305057],[129.5196228,35.9306698],[129.5196946,35.9307623],[129.5196191,35.9308085]]]]}},{"type":"Feature","properties":{"r":348,"k":0,"d":96.1},"geometry":{"type":"MultiPolygon","coordinates":[[[[129.5189935,35.9311513],[129.5189968,35.9310579],[129.5190179,35.9310578],[129.5190148,35.9311606],[129.5189935,35.9311513]]]]}},{"type":"Feature","properties":{"r":198,"k":0,"d":60.9},"geometry":{"type":"MultiPolygon","coordinates":[[[[129.5228202,35.9338803],[129.5229094,35.9338942],[129.522895,35.9339142],[129.5228202,35.9338803]]]]}},{"type":"Feature","properties":{"r":572,"k":0,"d":156.9},"geometry":{"type":"MultiPolygon","coordinates":[[[[129.5207342,35.9338985],[129.5206224,35.9338934],[129.5205372,35.933882],[129.5205171,35.9338285],[129.5205847,35.9338135],[129.5207265,35.9338389],[129.5207826,35.9338618],[129.5207342,35.9338985]]]]}},{"type":"Feature","properties":{"r":126,"k":0,"d":43.0},"geometry":{"type":"MultiPolygon","coordinates":[[[[129.522895,35.9339142],[129.5230113,35.9337518],[129.5231461,35.9338247],[129.5230469,35.9339585],[129.5230019,35.9339505],[129.522895,35.9339142]]]]}},{"type":"Feature","properties":{"r":291,"k":0,"d":85.7},"geometry":{"type":"MultiPolygon","coordinates":[[[[129.5197057,35.9324154],[129.5197061,35.9324027],[129.5197557,35.9323248],[129.5197607,35.9323267],[129.5198233,35.9322298],[129.519938,35.9322474],[129.5199971,35.9322397],[129.5200497,35.9321683],[129.5200763,35.9321809],[129.5199892,35.9323118],[129.5200286,35.9324153],[129.5199766,35.9324228],[129.5198568,35.9324764],[129.5197057,35.9324154]]]]}},{"type":"Feature","properties":{"r":296,"k":0,"d":86.2},"geometry":{"type":"MultiPolygon","coordinates":[[[[129.5245213,35.9344291],[129.5245423,35.9343168],[129.5246012,35.9343115],[129.5246939,35.9343175],[129.5247545,35.9343407],[129.5247267,35.9343883],[129.5246974,35.9344451],[129.5246136,35.9344256],[129.5245439,35.9344311],[129.5245213,35.9344291]]]]}},{"type":"Feature","properties":{"r":371,"k":0,"d":104.5},"geometry":{"type":"MultiPolygon","coordinates":[[[[129.5252017,35.9345943],[129.5252258,35.9344335],[129.525418,35.9344277],[129.5254369,35.9345771],[129.5253522,35.9346082],[129.5252017,35.9345943]]]]}},{"type":"Feature","properties":{"r":48,"k":0,"d":24.8},"geometry":{"type":"MultiPolygon","coordinates":[[[[129.5179652,35.925947],[129.5180319,35.9259338],[129.5180986,35.9259354],[129.5181422,35.9259309],[129.5181423,35.9259434],[129.5180362,35.9259503],[129.5179705,35.9259702],[129.5179652,35.925947]]]]}},{"type":"Feature","properties":{"r":394,"k":0,"d":109.0},"geometry":{"type":"MultiPolygon","coordinates":[[[[129.5255784,35.9345159],[129.5255631,35.9344089],[129.5257055,35.9343887],[129.5257355,35.934495],[129.5255784,35.9345159]]]]}},{"type":"Feature","properties":{"r":426,"k":0,"d":119.4},"geometry":{"type":"MultiPolygon","coordinates":[[[[129.5170241,35.9269552],[129.5170246,35.9269486],[129.5172155,35.9269487],[129.5172069,35.9269727],[129.5170241,35.9269552]]]]}},{"type":"Feature","properties":{"r":611,"k":0,"d":173.0},"geometry":{"type":"MultiPolygon","coordinates":[[[[129.5194294,35.9330212],[129.5190512,35.9328035],[129.5191709,35.9326652],[129.5194271,35.9328203],[129.5194215,35.9328291],[129.5194425,35.9328403],[129.519537,35.9328719],[129.5194825,35.9329855],[129.5194294,35.9330212]]]]}},{"type":"Feature","properties":{"r":544,"k":0,"d":150.3},"geometry":{"type":"MultiPolygon","coordinates":[[[[129.5171801,35.9295039],[129.5171174,35.9295259],[129.5170651,35.9294689],[129.5173791,35.9291771],[129.5173981,35.9292225],[129.5175034,35.9293225],[129.5174265,35.9293759],[129.5171801,35.9295039]]]]}},{"type":"Feature","properties":{"r":364,"k":0,"d":101.8},"geometry":{"type":"MultiPolygon","coordinates":[[[[129.5170206,35.926201],[129.5170265,35.9260957],[129.5170042,35.9260945],[129.5169704,35.9260296],[129.5169721,35.9260217],[129.5171357,35.9260736],[129.5171679,35.9260695],[129.5171963,35.9260628],[129.5172219,35.926039],[129.5173002,35.9260615],[129.5172752,35.9261945],[129.5170206,35.926201]]]]}},{"type":"Feature","properties":{"r":261,"k":0,"d":80.0},"geometry":{"type":"MultiPolygon","coordinates":[[[[129.5218969,35.9338062],[129.5219445,35.9337465],[129.5220992,35.9338313],[129.5220558,35.9338936],[129.5218969,35.9338062]]]]}},{"type":"Feature","properties":{"r":481,"k":0,"d":135.7},"geometry":{"type":"MultiPolygon","coordinates":[[[[129.5168598,35.9236241],[129.5168508,35.9236211],[129.5168042,35.9235918],[129.5167596,35.9235585],[129.5165709,35.923494],[129.5164545,35.9234782],[129.5164337,35.9233974],[129.5163966,35.9233498],[129.5163096,35.9233121],[129.5162467,35.9233385],[129.5162398,35.9234174],[129.5162825,35.9234896],[129.5161522,35.9235569],[129.5161254,35.9236067],[129.5160491,35.9236522],[129.5159943,35.9236691],[129.5159337,35.9236538],[129.5159359,35.9235747],[129.5158296,35.9235824],[129.5158118,35.9235821],[129.5157886,35.9236414],[129.5156938,35.9235946],[129.5157047,35.9235794],[129.5157262,35.9235321],[129.5157364,35.9234891],[129.5157233,35.9234089],[129.5157216,35.9232185],[129.5158425,35.9233291],[129.5158611,35.9233864],[129.5158244,35.9234255],[129.5158606,35.923452],[129.515955,35.9234965],[129.5159852,35.9234853],[129.5160741,35.9233924],[129.5161794,35.9232373],[129.516256,35.9231047],[129.5164263,35.9229963],[129.5167945,35.9231152],[129.5168477,35.9232163],[129.5168063,35.9233758],[129.516911,35.9235464],[129.5168598,35.9236241]]]]}},{"type":"Feature","properties":{"r":212,"k":0,"d":64.9},"geometry":{"type":"MultiPolygon","coordinates":[[[[129.5225178,35.9340263],[129.5226606,35.9338628],[129.5228059,35.9339469],[129.5227318,35.9340965],[129.5227012,35.9340883],[129.5225178,35.9340263]]]]}},{"type":"Feature","properties":{"r":2,"k":0,"d":9.6},"geometry":{"type":"MultiPolygon","coordinates":[[[[129.5194247,35.9308743],[129.5194175,35.9308377],[129.5194776,35.9308234],[129.519555,35.9308295],[129.5196191,35.9308085],[129.5196946,35.9307623],[129.5197388,35.9307385],[129.5196683,35.9306469],[129.519597,35.9305596],[129.5195275,35.9304834],[129.5194525,35.9304109],[129.5193769,35.9304569],[129.5192983,35.9305222],[129.5192496,35.9305254],[129.5194355,35.9303803],[129.5192991,35.9302351],[129.5191509,35.9302966],[129.519024,35.9303372],[129.5188995,35.9304086],[129.5188672,35.9303872],[129.5188954,35.9303664],[129.5191299,35.9302691],[129.5193114,35.9301986],[129.5194307,35.9301291],[129.5198245,35.9306924],[129.5201205,35.9311032],[129.5200898,35.9312084],[129.5199026,35.9309634],[129.5198442,35.9309532],[129.5197108,35.9310348],[129.5196698,35.9309997],[129.5197076,35.9309804],[129.5198171,35.9309135],[129.5198273,35.9308736],[129.5197478,35.9307598],[129.5195624,35.9308664],[129.5194818,35.93086],[129.5194247,35.9308743]]]]}},{"type":"Feature","properties":{"r":236,"k":0,"d":71.9},"geometry":{"type":"MultiPolygon","coordinates":[[[[129.519494,35.9317399],[129.5194892,35.9316735],[129.5194293,35.9316086],[129.5194933,35.9315456],[129.5196036,35.9315226],[129.5196709,35.9315539],[129.519647,35.9317562],[129.519494,35.9317399]]]]}},{"type":"Feature","properties":{"r":207,"k":0,"d":63.4},"geometry":{"type":"MultiPolygon","coordinates":[[[[129.5203744,35.9324359],[129.5203345,35.9323774],[129.5203113,35.9323111],[129.5203718,35.9323431],[129.5204839,35.932366],[129.5205396,35.9323436],[129.5205692,35.9323473],[129.5205675,35.9323793],[129.520576,35.9323999],[129.5205404,35.9325058],[129.5205095,35.9324985],[129.5205157,35.9324867],[129.520452,35.9324704],[129.5203878,35.9324452],[129.5203744,35.9324359]]]]}},{"type":"Feature","properties":{"r":283,"k":0,"d":85.4},"geometry":{"type":"MultiPolygon","coordinates":[[[[129.5197633,35.93198],[129.5197742,35.9319424],[129.5197834,35.9319762],[129.5198883,35.9320116],[129.519871,35.9320129],[129.5198582,35.9320118],[129.5198304,35.9320038],[129.5197633,35.93198]]]]}},{"type":"Feature","properties":{"r":596,"k":0,"d":166.2},"geometry":{"type":"MultiPolygon","coordinates":[[[[129.5242655,35.9350306],[129.5245827,35.935063],[129.524627,35.935157],[129.5245259,35.935152],[129.5243232,35.9354118],[129.5240406,35.935399],[129.5240204,35.9353191],[129.523935,35.9352899],[129.5238517,35.935306],[129.523819,35.9353063],[129.5238707,35.9352624],[129.5238389,35.935201],[129.5239306,35.9351258],[129.5240565,35.9350892],[129.5242448,35.9350968],[129.5242655,35.9350306]]]]}},{"type":"Feature","properties":{"r":417,"k":0,"d":116.1},"geometry":{"type":"MultiPolygon","coordinates":[[[[129.5210842,35.9336782],[129.5210979,35.9336624],[129.5212883,35.9337528],[129.5212701,35.9337793],[129.5210842,35.9336782]]]]}},{"type":"Feature","properties":{"r":165,"k":0,"d":51.5},"geometry":{"type":"MultiPolygon","coordinates":[[[[129.5196735,35.9314622],[129.5197497,35.9313887],[129.5198652,35.9314579],[129.5197901,35.9315253],[129.5196735,35.9314622]]]]}},{"type":"Feature","properties":{"r":71,"k":0,"d":29.9},"geometry":{"type":"MultiPolygon","coordinates":[[[[129.5197997,35.931532],[129.5197901,35.9315253],[129.5199923,35.9313433],[129.5201997,35.9315103],[129.5200279,35.931676],[129.5199467,35.9316263],[129.5197997,35.931532]]]]}},{"type":"Feature","properties":{"r":367,"k":0,"d":102.6},"geometry":{"type":"MultiPolygon","coordinates":[[[[129.5172208,35.9211929],[129.5171968,35.9211831],[129.5172372,35.9211681],[129.5172208,35.9211929]]]]}},{"type":"Feature","properties":{"r":490,"k":0,"d":136.7},"geometry":{"type":"MultiPolygon","coordinates":[[[[129.5222082,35.9345374],[129.5222335,35.9345869],[129.5221762,35.9345792],[129.5220766,35.9345337],[129.5220015,35.9344756],[129.5218563,35.9344289],[129.5217353,35.9343692],[129.5216544,35.9343185],[129.5216673,35.9342951],[129.5215663,35.9342633],[129.5214644,35.9342263],[129.5213782,35.9341612],[129.5212882,35.934117],[129.5212238,35.9340529],[129.5211717,35.9339784],[129.5211953,35.9339317],[129.5212198,35.9339793],[129.5212923,35.9340319],[129.5213918,35.9340761],[129.5214759,35.9340998],[129.5218448,35.9343195],[129.5218929,35.9343598],[129.5219004,35.9343553],[129.5222082,35.9345374]]]]}},{"type":"Feature","properties":{"r":456,"k":0,"d":129.0},"geometry":{"type":"MultiPolygon","coordinates":[[[[129.5169318,35.9249456],[129.5168339,35.9249161],[129.5168628,35.9248361],[129.5169371,35.9248495],[129.5169318,35.9249456]]]]}},{"type":"Feature","properties":{"r":574,"k":0,"d":157.8},"geometry":{"type":"MultiPolygon","coordinates":[[[[129.520133,35.9334303],[129.5199702,35.9334209],[129.5198803,35.9333843],[129.5198108,35.9333405],[129.5197283,35.9333146],[129.5196899,35.9332706],[129.5197585,35.9332035],[129.5198918,35.9331538],[129.5199585,35.9331431],[129.5202048,35.9333261],[129.5201859,35.9333442],[129.520133,35.9334303]]]]}},{"type":"Feature","properties":{"r":316,"k":0,"d":89.1},"geometry":{"type":"MultiPolygon","coordinates":[[[[129.5173827,35.9252927],[129.5173816,35.9252988],[129.517363,35.9253373],[129.5173383,35.9253732],[129.5173234,35.9253773],[129.5172752,35.9253715],[129.5172356,35.9253575],[129.5172299,35.925343],[129.5172188,35.9252884],[129.5172356,35.9252535],[129.5172642,35.9252469],[129.5172579,35.9252658],[129.5173549,35.9252908],[129.5173827,35.9252927]]]]}},{"type":"Feature","properties":{"r":268,"k":0,"d":81.1},"geometry":{"type":"MultiPolygon","coordinates":[[[[129.5174096,35.9252641],[129.5174221,35.9252269],[129.5174269,35.925176],[129.5174669,35.9251775],[129.5174598,35.9252221],[129.517463,35.9252731],[129.5174096,35.9252641]]]]}},{"type":"Feature","properties":{"r":366,"k":0,"d":102.3},"geometry":{"type":"MultiPolygon","coordinates":[[[[129.5189531,35.9313792],[129.5190287,35.9312622],[129.519077,35.9312792],[129.5189914,35.9313826],[129.5189531,35.9313792]]]]}},{"type":"Feature","properties":{"r":179,"k":0,"d":55.5},"geometry":{"type":"MultiPolygon","coordinates":[[[[129.5176924,35.9243712],[129.5176738,35.9242252],[129.5177665,35.9241796],[129.5177652,35.9242273],[129.5176944,35.9243837],[129.5176924,35.9243712]]]]}},{"type":"Feature","properties":{"r":91,"k":0,"d":35.1},"geometry":{"type":"MultiPolygon","coordinates":[[[[129.5179344,35.9242665],[129.5177652,35.9242273],[129.5177662,35.9241898],[129.5179106,35.9241172],[129.5179936,35.9241513],[129.5179344,35.9242665]]]]}},{"type":"Feature","properties":{"r":124,"k":0,"d":42.7},"geometry":{"type":"MultiPolygon","coordinates":[[[[129.5177662,35.9241898],[129.5177665,35.9241796],[129.517891,35.9241183],[129.5178981,35.924112],[129.5179106,35.9241172],[129.5177662,35.9241898]]]]}},{"type":"Feature","properties":{"r":317,"k":0,"d":89.2},"geometry":{"type":"MultiPolygon","coordinates":[[[[129.5174285,35.9260152],[129.5174352,35.9260684],[129.5174508,35.9261576],[129.5174518,35.9262133],[129.5172767,35.9261812],[129.517307,35.9260338],[129.5173592,35.9260189],[129.5173989,35.9260139],[129.5174285,35.9260152]]]]}},{"type":"Feature","properties":{"r":600,"k":0,"d":167.8},"geometry":{"type":"MultiPolygon","coordinates":[[[[129.5227769,35.9349676],[129.5225102,35.9350154],[129.5224436,35.9350343],[129.5222844,35.9349037],[129.5222805,35.9347745],[129.5222903,35.9347405],[129.5223237,35.9348036],[129.5223381,35.934872],[129.5223822,35.9349052],[129.5224901,35.9349363],[129.5226087,35.9349192],[129.5227036,35.9349369],[129.5227769,35.9349676]]]]}},{"type":"Feature","properties":{"r":493,"k":0,"d":139.3},"geometry":{"type":"MultiPolygon","coordinates":[[[[129.5259242,35.9347508],[129.5257464,35.9348117],[129.5257154,35.9346995],[129.5257681,35.9347002],[129.5258865,35.9346048],[129.5259242,35.9347508]]]]}},{"type":"Feature","properties":{"r":99,"k":0,"d":36.1},"geometry":{"type":"MultiPolygon","coordinates":[[[[129.5212802,35.9329256],[129.5212229,35.9328538],[129.5213901,35.9327644],[129.5214514,35.9328251],[129.5213575,35.932882],[129.5213067,35.9329077],[129.5212802,35.9329256]]]]}},{"type":"Feature","properties":{"r":652,"k":0,"d":187.8},"geometry":{"type":"MultiPolygon","coordinates":[[[[129.5202805,35.933807],[129.5202612,35.9338363],[129.5201749,35.9338087],[129.5201828,35.9337857],[129.5202805,35.933807]]]]}},{"type":"Feature","properties":{"r":266,"k":0,"d":80.8},"geometry":{"type":"MultiPolygon","coordinates":[[[[129.5190209,35.9309615],[129.5190228,35.9308996],[129.5189945,35.9308343],[129.5190608,35.9308212],[129.519098,35.930959],[129.5190209,35.9309615]]]]}},{"type":"Feature","properties":{"r":514,"k":0,"d":143.7},"geometry":{"type":"MultiPolygon","coordinates":[[[[129.5206776,35.9337328],[129.5205782,35.933674],[129.5206248,35.9335898],[129.5208208,35.933713],[129.520761,35.9337462],[129.5206776,35.9337328]]]]}},{"type":"Feature","properties":{"r":297,"k":0,"d":86.2},"geometry":{"type":"MultiPolygon","coordinates":[[[[129.5224377,35.9342145],[129.5223772,35.9341839],[129.5225178,35.9340263],[129.5227012,35.9340883],[129.5226618,35.9341506],[129.5225819,35.9342889],[129.5224377,35.9342145]]]]}},{"type":"Feature","properties":{"r":593,"k":0,"d":164.1},"geometry":{"type":"MultiPolygon","coordinates":[[[[129.5179056,35.9309801],[129.5177294,35.9308785],[129.5176206,35.9308135],[129.5177593,35.9306634],[129.5180457,35.9308358],[129.5179056,35.9309801]]]]}},{"type":"Feature","properties":{"r":230,"k":0,"d":70.7},"geometry":{"type":"MultiPolygon","coordinates":[[[[129.5176425,35.9260251],[129.5176218,35.9261947],[129.5175494,35.9264656],[129.5174809,35.9264587],[129.5174439,35.9264357],[129.5174227,35.9263794],[129.5174518,35.9262133],[129.5174508,35.9261576],[129.5174352,35.9260684],[129.5174285,35.9260152],[129.5176425,35.9260251]]]]}},{"type":"Feature","properties":{"r":460,"k":0,"d":130.1},"geometry":{"type":"MultiPolygon","coordinates":[[[[129.5195745,35.9324123],[129.5195167,35.9323146],[129.519551,35.9323204],[129.5196018,35.9323584],[129.5195745,35.9324123]]]]}},{"type":"Feature","properties":{"r":678,"k":0,"d":199.3},"geometry":{"type":"MultiPolygon","coordinates":[[[[129.5160265,35.927141],[129.5159696,35.9271628],[129.51593,35.927128],[129.5158684,35.9270596],[129.5158301,35.927001],[129.515614,35.9270113],[129.5153859,35.9270048],[129.5153211,35.9267071],[129.5153366,35.9267098],[129.5154953,35.9267111],[129.5155806,35.9267074],[129.515618,35.926747],[129.5156609,35.9267698],[129.5157015,35.9267943],[129.5158119,35.9268103],[129.5158913,35.9268275],[129.5159213,35.926719],[129.515952,35.9265935],[129.5160281,35.9266005],[129.5161205,35.9266116],[129.5161162,35.9265604],[129.5161662,35.9264369],[129.516197,35.9264361],[129.5162035,35.9265531],[129.5161882,35.9266097],[129.5162804,35.9266175],[129.5162735,35.9266725],[129.5162557,35.9267496],[129.5162496,35.9268185],[129.5162863,35.9268288],[129.5162661,35.9269078],[129.5162638,35.9269657],[129.5161819,35.9269672],[129.5160951,35.9270329],[129.5159832,35.9271045],[129.5160265,35.927141]]]]}},{"type":"Feature","properties":{"r":500,"k":0,"d":140.7},"geometry":{"type":"MultiPolygon","coordinates":[[[[129.515787,35.9238689],[129.5158071,35.9238536],[129.5159072,35.9238805],[129.5159212,35.9238471],[129.5160323,35.9238178],[129.5161059,35.923788],[129.5162692,35.9236994],[129.5164265,35.9237034],[129.5164891,35.9236908],[129.5165423,35.9236879],[129.5166648,35.9236548],[129.5168508,35.9236211],[129.5167679,35.9237542],[129.5167585,35.9237584],[129.5166672,35.9238627],[129.5166118,35.9238996],[129.5165277,35.9239234],[129.5164348,35.9239367],[129.5162626,35.9239357],[129.5162265,35.9239418],[129.5162156,35.923955],[129.5162094,35.9239783],[129.5161285,35.9239726],[129.5160451,35.9239688],[129.5159735,35.9239456],[129.5158452,35.9239162],[129.5157819,35.9238728],[129.515787,35.9238689]]]]}},{"type":"Feature","properties":{"r":414,"k":0,"d":115.9},"geometry":{"type":"MultiPolygon","coordinates":[[[[129.525336,35.9346975],[129.525329,35.9347367],[129.5249727,35.9345967],[129.5249879,35.9345612],[129.525336,35.9346975]]]]}},{"type":"Feature","properties":{"r":555,"k":0,"d":153.6},"geometry":{"type":"MultiPolygon","coordinates":[[[[129.5252767,35.9351075],[129.5252579,35.9350027],[129.5252414,35.9348789],[129.5253214,35.9348772],[129.5254025,35.9351563],[129.5252767,35.9351075]]]]}},{"type":"Feature","properties":{"r":105,"k":0,"d":36.4},"geometry":{"type":"MultiPolygon","coordinates":[[[[129.5178832,35.921301],[129.5177268,35.921294],[129.5178029,35.9209698],[129.5178182,35.9209763],[129.5178808,35.920985],[129.517927,35.9209997],[129.5179733,35.9211091],[129.5179693,35.9211686],[129.5179273,35.9212395],[129.5178832,35.921301]]]]}},{"type":"Feature","properties":{"r":466,"k":0,"d":131.2},"geometry":{"type":"MultiPolygon","coordinates":[[[[129.5169655,35.9259851],[129.5169537,35.9260172],[129.5169181,35.9260261],[129.5167631,35.9260147],[129.5167551,35.9259871],[129.5167439,35.9259598],[129.5167894,35.9259622],[129.5167919,35.9259956],[129.5168818,35.9259858],[129.5169655,35.9259851]]]]}},{"type":"Feature","properties":{"r":319,"k":0,"d":89.3},"geometry":{"type":"MultiPolygon","coordinates":[[[[129.5189914,35.9313826],[129.5190918,35.9312612],[129.519279,35.9313507],[129.5191931,35.9314598],[129.519127,35.9314493],[129.5189914,35.9313826]]]]}},{"type":"Feature","properties":{"r":36,"k":0,"d":22.0},"geometry":{"type":"MultiPolygon","coordinates":[[[[129.5196946,35.9307623],[129.5196228,35.9306698],[129.5196683,35.9306469],[129.5197388,35.9307385],[129.5196946,35.9307623]]]]}},{"type":"Feature","properties":{"r":363,"k":0,"d":101.8},"geometry":{"type":"MultiPolygon","coordinates":[[[[129.5205827,35.9332002],[129.5205527,35.933167],[129.5205943,35.9330709],[129.5208578,35.933169],[129.520827,35.9332146],[129.5207656,35.9332387],[129.5207062,35.9332704],[129.5205827,35.9332002]]]]}},{"type":"Feature","properties":{"r":222,"k":0,"d":69.3},"geometry":{"type":"MultiPolygon","coordinates":[[[[129.5175624,35.9232311],[129.5174546,35.9230435],[129.5174296,35.9229951],[129.5173803,35.9229509],[129.5173998,35.9228106],[129.5174542,35.9228492],[129.5176501,35.9231844],[129.5175786,35.9232287],[129.5175624,35.9232311]]]]}},{"type":"Feature","properties":{"r":307,"k":0,"d":87.4},"geometry":{"type":"MultiPolygon","coordinates":[[[[129.5173998,35.9228106],[129.5172795,35.922701],[129.5172858,35.9226993],[129.5173774,35.922621],[129.517378,35.922565],[129.5173623,35.9225319],[129.5174204,35.9224599],[129.5174869,35.9224557],[129.5173998,35.9228106]]]]}},{"type":"Feature","properties":{"r":591,"k":0,"d":163.7},"geometry":{"type":"MultiPolygon","coordinates":[[[[129.5230254,35.9349155],[129.5230362,35.9348922],[129.5231708,35.9349357],[129.5231594,35.9349588],[129.5230254,35.9349155]]]]}},{"type":"Feature","properties":{"r":461,"k":0,"d":130.2},"geometry":{"type":"MultiPolygon","coordinates":[[[[129.5158687,35.9211958],[129.5156156,35.9208063],[129.5157192,35.9208041],[129.5157666,35.9207188],[129.5158277,35.9207874],[129.5158426,35.9208006],[129.5159335,35.9208356],[129.5160716,35.9208254],[129.5161363,35.9207474],[129.5164349,35.9207751],[129.5168314,35.92103],[129.5169066,35.9211161],[129.5169314,35.9211721],[129.5163304,35.9211719],[129.5163222,35.9211519],[129.5163094,35.9211729],[129.5162033,35.9212003],[129.5161466,35.9212299],[129.516171,35.9213569],[129.5158687,35.9211958]]]]}},{"type":"Feature","properties":{"r":14,"k":0,"d":18.5},"geometry":{"type":"MultiPolygon","coordinates":[[[[129.5181355,35.9209923],[129.518037,35.9209958],[129.5180482,35.9209086],[129.5180484,35.920879],[129.5180537,35.9208444],[129.5180838,35.9208485],[129.5180951,35.9208665],[129.5181569,35.920867],[129.5181355,35.9209923]]]]}},{"type":"Feature","properties":{"r":601,"k":0,"d":167.8},"geometry":{"type":"MultiPolygon","coordinates":[[[[129.5206769,35.9340294],[129.5206937,35.9340081],[129.5208307,35.9340431],[129.520807,35.9340644],[129.5206769,35.9340294]]]]}},{"type":"Feature","properties":{"r":45,"k":0,"d":23.5},"geometry":{"type":"MultiPolygon","coordinates":[[[[129.5223149,35.9333726],[129.5223445,35.9333415],[129.5224283,35.9333961],[129.5223953,35.9334295],[129.5223149,35.9333726]]]]}},{"type":"Feature","properties":{"r":602,"k":0,"d":167.9},"geometry":{"type":"MultiPolygon","coordinates":[[[[129.5164673,35.9262536],[129.5164705,35.9262384],[129.5165395,35.9262273],[129.516567,35.926202],[129.5165668,35.9261896],[129.5165788,35.9261834],[129.5165089,35.9270781],[129.5164494,35.927097],[129.5163375,35.9271189],[129.5163416,35.9270874],[129.5163318,35.926962],[129.5162638,35.9269657],[129.5162661,35.9269078],[129.5162863,35.9268288],[129.5164126,35.9268323],[129.5164265,35.9267686],[129.5164758,35.9267246],[129.5164892,35.9266591],[129.5164913,35.9265445],[129.5164699,35.9263192],[129.5164673,35.9262536]]]]}},{"type":"Feature","properties":{"r":407,"k":0,"d":112.9},"geometry":{"type":"MultiPolygon","coordinates":[[[[129.5249879,35.9345612],[129.524999,35.9345335],[129.5252017,35.9345943],[129.5253522,35.9346082],[129.525336,35.9346975],[129.5249879,35.9345612]]]]}},{"type":"Feature","properties":{"r":192,"k":0,"d":59.8},"geometry":{"type":"MultiPolygon","coordinates":[[[[129.5178001,35.9263834],[129.5175695,35.9263906],[129.5176034,35.9262636],[129.5177902,35.9262692],[129.5178001,35.9263834]]]]}},{"type":"Feature","properties":{"r":592,"k":0,"d":164.0},"geometry":{"type":"MultiPolygon","coordinates":[[[[129.5179362,35.930607],[129.5179168,35.9306284],[129.5178078,35.9305663],[129.517826,35.9305426],[129.5179362,35.930607]]]]}},{"type":"Feature","properties":{"r":405,"k":0,"d":112.7},"geometry":{"type":"MultiPolygon","coordinates":[[[[129.5172078,35.9269487],[129.5172196,35.9268715],[129.5172328,35.926781],[129.5172367,35.9267305],[129.517234,35.9267047],[129.5172549,35.9267004],[129.5172575,35.9267299],[129.5172517,35.926816],[129.5172316,35.9269041],[129.5172155,35.9269487],[129.5172078,35.9269487]]]]}},{"type":"Feature","properties":{"r":117,"k":0,"d":40.8},"geometry":{"type":"MultiPolygon","coordinates":[[[[129.5179263,35.9237401],[129.5179393,35.9238786],[129.5179361,35.9239929],[129.5179304,35.9240606],[129.5178922,35.9240954],[129.5178591,35.9241106],[129.5177908,35.9240745],[129.5178052,35.9240311],[129.5178375,35.9239896],[129.5178743,35.9238502],[129.5179263,35.9237401]]]]}},{"type":"Feature","properties":{"r":43,"k":0,"d":23.4},"geometry":{"type":"MultiPolygon","coordinates":[[[[129.5177632,35.9259853],[129.5177531,35.9259307],[129.5177895,35.9258135],[129.517816,35.9257497],[129.5181386,35.9257212],[129.5181396,35.925908],[129.5180266,35.9259154],[129.517852,35.9259683],[129.5177632,35.9259853]]]]}},{"type":"Feature","properties":{"r":147,"k":0,"d":48.9},"geometry":{"type":"MultiPolygon","coordinates":[[[[129.5192222,35.9306215],[129.5191763,35.9305933],[129.5192472,35.9305446],[129.5193312,35.9306203],[129.5192744,35.9306591],[129.5192571,35.9306435],[129.5192222,35.9306215]]]]}},{"type":"Feature","properties":{"r":505,"k":0,"d":141.3},"geometry":{"type":"MultiPolygon","coordinates":[[[[129.5175297,35.9295065],[129.5175094,35.9294665],[129.5174265,35.9293759],[129.5175034,35.9293225],[129.5175346,35.9292978],[129.5176677,35.9294545],[129.5176579,35.9294571],[129.5175297,35.9295065]]]]}},{"type":"Feature","properties":{"r":526,"k":0,"d":145.1},"geometry":{"type":"MultiPolygon","coordinates":[[[[129.5165628,35.9254363],[129.5165268,35.925415],[129.5165377,35.9253853],[129.5165419,35.9253252],[129.5165481,35.9252974],[129.5165755,35.9252714],[129.5165894,35.9252645],[129.516679,35.9252633],[129.5167426,35.9252536],[129.5167543,35.9252742],[129.516763,35.9253034],[129.516758,35.9253363],[129.5167319,35.9253495],[129.5166699,35.9253947],[129.5166008,35.9254063],[129.5165628,35.9254363]]]]}},{"type":"Feature","properties":{"r":44,"k":0,"d":23.5},"geometry":{"type":"MultiPolygon","coordinates":[[[[129.5223026,35.9335225],[129.5224283,35.9333961],[129.5225263,35.9334591],[129.5223807,35.9335858],[129.5223026,35.9335225]]]]}},{"type":"Feature","properties":{"r":536,"k":0,"d":148.5},"geometry":{"type":"MultiPolygon","coordinates":[[[[129.5241922,35.9349033],[129.5241794,35.9348688],[129.5243593,35.9349163],[129.5241922,35.9349033]]]]}},{"type":"Feature","properties":{"r":372,"k":0,"d":104.7},"geometry":{"type":"MultiPolygon","coordinates":[[[[129.5202692,35.9330349],[129.5202944,35.9329967],[129.5203002,35.9329221],[129.5203338,35.9328698],[129.5206087,35.932975],[129.5205373,35.9331182],[129.520471,35.9331089],[129.5204122,35.9330989],[129.5202866,35.9330569],[129.5202692,35.9330349]]]]}},{"type":"Feature","properties":{"r":486,"k":0,"d":136.3},"geometry":{"type":"MultiPolygon","coordinates":[[[[129.5227164,35.9346799],[129.5226269,35.9345864],[129.5226294,35.9345345],[129.5227015,35.9346216],[129.5230714,35.9348131],[129.5228096,35.934723],[129.5227164,35.9346799]]]]}},{"type":"Feature","properties":{"r":38,"k":0,"d":22.7},"geometry":{"type":"MultiPolygon","coordinates":[[[[129.5207261,35.9321682],[129.5208561,35.9320718],[129.5209608,35.9321618],[129.5208748,35.9322338],[129.5207261,35.9321682]]]]}},{"type":"Feature","properties":{"r":174,"k":0,"d":54.0},"geometry":{"type":"MultiPolygon","coordinates":[[[[129.5204248,35.9323539],[129.5205022,35.9321863],[129.5206197,35.9322597],[129.5205692,35.9323473],[129.5205396,35.9323436],[129.5204839,35.932366],[129.5204248,35.9323539]]]]}},{"type":"Feature","properties":{"r":84,"k":0,"d":33.5},"geometry":{"type":"MultiPolygon","coordinates":[[[[129.5209001,35.932689],[129.5208567,35.9326453],[129.5208927,35.9325742],[129.5210212,35.9325831],[129.5211523,35.9325051],[129.5211853,35.9325504],[129.5209001,35.932689]]]]}},{"type":"Feature","properties":{"r":679,"k":0,"d":199.6},"geometry":{"type":"MultiPolygon","coordinates":[[[[129.5173277,35.9302716],[129.5170702,35.9301121],[129.5170767,35.9301061],[129.5173418,35.9302587],[129.5173277,35.9302716]]]]}},{"type":"Feature","properties":{"r":620,"k":0,"d":176.9},"geometry":{"type":"MultiPolygon","coordinates":[[[[129.5210442,35.9343491],[129.5210082,35.9344122],[129.5209889,35.9344108],[129.5209631,35.9344599],[129.5209541,35.9344456],[129.5209575,35.9343999],[129.5209344,35.9343876],[129.5208974,35.934431],[129.5208106,35.9343994],[129.5206975,35.9343453],[129.5206192,35.9343467],[129.520607,35.9342832],[129.5207022,35.93426],[129.5207058,35.9342241],[129.5207964,35.9342305],[129.5208152,35.9342578],[129.5208495,35.9342661],[129.5208759,35.93421],[129.5208762,35.9341874],[129.5209038,35.9342314],[129.5209449,35.9342735],[129.5209719,35.9342963],[129.5210442,35.9343491]]]]}},{"type":"Feature","properties":{"r":305,"k":0,"d":87.2},"geometry":{"type":"MultiPolygon","coordinates":[[[[129.5227015,35.9346216],[129.5226294,35.9345345],[129.5229237,35.9341471],[129.5230981,35.9342436],[129.523116,35.9342177],[129.5237993,35.9345626],[129.5237335,35.9348192],[129.5237388,35.9348679],[129.5234825,35.9348815],[129.5232954,35.9348643],[129.5230714,35.9348131],[129.5227015,35.9346216]]]]}},{"type":"Feature","properties":{"r":390,"k":0,"d":107.9},"geometry":{"type":"MultiPolygon","coordinates":[[[[129.5223101,35.9343569],[129.5224377,35.9342145],[129.5225819,35.9342889],[129.5226257,35.9343158],[129.5224916,35.9344586],[129.5223101,35.9343569]]]]}},{"type":"Feature","properties":{"r":111,"k":0,"d":39.3},"geometry":{"type":"MultiPolygon","coordinates":[[[[129.5179798,35.922066],[129.5179921,35.9219696],[129.5179973,35.9219529],[129.5179957,35.921953],[129.5180302,35.9218074],[129.5180315,35.921596],[129.5180657,35.9216046],[129.5180562,35.9218343],[129.5180194,35.9219528],[129.5180176,35.921978],[129.5180228,35.9220097],[129.5180087,35.9220687],[129.5179798,35.922066]]]]}},{"type":"Feature","properties":{"r":561,"k":0,"d":154.7},"geometry":{"type":"MultiPolygon","coordinates":[[[[129.5189502,35.9331339],[129.5192501,35.9330549],[129.519291,35.9330913],[129.5195134,35.933187],[129.519475,35.9332252],[129.5196899,35.9332706],[129.5197283,35.9333146],[129.5198108,35.9333405],[129.5198803,35.9333843],[129.5199702,35.9334209],[129.520133,35.9334303],[129.5201859,35.9333442],[129.5202048,35.9333261],[129.5202219,35.93334],[129.5203604,35.9334257],[129.5202572,35.9334816],[129.5202023,35.9335427],[129.5201582,35.933568],[129.5201424,35.9336756],[129.5199638,35.9336597],[129.5199653,35.9336889],[129.5201479,35.9337282],[129.5201342,35.9337454],[129.5200565,35.933779],[129.5200334,35.9337509],[129.5198567,35.9336932],[129.5197997,35.9336915],[129.519731,35.9337355],[129.5199195,35.9338018],[129.5198996,35.9338142],[129.5197805,35.9338],[129.5197457,35.933803],[129.5197255,35.933827],[129.5197171,35.9338759],[129.5197089,35.9338792],[129.5191505,35.9337548],[129.5191522,35.93375],[129.5191041,35.933745],[129.5191097,35.9337157],[129.5190604,35.9336178],[129.51879,35.9335807],[129.5189224,35.9334857],[129.5189535,35.9334046],[129.5189515,35.9333781],[129.5190155,35.9333621],[129.5189895,35.9333055],[129.5189502,35.9331339]]]]}},{"type":"Feature","properties":{"r":579,"k":0,"d":159.8},"geometry":{"type":"MultiPolygon","coordinates":[[[[129.5205461,35.933681],[129.5204306,35.9336963],[129.5203436,35.9337135],[129.5202352,35.9337009],[129.5201424,35.9336756],[129.5201582,35.933568],[129.5202023,35.9335427],[129.5202572,35.9334816],[129.5203981,35.9335361],[129.5204217,35.9335807],[129.5205461,35.933681]]]]}},{"type":"Feature","properties":{"r":677,"k":0,"d":199.1},"geometry":{"type":"MultiPolygon","coordinates":[[[[129.5188664,35.9331001],[129.5188307,35.9330852],[129.5187262,35.933034],[129.5185598,35.9329735],[129.5184558,35.9329292],[129.5184865,35.9329103],[129.5185806,35.9327974],[129.5188632,35.9329534],[129.5190098,35.9327801],[129.5190962,35.9328294],[129.5189107,35.9330697],[129.5188664,35.9331001]]]]}},{"type":"Feature","properties":{"r":197,"k":0,"d":60.7},"geometry":{"type":"MultiPolygon","coordinates":[[[[129.5220506,35.933901],[129.522101,35.9338286],[129.5221841,35.9336982],[129.5223048,35.9337661],[129.5223226,35.9337388],[129.5224471,35.9338171],[129.5223596,35.9339389],[129.5222758,35.9340313],[129.5220506,35.933901]]]]}},{"type":"Feature","properties":{"r":538,"k":0,"d":149.3},"geometry":{"type":"MultiPolygon","coordinates":[[[[129.5166059,35.9228941],[129.5165336,35.9228546],[129.5164866,35.9227863],[129.5164531,35.9227099],[129.516408,35.922524],[129.5164502,35.9223445],[129.516476,35.9222937],[129.5165072,35.9222598],[129.516561,35.9222724],[129.5165197,35.9223344],[129.516575,35.9225437],[129.5166332,35.9226072],[129.5166565,35.9226725],[129.516732,35.9227391],[129.5167709,35.9228194],[129.516725,35.9228368],[129.5166581,35.9228673],[129.5166059,35.9228941]]]]}},{"type":"Feature","properties":{"r":318,"k":0,"d":89.3},"geometry":{"type":"MultiPolygon","coordinates":[[[[129.5174192,35.9230745],[129.5173901,35.9229952],[129.5173589,35.9229553],[129.5173803,35.9229509],[129.5174296,35.9229951],[129.5174192,35.9230745]]]]}},{"type":"Feature","properties":{"r":638,"k":0,"d":181.3},"geometry":{"type":"MultiPolygon","coordinates":[[[[129.5161527,35.9244812],[129.5160393,35.9244282],[129.516253,35.9243108],[129.5163686,35.9243576],[129.5161527,35.9244812]]]]}},{"type":"Feature","properties":{"r":272,"k":0,"d":83.0},"geometry":{"type":"MultiPolygon","coordinates":[[[[129.5201537,35.9324311],[129.5201376,35.9324087],[129.5201748,35.9323836],[129.5202395,35.9323266],[129.5202901,35.9323401],[129.520321,35.9324199],[129.5203129,35.9324722],[129.5202357,35.9324714],[129.5201537,35.9324311]]]]}},{"type":"Feature","properties":{"r":666,"k":0,"d":194.2},"geometry":{"type":"MultiPolygon","coordinates":[[[[129.5232419,35.9352998],[129.523279,35.935318],[129.5232218,35.9353383],[129.523187,35.9353171],[129.5231315,35.9353182],[129.5231224,35.9352813],[129.5231487,35.9351959],[129.523166,35.9352073],[129.5232106,35.935275],[129.5232419,35.9352998]]]]}},{"type":"Feature","properties":{"r":653,"k":0,"d":187.9},"geometry":{"type":"MultiPolygon","coordinates":[[[[129.5215538,35.9347756],[129.5214632,35.9347028],[129.5214743,35.9346608],[129.521565,35.9347105],[129.5215838,35.934751],[129.5215538,35.9347756]]]]}},{"type":"Feature","properties":{"r":187,"k":0,"d":57.8},"geometry":{"type":"MultiPolygon","coordinates":[[[[129.5190651,35.9306949],[129.5189017,35.9305342],[129.5188214,35.9304654],[129.5187712,35.9304366],[129.5187529,35.9303761],[129.5187843,35.9303367],[129.5188672,35.9303872],[129.5190483,35.9305072],[129.5190647,35.9304942],[129.5191724,35.9305959],[129.5191763,35.9305933],[129.5192222,35.9306215],[129.519107,35.9307204],[129.5190651,35.9306949]]]]}},{"type":"Feature","properties":{"r":314,"k":0,"d":88.5},"geometry":{"type":"MultiPolygon","coordinates":[[[[129.5173523,35.9218952],[129.5173634,35.9217308],[129.5174181,35.9217344],[129.5174424,35.9217484],[129.5174953,35.9217587],[129.5175048,35.9218774],[129.5175038,35.9218917],[129.5173523,35.9218952]]]]}},{"type":"Feature","properties":{"r":664,"k":0,"d":192.3},"geometry":{"type":"MultiPolygon","coordinates":[[[[129.517741,35.9311683],[129.5176064,35.9313051],[129.517326,35.9311333],[129.5176206,35.9308135],[129.5177294,35.9308785],[129.517562,35.9310583],[129.517741,35.9311683]]]]}},{"type":"Feature","properties":{"r":471,"k":0,"d":131.9},"geometry":{"type":"MultiPolygon","coordinates":[[[[129.5169638,35.9264286],[129.517007,35.9264308],[129.5169915,35.9266694],[129.5169655,35.926825],[129.5169494,35.9269788],[129.5169056,35.9269809],[129.5169224,35.926821],[129.5169483,35.926666],[129.5169638,35.9264286]]]]}},{"type":"Feature","properties":{"r":576,"k":0,"d":159.2},"geometry":{"type":"MultiPolygon","coordinates":[[[[129.5180457,35.9308358],[129.5178988,35.9307464],[129.5177593,35.9306634],[129.5177916,35.9306279],[129.5180841,35.9307959],[129.5180457,35.9308358]]]]}},{"type":"Feature","properties":{"r":503,"k":0,"d":141.0},"geometry":{"type":"MultiPolygon","coordinates":[[[[129.5168152,35.9219702],[129.5168089,35.9220414],[129.5167723,35.922145],[129.5167985,35.921842],[129.5168551,35.9215668],[129.5168857,35.9215906],[129.5168932,35.9216202],[129.5168462,35.9218157],[129.5168152,35.9219702]]]]}},{"type":"Feature","properties":{"r":70,"k":0,"d":29.8},"geometry":{"type":"MultiPolygon","coordinates":[[[[129.518144,35.9217438],[129.5180608,35.9217206],[129.5180654,35.9216109],[129.5181802,35.9216287],[129.518144,35.9217438]]]]}},{"type":"Feature","properties":{"r":69,"k":0,"d":29.6},"geometry":{"type":"MultiPolygon","coordinates":[[[[129.5180149,35.9206834],[129.5180244,35.9205486],[129.5181031,35.9205513],[129.5180607,35.9206646],[129.5180149,35.9206834]]]]}},{"type":"Feature","properties":{"r":303,"k":0,"d":86.9},"geometry":{"type":"MultiPolygon","coordinates":[[[[129.5189968,35.9310579],[129.5190014,35.9309026],[129.5189776,35.9308475],[129.518998,35.9308426],[129.5190228,35.9308996],[129.5190179,35.9310578],[129.5189968,35.9310579]]]]}},{"type":"Feature","properties":{"r":280,"k":0,"d":84.7},"geometry":{"type":"MultiPolygon","coordinates":[[[[129.5190179,35.9310578],[129.5190209,35.9309615],[129.519098,35.930959],[129.5191135,35.9310121],[129.5190179,35.9310578]]]]}},{"type":"Feature","properties":{"r":221,"k":0,"d":68.9},"geometry":{"type":"MultiPolygon","coordinates":[[[[129.5231454,35.9341754],[129.5232289,35.9340496],[129.52329,35.9340714],[129.5233555,35.9341082],[129.5232738,35.9342324],[129.5231454,35.9341754]]]]}},{"type":"Feature","properties":{"r":229,"k":0,"d":70.5},"geometry":{"type":"MultiPolygon","coordinates":[[[[129.5165819,35.9241024],[129.5165173,35.9240972],[129.5164721,35.9240819],[129.5165103,35.9240591],[129.5166026,35.9240448],[129.5167565,35.9239539],[129.5172247,35.9235957],[129.5172779,35.9236253],[129.5173755,35.9236414],[129.5174603,35.9236296],[129.5175399,35.9235887],[129.5175825,35.9235781],[129.5176316,35.9235724],[129.5176117,35.9236174],[129.5175949,35.9236298],[129.5175802,35.9236571],[129.5175479,35.9236937],[129.5175155,35.9237207],[129.5173914,35.9237876],[129.5172097,35.923899],[129.5169833,35.9240347],[129.51682,35.9240396],[129.5167258,35.9240357],[129.5166441,35.9240861],[129.5165819,35.9241024]]]]}},{"type":"Feature","properties":{"r":271,"k":0,"d":82.5},"geometry":{"type":"MultiPolygon","coordinates":[[[[129.5191931,35.9314598],[129.519279,35.9313507],[129.519404,35.9314069],[129.5193713,35.9314582],[129.5193704,35.9314885],[129.5191931,35.9314598]]]]}},{"type":"Feature","properties":{"r":349,"k":0,"d":96.2},"geometry":{"type":"MultiPolygon","coordinates":[[[[129.5173738,35.922624],[129.5172858,35.9226993],[129.5172795,35.922701],[129.5171092,35.9225727],[129.5170828,35.9225382],[129.5172372,35.9224734],[129.5172798,35.9225616],[129.5173738,35.922624]]]]}},{"type":"Feature","properties":{"r":497,"k":0,"d":140.2},"geometry":{"type":"MultiPolygon","coordinates":[[[[129.5168155,35.9247727],[129.5167915,35.9248073],[129.5167131,35.9248674],[129.5165375,35.924923],[129.5164764,35.9249586],[129.5162967,35.924881],[129.5161661,35.924818],[129.5161491,35.9247982],[129.5161748,35.9247262],[129.5160965,35.9246257],[129.5160833,35.924582],[129.5162203,35.9245104],[129.5164772,35.9246213],[129.5166597,35.924687],[129.5168155,35.9247727]]]]}},{"type":"Feature","properties":{"r":226,"k":0,"d":69.4},"geometry":{"type":"MultiPolygon","coordinates":[[[[129.5174285,35.9260152],[129.5174279,35.9260105],[129.5173989,35.9260139],[129.5173506,35.9259206],[129.517376,35.9259261],[129.5174062,35.9259784],[129.5175523,35.9259808],[129.5176524,35.9259843],[129.5176425,35.9260251],[129.5174285,35.9260152]]]]}},{"type":"Feature","properties":{"r":587,"k":0,"d":161.1},"geometry":{"type":"MultiPolygon","coordinates":[[[[129.5196899,35.9332706],[129.519475,35.9332252],[129.5195134,35.933187],[129.5193596,35.9331208],[129.5193613,35.9330661],[129.5194825,35.9329855],[129.519537,35.9328719],[129.5196182,35.932898],[129.519692,35.9329142],[129.5197093,35.9329153],[129.5198223,35.9330408],[129.5199585,35.9331431],[129.5198918,35.9331538],[129.5197585,35.9332035],[129.5196899,35.9332706]]]]}},{"type":"Feature","properties":{"r":358,"k":0,"d":99.9},"geometry":{"type":"MultiPolygon","coordinates":[[[[129.5172729,35.9254834],[129.5172516,35.9255031],[129.5172107,35.9255612],[129.5172013,35.9255787],[129.5171877,35.9255805],[129.5172024,35.9255613],[129.5172366,35.9255023],[129.5172678,35.9254785],[129.5172729,35.9254834]]]]}},{"type":"Feature","properties":{"r":353,"k":0,"d":98.5},"geometry":{"type":"MultiPolygon","coordinates":[[[[129.5170388,35.9254541],[129.5170836,35.9254297],[129.51715,35.925399],[129.5171939,35.9254162],[129.5172845,35.9254184],[129.5172394,35.9254801],[129.5171754,35.9255568],[129.5171339,35.9255772],[129.5170578,35.9254909],[129.5170388,35.9254541]]]]}},{"type":"Feature","properties":{"r":85,"k":0,"d":33.7},"geometry":{"type":"MultiPolygon","coordinates":[[[[129.5178029,35.9209698],[129.5176856,35.920912],[129.517607,35.920903],[129.5175566,35.9209042],[129.5175152,35.9209218],[129.5175076,35.9209124],[129.5176839,35.9205668],[129.5180197,35.9206187],[129.5180149,35.9206834],[129.5179757,35.9206989],[129.5179353,35.9207696],[129.517927,35.9209997],[129.5178808,35.920985],[129.5178182,35.9209763],[129.5178029,35.9209698]]]]}},{"type":"Feature","properties":{"r":485,"k":0,"d":136.3},"geometry":{"type":"MultiPolygon","coordinates":[[[[129.5242655,35.9350306],[129.524281,35.9349814],[129.524397,35.9349856],[129.5243629,35.9349306],[129.5243593,35.9349163],[129.5241794,35.9348688],[129.5241568,35.9348081],[129.5242421,35.9347603],[129.5243095,35.9347886],[129.5243234,35.9347919],[129.5243478,35.9347944],[129.5243722,35.9347928],[129.5243842,35.9347903],[129.5244618,35.9347643],[129.5245961,35.9348504],[129.5247004,35.9348867],[129.5245392,35.9349694],[129.5245827,35.935063],[129.5242655,35.9350306]]]]}},{"type":"Feature","properties":{"r":642,"k":0,"d":183.0},"geometry":{"type":"MultiPolygon","coordinates":[[[[129.5170868,35.9300052],[129.517104,35.9299911],[129.5169617,35.9298947],[129.5170904,35.9298152],[129.5172152,35.929718],[129.5173404,35.9298271],[129.5171648,35.929949],[129.517207,35.9299892],[129.5171511,35.9300393],[129.5170868,35.9300052]]]]}},{"type":"Feature","properties":{"r":491,"k":0,"d":137.7},"geometry":{"type":"MultiPolygon","coordinates":[[[[129.5196575,35.9326665],[129.5197393,35.9326219],[129.5199056,35.9328003],[129.5200435,35.9329621],[129.5200924,35.9330329],[129.5201548,35.9330902],[129.5202429,35.9331639],[129.5203291,35.933233],[129.5204179,35.9332864],[129.5204399,35.9332833],[129.5204866,35.9333098],[129.5204683,35.9333915],[129.5201062,35.9331398],[129.5198399,35.932893],[129.5196575,35.9326665]]]]}},{"type":"Feature","properties":{"r":299,"k":0,"d":86.6},"geometry":{"type":"MultiPolygon","coordinates":[[[[129.5206391,35.9329855],[129.5206639,35.9329405],[129.5206949,35.932899],[129.5207392,35.9328497],[129.5207436,35.932855],[129.5206403,35.9329861],[129.5206391,35.9329855]]]]}},{"type":"Feature","properties":{"r":25,"k":0,"d":19.6},"geometry":{"type":"MultiPolygon","coordinates":[[[[129.5197887,35.9311722],[129.5199204,35.9310568],[129.5201065,35.9312408],[129.5199923,35.9313433],[129.5197887,35.9311722]]]]}},{"type":"Feature","properties":{"r":33,"k":0,"d":21.6},"geometry":{"type":"MultiPolygon","coordinates":[[[[129.5205291,35.9318332],[129.5204497,35.931754],[129.5205047,35.9317153],[129.52059,35.9317849],[129.5205291,35.9318332]]]]}},{"type":"Feature","properties":{"r":483,"k":0,"d":135.8},"geometry":{"type":"MultiPolygon","coordinates":[[[[129.5167064,35.9266605],[129.5167264,35.9264167],[129.5169638,35.9264286],[129.5169471,35.926673],[129.5167064,35.9266605]]]]}},{"type":"Feature","properties":{"r":31,"k":0,"d":21.4},"geometry":{"type":"MultiPolygon","coordinates":[[[[129.5180345,35.9210242],[129.518037,35.9209958],[129.5181355,35.9209923],[129.5181279,35.9210277],[129.5180345,35.9210242]]]]}},{"type":"Feature","properties":{"r":634,"k":0,"d":180.3},"geometry":{"type":"MultiPolygon","coordinates":[[[[129.5210276,35.9346202],[129.5210854,35.9345529],[129.5210078,35.9345464],[129.521035,35.9344926],[129.5210039,35.9344774],[129.5210253,35.9344384],[129.5210082,35.9344122],[129.5210442,35.9343491],[129.5211536,35.934388],[129.5212008,35.9344362],[129.5213597,35.9345098],[129.5213544,35.9345805],[129.5212729,35.9345842],[129.5212041,35.9346066],[129.5211656,35.9345763],[129.5211281,35.9346783],[129.5210276,35.9346202]]]]}},{"type":"Feature","properties":{"r":288,"k":0,"d":85.6},"geometry":{"type":"MultiPolygon","coordinates":[[[[129.5189776,35.9308475],[129.5189446,35.9307695],[129.5189619,35.9307588],[129.518998,35.9308426],[129.5189776,35.9308475]]]]}},{"type":"Feature","properties":{"r":96,"k":0,"d":35.9},"geometry":{"type":"MultiPolygon","coordinates":[[[[129.5226494,35.9337832],[129.5227238,35.9337204],[129.5227637,35.9336671],[129.5228062,35.9336281],[129.5229164,35.933695],[129.5227701,35.9338576],[129.5226494,35.9337832]]]]}},{"type":"Feature","properties":{"r":636,"k":0,"d":180.4},"geometry":{"type":"MultiPolygon","coordinates":[[[[129.5249682,35.9352604],[129.5249178,35.9352883],[129.5247823,35.9353134],[129.52464,35.9351841],[129.5246284,35.9351598],[129.524794,35.9352014],[129.5249682,35.9352604]]]]}},{"type":"Feature","properties":{"r":287,"k":0,"d":85.6},"geometry":{"type":"MultiPolygon","coordinates":[[[[129.5225178,35.9340263],[129.5223772,35.9341839],[129.5223637,35.934177],[129.522503,35.9340191],[129.5225178,35.9340263]]]]}},{"type":"Feature","properties":{"r":604,"k":0,"d":169.1},"geometry":{"type":"MultiPolygon","coordinates":[[[[129.5164627,35.9260473],[129.5165505,35.9260543],[129.5165668,35.9261896],[129.516567,35.926202],[129.5165395,35.9262273],[129.5164705,35.9262384],[129.5164659,35.9262078],[129.5164604,35.9261291],[129.5164627,35.9260473]]]]}},{"type":"Feature","properties":{"r":302,"k":0,"d":86.7},"geometry":{"type":"MultiPolygon","coordinates":[[[[129.5172579,35.9252658],[129.5172797,35.9251863],[129.5172947,35.925166],[129.5173592,35.9251811],[129.5174048,35.925194],[129.5173997,35.9252337],[129.5173891,35.9252567],[129.5173827,35.9252927],[129.5173549,35.9252908],[129.5172579,35.9252658]]]]}},{"type":"Feature","properties":{"r":23,"k":0,"d":19.3},"geometry":{"type":"MultiPolygon","coordinates":[[[[129.520008,35.931356],[129.5201325,35.9312642],[129.5202694,35.9314431],[129.5201997,35.9315103],[129.520008,35.931356]]]]}},{"type":"Feature","properties":{"r":584,"k":0,"d":160.5},"geometry":{"type":"MultiPolygon","coordinates":[[[[129.5197093,35.9329153],[129.519692,35.9329142],[129.5196182,35.932898],[129.5194425,35.9328403],[129.5194789,35.9327761],[129.5195041,35.9327095],[129.5195282,35.9326892],[129.5196517,35.9328517],[129.5197093,35.9329153]]]]}},{"type":"Feature","properties":{"r":380,"k":0,"d":106.0},"geometry":{"type":"MultiPolygon","coordinates":[[[[129.5170674,35.9257449],[129.5170499,35.925691],[129.5170522,35.9256285],[129.5170932,35.9256111],[129.5171877,35.9255805],[129.5172039,35.9256205],[129.5171949,35.9256442],[129.5172177,35.9256743],[129.5172166,35.9256975],[129.5171884,35.9257359],[129.5171282,35.9257562],[129.5170674,35.9257449]]]]}},{"type":"Feature","properties":{"r":304,"k":0,"d":87.0},"geometry":{"type":"MultiPolygon","coordinates":[[[[129.5214329,35.9335863],[129.521494,35.9335507],[129.5215726,35.9336291],[129.5214329,35.9335863]]]]}},{"type":"Feature","properties":{"r":292,"k":0,"d":85.8},"geometry":{"type":"MultiPolygon","coordinates":[[[[129.518323,35.9294918],[129.5182499,35.9295248],[129.5182244,35.92957],[129.5181503,35.9295831],[129.5180747,35.9294685],[129.5180216,35.9294207],[129.5180838,35.9293184],[129.5182653,35.92933],[129.518323,35.9294918]]]]}},{"type":"Feature","properties":{"r":72,"k":0,"d":30.0},"geometry":{"type":"MultiPolygon","coordinates":[[[[129.5179404,35.9234646],[129.517943,35.923377],[129.5179966,35.9230877],[129.5179325,35.9226851],[129.517936,35.922615],[129.5181058,35.9226032],[129.5180789,35.923044],[129.5180619,35.9234636],[129.5179404,35.9234646]]]]}},{"type":"Feature","properties":{"r":342,"k":0,"d":93.8},"geometry":{"type":"MultiPolygon","coordinates":[[[[129.5173803,35.9229509],[129.5173439,35.9229584],[129.5172911,35.9229401],[129.517229,35.9228877],[129.5171268,35.9227543],[129.51714,35.9227551],[129.5171951,35.9227239],[129.5172174,35.9227178],[129.5173803,35.9229509]]]]}},{"type":"Feature","properties":{"r":597,"k":0,"d":166.8},"geometry":{"type":"MultiPolygon","coordinates":[[[[129.516253,35.9243108],[129.5164188,35.92422],[129.5165314,35.9242645],[129.5163686,35.9243576],[129.516253,35.9243108]]]]}},{"type":"Feature","properties":{"r":215,"k":0,"d":67.5},"geometry":{"type":"MultiPolygon","coordinates":[[[[129.52024,35.9322922],[129.5201593,35.9322236],[129.5202323,35.9320938],[129.5202556,35.932102],[129.5202486,35.9321259],[129.5203458,35.9321743],[129.5203324,35.932217],[129.5202844,35.9323028],[129.52024,35.9322922]]]]}},{"type":"Feature","properties":{"r":532,"k":0,"d":147.4},"geometry":{"type":"MultiPolygon","coordinates":[[[[129.5184733,35.9316518],[129.5181881,35.9314802],[129.5183539,35.9313009],[129.5186363,35.9314724],[129.5184733,35.9316518]]]]}},{"type":"Feature","properties":{"r":640,"k":0,"d":182.9},"geometry":{"type":"MultiPolygon","coordinates":[[[[129.5181671,35.9314212],[129.5180337,35.9315656],[129.5177928,35.9314196],[129.5179258,35.9312785],[129.5181671,35.9314212]]]]}},{"type":"Feature","properties":{"r":506,"k":0,"d":141.7},"geometry":{"type":"MultiPolygon","coordinates":[[[[129.5187464,35.9315395],[129.5183539,35.9313009],[129.5184251,35.9312233],[129.518581,35.9313194],[129.5187464,35.9315395]]]]}},{"type":"Feature","properties":{"r":320,"k":0,"d":89.4},"geometry":{"type":"MultiPolygon","coordinates":[[[[129.5212965,35.9337941],[129.5212701,35.9337793],[129.5214077,35.9335771],[129.5214329,35.9335863],[129.5215726,35.9336291],[129.5214066,35.9338557],[129.5212965,35.9337941]]]]}},{"type":"Feature","properties":{"r":312,"k":0,"d":88.2},"geometry":{"type":"MultiPolygon","coordinates":[[[[129.5209255,35.933488],[129.520973,35.9334009],[129.5210046,35.9333557],[129.5210308,35.93333],[129.521057,35.9333139],[129.5211228,35.9332837],[129.521171,35.9332733],[129.5212069,35.9332906],[129.521191,35.9333657],[129.5212111,35.9333906],[129.5212827,35.9334221],[129.5212276,35.9335115],[129.521154,35.9335971],[129.5209255,35.933488]]]]}},{"type":"Feature","properties":{"r":328,"k":0,"d":91.5},"geometry":{"type":"MultiPolygon","coordinates":[[[[129.5202231,35.932748],[129.5202571,35.932631],[129.520278,35.9325716],[129.5203576,35.9326064],[129.5204402,35.9326292],[129.5204184,35.9326677],[129.520452,35.9326973],[129.5204442,35.9327916],[129.5204272,35.9328096],[129.5202231,35.932748]]]]}},{"type":"Feature","properties":{"r":248,"k":0,"d":75.8},"geometry":{"type":"MultiPolygon","coordinates":[[[[129.5191733,35.9312301],[129.5191973,35.9312098],[129.5192004,35.9310324],[129.5191884,35.9310196],[129.5191152,35.9310181],[129.5192235,35.9309916],[129.5192491,35.9311115],[129.5193337,35.931213],[129.5193739,35.9312316],[129.5193274,35.931304],[129.5191733,35.9312301]]]]}},{"type":"Feature","properties":{"r":559,"k":0,"d":154.2},"geometry":{"type":"MultiPolygon","coordinates":[[[[129.5181702,35.930846],[129.5181247,35.9308962],[129.5180457,35.9308358],[129.5180841,35.9307959],[129.5181702,35.930846]]]]}},{"type":"Feature","properties":{"r":49,"k":0,"d":24.9},"geometry":{"type":"MultiPolygon","coordinates":[[[[129.5180204,35.9219933],[129.5180647,35.9219555],[129.5181322,35.9218812],[129.5182287,35.9217031],[129.5181889,35.9219702],[129.5181397,35.9220491],[129.5180513,35.9220699],[129.5180093,35.9220659],[129.5180228,35.9220097],[129.5180204,35.9219933]]]]}},{"type":"Feature","properties":{"r":610,"k":0,"d":173.0},"geometry":{"type":"MultiPolygon","coordinates":[[[[129.5164962,35.9215014],[129.5164488,35.9215255],[129.516396,35.9215172],[129.5163436,35.921543],[129.5162613,35.9214522],[129.516171,35.9213569],[129.5161466,35.9212299],[129.5162033,35.9212003],[129.5163094,35.9211729],[129.5163222,35.9211519],[129.5163304,35.9211719],[129.5163467,35.9212612],[129.5164739,35.9214429],[129.5164962,35.9215014]]]]}},{"type":"Feature","properties":{"r":17,"k":0,"d":18.8},"geometry":{"type":"MultiPolygon","coordinates":[[[[129.5181733,35.9207196],[129.5181114,35.9207139],[129.5181236,35.9206908],[129.5181285,35.9206772],[129.5181784,35.9206737],[129.5181733,35.9207196]]]]}},{"type":"Feature","properties":{"r":39,"k":0,"d":22.8},"geometry":{"type":"MultiPolygon","coordinates":[[[[129.5222857,35.9333515],[129.5222513,35.9333265],[129.522284,35.9332948],[129.5223445,35.9333415],[129.5223149,35.9333726],[129.5222857,35.9333515]]]]}},{"type":"Feature","properties":{"r":549,"k":0,"d":151.8},"geometry":{"type":"MultiPolygon","coordinates":[[[[129.5174217,35.9301842],[129.5171511,35.9300393],[129.517207,35.9299892],[129.5171648,35.929949],[129.5173404,35.9298271],[129.5173881,35.9298537],[129.5174498,35.9298078],[129.517548,35.9297535],[129.5176631,35.9298274],[129.5177371,35.9299012],[129.5176701,35.9299377],[129.5175954,35.9299893],[129.5175386,35.9300235],[129.5175813,35.9300742],[129.5174527,35.9301561],[129.5174217,35.9301842]]]]}},{"type":"Feature","properties":{"r":545,"k":0,"d":150.8},"geometry":{"type":"MultiPolygon","coordinates":[[[[129.5217625,35.9348184],[129.5217817,35.9347647],[129.5218164,35.9346802],[129.5218219,35.9346401],[129.5217878,35.9345511],[129.5218096,35.9345376],[129.5218317,35.9344878],[129.5218455,35.9344519],[129.521889,35.9344991],[129.5220228,35.9345423],[129.5220906,35.9345877],[129.5221056,35.934655],[129.5220801,35.9347204],[129.522112,35.9347764],[129.5222301,35.9348044],[129.5222464,35.9348481],[129.5222539,35.9348858],[129.5221952,35.9348933],[129.522134,35.934943],[129.522122,35.9350224],[129.5220617,35.9349812],[129.522039,35.9350083],[129.5219693,35.9349769],[129.5218682,35.9348464],[129.5218518,35.9348641],[129.5217954,35.9348484],[129.5217625,35.9348184]]]]}},{"type":"Feature","properties":{"r":87,"k":0,"d":34.7},"geometry":{"type":"MultiPolygon","coordinates":[[[[129.5198125,35.9314061],[129.5199353,35.9312955],[129.5199923,35.9313433],[129.5198741,35.9314498],[129.5198125,35.9314061]]]]}},{"type":"Feature","properties":{"r":429,"k":0,"d":119.8},"geometry":{"type":"MultiPolygon","coordinates":[[[[129.5171896,35.9271525],[129.5172481,35.9271808],[129.5171254,35.9272424],[129.517129,35.9272628],[129.5171799,35.9273348],[129.5171906,35.9274137],[129.5171596,35.9274511],[129.5171226,35.927244],[129.5171896,35.9271525]]]]}},{"type":"Feature","properties":{"r":156,"k":0,"d":50.3},"geometry":{"type":"MultiPolygon","coordinates":[[[[129.5198741,35.9314498],[129.5198652,35.9314579],[129.5197497,35.9313887],[129.5197693,35.93137],[129.5198106,35.9314078],[129.5198125,35.9314061],[129.5198741,35.9314498]]]]}},{"type":"Feature","properties":{"r":647,"k":0,"d":184.2},"geometry":{"type":"MultiPolygon","coordinates":[[[[129.522122,35.9350224],[129.522134,35.934943],[129.5221952,35.9348933],[129.5222539,35.9348858],[129.5223069,35.9349677],[129.5222807,35.9349888],[129.5223011,35.9350335],[129.5223818,35.935088],[129.5223512,35.9351343],[129.5223711,35.9351581],[129.5223536,35.9351758],[129.5222772,35.9351242],[129.5221534,35.9350962],[129.522122,35.9350224]]]]}},{"type":"Feature","properties":{"r":127,"k":0,"d":43.0},"geometry":{"type":"MultiPolygon","coordinates":[[[[129.5176936,35.9231795],[129.5176978,35.9231664],[129.5178355,35.9232011],[129.5179275,35.9232199],[129.5179216,35.9234245],[129.517924,35.9237155],[129.5179263,35.9237401],[129.5178743,35.9238502],[129.5178375,35.9239896],[129.5178052,35.9240311],[129.5177908,35.9240745],[129.5178591,35.9241106],[129.5177548,35.9241584],[129.5177425,35.9240528],[129.5177733,35.9239929],[129.5178103,35.9239069],[129.5178439,35.9238121],[129.5179173,35.9232752],[129.5179112,35.9232499],[129.5178899,35.9232291],[129.517871,35.9232211],[129.5176936,35.9231795]]]]}},{"type":"Feature","properties":{"r":478,"k":0,"d":134.4},"geometry":{"type":"MultiPolygon","coordinates":[[[[129.5170728,35.9287438],[129.5170805,35.9287095],[129.5169106,35.9286779],[129.5168496,35.9286556],[129.5167328,35.9286384],[129.5165926,35.9286214],[129.5165784,35.9285996],[129.5165183,35.9285413],[129.5164999,35.9285029],[129.5165067,35.9284692],[129.5168338,35.9284615],[129.5169386,35.9284454],[129.5170834,35.9284785],[129.5172002,35.9284978],[129.5173049,35.9285179],[129.5173404,35.9285397],[129.5173669,35.9285699],[129.5174026,35.9285932],[129.5174631,35.9286363],[129.5174851,35.9286852],[129.5174568,35.9287067],[129.5173999,35.9287307],[129.5173156,35.928752],[129.5172114,35.9287504],[129.5171567,35.9287348],[129.5171478,35.9287509],[129.5170728,35.9287438]]]]}},{"type":"Feature","properties":{"r":334,"k":0,"d":92.5},"geometry":{"type":"MultiPolygon","coordinates":[[[[129.5173002,35.9260615],[129.5172219,35.926039],[129.5172211,35.9259229],[129.5172711,35.9259137],[129.5173583,35.9259355],[129.5173989,35.9260139],[129.5173592,35.9260189],[129.517307,35.9260338],[129.5173002,35.9260615]]]]}},{"type":"Feature","properties":{"r":443,"k":0,"d":124.5},"geometry":{"type":"MultiPolygon","coordinates":[[[[129.5168351,35.9252677],[129.5167763,35.9252592],[129.5167662,35.9252228],[129.5167593,35.9251591],[129.5167663,35.9250566],[129.5167868,35.9249868],[129.5168113,35.9249284],[129.5169205,35.9249605],[129.5169489,35.9249673],[129.5169356,35.9249951],[129.516928,35.9250456],[129.5169462,35.9250947],[129.5169674,35.9251221],[129.5169819,35.9251553],[129.5169872,35.9252023],[129.5169445,35.9252371],[129.5168915,35.9252599],[129.5168351,35.9252677]]]]}},{"type":"Feature","properties":{"r":220,"k":0,"d":68.9},"geometry":{"type":"MultiPolygon","coordinates":[[[[129.5200844,35.9321531],[129.5200807,35.9321166],[129.5200765,35.9321057],[129.5201384,35.932094],[129.5201243,35.9320496],[129.5201664,35.9320416],[129.5201765,35.9320761],[129.5202053,35.9320884],[129.5202323,35.9320938],[129.5201593,35.9322236],[129.5200844,35.9321531]]]]}},{"type":"Feature","properties":{"r":264,"k":0,"d":80.2},"geometry":{"type":"MultiPolygon","coordinates":[[[[129.5190506,35.9311784],[129.5190377,35.9311275],[129.5191152,35.9310181],[129.5191884,35.9310196],[129.5192004,35.9310324],[129.5191973,35.9312098],[129.5191733,35.9312301],[129.5190506,35.9311784]]]]}},{"type":"Feature","properties":{"r":97,"k":0,"d":35.9},"geometry":{"type":"MultiPolygon","coordinates":[[[[129.5177124,35.9244962],[129.5176944,35.9243837],[129.5177348,35.9242945],[129.5179185,35.9243542],[129.5179753,35.9245538],[129.5179385,35.9245483],[129.5179229,35.9245412],[129.5178387,35.9245363],[129.5177124,35.9244962]]]]}},{"type":"Feature","properties":{"r":100,"k":0,"d":36.2},"geometry":{"type":"MultiPolygon","coordinates":[[[[129.5212229,35.9328538],[129.5211754,35.9327941],[129.5213365,35.9327115],[129.5213901,35.9327644],[129.5212229,35.9328538]]]]}},{"type":"Feature","properties":{"r":227,"k":0,"d":70.0},"geometry":{"type":"MultiPolygon","coordinates":[[[[129.5194639,35.9318919],[129.5194834,35.9318123],[129.5194961,35.9317683],[129.519494,35.9317399],[129.519647,35.9317562],[129.5196709,35.9315539],[129.5197164,35.9315753],[129.5197096,35.9315859],[129.5197022,35.9316281],[129.5197092,35.9317572],[129.5197406,35.9317656],[129.5197112,35.9318399],[129.5196841,35.9319003],[129.5196279,35.931906],[129.5195953,35.9319473],[129.5195701,35.931939],[129.5194639,35.9318919]]]]}},{"type":"Feature","properties":{"r":242,"k":0,"d":73.1},"geometry":{"type":"MultiPolygon","coordinates":[[[[129.5204442,35.9327916],[129.520452,35.9326973],[129.5205503,35.9327135],[129.5205688,35.9326667],[129.5206081,35.9326274],[129.520643,35.9326143],[129.5208172,35.9327359],[129.5207856,35.9327724],[129.5207128,35.9328353],[129.5206712,35.9328777],[129.5204442,35.9327916]]]]}},{"type":"Feature","properties":{"r":209,"k":0,"d":63.9},"geometry":{"type":"MultiPolygon","coordinates":[[[[129.520452,35.9326973],[129.5204184,35.9326677],[129.5205095,35.9324985],[129.520607,35.9325214],[129.5207051,35.9325016],[129.5206933,35.9325314],[129.520643,35.9326143],[129.5206081,35.9326274],[129.5205688,35.9326667],[129.5205503,35.9327135],[129.520452,35.9326973]]]]}},{"type":"Feature","properties":{"r":238,"k":0,"d":72.0},"geometry":{"type":"MultiPolygon","coordinates":[[[[129.5189945,35.9308343],[129.5189717,35.9307815],[129.519107,35.9307204],[129.5191386,35.9308186],[129.5190639,35.9308343],[129.5190608,35.9308212],[129.5189945,35.9308343]]]]}},{"type":"Feature","properties":{"r":6,"k":0,"d":16.5},"geometry":{"type":"MultiPolygon","coordinates":[[[[129.5218596,35.9332022],[129.5219856,35.9330561],[129.5221285,35.933172],[129.522098,35.9331997],[129.5220124,35.9332907],[129.5218596,35.9332022]]]]}},{"type":"Feature","properties":{"r":256,"k":0,"d":78.1},"geometry":{"type":"MultiPolygon","coordinates":[[[[129.5186524,35.9299731],[129.5185543,35.9300509],[129.518399,35.9299244],[129.518341,35.9298049],[129.5185335,35.9297927],[129.518565,35.9298253],[129.5185258,35.929856],[129.5185535,35.9298899],[129.5186005,35.9299044],[129.5186524,35.9299731]]]]}},{"type":"Feature","properties":{"r":20,"k":0,"d":19.2},"geometry":{"type":"MultiPolygon","coordinates":[[[[129.5221807,35.9332656],[129.522098,35.9331997],[129.5221285,35.933172],[129.522284,35.9332948],[129.5222539,35.9333242],[129.5221807,35.9332656]]]]}},{"type":"Feature","properties":{"r":108,"k":0,"d":38.8},"geometry":{"type":"MultiPolygon","coordinates":[[[[129.5222294,35.9334625],[129.5222419,35.9334493],[129.5223217,35.9335032],[129.5223026,35.9335225],[129.5222294,35.9334625]]]]}},{"type":"Feature","properties":{"r":468,"k":0,"d":131.5},"geometry":{"type":"MultiPolygon","coordinates":[[[[129.5169526,35.9269483],[129.5169655,35.926825],[129.5169915,35.9266694],[129.5170298,35.9266946],[129.5170446,35.9266938],[129.5170241,35.9269552],[129.5169526,35.9269483]]]]}},{"type":"Feature","properties":{"r":459,"k":0,"d":129.6},"geometry":{"type":"MultiPolygon","coordinates":[[[[129.5184334,35.9307813],[129.5184249,35.9308011],[129.5180548,35.9305474],[129.5179033,35.9304608],[129.5179411,35.9304443],[129.5181241,35.9305749],[129.5182877,35.9306947],[129.5184334,35.9307813]]]]}},{"type":"Feature","properties":{"r":355,"k":0,"d":98.7},"geometry":{"type":"MultiPolygon","coordinates":[[[[129.5239465,35.9345455],[129.5239204,35.9345003],[129.5239475,35.9344131],[129.5241078,35.9344211],[129.5241104,35.9345811],[129.5240606,35.9345865],[129.5240353,35.9345682],[129.5239465,35.9345455]]]]}},{"type":"Feature","properties":{"r":1,"k":0,"d":9.5},"geometry":{"type":"MultiPolygon","coordinates":[[[[129.5182554,35.9202806],[129.5182717,35.9202437],[129.5184008,35.9202885],[129.5183898,35.9203291],[129.5182554,35.9202806]]]]}},{"type":"Feature","properties":{"r":570,"k":0,"d":156.4},"geometry":{"type":"MultiPolygon","coordinates":[[[[129.5167017,35.926132],[129.5166112,35.9261667],[129.5165668,35.9261896],[129.5165505,35.9260543],[129.5166724,35.9260462],[129.51667,35.9260719],[129.5167017,35.926132]]]]}},{"type":"Feature","properties":{"r":132,"k":0,"d":45.2},"geometry":{"type":"MultiPolygon","coordinates":[[[[129.517817,35.9238878],[129.5178395,35.923804],[129.5178793,35.9235092],[129.5179136,35.9232884],[129.5179111,35.9232683],[129.5179038,35.9232462],[129.5178833,35.9232352],[129.5178606,35.9232258],[129.5177401,35.9232168],[129.517691,35.9232244],[129.5176918,35.9232086],[129.5176864,35.9232018],[129.5176936,35.9231795],[129.517871,35.9232211],[129.5178899,35.9232291],[129.5179112,35.9232499],[129.5179173,35.9232752],[129.5178886,35.9234869],[129.5178439,35.9238121],[129.517817,35.9238878]]]]}},{"type":"Feature","properties":{"r":402,"k":0,"d":112.3},"geometry":{"type":"MultiPolygon","coordinates":[[[[129.5208618,35.9335548],[129.5209255,35.933488],[129.521154,35.9335971],[129.5210842,35.9336782],[129.5208618,35.9335548]]]]}},{"type":"Feature","properties":{"r":649,"k":0,"d":185.6},"geometry":{"type":"MultiPolygon","coordinates":[[[[129.5160822,35.9255015],[129.5160242,35.9254362],[129.5160495,35.9254249],[129.5161283,35.9253306],[129.5162002,35.9252696],[129.5162159,35.9252729],[129.5162627,35.9253239],[129.5163158,35.9253636],[129.5162838,35.9254069],[129.5162733,35.9254267],[129.5162756,35.9254431],[129.5162442,35.925462],[129.5161629,35.9254879],[129.5160822,35.9255015]]]]}},{"type":"Feature","properties":{"r":670,"k":0,"d":195.7},"geometry":{"type":"MultiPolygon","coordinates":[[[[129.5160242,35.9254362],[129.5160024,35.9254278],[129.5158979,35.9253389],[129.5159788,35.9252182],[129.5160243,35.9251978],[129.5161128,35.9251642],[129.5162002,35.9252696],[129.5161283,35.9253306],[129.5160495,35.9254249],[129.5160242,35.9254362]]]]}},{"type":"Feature","properties":{"r":61,"k":0,"d":27.3},"geometry":{"type":"MultiPolygon","coordinates":[[[[129.522168,35.9334062],[129.5222513,35.9333265],[129.5223149,35.9333726],[129.5222383,35.9334532],[129.522168,35.9334062]]]]}},{"type":"Feature","properties":{"r":166,"k":0,"d":51.7},"geometry":{"type":"MultiPolygon","coordinates":[[[[129.5201765,35.9320761],[129.5201664,35.9320416],[129.5201651,35.932009],[129.520193,35.9319425],[129.5202331,35.9319034],[129.5203901,35.9320028],[129.5203163,35.9320763],[129.5202846,35.9320951],[129.5202556,35.932102],[129.5202323,35.9320938],[129.5202053,35.9320884],[129.5201765,35.9320761]]]]}},{"type":"Feature","properties":{"r":509,"k":0,"d":142.3},"geometry":{"type":"MultiPolygon","coordinates":[[[[129.5173775,35.9290607],[129.5172895,35.9289457],[129.5172461,35.9289065],[129.517216,35.9288509],[129.5173183,35.9288409],[129.5173838,35.9288539],[129.5174884,35.9290123],[129.517458,35.929037],[129.5173775,35.9290607]]]]}},{"type":"Feature","properties":{"r":594,"k":0,"d":165.2},"geometry":{"type":"MultiPolygon","coordinates":[[[[129.522711,35.9348414],[129.522749,35.9348392],[129.522798,35.9348839],[129.5229291,35.9349052],[129.5229741,35.9349725],[129.5230168,35.9349962],[129.5230254,35.9349155],[129.5232313,35.9349821],[129.5233824,35.934996],[129.5233122,35.9350496],[129.5233295,35.9350896],[129.5233991,35.935129],[129.523131,35.9350821],[129.5229462,35.9350721],[129.5229237,35.9350284],[129.5228749,35.9349711],[129.5227267,35.9349118],[129.5226087,35.9349192],[129.522615,35.9348675],[129.5226794,35.9348432],[129.522711,35.9348414]]]]}},{"type":"Feature","properties":{"r":8,"k":0,"d":17.9},"geometry":{"type":"MultiPolygon","coordinates":[[[[129.5214903,35.9327711],[129.5214723,35.9327502],[129.521573,35.9326861],[129.5215877,35.9327059],[129.5215934,35.9327108],[129.5214903,35.9327711]]]]}},{"type":"Feature","properties":{"r":425,"k":0,"d":118.9},"geometry":{"type":"MultiPolygon","coordinates":[[[[129.5190491,35.9317714],[129.5187199,35.9313084],[129.518489,35.9310718],[129.5185148,35.9310445],[129.5185631,35.9310734],[129.5187356,35.9311368],[129.5187816,35.9311585],[129.5189377,35.9313986],[129.5190427,35.9315555],[129.5191235,35.9316847],[129.5190491,35.9317714]]]]}},{"type":"Feature","properties":{"r":560,"k":0,"d":154.4},"geometry":{"type":"MultiPolygon","coordinates":[[[[129.5232954,35.9348643],[129.5234825,35.9348815],[129.5233908,35.9348859],[129.5232954,35.9348643]]]]}},{"type":"Feature","properties":{"r":488,"k":0,"d":136.6},"geometry":{"type":"MultiPolygon","coordinates":[[[[129.5211953,35.9339317],[129.5214759,35.9340998],[129.5213918,35.9340761],[129.5212923,35.9340319],[129.5212198,35.9339793],[129.5211953,35.9339317]]]]}},{"type":"Feature","properties":{"r":243,"k":0,"d":73.4},"geometry":{"type":"MultiPolygon","coordinates":[[[[129.5193704,35.9314885],[129.5193713,35.9314582],[129.519404,35.9314069],[129.5196186,35.9315194],[129.5194933,35.9315456],[129.5193873,35.9314911],[129.5193704,35.9314885]]]]}},{"type":"Feature","properties":{"r":444,"k":0,"d":124.6},"geometry":{"type":"MultiPolygon","coordinates":[[[[129.5197393,35.9326219],[129.5197905,35.9325859],[129.5198349,35.9326268],[129.5199064,35.9326618],[129.5199818,35.9326872],[129.5200151,35.9327054],[129.5200971,35.9327543],[129.5201533,35.9328336],[129.5200294,35.9329456],[129.5199056,35.9328003],[129.5197393,35.9326219]]]]}},{"type":"Feature","properties":{"r":473,"k":0,"d":132.7},"geometry":{"type":"MultiPolygon","coordinates":[[[[129.5168156,35.9272624],[129.5166849,35.9272214],[129.5165788,35.9272089],[129.5165837,35.927179],[129.5166193,35.9271589],[129.516726,35.9271357],[129.5170914,35.9271029],[129.517066,35.9271667],[129.5169888,35.9271676],[129.5169862,35.9272255],[129.5169612,35.9272476],[129.5169187,35.9272644],[129.5168994,35.9272783],[129.5168156,35.9272624]]]]}},{"type":"Feature","properties":{"r":398,"k":0,"d":110.6},"geometry":{"type":"MultiPolygon","coordinates":[[[[129.5183935,35.9308743],[129.5184334,35.9307813],[129.5185534,35.930852],[129.5187628,35.9309491],[129.5187711,35.9309511],[129.5187153,35.9310322],[129.5186236,35.9309975],[129.5183935,35.9308743]]]]}},{"type":"Feature","properties":{"r":119,"k":0,"d":41.8},"geometry":{"type":"MultiPolygon","coordinates":[[[[129.5179798,35.922066],[129.5180087,35.9220687],[129.5180093,35.9220659],[129.5179738,35.9222212],[129.5179642,35.9223802],[129.5179537,35.922425],[129.5179424,35.9225132],[129.517936,35.922615],[129.5179189,35.9226162],[129.517897,35.922542],[129.5179762,35.9220939],[129.5179798,35.922066]]]]}},{"type":"Feature","properties":{"r":115,"k":0,"d":40.4},"geometry":{"type":"MultiPolygon","coordinates":[[[[129.5176034,35.9262636],[129.5176218,35.9261947],[129.5176425,35.9260251],[129.5176633,35.92602],[129.5177005,35.9260184],[129.5177668,35.926022],[129.517865,35.9260032],[129.5179705,35.9259702],[129.5179769,35.9259982],[129.5180051,35.926377],[129.5178001,35.9263834],[129.5177902,35.9262692],[129.5176034,35.9262636]]]]}},{"type":"Feature","properties":{"r":181,"k":0,"d":55.6},"geometry":{"type":"MultiPolygon","coordinates":[[[[129.5177632,35.9259853],[129.5177007,35.9259819],[129.517741,35.9259206],[129.5177895,35.9258135],[129.5177531,35.9259307],[129.5177632,35.9259853]]]]}},{"type":"Feature","properties":{"r":513,"k":0,"d":143.7},"geometry":{"type":"MultiPolygon","coordinates":[[[[129.5169494,35.9269788],[129.5169444,35.9270266],[129.5166744,35.9270599],[129.5167202,35.9270418],[129.5167277,35.9270088],[129.5168323,35.9269844],[129.5169494,35.9269788]]]]}},{"type":"Feature","properties":{"r":569,"k":0,"d":156.3},"geometry":{"type":"MultiPolygon","coordinates":[[[[129.5166606,35.9258262],[129.5166248,35.9258276],[129.5165692,35.9258357],[129.5165332,35.925832],[129.5165085,35.9258218],[129.5164533,35.9257729],[129.5164443,35.9257388],[129.5164394,35.9256654],[129.5164763,35.9256602],[129.5165506,35.9256613],[129.5166575,35.92564],[129.5166494,35.925684],[129.5166482,35.9257358],[129.5166606,35.9258262]]]]}},{"type":"Feature","properties":{"r":254,"k":0,"d":77.9},"geometry":{"type":"MultiPolygon","coordinates":[[[[129.5174804,35.924948],[129.5174522,35.924943],[129.5173824,35.9249166],[129.5173995,35.9248656],[129.5174209,35.924825],[129.5174344,35.9248083],[129.5174557,35.9247739],[129.5175063,35.9247747],[129.5174965,35.9248226],[129.5174804,35.924948]]]]}},{"type":"Feature","properties":{"r":389,"k":0,"d":107.8},"geometry":{"type":"MultiPolygon","coordinates":[[[[129.5172834,35.9268578],[129.5173324,35.9268586],[129.5172829,35.9268873],[129.5172834,35.9268578]]]]}},{"type":"Feature","properties":{"r":107,"k":0,"d":38.0},"geometry":{"type":"MultiPolygon","coordinates":[[[[129.5179325,35.9226851],[129.5179966,35.9230877],[129.517943,35.923377],[129.5179477,35.923242],[129.5179338,35.9229006],[129.5179304,35.9227271],[129.5179325,35.9226851]]]]}},{"type":"Feature","properties":{"r":658,"k":0,"d":189.8},"geometry":{"type":"MultiPolygon","coordinates":[[[[129.5209657,35.934729],[129.5206556,35.9346726],[129.5204147,35.9344724],[129.5206192,35.9343467],[129.5206975,35.9343453],[129.5208106,35.9343994],[129.5208974,35.934431],[129.5209344,35.9343876],[129.5209575,35.9343999],[129.5209541,35.9344456],[129.5209631,35.9344599],[129.5209889,35.9344108],[129.5210082,35.9344122],[129.5210253,35.9344384],[129.5210039,35.9344774],[129.521035,35.9344926],[129.5210078,35.9345464],[129.5210854,35.9345529],[129.5210276,35.9346202],[129.5209657,35.934729]]]]}},{"type":"Feature","properties":{"r":225,"k":0,"d":69.4},"geometry":{"type":"MultiPolygon","coordinates":[[[[129.5227318,35.9340965],[129.5228059,35.9339469],[129.5229147,35.9340067],[129.5229068,35.9340439],[129.5228863,35.9340931],[129.522855,35.9341372],[129.5227318,35.9340965]]]]}},{"type":"Feature","properties":{"r":245,"k":0,"d":74.1},"geometry":{"type":"MultiPolygon","coordinates":[[[[129.5188964,35.9307995],[129.5186864,35.9305888],[129.5188214,35.9304654],[129.5189017,35.9305342],[129.5190651,35.9306949],[129.5188964,35.9307995]]]]}},{"type":"Feature","properties":{"r":172,"k":0,"d":53.6},"geometry":{"type":"MultiPolygon","coordinates":[[[[129.5201166,35.9318698],[129.5201532,35.9318351],[129.5202032,35.9318706],[129.5201772,35.9319045],[129.5201166,35.9318698]]]]}},{"type":"Feature","properties":{"r":138,"k":0,"d":47.0},"geometry":{"type":"MultiPolygon","coordinates":[[[[129.5188995,35.9304086],[129.519024,35.9303372],[129.5191509,35.9302966],[129.5192073,35.9303599],[129.5190428,35.9304737],[129.5190647,35.9304942],[129.5190483,35.9305072],[129.5188995,35.9304086]]]]}},{"type":"Feature","properties":{"r":674,"k":0,"d":197.7},"geometry":{"type":"MultiPolygon","coordinates":[[[[129.5184975,35.9324042],[129.5183016,35.9322843],[129.5184079,35.9321696],[129.5186021,35.9322856],[129.5184975,35.9324042]]]]}},{"type":"Feature","properties":{"r":467,"k":0,"d":131.5},"geometry":{"type":"MultiPolygon","coordinates":[[[[129.5201548,35.9330902],[129.5200924,35.9330329],[129.5201904,35.9329541],[129.5202692,35.9330349],[129.5202866,35.9330569],[129.5203137,35.9330659],[129.5202429,35.9331639],[129.5201548,35.9330902]]]]}},{"type":"Feature","properties":{"r":98,"k":0,"d":36.1},"geometry":{"type":"MultiPolygon","coordinates":[[[[129.5195489,35.9311516],[129.5195269,35.93112],[129.5197108,35.9310348],[129.5198149,35.9311495],[129.5196912,35.9312579],[129.5195489,35.9311516]]]]}},{"type":"Feature","properties":{"r":365,"k":0,"d":102.0},"geometry":{"type":"MultiPolygon","coordinates":[[[[129.5194234,35.9321679],[129.5191522,35.9317288],[129.5192169,35.9316554],[129.5194834,35.9318123],[129.5194639,35.9318919],[129.5195701,35.931939],[129.5195953,35.9319473],[129.5194234,35.9321679]]]]}},{"type":"Feature","properties":{"r":516,"k":0,"d":143.8},"geometry":{"type":"MultiPolygon","coordinates":[[[[129.5167438,35.9223394],[129.5167181,35.9222987],[129.5168089,35.9220414],[129.5168152,35.9219702],[129.5168694,35.921937],[129.5168457,35.9220017],[129.516847,35.9220963],[129.5168755,35.9221475],[129.5168374,35.9223049],[129.5168068,35.9223394],[129.5168135,35.9223896],[129.5167438,35.9223394]]]]}},{"type":"Feature","properties":{"r":121,"k":0,"d":42.5},"geometry":{"type":"MultiPolygon","coordinates":[[[[129.5180306,35.9217311],[129.5177972,35.9217042],[129.5177975,35.9216045],[129.5178318,35.9215494],[129.5180315,35.9215961],[129.5180306,35.9217311]]]]}},{"type":"Feature","properties":{"r":129,"k":0,"d":43.8},"geometry":{"type":"MultiPolygon","coordinates":[[[[129.5179355,35.921535],[129.5178985,35.9215185],[129.5179034,35.9214457],[129.5179406,35.9214402],[129.5179661,35.9214629],[129.5179355,35.921535]]]]}},{"type":"Feature","properties":{"r":440,"k":0,"d":122.8},"geometry":{"type":"MultiPolygon","coordinates":[[[[129.5260929,35.9345956],[129.526006,35.9345131],[129.5260363,35.9344849],[129.5259812,35.9344187],[129.5259906,35.9344065],[129.5260459,35.9344588],[129.5261146,35.9344199],[129.526129,35.9344655],[129.5261804,35.9345291],[129.5261592,35.9345529],[129.5260929,35.9345956]]]]}},{"type":"Feature","properties":{"r":177,"k":0,"d":55.4},"geometry":{"type":"MultiPolygon","coordinates":[[[[129.5206569,35.9325113],[129.5206686,35.9324915],[129.5208582,35.9325315],[129.5208511,35.9325464],[129.5207011,35.9325134],[129.5207051,35.9325016],[129.5206569,35.9325113]]]]}},{"type":"Feature","properties":{"r":193,"k":0,"d":60.0},"geometry":{"type":"MultiPolygon","coordinates":[[[[129.5178792,35.9281005],[129.5176313,35.9281641],[129.5173315,35.9282006],[129.5170132,35.9281939],[129.5170009,35.9281582],[129.5168376,35.9281722],[129.5167922,35.928162],[129.5166521,35.9281814],[129.5165874,35.9281622],[129.5165059,35.9281621],[129.5163952,35.9281748],[129.5161797,35.9281702],[129.5160899,35.9281604],[129.5158833,35.9281702],[129.5157183,35.9281752],[129.5156685,35.9281755],[129.5156369,35.9280448],[129.5156578,35.9280402],[129.5156553,35.9280128],[129.5156293,35.9280124],[129.5155931,35.9278632],[129.5155922,35.9277855],[129.5155996,35.9277417],[129.515755,35.9277305],[129.515818,35.9277294],[129.5159391,35.927733],[129.5160815,35.9277518],[129.51612,35.927752],[129.5161919,35.9276905],[129.5162542,35.927644],[129.5161786,35.9276066],[129.5160399,35.9275792],[129.5159128,35.9275353],[129.5157993,35.9275153],[129.5157451,35.9274805],[129.5156764,35.9274579],[129.5156237,35.9274524],[129.515657,35.9273976],[129.5157814,35.927368],[129.515878,35.9273423],[129.5161624,35.9272605],[129.5162846,35.9272181],[129.5165351,35.9272038],[129.5164886,35.9272538],[129.5164695,35.9272951],[129.5164443,35.9273876],[129.5165169,35.9274164],[129.5166247,35.9275025],[129.5168387,35.9274761],[129.5168615,35.9274938],[129.5169615,35.9274983],[129.5169996,35.9275578],[129.5170015,35.9275716],[129.5170332,35.9275995],[129.5171904,35.9276117],[129.5172599,35.9275142],[129.5173307,35.9274754],[129.5175736,35.9275198],[129.5175748,35.9274947],[129.51759,35.9273886],[129.5177029,35.9273572],[129.5177446,35.9273478],[129.5177859,35.9274003],[129.5179434,35.9277771],[129.518045,35.9277963],[129.5180364,35.9279595],[129.5178792,35.9281005]]]]}},{"type":"Feature","properties":{"r":565,"k":0,"d":155.5},"geometry":{"type":"MultiPolygon","coordinates":[[[[129.520678,35.9337797],[129.5206118,35.9337585],[129.5205429,35.933752],[129.5204419,35.9337568],[129.5204363,35.9337392],[129.5205291,35.9337056],[129.5205461,35.933681],[129.5205782,35.933674],[129.5206776,35.9337328],[129.5206612,35.9337529],[129.520678,35.9337797]]]]}},{"type":"Feature","properties":{"r":118,"k":0,"d":41.2},"geometry":{"type":"MultiPolygon","coordinates":[[[[129.5209937,35.9327759],[129.5209569,35.9327354],[129.5209424,35.9327154],[129.5210857,35.9326418],[129.52115,35.9326105],[129.5212365,35.9327078],[129.5211409,35.9327581],[129.5210734,35.9328186],[129.5209937,35.9327759]]]]}},{"type":"Feature","properties":{"r":479,"k":0,"d":135.4},"geometry":{"type":"MultiPolygon","coordinates":[[[[129.5164526,35.9243891],[129.516378,35.9243614],[129.5163686,35.9243576],[129.5165314,35.9242645],[129.516698,35.924171],[129.5168245,35.9240966],[129.5168452,35.9240957],[129.5168846,35.9240905],[129.5167539,35.9241587],[129.5166458,35.9242883],[129.5166228,35.9243002],[129.5164526,35.9243891]]]]}},{"type":"Feature","properties":{"r":556,"k":0,"d":153.7},"geometry":{"type":"MultiPolygon","coordinates":[[[[129.5166848,35.9256215],[129.5166136,35.9256269],[129.5165413,35.9256412],[129.5164497,35.9256489],[129.5164403,35.9256455],[129.5164292,35.9255961],[129.5164282,35.9255596],[129.5164382,35.9255324],[129.5164314,35.9255282],[129.5164552,35.9254881],[129.5164878,35.925446],[129.5165268,35.925415],[129.5165999,35.9254582],[129.5166676,35.9255634],[129.5166848,35.9256215]]]]}},{"type":"Feature","properties":{"r":655,"k":0,"d":188.7},"geometry":{"type":"MultiPolygon","coordinates":[[[[129.5159939,35.9242058],[129.5160516,35.9241047],[129.5161017,35.9240583],[129.516236,35.9241467],[129.5162922,35.9241695],[129.516136,35.9242631],[129.5159939,35.9242058]]]]}},{"type":"Feature","properties":{"r":347,"k":0,"d":95.4},"geometry":{"type":"MultiPolygon","coordinates":[[[[129.5173506,35.9259206],[129.5173583,35.9259355],[129.5172711,35.9259137],[129.5172211,35.9259229],[129.5172211,35.9259125],[129.5172716,35.9259034],[129.5173506,35.9259206]]]]}},{"type":"Feature","properties":{"r":680,"k":0,"d":199.7},"geometry":{"type":"MultiPolygon","coordinates":[[[[129.5169268,35.9298675],[129.5169078,35.9298848],[129.5168701,35.9298477],[129.5167096,35.9297254],[129.5164314,35.9295188],[129.5162643,35.9294093],[129.5161982,35.9293567],[129.5161854,35.9293295],[129.5161662,35.9292401],[129.5161097,35.9291505],[129.516104,35.9290909],[129.5160811,35.9289553],[129.5160751,35.9289398],[129.5160954,35.9289413],[129.5160973,35.9289244],[129.516458,35.9289438],[129.5164595,35.9290017],[129.5165398,35.9290377],[129.5166935,35.9290199],[129.5168115,35.9289847],[129.5168399,35.9290704],[129.5168761,35.929156],[129.5167437,35.9292073],[129.5166728,35.9292291],[129.5165645,35.9292526],[129.516492,35.9292759],[129.5165345,35.9293907],[129.5164677,35.9294246],[129.516611,35.9295684],[129.5166333,35.9296194],[129.516813,35.9297849],[129.5169268,35.9298675]]]]}}]}