{"type":"FeatureCollection","features":[{"type":"Feature","properties":{"r":30,"k":0,"d":31.2},"geometry":{"type":"MultiPolygon","coordinates":[[[[129.2755269,37.3169823],[129.2756056,37.3168349],[129.2764376,37.3160376],[129.2763992,37.3160227],[129.2765934,37.3158195],[129.2766328,37.3158131],[129.2770753,37.3155702],[129.2774589,37.3152758],[129.2775153,37.3152418],[129.277957,37.314953],[129.2783399,37.3146595],[129.2786706,37.3144088],[129.2788747,37.3142183],[129.2790175,37.3140577],[129.2799341,37.3136143],[129.2806439,37.313268],[129.2806719,37.3132967],[129.2810148,37.3130477],[129.2811292,37.3128866],[129.2812134,37.3128156],[129.2816429,37.3126292],[129.281707,37.312586],[129.2820582,37.3124378],[129.2821561,37.3123903],[129.283144,37.3121979],[129.2828359,37.3123371],[129.2820351,37.31264],[129.2814486,37.3129453],[129.2812574,37.3130615],[129.2809598,37.313249],[129.2807768,37.3134041],[129.280847,37.3134734],[129.2802565,37.3139231],[129.2796753,37.3143683],[129.2793063,37.3146562],[129.2786567,37.3151252],[129.278219,37.3154239],[129.2777915,37.3157186],[129.2772638,37.3160875],[129.2767417,37.3164382],[129.2760946,37.3168116],[129.2756285,37.3170876],[129.2755269,37.3169823]]]]}},{"type":"Feature","properties":{"r":164,"k":0,"d":72.7},"geometry":{"type":"MultiPolygon","coordinates":[[[[129.2837005,37.3106579],[129.2837275,37.3106423],[129.2838466,37.3104687],[129.2839138,37.3103667],[129.2841068,37.3102546],[129.2845196,37.3104463],[129.2845549,37.3104701],[129.2845403,37.3105451],[129.2847572,37.310754],[129.2846189,37.3110099],[129.2845999,37.3110204],[129.284381,37.3110597],[129.2843267,37.3110239],[129.2842358,37.3110589],[129.2842004,37.3111317],[129.2840657,37.3111508],[129.2838751,37.3111057],[129.2837709,37.3110629],[129.2837005,37.3106579]],[[129.2838872,37.3109772],[129.2839672,37.3109323],[129.284035,37.3108281],[129.2841497,37.3107612],[129.2841811,37.3106404],[129.283981,37.3106423],[129.2839226,37.3107994],[129.2838588,37.3109441],[129.2838872,37.3109772]]]]}},{"type":"Feature","properties":{"r":159,"k":0,"d":71.6},"geometry":{"type":"MultiPolygon","coordinates":[[[[129.2917055,37.3085126],[129.2916587,37.3087915],[129.2917075,37.3088531],[129.2916213,37.3088875],[129.2914786,37.3088115],[129.2912396,37.3088244],[129.291282,37.3086747],[129.2913587,37.3084756],[129.2913915,37.3084433],[129.2913884,37.3083002],[129.2912628,37.3081888],[129.2913425,37.3081392],[129.2914488,37.3080647],[129.2915065,37.308085],[129.2915963,37.3082127],[129.291649,37.3084832],[129.2917055,37.3085126]]]]}},{"type":"Feature","properties":{"r":640,"k":0,"d":156.5},"geometry":{"type":"MultiPolygon","coordinates":[[[[129.293643,37.3090912],[129.2936381,37.3089899],[129.2936986,37.3089624],[129.2937262,37.3089799],[129.2937588,37.3090689],[129.2937659,37.3091245],[129.2937276,37.3091303],[129.2936897,37.3091165],[129.2936437,37.309105],[129.293643,37.3090912]]]]}},{"type":"Feature","properties":{"r":152,"k":0,"d":70.8},"geometry":{"type":"MultiPolygon","coordinates":[[[[129.2831913,37.3120093],[129.2832924,37.3119533],[129.2834021,37.311909],[129.2833234,37.3119703],[129.2831953,37.3120159],[129.2831913,37.3120093]]]]}},{"type":"Feature","properties":{"r":594,"k":0,"d":147.9},"geometry":{"type":"MultiPolygon","coordinates":[[[[129.2874501,37.3084768],[129.2873864,37.3085304],[129.2872619,37.3085174],[129.2871962,37.3084941],[129.2872053,37.3083988],[129.2873358,37.3084016],[129.2874369,37.3084128],[129.2874501,37.3084768]]]]}},{"type":"Feature","properties":{"r":244,"k":0,"d":89.1},"geometry":{"type":"MultiPolygon","coordinates":[[[[129.2846438,37.3106447],[129.2845403,37.3105451],[129.2845549,37.3104701],[129.2847244,37.3104302],[129.2848355,37.310372],[129.2847958,37.3105307],[129.2846438,37.3106447]]]]}},{"type":"Feature","properties":{"r":851,"k":0,"d":194.3},"geometry":{"type":"MultiPolygon","coordinates":[[[[129.2870389,37.3077584],[129.2870436,37.3077571],[129.2870948,37.3078534],[129.2870526,37.3078732],[129.2869323,37.3080312],[129.2868676,37.3080733],[129.2867703,37.3081006],[129.2868355,37.308205],[129.2868359,37.3082252],[129.2868614,37.3082463],[129.2868444,37.3082615],[129.2867819,37.308233],[129.2867591,37.3081565],[129.2866917,37.3080579],[129.2866082,37.3079703],[129.2865985,37.3078598],[129.2866961,37.3078793],[129.2868505,37.3078623],[129.2870143,37.3077654],[129.2870389,37.3077584]]]]}},{"type":"Feature","properties":{"r":334,"k":0,"d":103.1},"geometry":{"type":"MultiPolygon","coordinates":[[[[129.2758035,37.3161883],[129.2758178,37.3161937],[129.2757939,37.3162047],[129.2758035,37.3161883]]]]}},{"type":"Feature","properties":{"r":8,"k":0,"d":17.3},"geometry":{"type":"MultiPolygon","coordinates":[[[[129.2868368,37.309847],[129.287156,37.309614],[129.2873709,37.3098154],[129.2873154,37.3098772],[129.2871659,37.3099034],[129.2870673,37.309905],[129.2869605,37.309947],[129.2868368,37.309847]]]]}},{"type":"Feature","properties":{"r":169,"k":0,"d":73.3},"geometry":{"type":"MultiPolygon","coordinates":[[[[129.2901266,37.3086513],[129.2900896,37.3085498],[129.2901659,37.3085306],[129.290249,37.3086916],[129.2902665,37.308785],[129.2901734,37.308782],[129.2901558,37.3086982],[129.2901266,37.3086513]]]]}},{"type":"Feature","properties":{"r":494,"k":0,"d":130.9},"geometry":{"type":"MultiPolygon","coordinates":[[[[129.2777267,37.3145962],[129.2775889,37.3146057],[129.2779664,37.3142705],[129.2779223,37.3144613],[129.2777267,37.3145962]]]]}},{"type":"Feature","properties":{"r":365,"k":0,"d":107.7},"geometry":{"type":"MultiPolygon","coordinates":[[[[129.2777892,37.3145531],[129.2779223,37.3144613],[129.2779664,37.3142705],[129.2785597,37.3139114],[129.2785603,37.3139402],[129.2787814,37.3139319],[129.2788321,37.3138213],[129.2789368,37.3138288],[129.2788431,37.3140638],[129.2784896,37.3142267],[129.278033,37.3144255],[129.2778593,37.3145706],[129.2777892,37.3145531]]]]}},{"type":"Feature","properties":{"r":254,"k":0,"d":92.7},"geometry":{"type":"MultiPolygon","coordinates":[[[[129.2759559,37.3161398],[129.275983,37.3161255],[129.276195,37.3160394],[129.2762823,37.3159619],[129.2765145,37.3157207],[129.2764945,37.3155435],[129.2765362,37.3154166],[129.2766094,37.3153638],[129.2765797,37.3154621],[129.2765619,37.3156891],[129.2766067,37.3157739],[129.2766328,37.3158131],[129.2765934,37.3158195],[129.2765359,37.3157522],[129.2761983,37.3160972],[129.2759005,37.3162178],[129.2759263,37.3161834],[129.2759559,37.3161398]]]]}},{"type":"Feature","properties":{"r":392,"k":0,"d":112.0},"geometry":{"type":"MultiPolygon","coordinates":[[[[129.280501,37.3129216],[129.2804288,37.3130047],[129.2804247,37.313006],[129.2802997,37.3130132],[129.2802376,37.3129263],[129.2802859,37.3128867],[129.2803213,37.3129174],[129.280413,37.312969],[129.280501,37.3129216]]]]}},{"type":"Feature","properties":{"r":601,"k":0,"d":148.5},"geometry":{"type":"MultiPolygon","coordinates":[[[[129.2731873,37.3171436],[129.2733257,37.3170974],[129.2736436,37.3170987],[129.2736804,37.3171036],[129.2737657,37.3171211],[129.273789,37.3171463],[129.2731695,37.3173201],[129.2731404,37.3171625],[129.2731873,37.3171436]]]]}},{"type":"Feature","properties":{"r":118,"k":0,"d":65.3},"geometry":{"type":"MultiPolygon","coordinates":[[[[129.2737824,37.3177547],[129.27483,37.3173699],[129.2744324,37.3176672],[129.2741309,37.3177683],[129.2735965,37.317823],[129.2737824,37.3177547]]]]}},{"type":"Feature","properties":{"r":403,"k":0,"d":114.1},"geometry":{"type":"MultiPolygon","coordinates":[[[[129.2733969,37.3176823],[129.2737413,37.3175815],[129.2735899,37.3176449],[129.2734123,37.3176992],[129.2733969,37.3176823]]]]}},{"type":"Feature","properties":{"r":524,"k":0,"d":135.9},"geometry":{"type":"MultiPolygon","coordinates":[[[[129.272718,37.3177272],[129.2728151,37.3176619],[129.2728718,37.3176922],[129.2729636,37.3177142],[129.2729779,37.3177277],[129.2730241,37.3177548],[129.2730865,37.3177743],[129.2729888,37.3177941],[129.2729022,37.3177579],[129.2728755,37.3177407],[129.2727282,37.3177324],[129.272718,37.3177272]]]]}},{"type":"Feature","properties":{"r":542,"k":0,"d":137.7},"geometry":{"type":"MultiPolygon","coordinates":[[[[129.272599,37.3180817],[129.2725152,37.3180456],[129.2724591,37.3180327],[129.2726208,37.3180102],[129.272599,37.3180817]]]]}},{"type":"Feature","properties":{"r":686,"k":0,"d":167.3},"geometry":{"type":"MultiPolygon","coordinates":[[[[129.2716458,37.3180596],[129.2721816,37.3179928],[129.272138,37.3180507],[129.2720597,37.318029],[129.2720255,37.3180842],[129.2717197,37.3181338],[129.2716458,37.3180596]]]]}},{"type":"Feature","properties":{"r":437,"k":0,"d":120.8},"geometry":{"type":"MultiPolygon","coordinates":[[[[129.2711132,37.3197004],[129.2710908,37.319721],[129.2710109,37.319717],[129.2709294,37.319754],[129.270826,37.319711],[129.2710051,37.3195835],[129.2710287,37.3196532],[129.2711132,37.3197004]]]]}},{"type":"Feature","properties":{"r":589,"k":0,"d":146.7},"geometry":{"type":"MultiPolygon","coordinates":[[[[129.2698855,37.3200959],[129.2699697,37.32005],[129.2700672,37.3200282],[129.2701622,37.3200772],[129.2700653,37.3201995],[129.2700172,37.3202406],[129.2699459,37.3201795],[129.2698855,37.3200959]]]]}},{"type":"Feature","properties":{"r":881,"k":0,"d":198.5},"geometry":{"type":"MultiPolygon","coordinates":[[[[129.2676363,37.326733],[129.2675445,37.3265345],[129.2675473,37.3263877],[129.2675685,37.3264311],[129.267576,37.3265282],[129.2675889,37.3265658],[129.2676125,37.3266265],[129.2676136,37.3266317],[129.2676201,37.3266653],[129.2676363,37.326733]]]]}},{"type":"Feature","properties":{"r":817,"k":0,"d":188.9},"geometry":{"type":"MultiPolygon","coordinates":[[[[129.2670096,37.3238037],[129.2670958,37.3237231],[129.2671162,37.3237438],[129.267151,37.3237616],[129.2670896,37.3238586],[129.2670096,37.3238037]]]]}},{"type":"Feature","properties":{"r":812,"k":0,"d":188.5},"geometry":{"type":"MultiPolygon","coordinates":[[[[129.267012,37.3252631],[129.2669482,37.3251815],[129.2670017,37.325069],[129.2670149,37.3250528],[129.2670624,37.3250456],[129.2671644,37.3250567],[129.26713,37.3251952],[129.2671551,37.3252372],[129.267012,37.3252631]]]]}},{"type":"Feature","properties":{"r":887,"k":0,"d":199.0},"geometry":{"type":"MultiPolygon","coordinates":[[[[129.2669486,37.3240812],[129.2668164,37.3240573],[129.2667424,37.3240038],[129.2667406,37.3239526],[129.2669166,37.3238863],[129.2669719,37.3239415],[129.2669659,37.3239462],[129.2670086,37.3239864],[129.2669486,37.3240812]]]]}},{"type":"Feature","properties":{"r":439,"k":0,"d":121.1},"geometry":{"type":"MultiPolygon","coordinates":[[[[129.2790429,37.3137313],[129.279017,37.3137399],[129.2789603,37.3137697],[129.2789816,37.3137162],[129.2791237,37.3134911],[129.2792755,37.3133528],[129.2792983,37.3133666],[129.2791519,37.3135642],[129.2790429,37.3137313]]]]}},{"type":"Feature","properties":{"r":866,"k":0,"d":196.2},"geometry":{"type":"MultiPolygon","coordinates":[[[[129.2785943,37.3129532],[129.2786144,37.3130969],[129.2784832,37.3131763],[129.2784862,37.3132211],[129.278411,37.3132106],[129.2784711,37.3131572],[129.2784,37.3129973],[129.2785943,37.3129532]]]]}},{"type":"Feature","properties":{"r":197,"k":0,"d":82.6},"geometry":{"type":"MultiPolygon","coordinates":[[[[129.2852101,37.3103204],[129.2851198,37.3103055],[129.2852035,37.3101379],[129.2853631,37.3099077],[129.2854297,37.3098],[129.2854502,37.30981],[129.2854418,37.3098398],[129.2853189,37.3099883],[129.285253,37.3101536],[129.2852101,37.3103204]]]]}},{"type":"Feature","properties":{"r":176,"k":0,"d":76.5},"geometry":{"type":"MultiPolygon","coordinates":[[[[129.2813884,37.3124047],[129.2815863,37.3125297],[129.2813508,37.3126761],[129.2809161,37.3128327],[129.2808156,37.312765],[129.2810569,37.3125897],[129.2813343,37.3124301],[129.2813884,37.3124047]]]]}},{"type":"Feature","properties":{"r":390,"k":0,"d":111.6},"geometry":{"type":"MultiPolygon","coordinates":[[[[129.2816329,37.3118791],[129.281844,37.311769],[129.2818488,37.31177],[129.2818748,37.3117524],[129.2819,37.3117924],[129.2819461,37.3118165],[129.2819649,37.3118444],[129.2819254,37.3119595],[129.2818475,37.3119305],[129.281642,37.3120103],[129.2816329,37.3118791]]]]}},{"type":"Feature","properties":{"r":367,"k":0,"d":107.8},"geometry":{"type":"MultiPolygon","coordinates":[[[[129.2859692,37.3097173],[129.2858673,37.3096959],[129.2858624,37.3097069],[129.2857509,37.3096086],[129.2857956,37.3095686],[129.2858038,37.3095678],[129.2858321,37.3095928],[129.2858993,37.3095535],[129.2859052,37.3095715],[129.2859335,37.3095716],[129.2859527,37.309582],[129.286004,37.309595],[129.2859692,37.3097173]]]]}},{"type":"Feature","properties":{"r":12,"k":0,"d":19.7},"geometry":{"type":"MultiPolygon","coordinates":[[[[129.2858962,37.310634],[129.2857984,37.3106026],[129.2857095,37.3105138],[129.2855136,37.3104635],[129.2854505,37.3104324],[129.285299,37.3103941],[129.2850919,37.3103748],[129.2851198,37.3103055],[129.285277,37.3103315],[129.2853338,37.3103499],[129.2854632,37.3104009],[129.285539,37.3103809],[129.2855951,37.3104343],[129.2857312,37.3104687],[129.2858183,37.3105302],[129.2858962,37.310634]]]]}},{"type":"Feature","properties":{"r":514,"k":0,"d":134.7},"geometry":{"type":"MultiPolygon","coordinates":[[[[129.2926763,37.3088322],[129.2927031,37.3086635],[129.2927399,37.3086779],[129.2927648,37.3086637],[129.2928573,37.3087702],[129.2928936,37.3088009],[129.292811,37.3088909],[129.2927781,37.3088536],[129.2926763,37.3088322]]]]}},{"type":"Feature","properties":{"r":285,"k":0,"d":97.3},"geometry":{"type":"MultiPolygon","coordinates":[[[[129.2842004,37.3111317],[129.284182,37.3111696],[129.2840775,37.3111536],[129.2840657,37.3111508],[129.2842004,37.3111317]]]]}},{"type":"Feature","properties":{"r":217,"k":0,"d":84.7},"geometry":{"type":"MultiPolygon","coordinates":[[[[129.288576,37.3088104],[129.2885453,37.3087358],[129.2886237,37.308724],[129.2888032,37.3086145],[129.2889964,37.3085222],[129.289162,37.3085309],[129.2891118,37.3086009],[129.2891108,37.3086842],[129.2887852,37.3087899],[129.288576,37.3088104]]]]}},{"type":"Feature","properties":{"r":153,"k":0,"d":70.9},"geometry":{"type":"MultiPolygon","coordinates":[[[[129.2821415,37.312213],[129.282169,37.3121008],[129.282266,37.311981],[129.2824888,37.3119945],[129.2827672,37.3120454],[129.2830118,37.3120525],[129.2831485,37.3120633],[129.2830425,37.3121068],[129.2827937,37.3121339],[129.2821415,37.312213]]]]}},{"type":"Feature","properties":{"r":201,"k":0,"d":83.1},"geometry":{"type":"MultiPolygon","coordinates":[[[[129.2857072,37.3099065],[129.2858359,37.3098006],[129.2859313,37.3098786],[129.2858784,37.3099945],[129.2857072,37.3099065]]]]}},{"type":"Feature","properties":{"r":72,"k":0,"d":52.1},"geometry":{"type":"MultiPolygon","coordinates":[[[[129.2879467,37.3091829],[129.2879897,37.3091695],[129.2880416,37.3092596],[129.2879715,37.3092744],[129.2880007,37.3092619],[129.2879467,37.3091829]]]]}},{"type":"Feature","properties":{"r":393,"k":0,"d":112.6},"geometry":{"type":"MultiPolygon","coordinates":[[[[129.2901357,37.3084416],[129.2900367,37.3084003],[129.2900278,37.3082854],[129.2899415,37.3082459],[129.2900753,37.3082197],[129.2901058,37.3082188],[129.2901348,37.3082405],[129.2901904,37.3083203],[129.2901966,37.3083974],[129.2901357,37.3084416]]]]}},{"type":"Feature","properties":{"r":521,"k":0,"d":135.8},"geometry":{"type":"MultiPolygon","coordinates":[[[[129.2930007,37.3089231],[129.2928379,37.3088909],[129.2928572,37.3088671],[129.2929093,37.3088138],[129.2929958,37.3087777],[129.2930281,37.3087326],[129.2930745,37.3087012],[129.2931384,37.3087011],[129.2932239,37.3087285],[129.2931958,37.3088151],[129.2931412,37.3088099],[129.293113,37.3088219],[129.2930861,37.3088107],[129.2929823,37.3088544],[129.2930238,37.3089123],[129.292999,37.308919],[129.2930007,37.3089231]]]]}},{"type":"Feature","properties":{"r":304,"k":0,"d":99.4},"geometry":{"type":"MultiPolygon","coordinates":[[[[129.2739062,37.3172751],[129.2740599,37.3171428],[129.2739347,37.3169712],[129.2739167,37.3168416],[129.2740232,37.3168287],[129.2742613,37.3167728],[129.2743116,37.3167424],[129.2744435,37.3168072],[129.2743499,37.3170539],[129.2742555,37.3171046],[129.2742486,37.31722],[129.2744605,37.3172361],[129.2742499,37.3173087],[129.2741646,37.3172607],[129.2739243,37.3172942],[129.2739062,37.3172751]]]]}},{"type":"Feature","properties":{"r":485,"k":0,"d":129.1},"geometry":{"type":"MultiPolygon","coordinates":[[[[129.2731889,37.3174728],[129.2736561,37.3173331],[129.2738674,37.3173024],[129.2737371,37.3173941],[129.2735719,37.3175166],[129.273392,37.3176261],[129.2732955,37.3176746],[129.273197,37.3177003],[129.2731853,37.3175996],[129.2731889,37.3174728]]]]}},{"type":"Feature","properties":{"r":211,"k":0,"d":84.3},"geometry":{"type":"MultiPolygon","coordinates":[[[[129.2734904,37.3181107],[129.2733981,37.31807],[129.2733828,37.3180893],[129.2731598,37.3180705],[129.2729632,37.318043],[129.2730197,37.3180156],[129.2732533,37.3179227],[129.2733956,37.3180212],[129.2734743,37.3180846],[129.2734904,37.3181107]]]]}},{"type":"Feature","properties":{"r":338,"k":0,"d":104.2},"geometry":{"type":"MultiPolygon","coordinates":[[[[129.2729507,37.3182293],[129.2728886,37.3182759],[129.2727354,37.3181581],[129.2728015,37.3181227],[129.2729632,37.318043],[129.2731598,37.3180705],[129.2731242,37.3181054],[129.2730771,37.3181346],[129.2729507,37.3182293]]]]}},{"type":"Feature","properties":{"r":458,"k":0,"d":125.6},"geometry":{"type":"MultiPolygon","coordinates":[[[[129.2724616,37.3180219],[129.2730154,37.3179429],[129.272954,37.3179733],[129.2728703,37.3179681],[129.2726208,37.3180102],[129.2724591,37.3180327],[129.2724616,37.3180219]]]]}},{"type":"Feature","properties":{"r":308,"k":0,"d":100.1},"geometry":{"type":"MultiPolygon","coordinates":[[[[129.2709675,37.3200653],[129.2708639,37.3199776],[129.2709166,37.3199005],[129.2709946,37.3198778],[129.2710746,37.3199624],[129.2710775,37.3199908],[129.2709675,37.3200653]]]]}},{"type":"Feature","properties":{"r":289,"k":0,"d":97.7},"geometry":{"type":"MultiPolygon","coordinates":[[[[129.271217,37.3198765],[129.2713198,37.3197652],[129.2713286,37.3197434],[129.2713617,37.3197952],[129.2712203,37.3198954],[129.271217,37.3198765]]]]}},{"type":"Feature","properties":{"r":363,"k":0,"d":107.4},"geometry":{"type":"MultiPolygon","coordinates":[[[[129.2700714,37.320669],[129.2700438,37.3206573],[129.2700315,37.3206412],[129.2700882,37.3204797],[129.2702663,37.3205413],[129.2700714,37.320669]]]]}},{"type":"Feature","properties":{"r":416,"k":0,"d":117.0},"geometry":{"type":"MultiPolygon","coordinates":[[[[129.2690241,37.3213202],[129.2690586,37.321253],[129.2691196,37.3212589],[129.2689692,37.3215202],[129.2689711,37.3215866],[129.26895,37.3216736],[129.268983,37.3217603],[129.2689238,37.321814],[129.2688608,37.3216583],[129.2689122,37.3215345],[129.2689415,37.3214919],[129.2690241,37.3213202]]]]}},{"type":"Feature","properties":{"r":669,"k":0,"d":162.7},"geometry":{"type":"MultiPolygon","coordinates":[[[[129.2675094,37.3257833],[129.2673805,37.3256395],[129.267462,37.3256046],[129.2675621,37.3255864],[129.267636,37.3255877],[129.2676231,37.3257865],[129.2675094,37.3257833]]]]}},{"type":"Feature","properties":{"r":730,"k":0,"d":174.9},"geometry":{"type":"MultiPolygon","coordinates":[[[[129.2674702,37.321268],[129.2676085,37.321168],[129.2676337,37.321214],[129.2676126,37.3212721],[129.2676763,37.3212947],[129.2677834,37.3214935],[129.2678313,37.3215352],[129.2679867,37.3216849],[129.2680166,37.3217103],[129.2680347,37.3219638],[129.2678345,37.3217683],[129.2678308,37.3215762],[129.2678137,37.3215565],[129.267686,37.321445],[129.2674702,37.321268]]]]}},{"type":"Feature","properties":{"r":558,"k":0,"d":140.5},"geometry":{"type":"MultiPolygon","coordinates":[[[[129.2802844,37.3126293],[129.2804545,37.3125198],[129.2804989,37.3125576],[129.2802439,37.312711],[129.2802844,37.3126293]]]]}},{"type":"Feature","properties":{"r":775,"k":0,"d":183.6},"geometry":{"type":"MultiPolygon","coordinates":[[[[129.2944139,37.3098608],[129.2946723,37.309762],[129.2947975,37.3099033],[129.294839,37.3098836],[129.2948664,37.3102456],[129.2945243,37.310229],[129.294489,37.3102928],[129.2944982,37.3104946],[129.294585,37.3104849],[129.2946242,37.3108596],[129.294493,37.3108962],[129.2944139,37.3098608]]]]}},{"type":"Feature","properties":{"r":31,"k":0,"d":31.2},"geometry":{"type":"MultiPolygon","coordinates":[[[[129.2756285,37.3170876],[129.2760946,37.3168116],[129.2762737,37.3167077],[129.2759623,37.3169544],[129.2756924,37.3171578],[129.2756285,37.3170876]]]]}},{"type":"Feature","properties":{"r":567,"k":0,"d":142.6},"geometry":{"type":"MultiPolygon","coordinates":[[[[129.277045,37.3149197],[129.2770513,37.3149987],[129.2769142,37.3150854],[129.2767175,37.3149588],[129.2769446,37.314733],[129.2769845,37.3147549],[129.2769883,37.3148908],[129.277045,37.3149197]]]]}},{"type":"Feature","properties":{"r":388,"k":0,"d":111.5},"geometry":{"type":"MultiPolygon","coordinates":[[[[129.278874,37.3139868],[129.2789368,37.3138288],[129.2789603,37.3138503],[129.278874,37.3139868]]]]}},{"type":"Feature","properties":{"r":146,"k":0,"d":70.3},"geometry":{"type":"MultiPolygon","coordinates":[[[[129.2897835,37.3086325],[129.2898625,37.3086068],[129.2900896,37.3085498],[129.2901266,37.3086513],[129.290039,37.3088118],[129.2899174,37.3088548],[129.2897046,37.3088752],[129.2896101,37.3086891],[129.2897835,37.3086325]],[[129.2899062,37.3086298],[129.2896514,37.3086935],[129.2897196,37.3088326],[129.2899491,37.3087976],[129.2899062,37.3086298]]]]}},{"type":"Feature","properties":{"r":818,"k":0,"d":189.0},"geometry":{"type":"MultiPolygon","coordinates":[[[[129.2944199,37.3091723],[129.2943007,37.3092553],[129.2942232,37.3092464],[129.294163,37.3091657],[129.294197,37.3091255],[129.2942513,37.3090947],[129.2942733,37.3091138],[129.2943808,37.3091526],[129.2944199,37.3091723]]]]}},{"type":"Feature","properties":{"r":154,"k":0,"d":71.1},"geometry":{"type":"MultiPolygon","coordinates":[[[[129.2862425,37.3099805],[129.2861971,37.3099297],[129.2863163,37.3098173],[129.2863718,37.3098805],[129.2863412,37.3099093],[129.2862425,37.3099805]]]]}},{"type":"Feature","properties":{"r":250,"k":0,"d":91.2},"geometry":{"type":"MultiPolygon","coordinates":[[[[129.2892361,37.3086466],[129.2894203,37.3085823],[129.2894362,37.3085857],[129.2900367,37.3084003],[129.2901357,37.3084416],[129.2901872,37.3084767],[129.2902194,37.3085082],[129.2902028,37.3085214],[129.2900896,37.3085498],[129.2900309,37.3085136],[129.2899218,37.3085435],[129.2891719,37.3087304],[129.2891564,37.3087209],[129.2891106,37.3087045],[129.2891108,37.3086842],[129.2892361,37.3086466]]]]}},{"type":"Feature","properties":{"r":269,"k":0,"d":94.8},"geometry":{"type":"MultiPolygon","coordinates":[[[[129.2819778,37.3121077],[129.281912,37.3120763],[129.2819178,37.3120307],[129.2821072,37.3119992],[129.2819778,37.3121077]]]]}},{"type":"Feature","properties":{"r":566,"k":0,"d":142.3},"geometry":{"type":"MultiPolygon","coordinates":[[[[129.2908528,37.3080628],[129.2906812,37.3081169],[129.2906564,37.3080617],[129.2906171,37.3080793],[129.2906617,37.3080143],[129.2906668,37.3079091],[129.2908204,37.3077403],[129.2909315,37.3077013],[129.2909759,37.3076433],[129.2909622,37.3075966],[129.2910701,37.3075759],[129.2912558,37.3075342],[129.2912632,37.3075712],[129.2913278,37.3076492],[129.2913183,37.3076846],[129.2910815,37.3078027],[129.2908712,37.3080287],[129.2908528,37.3080628]]]]}},{"type":"Feature","properties":{"r":34,"k":0,"d":33.2},"geometry":{"type":"MultiPolygon","coordinates":[[[[129.2858183,37.3105302],[129.2857312,37.3104687],[129.2857004,37.3104609],[129.2858053,37.3103281],[129.2859045,37.3102747],[129.2860682,37.3101124],[129.2862425,37.3099805],[129.2863412,37.3099093],[129.2865029,37.3100106],[129.2864788,37.310073],[129.2863926,37.3101315],[129.2862064,37.3102267],[129.285953,37.3104361],[129.2858183,37.3105302]]]]}},{"type":"Feature","properties":{"r":854,"k":0,"d":194.7},"geometry":{"type":"MultiPolygon","coordinates":[[[[129.2750152,37.3153474],[129.2750537,37.315347],[129.2750653,37.3155154],[129.275112,37.3155876],[129.2750268,37.3155296],[129.2750183,37.3155066],[129.2750152,37.3153474]]]]}},{"type":"Feature","properties":{"r":672,"k":0,"d":163.4},"geometry":{"type":"MultiPolygon","coordinates":[[[[129.2840783,37.3100517],[129.2840527,37.3099642],[129.2840049,37.3098898],[129.2841729,37.3098865],[129.2841704,37.309897],[129.2842064,37.310046],[129.2842014,37.3100583],[129.2840783,37.3100517]]]]}},{"type":"Feature","properties":{"r":711,"k":0,"d":171.2},"geometry":{"type":"MultiPolygon","coordinates":[[[[129.2929424,37.3085642],[129.2928212,37.3085382],[129.2927994,37.3084708],[129.2928543,37.308391],[129.2929219,37.3083872],[129.2930229,37.3084207],[129.293097,37.3084719],[129.2930586,37.3084643],[129.293013,37.308473],[129.2929618,37.3085357],[129.2929424,37.3085642]]]]}},{"type":"Feature","properties":{"r":261,"k":0,"d":93.7},"geometry":{"type":"MultiPolygon","coordinates":[[[[129.2882222,37.3088128],[129.2881474,37.3088371],[129.2880557,37.3088199],[129.2878829,37.3088075],[129.2879034,37.3087796],[129.288027,37.3087737],[129.2882222,37.3088128]]]]}},{"type":"Feature","properties":{"r":97,"k":0,"d":59.6},"geometry":{"type":"MultiPolygon","coordinates":[[[[129.2820582,37.3124378],[129.282036,37.3122272],[129.2821415,37.312213],[129.2821391,37.3122227],[129.2821699,37.3123031],[129.2821561,37.3123903],[129.2820582,37.3124378]]]]}},{"type":"Feature","properties":{"r":228,"k":0,"d":86.4},"geometry":{"type":"MultiPolygon","coordinates":[[[[129.2876064,37.3090564],[129.2875948,37.3090482],[129.2875382,37.3090338],[129.2875488,37.3089732],[129.287648,37.3089692],[129.2877232,37.3089466],[129.287771,37.3089853],[129.2876064,37.3090564]]]]}},{"type":"Feature","properties":{"r":408,"k":0,"d":114.9},"geometry":{"type":"MultiPolygon","coordinates":[[[[129.2764951,37.3155489],[129.2764454,37.315602],[129.2761492,37.3158858],[129.2761992,37.3158045],[129.2764096,37.3156053],[129.2764519,37.3155456],[129.2764945,37.3155435],[129.2764951,37.3155489]]]]}},{"type":"Feature","properties":{"r":331,"k":0,"d":102.6},"geometry":{"type":"MultiPolygon","coordinates":[[[[129.2725888,37.3182674],[129.2725969,37.3182585],[129.2728022,37.3183587],[129.2727607,37.3183911],[129.2727221,37.318368],[129.2726739,37.3183348],[129.2725888,37.3182674]]]]}},{"type":"Feature","properties":{"r":284,"k":0,"d":96.8},"geometry":{"type":"MultiPolygon","coordinates":[[[[129.2732686,37.3177662],[129.2734123,37.3176992],[129.2735899,37.3176449],[129.2740705,37.3174438],[129.2739947,37.3173681],[129.2742499,37.3173087],[129.2742384,37.3173856],[129.2737177,37.3176189],[129.2737824,37.3177547],[129.2735965,37.317823],[129.2733574,37.3178474],[129.2732686,37.3177662]]]]}},{"type":"Feature","properties":{"r":62,"k":0,"d":48.4},"geometry":{"type":"MultiPolygon","coordinates":[[[[129.2744324,37.3176672],[129.27483,37.3173699],[129.2749653,37.3174765],[129.2749352,37.3174987],[129.2744324,37.3176672]]]]}},{"type":"Feature","properties":{"r":141,"k":0,"d":69.0},"geometry":{"type":"MultiPolygon","coordinates":[[[[129.2736844,37.3181413],[129.2735429,37.3182586],[129.2735488,37.3181701],[129.2735099,37.3181423],[129.2734743,37.3180846],[129.2733956,37.3180212],[129.2732533,37.3179227],[129.2733339,37.3179061],[129.273451,37.3179944],[129.2736844,37.3181413]]]]}},{"type":"Feature","properties":{"r":599,"k":0,"d":148.3},"geometry":{"type":"MultiPolygon","coordinates":[[[[129.2724379,37.3179569],[129.272395,37.3178843],[129.2726308,37.3178564],[129.2726606,37.3179055],[129.2726122,37.3179154],[129.2726137,37.3179318],[129.2724379,37.3179569]]]]}},{"type":"Feature","properties":{"r":401,"k":0,"d":113.8},"geometry":{"type":"MultiPolygon","coordinates":[[[[129.2693766,37.3205469],[129.2693093,37.3208073],[129.2694666,37.320714],[129.2698456,37.3203614],[129.2698718,37.3203738],[129.2700172,37.3202406],[129.2700653,37.3201995],[129.2701622,37.3200772],[129.2703498,37.3199521],[129.2706454,37.3197507],[129.270547,37.3196557],[129.270469,37.3196176],[129.27043,37.3195761],[129.270432,37.3195467],[129.2705518,37.319482],[129.2707255,37.3193303],[129.2708655,37.3192363],[129.2709287,37.3190796],[129.2708939,37.3188822],[129.2709715,37.3187699],[129.2708255,37.3186718],[129.2703743,37.318491],[129.2702164,37.3184588],[129.2702155,37.3184263],[129.270193,37.318415],[129.2702359,37.3184031],[129.2705504,37.3185366],[129.2707539,37.3186115],[129.2707755,37.3185995],[129.2708885,37.3186858],[129.2710155,37.3187499],[129.2711022,37.3187211],[129.2711604,37.3187139],[129.2711919,37.3186938],[129.2713755,37.3186101],[129.2715618,37.3185087],[129.2715805,37.3185026],[129.2717963,37.3183889],[129.2718539,37.3183714],[129.2719113,37.318302],[129.2717137,37.3181543],[129.2717268,37.3181409],[129.2718935,37.3182298],[129.271953,37.3182841],[129.2720574,37.3182459],[129.2722646,37.3181324],[129.2724034,37.3180407],[129.2724591,37.3180327],[129.2725152,37.3180456],[129.272599,37.3180817],[129.2726895,37.318105],[129.272954,37.3179733],[129.2730965,37.3179632],[129.2732533,37.3179227],[129.2730197,37.3180156],[129.2728015,37.3181227],[129.2727171,37.3181679],[129.2725969,37.3182585],[129.272496,37.3183685],[129.2724151,37.3184208],[129.272082,37.3186832],[129.2719206,37.3188406],[129.2717673,37.3190064],[129.2714264,37.3192667],[129.2714661,37.3193041],[129.2715126,37.3193243],[129.271467,37.3193365],[129.2713863,37.3192919],[129.2712146,37.3193823],[129.2711012,37.3194752],[129.2710293,37.3195565],[129.2710662,37.3196344],[129.271137,37.3196784],[129.2711132,37.3197004],[129.2710287,37.3196532],[129.2710051,37.3195835],[129.270826,37.319711],[129.2709294,37.319754],[129.2709117,37.3198067],[129.2709441,37.3198556],[129.2710029,37.3198612],[129.2709946,37.3198778],[129.2709166,37.3199005],[129.2708589,37.3197712],[129.2707981,37.3197267],[129.2705927,37.319852],[129.2706262,37.3199269],[129.2706033,37.3199347],[129.2705722,37.3198732],[129.270331,37.3200492],[129.2704128,37.3200899],[129.2705175,37.3201157],[129.2705016,37.3201354],[129.2703174,37.3200803],[129.2702974,37.320071],[129.2701925,37.3201247],[129.2701086,37.3202201],[129.2700821,37.3202678],[129.2702135,37.3203292],[129.2703349,37.3203518],[129.2703335,37.320376],[129.2701953,37.3203436],[129.2700484,37.3202827],[129.2699222,37.3203998],[129.2698043,37.3204778],[129.2696148,37.320633],[129.2695177,37.320728],[129.2694651,37.320786],[129.2694453,37.3208109],[129.2694284,37.3207996],[129.2692302,37.3209455],[129.2692749,37.3208258],[129.2693452,37.3205661],[129.2693766,37.3205469]],[[129.2706812,37.3197375],[129.2707259,37.3197231],[129.2709237,37.3195715],[129.2709757,37.3195176],[129.2711549,37.3193505],[129.2713421,37.3192505],[129.2713908,37.3192178],[129.2713007,37.319055],[129.271297,37.3189708],[129.2712992,37.3188722],[129.271285,37.3188085],[129.271213,37.318739],[129.2711674,37.3187301],[129.271111,37.3187463],[129.2709918,37.3187746],[129.2709179,37.3188905],[129.2709507,37.319076],[129.2709315,37.3191346],[129.2708631,37.3192734],[129.2708349,37.319284],[129.2707332,37.3193525],[129.2705776,37.3194931],[129.2704728,37.3195573],[129.2704878,37.3196056],[129.2705704,37.3196397],[129.2706812,37.3197375]],[[129.2714113,37.3191828],[129.2714968,37.3191566],[129.2717092,37.318986],[129.2719481,37.3187166],[129.2720013,37.318671],[129.2719036,37.3186435],[129.2718861,37.3185803],[129.2718405,37.3184762],[129.271859,37.3184089],[129.2718108,37.3184001],[129.2715462,37.3185405],[129.2714159,37.3186043],[129.2714011,37.3186552],[129.2712394,37.3186984],[129.2713147,37.3187943],[129.2713323,37.3188461],[129.271329,37.3189659],[129.2713325,37.3190413],[129.2713505,37.3190718],[129.2713626,37.3191058],[129.2714113,37.3191828]],[[129.2720292,37.318651],[129.2721492,37.3185534],[129.2723607,37.3183975],[129.2726707,37.3181247],[129.2725884,37.3181018],[129.2724583,37.3180478],[129.2724232,37.3180759],[129.2722495,37.3181689],[129.2720592,37.3182685],[129.2719701,37.3182975],[129.2719057,37.3183627],[129.271863,37.3184822],[129.2719017,37.3185717],[129.2719674,37.3186231],[129.2720292,37.318651]]]]}},{"type":"Feature","properties":{"r":227,"k":0,"d":86.3},"geometry":{"type":"MultiPolygon","coordinates":[[[[129.2709648,37.3201294],[129.27098,37.3200718],[129.2710881,37.3200372],[129.271175,37.3200472],[129.2711404,37.3201188],[129.2710382,37.3201893],[129.2709648,37.3201294]]]]}},{"type":"Feature","properties":{"r":5,"k":0,"d":13.4},"geometry":{"type":"MultiPolygon","coordinates":[[[[129.2687914,37.3261676],[129.2687917,37.3261343],[129.2676825,37.3261364],[129.2676821,37.326082],[129.2687847,37.3260801],[129.2693749,37.3259361],[129.2693888,37.3259159],[129.2694149,37.3258988],[129.2694255,37.3258953],[129.2697407,37.3258191],[129.2697515,37.3258179],[129.2697781,37.3258213],[129.2698061,37.3258307],[129.2705295,37.3256543],[129.2705402,37.3256537],[129.2705534,37.3256559],[129.2705636,37.3256628],[129.2705708,37.3256722],[129.270588,37.3257215],[129.2705872,37.3257309],[129.2705829,37.3257393],[129.2705742,37.3257457],[129.2705623,37.3257504],[129.270435,37.325781],[129.270425,37.3257551],[129.270317,37.325781],[129.2703213,37.3257937],[129.2687914,37.3261676]]]]}},{"type":"Feature","properties":{"r":419,"k":0,"d":117.7},"geometry":{"type":"MultiPolygon","coordinates":[[[[129.2681832,37.3221138],[129.2682569,37.3219786],[129.2682852,37.3217849],[129.2684172,37.3216874],[129.268552,37.3215922],[129.268773,37.3214311],[129.2690192,37.3212987],[129.2690241,37.3213202],[129.2689415,37.3214919],[129.2689122,37.3215345],[129.2688608,37.3216583],[129.2689238,37.321814],[129.268429,37.3221757],[129.2683385,37.3222269],[129.2681832,37.3221138]]]]}},{"type":"Feature","properties":{"r":781,"k":0,"d":184.5},"geometry":{"type":"MultiPolygon","coordinates":[[[[129.2670378,37.3240167],[129.2671234,37.3238818],[129.2671788,37.3239167],[129.267109,37.324033],[129.2670378,37.3240167]]]]}},{"type":"Feature","properties":{"r":270,"k":0,"d":94.8},"geometry":{"type":"MultiPolygon","coordinates":[[[[129.2770827,37.3150147],[129.2771391,37.3149511],[129.2773537,37.3150987],[129.2775153,37.3152418],[129.2774589,37.3152758],[129.2773618,37.3151662],[129.2773349,37.3151516],[129.2772438,37.3150966],[129.2770827,37.3150147]]]]}},{"type":"Feature","properties":{"r":299,"k":0,"d":98.9},"geometry":{"type":"MultiPolygon","coordinates":[[[[129.2772553,37.315031],[129.277386,37.3148984],[129.2775547,37.3147793],[129.2775323,37.3147302],[129.2777892,37.3145531],[129.2778593,37.3145706],[129.278033,37.3144255],[129.2784896,37.3142267],[129.2788431,37.3140638],[129.2788295,37.3140977],[129.2788386,37.3141389],[129.2788195,37.3141651],[129.2783679,37.314489],[129.2778724,37.3148981],[129.2774268,37.3151634],[129.2773537,37.3150987],[129.2772553,37.315031]]]]}},{"type":"Feature","properties":{"r":767,"k":0,"d":182.9},"geometry":{"type":"MultiPolygon","coordinates":[[[[129.2869816,37.3083044],[129.286982,37.3083244],[129.2868444,37.3082615],[129.2868614,37.3082463],[129.2868359,37.3082252],[129.2868355,37.308205],[129.2869816,37.3083044]]]]}},{"type":"Feature","properties":{"r":276,"k":0,"d":95.8},"geometry":{"type":"MultiPolygon","coordinates":[[[[129.2860306,37.3097267],[129.2860178,37.3096873],[129.2861067,37.3095046],[129.2861614,37.3094779],[129.2862723,37.3094531],[129.2863603,37.3095124],[129.2863813,37.3095788],[129.286305,37.3096048],[129.2862144,37.3096385],[129.2860967,37.3096996],[129.2860306,37.3097267]]]]}},{"type":"Feature","properties":{"r":371,"k":0,"d":108.1},"geometry":{"type":"MultiPolygon","coordinates":[[[[129.2870027,37.3090676],[129.2868597,37.3090867],[129.2868448,37.3090557],[129.2867991,37.3090231],[129.2868937,37.308967],[129.2869595,37.3089472],[129.2869686,37.3089714],[129.2869502,37.3089883],[129.2869689,37.3090252],[129.2870113,37.3090331],[129.2870027,37.3090676]]]]}},{"type":"Feature","properties":{"r":539,"k":0,"d":137.6},"geometry":{"type":"MultiPolygon","coordinates":[[[[129.2895441,37.3080732],[129.2895803,37.3079703],[129.2896649,37.3078876],[129.2897118,37.3078668],[129.2897544,37.3078022],[129.2897474,37.3076545],[129.289693,37.3075797],[129.2897173,37.3075555],[129.2898789,37.3075664],[129.2899664,37.3072942],[129.2899208,37.3072523],[129.2898246,37.3072513],[129.2898702,37.3070885],[129.2899349,37.3069715],[129.2899279,37.3066571],[129.2899967,37.3065852],[129.2900909,37.3067799],[129.2902405,37.3071896],[129.2903694,37.3073107],[129.2905296,37.3072864],[129.2905449,37.3073925],[129.2905222,37.307603],[129.2907121,37.3075362],[129.2907413,37.3074539],[129.2908564,37.3074068],[129.2910354,37.3074352],[129.2910992,37.3074241],[129.2910761,37.3073569],[129.2913012,37.3074717],[129.2912558,37.3075342],[129.2910701,37.3075759],[129.2909622,37.3075966],[129.2907789,37.3075458],[129.2906411,37.3075785],[129.2903714,37.3077546],[129.2903433,37.3078366],[129.2902314,37.3078406],[129.2901761,37.3078638],[129.2901574,37.3079271],[129.2900546,37.3080035],[129.2899527,37.3081617],[129.2898757,37.3081546],[129.2898164,37.3082065],[129.2897705,37.3082598],[129.2895499,37.3081593],[129.2895712,37.3080875],[129.2895441,37.3080732]]]]}},{"type":"Feature","properties":{"r":736,"k":0,"d":175.8},"geometry":{"type":"MultiPolygon","coordinates":[[[[129.2938659,37.3090424],[129.2938268,37.3089593],[129.2938511,37.3089459],[129.2938965,37.3089549],[129.2939795,37.3089558],[129.2940106,37.3090005],[129.2940081,37.309038],[129.2939574,37.3090465],[129.2938659,37.3090424]]]]}},{"type":"Feature","properties":{"r":122,"k":0,"d":66.2},"geometry":{"type":"MultiPolygon","coordinates":[[[[129.2865263,37.3090798],[129.2868057,37.3089498],[129.2869919,37.3088411],[129.287121,37.3085632],[129.2871083,37.3084472],[129.2871478,37.3084455],[129.287164,37.3084041],[129.2871761,37.308288],[129.287198,37.3081986],[129.2872294,37.3081309],[129.2872525,37.3080566],[129.287608,37.3077837],[129.2877116,37.3076236],[129.2876411,37.3076159],[129.2876724,37.30758],[129.2877653,37.3076019],[129.287833,37.307553],[129.2879204,37.307475],[129.2879883,37.3074067],[129.2881046,37.3073484],[129.2885627,37.3070976],[129.2886564,37.3069052],[129.2887909,37.3068031],[129.2888792,37.3068025],[129.289,37.3067119],[129.2891111,37.3065978],[129.2891001,37.3064],[129.2891213,37.3062071],[129.2892738,37.3058737],[129.289406,37.3057715],[129.2896445,37.3056281],[129.2897631,37.3056095],[129.2899579,37.3055226],[129.290034,37.3055013],[129.2901124,37.305355],[129.2902124,37.3052077],[129.2902745,37.3051436],[129.2904588,37.3050595],[129.2905776,37.3049942],[129.2904472,37.3045636],[129.2904881,37.3045962],[129.2906408,37.304961],[129.2908299,37.3048788],[129.2910219,37.304753],[129.2911386,37.3047275],[129.2912362,37.3046331],[129.2912092,37.3046032],[129.2913223,37.3044911],[129.2912932,37.304601],[129.2912834,37.3046759],[129.2911049,37.3048035],[129.2906733,37.305013],[129.2902442,37.3052178],[129.2900519,37.3055343],[129.2897687,37.3056459],[129.2895017,37.3057906],[129.2894004,37.3058599],[129.2893785,37.3058816],[129.2893307,37.305938],[129.2892072,37.3061806],[129.2892228,37.306239],[129.289205,37.3064592],[129.2891604,37.3065937],[129.2891233,37.3067586],[129.2890824,37.3067757],[129.2887957,37.3068739],[129.2887015,37.3070315],[129.2887264,37.307072],[129.2888359,37.3069997],[129.2889937,37.3069343],[129.2891294,37.3068415],[129.289191,37.3067936],[129.2893087,37.3066557],[129.2894772,37.3065917],[129.2895674,37.3065752],[129.2896036,37.306582],[129.2898335,37.3065595],[129.2899804,37.3065342],[129.2899967,37.3065852],[129.2898572,37.30657],[129.2897906,37.3065866],[129.2896753,37.3066094],[129.2895719,37.3066023],[129.289384,37.3066591],[129.2892216,37.3068396],[129.2890764,37.3069049],[129.2890325,37.3069454],[129.288871,37.3070097],[129.2887369,37.3071019],[129.2886008,37.3072417],[129.2884835,37.3072489],[129.288363,37.3072968],[129.2882649,37.3073202],[129.2881781,37.3073854],[129.2879761,37.3075051],[129.2879649,37.307581],[129.2874109,37.3080149],[129.2873447,37.3080965],[129.2872454,37.3082132],[129.287221,37.3083074],[129.2872053,37.3083988],[129.2871962,37.3084941],[129.2871841,37.3085444],[129.2873145,37.308595],[129.2874033,37.3086692],[129.2874846,37.3087125],[129.2875513,37.3087372],[129.2877953,37.3087997],[129.2878829,37.3088075],[129.2880557,37.3088199],[129.2881975,37.3088465],[129.2883192,37.3088504],[129.2883282,37.3088347],[129.2885502,37.3087951],[129.288533,37.3087449],[129.2885027,37.308731],[129.2885333,37.3087066],[129.288576,37.3088104],[129.2883454,37.3088616],[129.2882014,37.308862],[129.2880583,37.3088365],[129.2879733,37.3088279],[129.2879148,37.308833],[129.2879731,37.3088988],[129.2880238,37.3089718],[129.2881023,37.3090213],[129.2880868,37.3090618],[129.2879687,37.3091454],[129.2879537,37.3091263],[129.288044,37.3090523],[129.2880459,37.309016],[129.2879765,37.3089352],[129.2879553,37.3089072],[129.2878779,37.3088349],[129.2877975,37.3088201],[129.2875381,37.3087572],[129.287536,37.3088436],[129.2875222,37.3089392],[129.2875488,37.3089732],[129.2875382,37.3090338],[129.2875023,37.3090593],[129.2874672,37.3091342],[129.2874837,37.3091699],[129.2875423,37.3091972],[129.2876169,37.3091851],[129.2876334,37.3092032],[129.2876126,37.3092198],[129.2874382,37.3092037],[129.2874054,37.309223],[129.287265,37.3092624],[129.2871996,37.3092629],[129.2871564,37.3092944],[129.2871122,37.3093016],[129.2870487,37.3092901],[129.2869308,37.3092482],[129.2867862,37.3092459],[129.2866676,37.3092416],[129.2865773,37.3092586],[129.2865358,37.309251],[129.2865263,37.3090798]],[[129.2871061,37.3092783],[129.2871465,37.3092758],[129.2871916,37.3092364],[129.2872715,37.3092401],[129.2873897,37.3092052],[129.2874055,37.3091809],[129.2874442,37.3091296],[129.2874909,37.3090505],[129.2875117,37.3090202],[129.2875137,37.3089818],[129.2874929,37.3089411],[129.2875183,37.3088436],[129.2875138,37.3087503],[129.2874372,37.3087117],[129.287276,37.3086026],[129.2871964,37.3085882],[129.2871602,37.3086287],[129.2871126,37.3087572],[129.2870875,37.3088636],[129.2871065,37.3088803],[129.2871603,37.3088775],[129.2872158,37.3088815],[129.287213,37.3089027],[129.287145,37.3088973],[129.2870924,37.3089058],[129.2870399,37.3088853],[129.2869595,37.3089472],[129.2868937,37.308967],[129.2867991,37.3090231],[129.2868448,37.3090557],[129.2868597,37.3090867],[129.2868179,37.3090979],[129.2867816,37.3090443],[129.2867103,37.3090607],[129.2866052,37.3091085],[129.2865554,37.3091616],[129.2865628,37.3092285],[129.2868594,37.3092048],[129.2870222,37.3092087],[129.2871061,37.3092783]]]]}},{"type":"Feature","properties":{"r":742,"k":0,"d":178.8},"geometry":{"type":"MultiPolygon","coordinates":[[[[129.2842227,37.3096774],[129.2841729,37.3098865],[129.2840049,37.3098898],[129.2839781,37.309848],[129.2840122,37.3097706],[129.2840187,37.3097722],[129.2841962,37.3096965],[129.2842227,37.3096774]]]]}},{"type":"Feature","properties":{"r":378,"k":0,"d":109.3},"geometry":{"type":"MultiPolygon","coordinates":[[[[129.2909086,37.3084181],[129.2907441,37.3084004],[129.2905425,37.3083523],[129.290609,37.308339],[129.2907683,37.308289],[129.2907327,37.3082208],[129.2907607,37.3082072],[129.2908212,37.3082098],[129.2909777,37.3083223],[129.2909086,37.3084181]]]]}},{"type":"Feature","properties":{"r":190,"k":0,"d":81.7},"geometry":{"type":"MultiPolygon","coordinates":[[[[129.2871061,37.3092783],[129.2871916,37.3092364],[129.2871465,37.3092758],[129.2871061,37.3092783]]]]}},{"type":"Feature","properties":{"r":278,"k":0,"d":96.0},"geometry":{"type":"MultiPolygon","coordinates":[[[[129.2878829,37.3088075],[129.2877953,37.3087997],[129.2875513,37.3087372],[129.2874846,37.3087125],[129.2875028,37.3086845],[129.2875555,37.3085849],[129.2875512,37.308538],[129.2874501,37.3084768],[129.2874369,37.3084128],[129.2881795,37.3085067],[129.2881635,37.3086845],[129.2881853,37.3088053],[129.288027,37.3087737],[129.2879034,37.3087796],[129.2878829,37.3088075]]]]}},{"type":"Feature","properties":{"r":218,"k":0,"d":84.8},"geometry":{"type":"MultiPolygon","coordinates":[[[[129.2758883,37.3162339],[129.2759005,37.3162178],[129.2761983,37.3160972],[129.2760558,37.3162307],[129.2760091,37.3162854],[129.2758943,37.3162792],[129.2758883,37.3162339]]]]}},{"type":"Feature","properties":{"r":498,"k":0,"d":131.9},"geometry":{"type":"MultiPolygon","coordinates":[[[[129.2765274,37.3154433],[129.2764994,37.3155287],[129.276452,37.315482],[129.2765274,37.3154433]]]]}},{"type":"Feature","properties":{"r":443,"k":0,"d":121.6},"geometry":{"type":"MultiPolygon","coordinates":[[[[129.2785597,37.3139114],[129.2788321,37.3138213],[129.2787814,37.3139319],[129.2785603,37.3139402],[129.2785597,37.3139114]]]]}},{"type":"Feature","properties":{"r":13,"k":0,"d":22.2},"geometry":{"type":"MultiPolygon","coordinates":[[[[129.2840686,37.311749],[129.2839719,37.3117221],[129.2839806,37.3116854],[129.2844549,37.3114633],[129.284814,37.3111903],[129.2851177,37.3112385],[129.2850575,37.3113146],[129.2847484,37.3115594],[129.28431,37.3117213],[129.2840867,37.311754],[129.2840686,37.311749]]]]}},{"type":"Feature","properties":{"r":237,"k":0,"d":88.6},"geometry":{"type":"MultiPolygon","coordinates":[[[[129.2788386,37.3141389],[129.2788974,37.3141015],[129.2790419,37.3139438],[129.2791539,37.3138608],[129.2793158,37.3137345],[129.2793376,37.3137331],[129.2790175,37.3140577],[129.2788747,37.3142183],[129.2786706,37.3144088],[129.2783399,37.3146595],[129.277957,37.314953],[129.2775153,37.3152418],[129.2774268,37.3151634],[129.2778724,37.3148981],[129.2783679,37.314489],[129.2788195,37.3141651],[129.2788386,37.3141389]]]]}},{"type":"Feature","properties":{"r":249,"k":0,"d":91.1},"geometry":{"type":"MultiPolygon","coordinates":[[[[129.2793376,37.3137331],[129.2795039,37.3137219],[129.2797266,37.3135649],[129.2798921,37.3134421],[129.2800613,37.3133286],[129.2792497,37.3139462],[129.2790175,37.3140577],[129.2793376,37.3137331]]]]}},{"type":"Feature","properties":{"r":376,"k":0,"d":108.5},"geometry":{"type":"MultiPolygon","coordinates":[[[[129.2791093,37.3138374],[129.279184,37.3136895],[129.2791476,37.3136995],[129.2793527,37.3133994],[129.2793609,37.3134043],[129.2793885,37.3134962],[129.27935,37.3136128],[129.2792256,37.3137458],[129.2791093,37.3138374]]]]}},{"type":"Feature","properties":{"r":446,"k":0,"d":122.6},"geometry":{"type":"MultiPolygon","coordinates":[[[[129.2730154,37.3179429],[129.272737,37.3179826],[129.2726776,37.3179227],[129.2731167,37.3178577],[129.2731653,37.3178431],[129.273178,37.3178336],[129.2732176,37.3178426],[129.2730154,37.3179429]]]]}},{"type":"Feature","properties":{"r":827,"k":0,"d":190.7},"geometry":{"type":"MultiPolygon","coordinates":[[[[129.2724193,37.3175422],[129.2724382,37.3175143],[129.2725732,37.3174027],[129.2725744,37.3174085],[129.2725958,37.3174494],[129.2724097,37.317574],[129.2724193,37.3175422]]]]}},{"type":"Feature","properties":{"r":486,"k":0,"d":129.3},"geometry":{"type":"MultiPolygon","coordinates":[[[[129.2722495,37.3181689],[129.2724232,37.3180759],[129.2724413,37.3182927],[129.2724124,37.3182754],[129.2723971,37.3182749],[129.272269,37.3181933],[129.2722495,37.3181689]]]]}},{"type":"Feature","properties":{"r":570,"k":0,"d":142.9},"geometry":{"type":"MultiPolygon","coordinates":[[[[129.2709757,37.3195176],[129.2709237,37.3195715],[129.2707259,37.3197231],[129.270662,37.3196669],[129.2707274,37.3195812],[129.2708058,37.3194324],[129.2709757,37.3195176]]]]}},{"type":"Feature","properties":{"r":563,"k":0,"d":142.2},"geometry":{"type":"MultiPolygon","coordinates":[[[[129.2708058,37.3194324],[129.2708349,37.319284],[129.2708631,37.3192734],[129.2708978,37.3193025],[129.2709598,37.319314],[129.2710826,37.3193051],[129.2711549,37.3193505],[129.2709757,37.3195176],[129.2708058,37.3194324]]]]}},{"type":"Feature","properties":{"r":442,"k":0,"d":121.4},"geometry":{"type":"MultiPolygon","coordinates":[[[[129.2702135,37.3203292],[129.2700821,37.3202678],[129.2701086,37.3202201],[129.2701925,37.3201247],[129.2702974,37.320071],[129.2703174,37.3200803],[129.2702843,37.3201322],[129.2703125,37.3201871],[129.2703488,37.3202992],[129.2702135,37.3203292]]]]}},{"type":"Feature","properties":{"r":536,"k":0,"d":137.4},"geometry":{"type":"MultiPolygon","coordinates":[[[[129.2692302,37.3209455],[129.2692526,37.3209894],[129.2691877,37.3211331],[129.2690586,37.321253],[129.2690238,37.321162],[129.2690412,37.3210821],[129.2691137,37.3210092],[129.2692302,37.3209455]]]]}},{"type":"Feature","properties":{"r":407,"k":0,"d":114.8},"geometry":{"type":"MultiPolygon","coordinates":[[[[129.2678192,37.322108],[129.2679321,37.3220343],[129.2679562,37.3220146],[129.2680347,37.3219638],[129.2680826,37.3220419],[129.2685318,37.3223677],[129.2680802,37.3225986],[129.2676351,37.3221418],[129.2673972,37.321754],[129.267741,37.3220789],[129.2677928,37.3221253],[129.2678192,37.322108]]]]}},{"type":"Feature","properties":{"r":551,"k":0,"d":139.5},"geometry":{"type":"MultiPolygon","coordinates":[[[[129.2681165,37.3208018],[129.2683686,37.320623],[129.2690026,37.3211694],[129.2690029,37.3212319],[129.2690192,37.3212987],[129.2688046,37.3214141],[129.2681165,37.3208018]]]]}},{"type":"Feature","properties":{"r":762,"k":0,"d":181.8},"geometry":{"type":"MultiPolygon","coordinates":[[[[129.2815299,37.3113534],[129.2815089,37.3113777],[129.2815121,37.3114181],[129.2814406,37.3113697],[129.2813961,37.3113754],[129.2813638,37.3113396],[129.2814491,37.3113045],[129.2815299,37.3113534]]]]}},{"type":"Feature","properties":{"r":616,"k":0,"d":152.1},"geometry":{"type":"MultiPolygon","coordinates":[[[[129.2772232,37.3147106],[129.277152,37.3148076],[129.2770402,37.3148302],[129.2772232,37.3147106]]]]}},{"type":"Feature","properties":{"r":786,"k":0,"d":184.9},"geometry":{"type":"MultiPolygon","coordinates":[[[[129.2868355,37.308205],[129.2867703,37.3081006],[129.2868676,37.3080733],[129.2869323,37.3080312],[129.2870526,37.3078732],[129.2870948,37.3078534],[129.2870436,37.3077571],[129.2871462,37.3077282],[129.2873072,37.307668],[129.2874554,37.3076802],[129.287558,37.3076668],[129.2875647,37.3077114],[129.2875291,37.3078013],[129.2874501,37.3078444],[129.2873468,37.307859],[129.287316,37.3079439],[129.2871518,37.3080608],[129.287095,37.3081097],[129.287044,37.3082395],[129.2869806,37.308265],[129.2869816,37.3083044],[129.2868355,37.308205]]]]}},{"type":"Feature","properties":{"r":593,"k":0,"d":147.6},"geometry":{"type":"MultiPolygon","coordinates":[[[[129.286224,37.3082947],[129.2862412,37.3082792],[129.2862661,37.3082978],[129.2864314,37.308149],[129.2864727,37.3081296],[129.2865487,37.3081412],[129.286651,37.308169],[129.2866924,37.3081981],[129.2867269,37.3082523],[129.2867829,37.3083158],[129.2868755,37.3083756],[129.2869322,37.308409],[129.2867946,37.3085721],[129.2870082,37.3086339],[129.2869934,37.3086703],[129.286731,37.3087382],[129.2866163,37.3087382],[129.2864419,37.3085584],[129.2862338,37.308426],[129.2862019,37.3083658],[129.286224,37.3082947]]]]}},{"type":"Feature","properties":{"r":463,"k":0,"d":126.0},"geometry":{"type":"MultiPolygon","coordinates":[[[[129.2917143,37.3084602],[129.2917209,37.3084208],[129.2916977,37.3083254],[129.2917039,37.3082278],[129.2915963,37.3082127],[129.2915265,37.3081133],[129.2915719,37.3080992],[129.2916325,37.307956],[129.2913394,37.3080007],[129.2917042,37.3078771],[129.2916982,37.3079538],[129.2917328,37.3081017],[129.2917667,37.3081569],[129.2917931,37.3083578],[129.2917574,37.308457],[129.2917143,37.3084602]]]]}},{"type":"Feature","properties":{"r":699,"k":0,"d":169.3},"geometry":{"type":"MultiPolygon","coordinates":[[[[129.2855338,37.3092659],[129.2854599,37.3092806],[129.2855423,37.3091453],[129.2855858,37.3089711],[129.2855688,37.3088464],[129.2856268,37.3088845],[129.2856993,37.3088683],[129.2857631,37.3088634],[129.2857315,37.3090195],[129.2856591,37.3091482],[129.2855774,37.309149],[129.2855338,37.3092659]]]]}},{"type":"Feature","properties":{"r":768,"k":0,"d":183.0},"geometry":{"type":"MultiPolygon","coordinates":[[[[129.2937278,37.3088256],[129.2937037,37.3087939],[129.2937434,37.3087635],[129.2937693,37.3087967],[129.2938786,37.3088561],[129.2939402,37.3088549],[129.2939972,37.3088239],[129.2940083,37.3088469],[129.293962,37.3088768],[129.29389,37.3089168],[129.2937737,37.3088712],[129.2937278,37.3088256]]]]}},{"type":"Feature","properties":{"r":580,"k":0,"d":145.3},"geometry":{"type":"MultiPolygon","coordinates":[[[[129.285377,37.3095683],[129.2853657,37.3094887],[129.2853825,37.3094961],[129.285406,37.3095111],[129.2853837,37.3095567],[129.285377,37.3095683]]]]}},{"type":"Feature","properties":{"r":682,"k":0,"d":166.7},"geometry":{"type":"MultiPolygon","coordinates":[[[[129.2941331,37.3093934],[129.2940058,37.3093503],[129.294022,37.3093144],[129.2941487,37.3093603],[129.2941331,37.3093934]]]]}},{"type":"Feature","properties":{"r":712,"k":0,"d":171.3},"geometry":{"type":"MultiPolygon","coordinates":[[[[129.2933344,37.3087315],[129.2933277,37.3087066],[129.2933955,37.3086867],[129.2934614,37.3086906],[129.2934646,37.3086743],[129.2934883,37.3086691],[129.2935098,37.3086761],[129.2935379,37.3087226],[129.2935295,37.3087572],[129.2934594,37.3087773],[129.2933989,37.3087706],[129.2933344,37.3087315]]]]}},{"type":"Feature","properties":{"r":0,"k":0,"d":0.0},"geometry":{"type":"MultiPolygon","coordinates":[[[[129.2924112,37.3096315],[129.2923987,37.309688],[129.2924054,37.3100324],[129.292393,37.3100995],[129.2922865,37.3101844],[129.2924274,37.3104395],[129.2923493,37.3104624],[129.2921986,37.3101889],[129.2922746,37.3100102],[129.2922757,37.3097876],[129.2922239,37.3097164],[129.2922436,37.309712],[129.2923585,37.3096646],[129.2924112,37.3096315]]]]}},{"type":"Feature","properties":{"r":478,"k":0,"d":128.0},"geometry":{"type":"MultiPolygon","coordinates":[[[[129.293351,37.3092331],[129.2933323,37.3092122],[129.2933518,37.3091839],[129.2933751,37.3091912],[129.2934385,37.309116],[129.2935252,37.3091326],[129.2935376,37.309175],[129.2935468,37.3091694],[129.2935641,37.3092028],[129.2934698,37.309251],[129.2934386,37.3092635],[129.2933773,37.3092491],[129.293351,37.3092331]]]]}},{"type":"Feature","properties":{"r":646,"k":0,"d":157.9},"geometry":{"type":"MultiPolygon","coordinates":[[[[129.2931958,37.3088151],[129.2932239,37.3087285],[129.2932447,37.3087351],[129.2932163,37.3088121],[129.2932221,37.3088177],[129.2931958,37.3088151]]]]}},{"type":"Feature","properties":{"r":554,"k":0,"d":139.7},"geometry":{"type":"MultiPolygon","coordinates":[[[[129.2912628,37.3081888],[129.2910289,37.308106],[129.2913394,37.3080007],[129.2916325,37.307956],[129.2915719,37.3080992],[129.2915265,37.3081133],[129.2915065,37.308085],[129.2914488,37.3080647],[129.2913425,37.3081392],[129.2912628,37.3081888]]]]}},{"type":"Feature","properties":{"r":296,"k":0,"d":98.5},"geometry":{"type":"MultiPolygon","coordinates":[[[[129.2855385,37.3098024],[129.2856294,37.3096676],[129.2858071,37.309777],[129.2858359,37.3098006],[129.2857072,37.3099065],[129.2855385,37.3098024]]]]}},{"type":"Feature","properties":{"r":102,"k":0,"d":61.0},"geometry":{"type":"MultiPolygon","coordinates":[[[[129.2754082,37.3168711],[129.2756429,37.316674],[129.2756274,37.3167562],[129.2755517,37.3168297],[129.2755005,37.3169542],[129.2754082,37.3168711]]]]}},{"type":"Feature","properties":{"r":752,"k":0,"d":180.2},"geometry":{"type":"MultiPolygon","coordinates":[[[[129.2738261,37.3160592],[129.2739903,37.3159386],[129.2742553,37.3159302],[129.2745562,37.3159372],[129.2747317,37.3158955],[129.2747912,37.3158786],[129.2749555,37.3158657],[129.2749536,37.3158692],[129.2748042,37.3158898],[129.2745679,37.3159454],[129.2743705,37.3160353],[129.2741499,37.3161063],[129.2739834,37.3161787],[129.2739528,37.3161503],[129.2738261,37.3160592]]]]}},{"type":"Feature","properties":{"r":89,"k":0,"d":57.2},"geometry":{"type":"MultiPolygon","coordinates":[[[[129.2756274,37.3167562],[129.276089,37.3163076],[129.276234,37.3161555],[129.2763928,37.3160294],[129.2763992,37.3160227],[129.2764376,37.3160376],[129.2756056,37.3168349],[129.2755269,37.3169823],[129.2755005,37.3169542],[129.2755517,37.3168297],[129.2756274,37.3167562]]]]}},{"type":"Feature","properties":{"r":128,"k":0,"d":67.1},"geometry":{"type":"MultiPolygon","coordinates":[[[[129.272984,37.3186554],[129.2728572,37.3187472],[129.2727242,37.3186273],[129.2728463,37.3185349],[129.272984,37.3186554]]]]}},{"type":"Feature","properties":{"r":857,"k":0,"d":195.0},"geometry":{"type":"MultiPolygon","coordinates":[[[[129.2732093,37.3168968],[129.2733588,37.3168786],[129.2732041,37.3169394],[129.2732093,37.3168968]]]]}},{"type":"Feature","properties":{"r":657,"k":0,"d":160.1},"geometry":{"type":"MultiPolygon","coordinates":[[[[129.2723706,37.3177508],[129.272571,37.3177315],[129.2726066,37.3177595],[129.2726168,37.3177952],[129.2726102,37.3177997],[129.2725702,37.3177615],[129.2723857,37.3178853],[129.2723784,37.3178861],[129.2723618,37.3177907],[129.2723706,37.3177508]]]]}},{"type":"Feature","properties":{"r":544,"k":0,"d":137.9},"geometry":{"type":"MultiPolygon","coordinates":[[[[129.2709204,37.3190324],[129.2709287,37.3190796],[129.2708655,37.3192363],[129.2707255,37.3193303],[129.2705518,37.319482],[129.270432,37.3195467],[129.27043,37.3195761],[129.2703431,37.3195951],[129.2703187,37.3195918],[129.2702011,37.3196912],[129.2701456,37.3197315],[129.2701444,37.3198075],[129.2701301,37.3198089],[129.2698081,37.3200369],[129.2696794,37.3201228],[129.2693766,37.3205469],[129.2693452,37.3205661],[129.2692749,37.3208258],[129.2692302,37.3209455],[129.2691137,37.3210092],[129.2690412,37.3210821],[129.2690238,37.321162],[129.2690586,37.321253],[129.2690241,37.3213202],[129.2690029,37.3212319],[129.2690023,37.3211054],[129.269026,37.3210427],[129.2691714,37.3209309],[129.2692259,37.3207747],[129.2692491,37.3207173],[129.2692801,37.3205533],[129.2693541,37.3205099],[129.2693982,37.3204594],[129.269633,37.320124],[129.2697847,37.320017],[129.2700389,37.3198215],[129.2700673,37.3197953],[129.2701145,37.3196932],[129.2701628,37.3196385],[129.2702039,37.3196167],[129.2703267,37.3195727],[129.2703871,37.3195362],[129.2704233,37.3195074],[129.2705378,37.3194455],[129.2708369,37.3192079],[129.2708839,37.3190567],[129.2708807,37.3189999],[129.2709204,37.3190324]]]]}},{"type":"Feature","properties":{"r":675,"k":0,"d":164.3},"geometry":{"type":"MultiPolygon","coordinates":[[[[129.2674073,37.3254197],[129.2674264,37.3253032],[129.2674948,37.32531],[129.2675499,37.3254439],[129.2674826,37.3254615],[129.2674073,37.3254197]]]]}},{"type":"Feature","properties":{"r":896,"k":0,"d":199.4},"geometry":{"type":"MultiPolygon","coordinates":[[[[129.2673427,37.3228494],[129.2671929,37.322893],[129.2668704,37.3228881],[129.2667829,37.322848],[129.2667992,37.3227972],[129.2669047,37.322689],[129.2670704,37.3227409],[129.2672382,37.3227358],[129.2673427,37.3228494]]]]}},{"type":"Feature","properties":{"r":574,"k":0,"d":143.2},"geometry":{"type":"MultiPolygon","coordinates":[[[[129.2905318,37.3081173],[129.2904954,37.3080722],[129.2905422,37.3080603],[129.2906171,37.3080793],[129.2905318,37.3081173]]]]}},{"type":"Feature","properties":{"r":417,"k":0,"d":117.1},"geometry":{"type":"MultiPolygon","coordinates":[[[[129.2905425,37.3083523],[129.2904444,37.3082852],[129.2904171,37.3082869],[129.2903979,37.3082446],[129.2903687,37.3082299],[129.290333,37.3082247],[129.2902868,37.3082298],[129.2902548,37.3082361],[129.2901968,37.3082258],[129.2902307,37.3082155],[129.2902784,37.3082142],[129.2903999,37.3081571],[129.2904377,37.3081542],[129.2905129,37.3081778],[129.290557,37.3082198],[129.2906419,37.3081967],[129.2906527,37.308223],[129.2905603,37.308252],[129.290609,37.308339],[129.2905425,37.3083523]]]]}},{"type":"Feature","properties":{"r":627,"k":0,"d":153.8},"geometry":{"type":"MultiPolygon","coordinates":[[[[129.2935884,37.3090949],[129.2936281,37.308943],[129.293661,37.3089403],[129.2936986,37.3089624],[129.2936381,37.3089899],[129.293643,37.3090912],[129.2935884,37.3090949]]]]}},{"type":"Feature","properties":{"r":342,"k":0,"d":104.3},"geometry":{"type":"MultiPolygon","coordinates":[[[[129.2946723,37.309762],[129.2944139,37.3098608],[129.2942219,37.3098657],[129.293509,37.3098534],[129.2934989,37.3098468],[129.2937376,37.3093674],[129.2941257,37.3094971],[129.2941952,37.3095172],[129.2944488,37.3095609],[129.2944787,37.3096706],[129.29464,37.3096964],[129.294669,37.3097584],[129.2946723,37.309762]]]]}},{"type":"Feature","properties":{"r":714,"k":0,"d":171.9},"geometry":{"type":"MultiPolygon","coordinates":[[[[129.2869322,37.308409],[129.2869689,37.3083656],[129.2869982,37.3084267],[129.2869461,37.3084172],[129.2869322,37.308409]]]]}},{"type":"Feature","properties":{"r":641,"k":0,"d":156.8},"geometry":{"type":"MultiPolygon","coordinates":[[[[129.2935928,37.3089793],[129.2935754,37.3089766],[129.2935629,37.3089888],[129.2934999,37.3089804],[129.2934207,37.3089417],[129.293438,37.308881],[129.2934809,37.308803],[129.2935461,37.3087947],[129.2935842,37.3088047],[129.2936035,37.308816],[129.2936183,37.3088479],[129.2936151,37.3088986],[129.2935928,37.3089793]]]]}},{"type":"Feature","properties":{"r":192,"k":0,"d":82.1},"geometry":{"type":"MultiPolygon","coordinates":[[[[129.2878292,37.3090324],[129.287771,37.3089853],[129.2879553,37.3089072],[129.2879765,37.3089352],[129.2878292,37.3090324]]]]}},{"type":"Feature","properties":{"r":716,"k":0,"d":172.0},"geometry":{"type":"MultiPolygon","coordinates":[[[[129.2851966,37.3093368],[129.2852848,37.3093035],[129.2854302,37.3091935],[129.2853808,37.3092963],[129.2853217,37.3092916],[129.2852043,37.309355],[129.2851966,37.3093368]]]]}},{"type":"Feature","properties":{"r":349,"k":0,"d":105.1},"geometry":{"type":"MultiPolygon","coordinates":[[[[129.2839113,37.3112153],[129.2840036,37.311173],[129.2839484,37.3112318],[129.2839113,37.3112153]]]]}},{"type":"Feature","properties":{"r":718,"k":0,"d":172.3},"geometry":{"type":"MultiPolygon","coordinates":[[[[129.2769646,37.314364],[129.2770009,37.3143345],[129.2771898,37.3142016],[129.2771897,37.3142115],[129.2772503,37.3144662],[129.277041,37.314525],[129.2769997,37.3144486],[129.2769646,37.314364]]]]}},{"type":"Feature","properties":{"r":268,"k":0,"d":94.8},"geometry":{"type":"MultiPolygon","coordinates":[[[[129.2751258,37.3160342],[129.2752428,37.3160257],[129.2753971,37.3160873],[129.2754764,37.3161092],[129.2754946,37.3161277],[129.2756269,37.3161402],[129.2756227,37.3161681],[129.2758035,37.3161883],[129.2757939,37.3162047],[129.2757249,37.3162366],[129.2754597,37.3164322],[129.2753304,37.3166527],[129.2752309,37.3167117],[129.2750023,37.316506],[129.2748627,37.3164408],[129.2749767,37.3163366],[129.2750702,37.3161426],[129.2751258,37.3160342]]]]}},{"type":"Feature","properties":{"r":499,"k":0,"d":132.0},"geometry":{"type":"MultiPolygon","coordinates":[[[[129.2731567,37.3177054],[129.273166,37.3177669],[129.2731218,37.3177671],[129.2731095,37.3177696],[129.2730829,37.3177609],[129.2730229,37.317733],[129.2729924,37.3177135],[129.272973,37.317695],[129.2730372,37.3177088],[129.2731567,37.3177054]]]]}},{"type":"Feature","properties":{"r":222,"k":0,"d":85.2},"geometry":{"type":"MultiPolygon","coordinates":[[[[129.2731028,37.3183512],[129.2729507,37.3182293],[129.2730771,37.3181346],[129.273226,37.3182547],[129.2731028,37.3183512]]]]}},{"type":"Feature","properties":{"r":224,"k":0,"d":85.4},"geometry":{"type":"MultiPolygon","coordinates":[[[[129.2729732,37.3184452],[129.2728463,37.3185349],[129.2727113,37.3184297],[129.2728022,37.3183587],[129.2728428,37.318336],[129.2729732,37.3184452]]]]}},{"type":"Feature","properties":{"r":653,"k":0,"d":159.1},"geometry":{"type":"MultiPolygon","coordinates":[[[[129.2724134,37.3179578],[129.2721816,37.3179928],[129.2716458,37.3180596],[129.2716253,37.3180391],[129.2716107,37.3180274],[129.2715863,37.3179779],[129.2716711,37.3179636],[129.2723728,37.3178867],[129.2724134,37.3179578]]]]}},{"type":"Feature","properties":{"r":277,"k":0,"d":95.9},"geometry":{"type":"MultiPolygon","coordinates":[[[[129.27098,37.3200718],[129.2709675,37.3200653],[129.2710775,37.3199908],[129.2710881,37.3200372],[129.27098,37.3200718]]]]}},{"type":"Feature","properties":{"r":251,"k":0,"d":91.5},"geometry":{"type":"MultiPolygon","coordinates":[[[[129.2713286,37.3197434],[129.2713497,37.3196913],[129.2713189,37.319601],[129.2713369,37.3195494],[129.2714873,37.3195059],[129.2716273,37.3196071],[129.2713617,37.3197952],[129.2713286,37.3197434]]]]}},{"type":"Feature","properties":{"r":243,"k":0,"d":89.0},"geometry":{"type":"MultiPolygon","coordinates":[[[[129.2714873,37.3195059],[129.2716092,37.3194421],[129.271618,37.3194243],[129.2717501,37.3195202],[129.2716273,37.3196071],[129.2714873,37.3195059]]]]}},{"type":"Feature","properties":{"r":799,"k":0,"d":186.2},"geometry":{"type":"MultiPolygon","coordinates":[[[[129.2673396,37.3231515],[129.2673309,37.323153],[129.267323,37.3230913],[129.2673316,37.322997],[129.2673276,37.3229883],[129.2673809,37.322949],[129.2673994,37.3231414],[129.2673396,37.3231515]]]]}},{"type":"Feature","properties":{"r":764,"k":0,"d":182.5},"geometry":{"type":"MultiPolygon","coordinates":[[[[129.2673994,37.3231414],[129.2673809,37.322949],[129.2674181,37.3229216],[129.2674349,37.3229376],[129.2674494,37.3231329],[129.2673994,37.3231414]]]]}},{"type":"Feature","properties":{"r":577,"k":0,"d":144.7},"geometry":{"type":"MultiPolygon","coordinates":[[[[129.2667181,37.3210818],[129.2667371,37.3210959],[129.2667566,37.3211887],[129.2671627,37.3215358],[129.2673972,37.321754],[129.2676351,37.3221418],[129.2680802,37.3225986],[129.2674349,37.3229376],[129.2673427,37.3228494],[129.2672382,37.3227358],[129.2668714,37.3222538],[129.2667172,37.3220634],[129.2665354,37.3216697],[129.2662303,37.3212937],[129.2661617,37.3213382],[129.2660748,37.3214426],[129.2659538,37.321675],[129.2659333,37.3216791],[129.2658787,37.3219892],[129.2657803,37.3222086],[129.2657754,37.3225849],[129.2657277,37.3226367],[129.2657071,37.322696],[129.2657077,37.3225542],[129.2657116,37.3225264],[129.2657095,37.3223413],[129.2656659,37.3222925],[129.2656923,37.3220948],[129.2657317,37.3220475],[129.265742,37.3219349],[129.2658576,37.321748],[129.2659498,37.3216082],[129.265968,37.3216066],[129.2660623,37.3213879],[129.2660868,37.3213728],[129.2660976,37.3213366],[129.2661831,37.3212563],[129.266163,37.3212247],[129.2661203,37.3212034],[129.265984,37.3211352],[129.2658744,37.3211018],[129.2656516,37.3209392],[129.2653797,37.3208536],[129.2653015,37.3207963],[129.2652187,37.3207325],[129.2650909,37.3205916],[129.2649886,37.3204272],[129.2649354,37.3203153],[129.2648547,37.3200913],[129.264784,37.3198284],[129.265401,37.3203857],[129.2656513,37.3203881],[129.2657362,37.3204247],[129.266367,37.3208161],[129.2667181,37.3210818]]]]}},{"type":"Feature","properties":{"r":529,"k":0,"d":136.7},"geometry":{"type":"MultiPolygon","coordinates":[[[[129.2815121,37.3114181],[129.2815089,37.3113777],[129.2815299,37.3113534],[129.2817,37.3114564],[129.2816966,37.3115425],[129.2817916,37.3117474],[129.2817944,37.3117592],[129.2816235,37.3117255],[129.2816245,37.3117405],[129.2815707,37.3117242],[129.2815408,37.311688],[129.2814602,37.3116576],[129.2814456,37.3115791],[129.2815169,37.3115357],[129.2815288,37.3114293],[129.2815121,37.3114181]]]]}},{"type":"Feature","properties":{"r":583,"k":0,"d":145.7},"geometry":{"type":"MultiPolygon","coordinates":[[[[129.2923816,37.3084248],[129.2921963,37.3084145],[129.292052,37.3084142],[129.2920759,37.3083384],[129.2921167,37.3082383],[129.2921377,37.3082054],[129.2922248,37.3082278],[129.2923861,37.308191],[129.2924514,37.3082189],[129.2926121,37.3082593],[129.2926081,37.3084269],[129.29254,37.3084224],[129.2924777,37.3083942],[129.2924002,37.3084031],[129.2923816,37.3084248]]]]}},{"type":"Feature","properties":{"r":540,"k":0,"d":137.6},"geometry":{"type":"MultiPolygon","coordinates":[[[[129.2905258,37.3081686],[129.2905557,37.3081469],[129.2905318,37.3081173],[129.2906171,37.3080793],[129.2906287,37.3081343],[129.2905258,37.3081686]]]]}},{"type":"Feature","properties":{"r":2,"k":0,"d":10.9},"geometry":{"type":"MultiPolygon","coordinates":[[[[129.2857419,37.3107163],[129.2856769,37.3108471],[129.2854016,37.3110252],[129.2853546,37.311008],[129.2857419,37.3107163]]]]}},{"type":"Feature","properties":{"r":698,"k":0,"d":169.3},"geometry":{"type":"MultiPolygon","coordinates":[[[[129.2921377,37.3082054],[129.2921156,37.3081711],[129.2920202,37.3080634],[129.2919835,37.3080345],[129.2920418,37.307985],[129.2921255,37.3079671],[129.2921924,37.3079336],[129.2922987,37.3080123],[129.2923463,37.3080844],[129.2923861,37.308191],[129.2922248,37.3082278],[129.2921377,37.3082054]]]]}},{"type":"Feature","properties":{"r":773,"k":0,"d":183.3},"geometry":{"type":"MultiPolygon","coordinates":[[[[129.2933101,37.3086039],[129.2933052,37.3085663],[129.2932675,37.3085333],[129.2932806,37.3085037],[129.2934217,37.3084609],[129.293448,37.3084821],[129.2934933,37.3085894],[129.2934762,37.3086015],[129.2933101,37.3086039]]]]}},{"type":"Feature","properties":{"r":267,"k":0,"d":94.3},"geometry":{"type":"MultiPolygon","coordinates":[[[[129.2858325,37.3097749],[129.2858673,37.3096959],[129.2859692,37.3097173],[129.2859379,37.3098621],[129.2858325,37.3097749]]]]}},{"type":"Feature","properties":{"r":356,"k":0,"d":106.5},"geometry":{"type":"MultiPolygon","coordinates":[[[[129.2929232,37.3091783],[129.2929399,37.3091688],[129.2929753,37.3090552],[129.293032,37.3090476],[129.2931005,37.3091173],[129.2930441,37.3091924],[129.2930266,37.3092379],[129.2929192,37.3092217],[129.2929232,37.3091783]]]]}},{"type":"Feature","properties":{"r":18,"k":0,"d":23.4},"geometry":{"type":"MultiPolygon","coordinates":[[[[129.2876669,37.3094042],[129.2878993,37.3093053],[129.2879097,37.309333],[129.2879674,37.309376],[129.2880459,37.3095102],[129.2878104,37.309603],[129.2876773,37.3094289],[129.2876669,37.3094042]]]]}},{"type":"Feature","properties":{"r":339,"k":0,"d":104.3},"geometry":{"type":"MultiPolygon","coordinates":[[[[129.2901357,37.3084416],[129.2901966,37.3083974],[129.2901904,37.3083203],[129.2901348,37.3082405],[129.2901968,37.3082258],[129.2902548,37.3082361],[129.2902868,37.3082298],[129.290333,37.3082247],[129.2903687,37.3082299],[129.2903979,37.3082446],[129.2904171,37.3082869],[129.2904444,37.3082852],[129.290412,37.3083701],[129.2904196,37.3083771],[129.2903732,37.3083864],[129.2902194,37.3085082],[129.2901872,37.3084767],[129.2901357,37.3084416]]]]}},{"type":"Feature","properties":{"r":491,"k":0,"d":130.6},"geometry":{"type":"MultiPolygon","coordinates":[[[[129.2907327,37.3082208],[129.2907224,37.3082011],[129.2908442,37.3081636],[129.2908311,37.3082013],[129.2908212,37.3082098],[129.2907607,37.3082072],[129.2907327,37.3082208]]]]}},{"type":"Feature","properties":{"r":315,"k":0,"d":101.0},"geometry":{"type":"MultiPolygon","coordinates":[[[[129.2821072,37.3119992],[129.2819178,37.3120307],[129.2819254,37.3119595],[129.2819649,37.3118444],[129.2819461,37.3118165],[129.2820301,37.3117225],[129.2821876,37.3119317],[129.2821072,37.3119992]]]]}},{"type":"Feature","properties":{"r":630,"k":0,"d":154.7},"geometry":{"type":"MultiPolygon","coordinates":[[[[129.2840768,37.3101844],[129.2840709,37.310225],[129.284131,37.3102315],[129.2841068,37.3102546],[129.2839138,37.3103667],[129.2839574,37.3103007],[129.2840768,37.3101844]]]]}},{"type":"Feature","properties":{"r":275,"k":0,"d":95.8},"geometry":{"type":"MultiPolygon","coordinates":[[[[129.2758869,37.3162233],[129.2759005,37.3162178],[129.2758883,37.3162339],[129.2758869,37.3162233]]]]}},{"type":"Feature","properties":{"r":60,"k":0,"d":48.2},"geometry":{"type":"MultiPolygon","coordinates":[[[[129.2866163,37.3087382],[129.2865936,37.3087546],[129.2865989,37.3088329],[129.2865239,37.3089525],[129.286535,37.3089843],[129.2865612,37.3089972],[129.2867192,37.308929],[129.2868138,37.3089071],[129.2869506,37.3087737],[129.2869616,37.3087072],[129.2869934,37.3086703],[129.2870207,37.3086032],[129.2870264,37.3084855],[129.2869982,37.3084267],[129.2870472,37.3084315],[129.287004,37.3083197],[129.2869816,37.3083044],[129.2869806,37.308265],[129.287044,37.3082395],[129.287095,37.3081097],[129.2871518,37.3080608],[129.287316,37.3079439],[129.2873468,37.307859],[129.2874501,37.3078444],[129.2875291,37.3078013],[129.2875647,37.3077114],[129.287558,37.3076668],[129.2877057,37.3073997],[129.2877275,37.3073167],[129.2878079,37.3072624],[129.2877502,37.3074116],[129.2876724,37.30758],[129.2876411,37.3076159],[129.2876156,37.3077277],[129.287608,37.3077837],[129.2872525,37.3080566],[129.2871944,37.3080911],[129.2871093,37.3081823],[129.2871083,37.3084472],[129.287121,37.3085632],[129.2869919,37.3088411],[129.2868057,37.3089498],[129.2865263,37.3090798],[129.2865358,37.309251],[129.2865773,37.3092586],[129.2865406,37.3093508],[129.2865251,37.3094588],[129.2864406,37.3095351],[129.2864672,37.3096195],[129.2867643,37.3098798],[129.2865528,37.309921],[129.2865145,37.3097953],[129.2863986,37.3096337],[129.2863603,37.3095124],[129.2862723,37.3094531],[129.2862748,37.3094271],[129.2860405,37.3094667],[129.2859043,37.3094586],[129.2857685,37.3094358],[129.2857343,37.3093935],[129.2857053,37.3093667],[129.2857389,37.3093123],[129.2859024,37.3094122],[129.2860488,37.3094336],[129.2861835,37.3094124],[129.2862752,37.3094121],[129.2863616,37.3094385],[129.2864966,37.3092072],[129.2864543,37.3091664],[129.2864239,37.3091214],[129.2864567,37.3090369],[129.2864371,37.3089891],[129.2864809,37.3088877],[129.2864671,37.3088022],[129.2864927,37.3087783],[129.2864663,37.3087043],[129.2864075,37.3086335],[129.2861682,37.308451],[129.2861446,37.3084019],[129.2861591,37.3083533],[129.286224,37.3082947],[129.2862019,37.3083658],[129.2862338,37.308426],[129.2864419,37.3085584],[129.2866163,37.3087382]]]]}},{"type":"Feature","properties":{"r":470,"k":0,"d":126.9},"geometry":{"type":"MultiPolygon","coordinates":[[[[129.2788321,37.3138213],[129.2785597,37.3139114],[129.278558,37.3138236],[129.2786226,37.3138029],[129.2787608,37.3137349],[129.2788475,37.3137876],[129.2788321,37.3138213]]]]}},{"type":"Feature","properties":{"r":38,"k":0,"d":40.3},"geometry":{"type":"MultiPolygon","coordinates":[[[[129.2850475,37.3107996],[129.2850694,37.3107856],[129.2850353,37.3109229],[129.2850726,37.3109226],[129.2851063,37.3109031],[129.285145,37.3108633],[129.2852005,37.3108099],[129.2851964,37.3108321],[129.2850885,37.310921],[129.2850197,37.3109559],[129.2850181,37.3109366],[129.2849558,37.3108035],[129.2850234,37.3108149],[129.2850475,37.3107996]]]]}},{"type":"Feature","properties":{"r":116,"k":0,"d":65.1},"geometry":{"type":"MultiPolygon","coordinates":[[[[129.2747608,37.3173156],[129.2753155,37.3169476],[129.2754082,37.3168711],[129.2754487,37.3169076],[129.27483,37.3173699],[129.2747608,37.3173156]]]]}},{"type":"Feature","properties":{"r":368,"k":0,"d":108.0},"geometry":{"type":"MultiPolygon","coordinates":[[[[129.2739243,37.3172942],[129.2741646,37.3172607],[129.2742499,37.3173087],[129.2739947,37.3173681],[129.2739243,37.3172942]]]]}},{"type":"Feature","properties":{"r":556,"k":0,"d":140.2},"geometry":{"type":"MultiPolygon","coordinates":[[[[129.2729022,37.3177579],[129.2729888,37.3177941],[129.2728808,37.3178144],[129.2727552,37.3178416],[129.2729022,37.3177579]]]]}},{"type":"Feature","properties":{"r":236,"k":0,"d":88.4},"geometry":{"type":"MultiPolygon","coordinates":[[[[129.2707623,37.3203739],[129.2707082,37.3202998],[129.2708346,37.3201799],[129.270899,37.3201477],[129.2709648,37.3201294],[129.2710382,37.3201893],[129.2707623,37.3203739]]]]}},{"type":"Feature","properties":{"r":690,"k":0,"d":168.2},"geometry":{"type":"MultiPolygon","coordinates":[[[[129.2718492,37.3182549],[129.271707,37.3183512],[129.2716426,37.3183239],[129.2716742,37.3182517],[129.2717452,37.3181787],[129.271798,37.3182161],[129.2718492,37.3182549]]]]}},{"type":"Feature","properties":{"r":459,"k":0,"d":125.7},"geometry":{"type":"MultiPolygon","coordinates":[[[[129.2719017,37.3185717],[129.2720295,37.3184922],[129.2721492,37.3185534],[129.2720292,37.318651],[129.2719674,37.3186231],[129.2719017,37.3185717]]]]}},{"type":"Feature","properties":{"r":828,"k":0,"d":190.8},"geometry":{"type":"MultiPolygon","coordinates":[[[[129.2670604,37.3241541],[129.2669509,37.3241419],[129.2669704,37.3240699],[129.2669785,37.3240554],[129.2669837,37.3240559],[129.2669956,37.3240264],[129.267098,37.3240499],[129.2670604,37.3241541]]]]}},{"type":"Feature","properties":{"r":706,"k":0,"d":170.3},"geometry":{"type":"MultiPolygon","coordinates":[[[[129.2806785,37.3117776],[129.2806597,37.3117165],[129.2811532,37.3114578],[129.2813638,37.3113396],[129.2813961,37.3113754],[129.2814406,37.3113697],[129.2815121,37.3114181],[129.2815195,37.3115125],[129.2814461,37.3115567],[129.2812448,37.3116466],[129.2811588,37.3117338],[129.2810638,37.3117537],[129.2807992,37.311784],[129.2806785,37.3117776]]]]}},{"type":"Feature","properties":{"r":606,"k":0,"d":149.4},"geometry":{"type":"MultiPolygon","coordinates":[[[[129.2769876,37.3148646],[129.2770385,37.3148313],[129.277045,37.3149197],[129.2769883,37.3148908],[129.2769876,37.3148646]]]]}},{"type":"Feature","properties":{"r":860,"k":0,"d":195.2},"geometry":{"type":"MultiPolygon","coordinates":[[[[129.2809231,37.3107677],[129.2809642,37.3111731],[129.2811448,37.3114622],[129.2806597,37.3117165],[129.2806099,37.3115543],[129.2806517,37.3115005],[129.2806522,37.311281],[129.2807111,37.3110586],[129.2809231,37.3107677]]]]}},{"type":"Feature","properties":{"r":81,"k":0,"d":53.3},"geometry":{"type":"MultiPolygon","coordinates":[[[[129.2838839,37.3117626],[129.2839719,37.3117221],[129.2840686,37.311749],[129.2840108,37.3117776],[129.2839556,37.3117764],[129.2838839,37.3117626]]]]}},{"type":"Feature","properties":{"r":865,"k":0,"d":196.2},"geometry":{"type":"MultiPolygon","coordinates":[[[[129.2771898,37.3142016],[129.2770009,37.3143345],[129.2769646,37.314364],[129.2769272,37.314274],[129.27719,37.3141632],[129.2771898,37.3142016]]]]}},{"type":"Feature","properties":{"r":692,"k":0,"d":168.4},"geometry":{"type":"MultiPolygon","coordinates":[[[[129.2936281,37.308943],[129.2936418,37.3088906],[129.2936617,37.3089229],[129.293661,37.3089403],[129.2936281,37.308943]]]]}},{"type":"Feature","properties":{"r":406,"k":0,"d":114.7},"geometry":{"type":"MultiPolygon","coordinates":[[[[129.2894686,37.3084224],[129.2894308,37.3084362],[129.289264,37.3085175],[129.2892738,37.3085047],[129.289195,37.3083975],[129.2892099,37.3083451],[129.2892415,37.3082601],[129.2893236,37.3082648],[129.2893719,37.3082586],[129.2894686,37.3084224]]]]}},{"type":"Feature","properties":{"r":77,"k":0,"d":52.5},"geometry":{"type":"MultiPolygon","coordinates":[[[[129.2878936,37.3092151],[129.2879154,37.3091926],[129.2879467,37.3091829],[129.2880007,37.3092619],[129.2879715,37.3092744],[129.2879277,37.3092837],[129.2878936,37.3092151]]]]}},{"type":"Feature","properties":{"r":380,"k":0,"d":109.8},"geometry":{"type":"MultiPolygon","coordinates":[[[[129.2930266,37.3092379],[129.2930441,37.3091924],[129.2931005,37.3091173],[129.2932072,37.3091569],[129.2932486,37.309264],[129.2931961,37.3092702],[129.2931048,37.3092518],[129.2930266,37.3092379]]]]}},{"type":"Feature","properties":{"r":512,"k":0,"d":134.5},"geometry":{"type":"MultiPolygon","coordinates":[[[[129.2855492,37.3096066],[129.2857053,37.3093667],[129.2857343,37.3093935],[129.2857685,37.3094358],[129.2856582,37.3095138],[129.2855492,37.3096066]]]]}},{"type":"Feature","properties":{"r":449,"k":0,"d":122.9},"geometry":{"type":"MultiPolygon","coordinates":[[[[129.2871126,37.3087572],[129.2871602,37.3086287],[129.2871964,37.3085882],[129.287276,37.3086026],[129.2874012,37.308687],[129.2873538,37.308784],[129.2872354,37.308777],[129.2871126,37.3087572]]]]}},{"type":"Feature","properties":{"r":560,"k":0,"d":140.6},"geometry":{"type":"MultiPolygon","coordinates":[[[[129.2906812,37.3081169],[129.2906287,37.3081343],[129.2906171,37.3080793],[129.2906564,37.3080617],[129.2906812,37.3081169]]]]}},{"type":"Feature","properties":{"r":808,"k":0,"d":187.8},"geometry":{"type":"MultiPolygon","coordinates":[[[[129.2917532,37.3078605],[129.2917558,37.3077611],[129.2917632,37.3077555],[129.2923293,37.3075653],[129.2923336,37.3075707],[129.292364,37.3076577],[129.2917532,37.3078605]]]]}},{"type":"Feature","properties":{"r":121,"k":0,"d":65.6},"geometry":{"type":"MultiPolygon","coordinates":[[[[129.2883205,37.3089365],[129.2883454,37.3088616],[129.288576,37.3088104],[129.2887353,37.3087948],[129.2888009,37.3089135],[129.288725,37.3089496],[129.2884781,37.3090158],[129.2884011,37.3089515],[129.2883584,37.3089689],[129.2883205,37.3089365]]]]}},{"type":"Feature","properties":{"r":215,"k":0,"d":84.5},"geometry":{"type":"MultiPolygon","coordinates":[[[[129.2874442,37.3091296],[129.2873491,37.3090778],[129.287256,37.3090234],[129.2872949,37.3090112],[129.2873474,37.3089396],[129.2874044,37.3089431],[129.2875079,37.3088836],[129.2874929,37.3089411],[129.2875137,37.3089818],[129.2875117,37.3090202],[129.2874909,37.3090505],[129.2874442,37.3091296]]]]}},{"type":"Feature","properties":{"r":195,"k":0,"d":82.5},"geometry":{"type":"MultiPolygon","coordinates":[[[[129.2868702,37.3094069],[129.2866444,37.3095472],[129.2865565,37.3094957],[129.2865251,37.3094588],[129.2865406,37.3093508],[129.2865773,37.3092586],[129.286612,37.3092521],[129.2866865,37.3092978],[129.286782,37.3093381],[129.2868313,37.3093928],[129.2868445,37.3093861],[129.2868606,37.3093956],[129.2868702,37.3094069]]]]}},{"type":"Feature","properties":{"r":428,"k":0,"d":119.2},"geometry":{"type":"MultiPolygon","coordinates":[[[[129.2863522,37.309316],[129.286225,37.3092506],[129.2862897,37.3091758],[129.2863413,37.3091783],[129.2863511,37.3091406],[129.2864239,37.3091214],[129.2864543,37.3091664],[129.2863522,37.309316]]]]}},{"type":"Feature","properties":{"r":281,"k":0,"d":96.6},"geometry":{"type":"MultiPolygon","coordinates":[[[[129.2758745,37.3162159],[129.275905,37.3161667],[129.2759559,37.3161398],[129.2759263,37.3161834],[129.2759005,37.3162178],[129.2758869,37.3162233],[129.2758745,37.3162159]]]]}},{"type":"Feature","properties":{"r":226,"k":0,"d":86.1},"geometry":{"type":"MultiPolygon","coordinates":[[[[129.2755173,37.3166097],[129.2755304,37.3165793],[129.2756452,37.3164082],[129.2757847,37.3162204],[129.2757939,37.3162047],[129.275828,37.316189],[129.2758869,37.3162233],[129.2758883,37.3162339],[129.2757678,37.3163941],[129.275681,37.3164728],[129.2755173,37.3166097]]]]}},{"type":"Feature","properties":{"r":29,"k":0,"d":30.9},"geometry":{"type":"MultiPolygon","coordinates":[[[[129.2867871,37.3098884],[129.2868368,37.309847],[129.2869605,37.309947],[129.2869523,37.3099503],[129.2867871,37.3098884]]]]}},{"type":"Feature","properties":{"r":423,"k":0,"d":118.6},"geometry":{"type":"MultiPolygon","coordinates":[[[[129.2854502,37.30981],[129.2854297,37.3098],[129.2854725,37.3097306],[129.2854502,37.30981]]]]}},{"type":"Feature","properties":{"r":769,"k":0,"d":183.0},"geometry":{"type":"MultiPolygon","coordinates":[[[[129.2749573,37.3158316],[129.2747317,37.3158955],[129.2745317,37.3158706],[129.2743626,37.3158454],[129.2743844,37.3157649],[129.2745147,37.315762],[129.2749091,37.3156489],[129.2749573,37.3158316]]]]}},{"type":"Feature","properties":{"r":74,"k":0,"d":52.3},"geometry":{"type":"MultiPolygon","coordinates":[[[[129.2849558,37.3108035],[129.2848993,37.3107939],[129.2849209,37.3105331],[129.2849002,37.3104815],[129.2849759,37.3103639],[129.2850919,37.3103748],[129.2850665,37.3105037],[129.2850475,37.3107996],[129.2850234,37.3108149],[129.2849558,37.3108035]]]]}},{"type":"Feature","properties":{"r":188,"k":0,"d":81.4},"geometry":{"type":"MultiPolygon","coordinates":[[[[129.2760679,37.3162885],[129.2760091,37.3162854],[129.2760558,37.3162307],[129.2761983,37.3160972],[129.2765359,37.3157522],[129.2765934,37.3158195],[129.2763928,37.3160294],[129.2760679,37.3162885]]]]}},{"type":"Feature","properties":{"r":282,"k":0,"d":96.6},"geometry":{"type":"MultiPolygon","coordinates":[[[[129.2802709,37.3131554],[129.2802232,37.3131965],[129.2800613,37.3133286],[129.2798921,37.3134421],[129.2797266,37.3135649],[129.2795039,37.3137219],[129.2793376,37.3137331],[129.2797186,37.3133467],[129.2802709,37.3131554]]]]}},{"type":"Feature","properties":{"r":115,"k":0,"d":64.7},"geometry":{"type":"MultiPolygon","coordinates":[[[[129.2804288,37.3130047],[129.2808161,37.3128818],[129.2809356,37.3128565],[129.2813563,37.3127009],[129.2815919,37.3125725],[129.2816429,37.3126292],[129.2810581,37.3128818],[129.2809125,37.312931],[129.2802709,37.3131554],[129.2803778,37.3130633],[129.2804288,37.3130047]]]]}},{"type":"Feature","properties":{"r":223,"k":0,"d":85.4},"geometry":{"type":"MultiPolygon","coordinates":[[[[129.2745862,37.3171331],[129.2748764,37.3169726],[129.2751379,37.3167982],[129.2752309,37.3167117],[129.2753101,37.316783],[129.2746162,37.3171968],[129.2745862,37.3171331]]]]}},{"type":"Feature","properties":{"r":104,"k":0,"d":61.5},"geometry":{"type":"MultiPolygon","coordinates":[[[[129.2727243,37.3188434],[129.272984,37.3186554],[129.2735429,37.3182586],[129.2735388,37.3183211],[129.2733845,37.3184424],[129.2725987,37.3189343],[129.2727243,37.3188434]]]]}},{"type":"Feature","properties":{"r":597,"k":0,"d":148.2},"geometry":{"type":"MultiPolygon","coordinates":[[[[129.2726168,37.3177952],[129.272718,37.3177272],[129.2727282,37.3177324],[129.2728755,37.3177407],[129.2729022,37.3177579],[129.2727548,37.3178416],[129.2726341,37.317856],[129.2726168,37.3177952]]]]}},{"type":"Feature","properties":{"r":387,"k":0,"d":111.2},"geometry":{"type":"MultiPolygon","coordinates":[[[[129.2712393,37.3193693],[129.2714306,37.3195216],[129.2713369,37.3195494],[129.2713189,37.319601],[129.271137,37.3196784],[129.2710662,37.3196344],[129.2710293,37.3195565],[129.2711012,37.3194752],[129.2712146,37.3193823],[129.2712393,37.3193693]]]]}},{"type":"Feature","properties":{"r":123,"k":0,"d":66.3},"geometry":{"type":"MultiPolygon","coordinates":[[[[129.2700104,37.3213274],[129.2695203,37.3216402],[129.2693825,37.3217715],[129.269353,37.3218259],[129.2692183,37.3217477],[129.2692284,37.3217035],[129.2693583,37.3215843],[129.2693359,37.321535],[129.2695744,37.3212588],[129.2697237,37.3211526],[129.2697869,37.3211792],[129.269821,37.3212241],[129.2700104,37.3213274]]]]}},{"type":"Feature","properties":{"r":845,"k":0,"d":193.0},"geometry":{"type":"MultiPolygon","coordinates":[[[[129.2670086,37.3239864],[129.2669659,37.3239462],[129.2669719,37.3239415],[129.2669166,37.3238863],[129.2669243,37.3238834],[129.2670096,37.3238037],[129.2670896,37.3238586],[129.2670086,37.3239864]]]]}},{"type":"Feature","properties":{"r":763,"k":0,"d":182.2},"geometry":{"type":"MultiPolygon","coordinates":[[[[129.2671746,37.323641],[129.2672077,37.3235227],[129.2672054,37.3235017],[129.2672317,37.3234934],[129.2672376,37.323527],[129.2672507,37.3236535],[129.2671746,37.323641]]]]}},{"type":"Feature","properties":{"r":805,"k":0,"d":187.5},"geometry":{"type":"MultiPolygon","coordinates":[[[[129.2814491,37.3113045],[129.2814792,37.3112784],[129.2815579,37.3113212],[129.2815299,37.3113534],[129.2814491,37.3113045]]]]}},{"type":"Feature","properties":{"r":650,"k":0,"d":158.4},"geometry":{"type":"MultiPolygon","coordinates":[[[[129.2759708,37.3148583],[129.2760369,37.3148354],[129.2761569,37.3147029],[129.2761947,37.3146871],[129.2762805,37.3147576],[129.2763712,37.3148252],[129.276524,37.3149197],[129.2766454,37.3149685],[129.2766877,37.3149841],[129.2767111,37.3149882],[129.2767343,37.3149877],[129.2767536,37.3149821],[129.2767863,37.3150031],[129.2767351,37.3150207],[129.2766971,37.3150187],[129.2766198,37.3149902],[129.2764908,37.3149604],[129.2765507,37.3150099],[129.2765365,37.3150602],[129.2763164,37.3150134],[129.2762465,37.3150499],[129.2761925,37.3150422],[129.2761126,37.3149492],[129.2760642,37.3149608],[129.2759708,37.3148583]]]]}},{"type":"Feature","properties":{"r":679,"k":0,"d":165.4},"geometry":{"type":"MultiPolygon","coordinates":[[[[129.2906668,37.3079091],[129.2905173,37.3079143],[129.2903706,37.3078916],[129.2903433,37.3078366],[129.2903714,37.3077546],[129.2906411,37.3075785],[129.2907789,37.3075458],[129.2909622,37.3075966],[129.2909759,37.3076433],[129.2909315,37.3077013],[129.2908204,37.3077403],[129.2906668,37.3079091]]]]}},{"type":"Feature","properties":{"r":95,"k":0,"d":58.9},"geometry":{"type":"MultiPolygon","coordinates":[[[[129.2833234,37.3119703],[129.2834021,37.311909],[129.2836668,37.3118053],[129.2838493,37.3117786],[129.2837463,37.3118268],[129.2832625,37.3120177],[129.2833234,37.3119703]]]]}},{"type":"Feature","properties":{"r":75,"k":0,"d":52.5},"geometry":{"type":"MultiPolygon","coordinates":[[[[129.2871586,37.3095782],[129.2871177,37.309586],[129.2871197,37.3094443],[129.2871173,37.3093921],[129.2872462,37.309357],[129.2873467,37.3093943],[129.2874222,37.3094029],[129.2874716,37.3093848],[129.2871817,37.3095609],[129.2871586,37.3095782]]]]}},{"type":"Feature","properties":{"r":232,"k":0,"d":87.4},"geometry":{"type":"MultiPolygon","coordinates":[[[[129.2882222,37.3088128],[129.288411,37.3087515],[129.2885257,37.3087415],[129.288533,37.3087449],[129.2885502,37.3087951],[129.2883282,37.3088347],[129.2882222,37.3088128]]]]}},{"type":"Feature","properties":{"r":170,"k":0,"d":73.7},"geometry":{"type":"MultiPolygon","coordinates":[[[[129.2831485,37.3120633],[129.2830138,37.3120527],[129.2831032,37.3120352],[129.2831382,37.3120186],[129.2831768,37.3120224],[129.2831953,37.3120159],[129.2832175,37.3120526],[129.2831987,37.3120672],[129.2831485,37.3120633]]]]}},{"type":"Feature","properties":{"r":870,"k":0,"d":197.2},"geometry":{"type":"MultiPolygon","coordinates":[[[[129.2858346,37.3087108],[129.2857778,37.3087846],[129.2858149,37.3086791],[129.2858346,37.3087108]]]]}},{"type":"Feature","properties":{"r":253,"k":0,"d":92.2},"geometry":{"type":"MultiPolygon","coordinates":[[[[129.2928285,37.3092158],[129.2926829,37.3092693],[129.2926199,37.3091556],[129.2926283,37.3091436],[129.2926776,37.3091304],[129.2926999,37.3091338],[129.292825,37.3091237],[129.2928285,37.3092158]]]]}},{"type":"Feature","properties":{"r":26,"k":0,"d":29.6},"geometry":{"type":"MultiPolygon","coordinates":[[[[129.2835362,37.3120735],[129.2835632,37.3120678],[129.2839093,37.3119793],[129.2840727,37.3119337],[129.2841037,37.3119782],[129.2839269,37.3120275],[129.2836299,37.3121064],[129.28356,37.3121196],[129.2835362,37.3120735]]]]}},{"type":"Feature","properties":{"r":412,"k":0,"d":115.8},"geometry":{"type":"MultiPolygon","coordinates":[[[[129.2905425,37.3083523],[129.2904196,37.3083771],[129.290412,37.3083701],[129.2904444,37.3082852],[129.2905425,37.3083523]]]]}},{"type":"Feature","properties":{"r":515,"k":0,"d":134.8},"geometry":{"type":"MultiPolygon","coordinates":[[[[129.2901968,37.3082258],[129.2901348,37.3082405],[129.2901058,37.3082188],[129.2902307,37.3082155],[129.2901968,37.3082258]]]]}},{"type":"Feature","properties":{"r":83,"k":0,"d":53.6},"geometry":{"type":"MultiPolygon","coordinates":[[[[129.2871177,37.309586],[129.2869349,37.3096962],[129.2868619,37.3096455],[129.2867294,37.3095969],[129.2866444,37.3095472],[129.2869686,37.3093444],[129.2870574,37.3093031],[129.2871173,37.3093921],[129.2871197,37.3094443],[129.2871177,37.309586]]]]}},{"type":"Feature","properties":{"r":770,"k":0,"d":183.1},"geometry":{"type":"MultiPolygon","coordinates":[[[[129.2941338,37.3091779],[129.2941812,37.3092453],[129.2942778,37.3092825],[129.2943612,37.3092459],[129.2943396,37.3092921],[129.294298,37.309344],[129.2941555,37.3092616],[129.2941117,37.3092],[129.2941338,37.3091779]]]]}},{"type":"Feature","properties":{"r":4,"k":0,"d":13.1},"geometry":{"type":"MultiPolygon","coordinates":[[[[129.2926199,37.3091556],[129.2923389,37.3095599],[129.2920579,37.309711],[129.2916242,37.3096204],[129.2902971,37.3089168],[129.2902665,37.308785],[129.290249,37.3086916],[129.2901659,37.3085306],[129.2902028,37.3085214],[129.2903732,37.3083864],[129.2904196,37.3083771],[129.2905176,37.3084661],[129.2907488,37.3085289],[129.2908446,37.308513],[129.2909097,37.3085701],[129.2911007,37.3086636],[129.2911994,37.3086272],[129.291282,37.3086747],[129.2912396,37.3088244],[129.2914786,37.3088115],[129.2916213,37.3088875],[129.2917075,37.3088531],[129.2916587,37.3087915],[129.2917143,37.3084602],[129.2917574,37.308457],[129.2919169,37.3084738],[129.2919508,37.3084353],[129.292052,37.3084142],[129.2919692,37.3086398],[129.2920235,37.3087509],[129.292,37.3088244],[129.2919543,37.3088615],[129.2919881,37.3090566],[129.2920481,37.3090852],[129.2920599,37.3090336],[129.29219,37.3091103],[129.2922622,37.3092058],[129.2923176,37.3092146],[129.2923729,37.3092002],[129.2926283,37.3091436],[129.2926199,37.3091556]]]]}},{"type":"Feature","properties":{"r":9,"k":0,"d":17.3},"geometry":{"type":"MultiPolygon","coordinates":[[[[129.2875692,37.3093912],[129.2876548,37.3093755],[129.2876773,37.3094289],[129.2878104,37.309603],[129.2875784,37.3097481],[129.2873311,37.3094868],[129.2874716,37.3093848],[129.2875201,37.3094002],[129.2875692,37.3093912]]]]}},{"type":"Feature","properties":{"r":500,"k":0,"d":132.4},"geometry":{"type":"MultiPolygon","coordinates":[[[[129.281844,37.311769],[129.2816329,37.3118791],[129.2816245,37.3117405],[129.2817054,37.3117648],[129.281796,37.3117661],[129.2817944,37.3117592],[129.281844,37.311769]]]]}},{"type":"Feature","properties":{"r":778,"k":0,"d":184.0},"geometry":{"type":"MultiPolygon","coordinates":[[[[129.2937434,37.3087635],[129.2937037,37.3087939],[129.2937278,37.3088256],[129.293639,37.3087373],[129.2935509,37.3085278],[129.2933798,37.308223],[129.2932858,37.308027],[129.2932785,37.3079804],[129.2933427,37.3080715],[129.2933927,37.30819],[129.2934324,37.3081916],[129.2934848,37.3082456],[129.2934828,37.3083032],[129.2935562,37.3084284],[129.2935665,37.3084791],[129.2935908,37.3085614],[129.2936699,37.3086641],[129.2936951,37.3087352],[129.2937434,37.3087635]]]]}},{"type":"Feature","properties":{"r":258,"k":0,"d":93.3},"geometry":{"type":"MultiPolygon","coordinates":[[[[129.2894865,37.308652],[129.2899218,37.3085435],[129.2898625,37.3086068],[129.289592,37.308695],[129.2895444,37.3086988],[129.2894946,37.3086774],[129.2894865,37.308652]]]]}},{"type":"Feature","properties":{"r":90,"k":0,"d":57.8},"geometry":{"type":"MultiPolygon","coordinates":[[[[129.2876516,37.3092984],[129.2875276,37.3093537],[129.2874716,37.3093848],[129.2874342,37.3093456],[129.2874054,37.309223],[129.2874382,37.3092037],[129.2876126,37.3092198],[129.2876516,37.3092984]]]]}},{"type":"Feature","properties":{"r":508,"k":0,"d":134.3},"geometry":{"type":"MultiPolygon","coordinates":[[[[129.2817521,37.3114236],[129.2817793,37.3113613],[129.2819935,37.311269],[129.2819974,37.3113938],[129.282093,37.3114092],[129.2821901,37.3115412],[129.2821799,37.3116118],[129.2821588,37.3116274],[129.282118,37.3115882],[129.2818748,37.3117524],[129.2818263,37.3115462],[129.2817521,37.3114236]]]]}},{"type":"Feature","properties":{"r":229,"k":0,"d":86.6},"geometry":{"type":"MultiPolygon","coordinates":[[[[129.2746412,37.3172498],[129.2744605,37.3172361],[129.2745922,37.3171457],[129.2746412,37.3172498]]]]}},{"type":"Feature","properties":{"r":880,"k":0,"d":198.2},"geometry":{"type":"MultiPolygon","coordinates":[[[[129.2725761,37.3171945],[129.2725835,37.3171814],[129.2726038,37.3172032],[129.2726828,37.3173119],[129.2725761,37.3171945]]]]}},{"type":"Feature","properties":{"r":620,"k":0,"d":152.8},"geometry":{"type":"MultiPolygon","coordinates":[[[[129.2717197,37.3181338],[129.2720255,37.3180842],[129.2722081,37.3180571],[129.272419,37.318026],[129.2724127,37.3180345],[129.2724034,37.3180407],[129.2722586,37.3180617],[129.2720177,37.3180946],[129.2718468,37.3181179],[129.2717268,37.3181409],[129.2717197,37.3181338]]]]}},{"type":"Feature","properties":{"r":619,"k":0,"d":152.7},"geometry":{"type":"MultiPolygon","coordinates":[[[[129.2719048,37.3182175],[129.2721066,37.3180824],[129.2722586,37.3180617],[129.2723425,37.318082],[129.2722646,37.3181324],[129.2720574,37.3182459],[129.271953,37.3182841],[129.2718935,37.3182298],[129.2719048,37.3182175]]]]}},{"type":"Feature","properties":{"r":835,"k":0,"d":191.8},"geometry":{"type":"MultiPolygon","coordinates":[[[[129.2705024,37.3189627],[129.2708809,37.318709],[129.2709715,37.3187699],[129.2708939,37.3188822],[129.2708961,37.3188947],[129.2705481,37.3191271],[129.2704231,37.3190214],[129.2705024,37.3189627]]]]}},{"type":"Feature","properties":{"r":649,"k":0,"d":158.2},"geometry":{"type":"MultiPolygon","coordinates":[[[[129.271111,37.3187505],[129.2711221,37.3187431],[129.2711674,37.3187301],[129.271213,37.318739],[129.271285,37.3188085],[129.2712992,37.3188722],[129.271297,37.3189708],[129.2712236,37.319007],[129.2712153,37.3189339],[129.271144,37.3189408],[129.271112,37.3188243],[129.271111,37.3187505]]]]}},{"type":"Feature","properties":{"r":404,"k":0,"d":114.7},"geometry":{"type":"MultiPolygon","coordinates":[[[[129.2699906,37.3206347],[129.2698297,37.3206088],[129.2698366,37.3205634],[129.2699778,37.3204415],[129.2700882,37.3204797],[129.2700315,37.3206412],[129.2699906,37.3206347]]]]}},{"type":"Feature","properties":{"r":262,"k":0,"d":93.7},"geometry":{"type":"MultiPolygon","coordinates":[[[[129.2689238,37.321814],[129.268983,37.3217603],[129.2690425,37.3219163],[129.2689455,37.3222012],[129.2689385,37.3218625],[129.2689416,37.3218544],[129.2689238,37.321814]]]]}},{"type":"Feature","properties":{"r":815,"k":0,"d":188.8},"geometry":{"type":"MultiPolygon","coordinates":[[[[129.2673395,37.3231933],[129.2673157,37.3232083],[129.267328,37.3231535],[129.2673396,37.3231515],[129.2673395,37.3231933]]]]}},{"type":"Feature","properties":{"r":868,"k":0,"d":196.3},"geometry":{"type":"MultiPolygon","coordinates":[[[[129.2667613,37.3252296],[129.2669097,37.3251408],[129.267011,37.3250377],[129.2670731,37.3250339],[129.2670624,37.3250456],[129.2670149,37.3250528],[129.2670017,37.325069],[129.2669482,37.3251815],[129.2670165,37.3252688],[129.2668971,37.3253035],[129.2668641,37.3253051],[129.2668343,37.3252979],[129.2667954,37.3252528],[129.2667873,37.3252403],[129.2667613,37.3252296]]]]}},{"type":"Feature","properties":{"r":861,"k":0,"d":195.5},"geometry":{"type":"MultiPolygon","coordinates":[[[[129.2668752,37.3244098],[129.2669407,37.3243052],[129.2669353,37.3242773],[129.2670384,37.3242879],[129.2669955,37.3243653],[129.2669624,37.3244069],[129.2668752,37.3244098]]]]}},{"type":"Feature","properties":{"r":527,"k":0,"d":136.3},"geometry":{"type":"MultiPolygon","coordinates":[[[[129.2810211,37.3122035],[129.2809537,37.3122326],[129.2805081,37.3124839],[129.2804454,37.312431],[129.2804801,37.3122914],[129.2803246,37.3120465],[129.280296,37.3119566],[129.2802115,37.3119019],[129.2802033,37.3118886],[129.2803476,37.3118661],[129.2803906,37.311812],[129.280521,37.3116853],[129.280578,37.311704],[129.2805934,37.311807],[129.2807334,37.3119086],[129.2808047,37.3120936],[129.2810085,37.3121745],[129.2810211,37.3122035]]]]}},{"type":"Feature","properties":{"r":182,"k":0,"d":78.0},"geometry":{"type":"MultiPolygon","coordinates":[[[[129.2876593,37.3091109],[129.2876443,37.3090831],[129.2876064,37.3090564],[129.287771,37.3089853],[129.2878292,37.3090324],[129.2877192,37.3091031],[129.2876593,37.3091109]]]]}},{"type":"Feature","properties":{"r":400,"k":0,"d":113.6},"geometry":{"type":"MultiPolygon","coordinates":[[[[129.2863522,37.309316],[129.2864543,37.3091664],[129.2864698,37.3091814],[129.28648,37.3092354],[129.286421,37.3093357],[129.2863522,37.309316]]]]}},{"type":"Feature","properties":{"r":50,"k":0,"d":45.1},"geometry":{"type":"MultiPolygon","coordinates":[[[[129.2857004,37.3104609],[129.2856114,37.3104384],[129.2857694,37.3102877],[129.2858053,37.3103281],[129.2857004,37.3104609]]]]}},{"type":"Feature","properties":{"r":143,"k":0,"d":69.2},"geometry":{"type":"MultiPolygon","coordinates":[[[[129.283505,37.3118291],[129.2836403,37.3116421],[129.2837823,37.3115652],[129.2837481,37.3111423],[129.2838213,37.311175],[129.2838827,37.3113346],[129.2839536,37.3116233],[129.283505,37.3118291]]]]}},{"type":"Feature","properties":{"r":600,"k":0,"d":148.3},"geometry":{"type":"MultiPolygon","coordinates":[[[[129.2917127,37.3077704],[129.2908528,37.3080628],[129.2908712,37.3080287],[129.2910815,37.3078027],[129.2913183,37.3076846],[129.2913278,37.3076492],[129.2912632,37.3075712],[129.2912558,37.3075342],[129.2913012,37.3074717],[129.2913697,37.3074465],[129.2912258,37.3073156],[129.2913424,37.3071948],[129.2916591,37.3072269],[129.2919661,37.3071637],[129.2920908,37.3071408],[129.2921282,37.3072701],[129.2922749,37.3074343],[129.2923295,37.3074806],[129.2922742,37.3075016],[129.2922832,37.3075135],[129.2922333,37.3075085],[129.2920877,37.3073745],[129.2919039,37.3073236],[129.2916847,37.3075851],[129.2918107,37.3076647],[129.2917987,37.3076757],[129.2917877,37.3077371],[129.2917558,37.3077611],[129.291715,37.3077408],[129.2917127,37.3077704]]]]}},{"type":"Feature","properties":{"r":703,"k":0,"d":169.7},"geometry":{"type":"MultiPolygon","coordinates":[[[[129.2869647,37.3083567],[129.286982,37.3083244],[129.2869816,37.3083044],[129.287004,37.3083197],[129.2870472,37.3084315],[129.2869982,37.3084267],[129.2869647,37.3083567]]]]}},{"type":"Feature","properties":{"r":825,"k":0,"d":190.4},"geometry":{"type":"MultiPolygon","coordinates":[[[[129.2931354,37.3084595],[129.2931276,37.3083588],[129.293202,37.3083532],[129.2933198,37.3083376],[129.293348,37.3083295],[129.2933653,37.3083595],[129.2933699,37.3083894],[129.2932649,37.3084175],[129.2931354,37.3084595]]]]}},{"type":"Feature","properties":{"r":614,"k":0,"d":150.7},"geometry":{"type":"MultiPolygon","coordinates":[[[[129.2869982,37.3084267],[129.2870264,37.3084855],[129.2870207,37.3086032],[129.2870082,37.3086339],[129.2867946,37.3085721],[129.2869322,37.308409],[129.2869461,37.3084172],[129.2869982,37.3084267]]]]}},{"type":"Feature","properties":{"r":541,"k":0,"d":137.6},"geometry":{"type":"MultiPolygon","coordinates":[[[[129.2905258,37.3081686],[129.2904948,37.3081309],[129.2905318,37.3081173],[129.2905557,37.3081469],[129.2905258,37.3081686]]]]}},{"type":"Feature","properties":{"r":113,"k":0,"d":64.5},"geometry":{"type":"MultiPolygon","coordinates":[[[[129.2827937,37.3121339],[129.2830425,37.3121068],[129.2831485,37.3120633],[129.2831987,37.3120672],[129.2832175,37.3120526],[129.2832645,37.3121303],[129.2832159,37.3121455],[129.2824803,37.3122281],[129.2827224,37.3121589],[129.2827937,37.3121339]]]]}},{"type":"Feature","properties":{"r":660,"k":0,"d":160.2},"geometry":{"type":"MultiPolygon","coordinates":[[[[129.2839138,37.3103667],[129.2838466,37.3104687],[129.2837275,37.3106423],[129.2837005,37.3106579],[129.2836741,37.310506],[129.2839138,37.3103667]]]]}},{"type":"Feature","properties":{"r":548,"k":0,"d":138.5},"geometry":{"type":"MultiPolygon","coordinates":[[[[129.2899095,37.3082313],[129.2899038,37.3082287],[129.2898164,37.3082065],[129.2898757,37.3081546],[129.2899527,37.3081617],[129.2900546,37.3080035],[129.2901574,37.3079271],[129.2901761,37.3078638],[129.2902314,37.3078406],[129.2903433,37.3078366],[129.2903706,37.3078916],[129.2902873,37.3080013],[129.2901558,37.3080945],[129.2901202,37.3081518],[129.290012,37.308181],[129.2899095,37.3082313]]]]}},{"type":"Feature","properties":{"r":358,"k":0,"d":106.9},"geometry":{"type":"MultiPolygon","coordinates":[[[[129.2858325,37.3097749],[129.2856718,37.3096769],[129.2857509,37.3096086],[129.2858624,37.3097069],[129.2858325,37.3097749]]]]}},{"type":"Feature","properties":{"r":160,"k":0,"d":71.8},"geometry":{"type":"MultiPolygon","coordinates":[[[[129.2893751,37.3089012],[129.2892286,37.3088069],[129.2894185,37.3088585],[129.2894913,37.3088702],[129.2894972,37.3088923],[129.2893751,37.3089012]]]]}},{"type":"Feature","properties":{"r":163,"k":0,"d":72.4},"geometry":{"type":"MultiPolygon","coordinates":[[[[129.2853189,37.3099883],[129.2854418,37.3098398],[129.2854502,37.30981],[129.2855128,37.3098405],[129.2855385,37.3098024],[129.2857072,37.3099065],[129.2858784,37.3099945],[129.2858494,37.3100582],[129.2856689,37.3101895],[129.2853189,37.3099883]]]]}},{"type":"Feature","properties":{"r":774,"k":0,"d":183.5},"geometry":{"type":"MultiPolygon","coordinates":[[[[129.278102,37.3134052],[129.2779992,37.3134584],[129.2782071,37.3136067],[129.278039,37.3136417],[129.2779753,37.3136597],[129.2776896,37.3134904],[129.2777023,37.3134669],[129.278102,37.3134052]]]]}},{"type":"Feature","properties":{"r":59,"k":0,"d":47.4},"geometry":{"type":"MultiPolygon","coordinates":[[[[129.2839536,37.3116233],[129.2840951,37.3115473],[129.2843695,37.3112839],[129.2846899,37.3111619],[129.284814,37.3111903],[129.2844549,37.3114633],[129.2839806,37.3116854],[129.2839536,37.3116233]]]]}},{"type":"Feature","properties":{"r":46,"k":0,"d":44.1},"geometry":{"type":"MultiPolygon","coordinates":[[[[129.2726667,37.319058],[129.2731059,37.3187449],[129.2735799,37.3183868],[129.2736158,37.3184443],[129.2733686,37.3186595],[129.2731421,37.3188092],[129.2728835,37.3189836],[129.2726799,37.3190859],[129.2726667,37.319058]]]]}},{"type":"Feature","properties":{"r":623,"k":0,"d":153.2},"geometry":{"type":"MultiPolygon","coordinates":[[[[129.272138,37.3180507],[129.2721816,37.3179928],[129.2724134,37.3179578],[129.2724378,37.3180006],[129.272419,37.318026],[129.2722081,37.3180571],[129.272138,37.3180507]]]]}},{"type":"Feature","properties":{"r":844,"k":0,"d":193.0},"geometry":{"type":"MultiPolygon","coordinates":[[[[129.2724637,37.3172348],[129.2725588,37.3172705],[129.272555,37.3173164],[129.2725732,37.3174027],[129.2724382,37.3175143],[129.2724193,37.3175422],[129.2721629,37.317449],[129.2724348,37.3172241],[129.2724637,37.3172348]]]]}},{"type":"Feature","properties":{"r":869,"k":0,"d":197.1},"geometry":{"type":"MultiPolygon","coordinates":[[[[129.2725761,37.3171945],[129.2726828,37.3173119],[129.2725732,37.3174027],[129.272555,37.3173164],[129.2725588,37.3172705],[129.2724637,37.3172348],[129.2724928,37.317185],[129.2725664,37.3172119],[129.2725761,37.3171945]]]]}},{"type":"Feature","properties":{"r":355,"k":0,"d":105.8},"geometry":{"type":"MultiPolygon","coordinates":[[[[129.2702891,37.3205434],[129.2702663,37.3205413],[129.2703072,37.3205136],[129.2702891,37.3205434]]]]}},{"type":"Feature","properties":{"r":779,"k":0,"d":184.4},"geometry":{"type":"MultiPolygon","coordinates":[[[[129.2715472,37.3179917],[129.271552,37.3179836],[129.2715863,37.3179779],[129.2716107,37.3180274],[129.2716253,37.3180391],[129.2717268,37.3181409],[129.2717077,37.3181603],[129.2716373,37.3181004],[129.2715767,37.3180664],[129.2715688,37.3180594],[129.2715419,37.3180159],[129.2715472,37.3179917]]]]}},{"type":"Feature","properties":{"r":688,"k":0,"d":168.0},"geometry":{"type":"MultiPolygon","coordinates":[[[[129.2715105,37.3184814],[129.2715242,37.3184948],[129.2715618,37.3185087],[129.2713755,37.3186101],[129.2712005,37.3186899],[129.2712744,37.3186397],[129.2715105,37.3184814]]]]}},{"type":"Feature","properties":{"r":666,"k":0,"d":162.6},"geometry":{"type":"MultiPolygon","coordinates":[[[[129.2721386,37.3180508],[129.2722081,37.3180571],[129.272127,37.3180691],[129.2721285,37.3180677],[129.2721223,37.3180614],[129.2721386,37.3180508]]]]}},{"type":"Feature","properties":{"r":467,"k":0,"d":126.3},"geometry":{"type":"MultiPolygon","coordinates":[[[[129.2713505,37.3190718],[129.2714275,37.3190872],[129.2714872,37.3190543],[129.2715589,37.3189974],[129.271597,37.3189924],[129.271647,37.3189694],[129.2716759,37.3189292],[129.2716552,37.318854],[129.2715795,37.3187936],[129.2714776,37.3188344],[129.2713147,37.3187943],[129.2712394,37.3186984],[129.2714011,37.3186552],[129.2715737,37.3186272],[129.2717618,37.3186182],[129.2719036,37.3186435],[129.2720013,37.318671],[129.2719481,37.3187166],[129.2717092,37.318986],[129.2714968,37.3191566],[129.2714113,37.3191828],[129.2713626,37.3191058],[129.2713505,37.3190718]]]]}},{"type":"Feature","properties":{"r":202,"k":0,"d":83.2},"geometry":{"type":"MultiPolygon","coordinates":[[[[129.2717673,37.3190064],[129.2719206,37.3188406],[129.2720983,37.3188873],[129.272161,37.3188511],[129.2721916,37.3188732],[129.2721931,37.3188904],[129.2723176,37.3189775],[129.2722177,37.3190272],[129.2719388,37.3191387],[129.2719012,37.3191036],[129.2717673,37.3190064]]]]}},{"type":"Feature","properties":{"r":652,"k":0,"d":159.0},"geometry":{"type":"MultiPolygon","coordinates":[[[[129.2687453,37.3203581],[129.2688826,37.3202617],[129.2692712,37.3206002],[129.2692491,37.3207173],[129.2692259,37.3207747],[129.2687453,37.3203581]]]]}},{"type":"Feature","properties":{"r":410,"k":0,"d":115.2},"geometry":{"type":"MultiPolygon","coordinates":[[[[129.2693848,37.320887],[129.2694411,37.320916],[129.2695025,37.3208399],[129.2694453,37.3208109],[129.2694651,37.320786],[129.2695219,37.320835],[129.2696824,37.3208188],[129.2697883,37.3208535],[129.2695745,37.3209998],[129.2694626,37.3210523],[129.2691196,37.3212589],[129.2691343,37.3212229],[129.2692347,37.3211445],[129.2693108,37.32098],[129.2693848,37.320887]]]]}},{"type":"Feature","properties":{"r":613,"k":0,"d":150.7},"geometry":{"type":"MultiPolygon","coordinates":[[[[129.2701892,37.3200592],[129.2701622,37.3200772],[129.2700672,37.3200282],[129.2699697,37.32005],[129.2698855,37.3200959],[129.2698081,37.3200369],[129.2700101,37.3198939],[129.2700464,37.319925],[129.2701892,37.3200592]]]]}},{"type":"Feature","properties":{"r":644,"k":0,"d":157.2},"geometry":{"type":"MultiPolygon","coordinates":[[[[129.2677372,37.3210748],[129.267938,37.3209302],[129.2686275,37.3215366],[129.268552,37.3215922],[129.2684172,37.3216874],[129.2677372,37.3210748]]]]}},{"type":"Feature","properties":{"r":744,"k":0,"d":178.9},"geometry":{"type":"MultiPolygon","coordinates":[[[[129.2678879,37.3220632],[129.2678448,37.3220251],[129.2678992,37.3220371],[129.2679321,37.3220343],[129.2678879,37.3220632]]]]}},{"type":"Feature","properties":{"r":713,"k":0,"d":171.6},"geometry":{"type":"MultiPolygon","coordinates":[[[[129.2674492,37.3233935],[129.2674494,37.3234081],[129.2674128,37.3234054],[129.2674154,37.3233755],[129.2674489,37.3233795],[129.2674492,37.3233935]]]]}},{"type":"Feature","properties":{"r":849,"k":0,"d":194.1},"geometry":{"type":"MultiPolygon","coordinates":[[[[129.2669353,37.3242773],[129.266929,37.3242445],[129.2669625,37.3241662],[129.2670598,37.324177],[129.2670384,37.3242879],[129.2669353,37.3242773]]]]}},{"type":"Feature","properties":{"r":794,"k":0,"d":185.8},"geometry":{"type":"MultiPolygon","coordinates":[[[[129.2671644,37.3250567],[129.2670624,37.3250456],[129.2670731,37.3250339],[129.2671261,37.3250085],[129.2671012,37.3249805],[129.2671153,37.3249492],[129.2671819,37.3250352],[129.2671933,37.3250418],[129.2671824,37.3250658],[129.2671644,37.3250567]]]]}},{"type":"Feature","properties":{"r":587,"k":0,"d":146.2},"geometry":{"type":"MultiPolygon","coordinates":[[[[129.2804545,37.3125198],[129.2802844,37.3126293],[129.2803465,37.3125041],[129.2803933,37.3124676],[129.2804545,37.3125198]]]]}},{"type":"Feature","properties":{"r":873,"k":0,"d":197.6},"geometry":{"type":"MultiPolygon","coordinates":[[[[129.2786607,37.3128874],[129.2787223,37.3128262],[129.2787707,37.3127087],[129.2789817,37.3126868],[129.2790512,37.3128064],[129.2790025,37.3128776],[129.2786984,37.3130487],[129.2786607,37.3128874]]]]}},{"type":"Feature","properties":{"r":17,"k":0,"d":23.0},"geometry":{"type":"MultiPolygon","coordinates":[[[[129.280847,37.3134734],[129.2807768,37.3134041],[129.2809598,37.313249],[129.2812574,37.3130615],[129.2814486,37.3129453],[129.2820351,37.31264],[129.2821199,37.3126079],[129.2821389,37.3126831],[129.2821686,37.3127694],[129.2821088,37.3128185],[129.2819637,37.312906],[129.2817506,37.3129938],[129.2817275,37.3129264],[129.2816676,37.3129259],[129.28158,37.3129873],[129.2815644,37.3130167],[129.2816493,37.3130659],[129.2814371,37.3131854],[129.2812477,37.3133253],[129.2809309,37.3135414],[129.280847,37.3134734]]]]}},{"type":"Feature","properties":{"r":328,"k":0,"d":102.5},"geometry":{"type":"MultiPolygon","coordinates":[[[[129.2788386,37.3141389],[129.2788295,37.3140977],[129.2788431,37.3140638],[129.2789646,37.3139594],[129.2788386,37.3141389]]]]}},{"type":"Feature","properties":{"r":177,"k":0,"d":77.5},"geometry":{"type":"MultiPolygon","coordinates":[[[[129.2831382,37.3120186],[129.2831032,37.3120352],[129.2830138,37.3120527],[129.2831008,37.3120183],[129.2831382,37.3120186]]]]}},{"type":"Feature","properties":{"r":137,"k":0,"d":68.5},"geometry":{"type":"MultiPolygon","coordinates":[[[[129.2848227,37.310782],[129.284781,37.310777],[129.2847572,37.310754],[129.2847646,37.3107412],[129.2847841,37.3105774],[129.2847958,37.3105307],[129.2848225,37.3105107],[129.2848269,37.3106901],[129.2848227,37.310782]]]]}},{"type":"Feature","properties":{"r":471,"k":0,"d":127.0},"geometry":{"type":"MultiPolygon","coordinates":[[[[129.2932207,37.3091297],[129.293227,37.3091074],[129.2932269,37.3090835],[129.2931706,37.3090291],[129.2930542,37.3090702],[129.293032,37.3090476],[129.2930575,37.3090442],[129.2930437,37.3090288],[129.292999,37.308919],[129.293071,37.3088997],[129.2932093,37.3089817],[129.2932095,37.3090249],[129.2932574,37.3091282],[129.2932207,37.3091297]]]]}},{"type":"Feature","properties":{"r":756,"k":0,"d":180.5},"geometry":{"type":"MultiPolygon","coordinates":[[[[129.2854867,37.30915],[129.285451,37.3091778],[129.2854302,37.3091935],[129.2854508,37.3091504],[129.2854867,37.30915]]]]}},{"type":"Feature","properties":{"r":704,"k":0,"d":169.9},"geometry":{"type":"MultiPolygon","coordinates":[[[[129.2941331,37.3093934],[129.2941487,37.3093603],[129.294022,37.3093144],[129.2941327,37.3092627],[129.2941655,37.3092896],[129.2942264,37.3093182],[129.2942777,37.309352],[129.2942328,37.309421],[129.2941331,37.3093934]]]]}},{"type":"Feature","properties":{"r":759,"k":0,"d":181.5},"geometry":{"type":"MultiPolygon","coordinates":[[[[129.2941156,37.3091517],[129.2941028,37.309172],[129.2940474,37.3091192],[129.2940243,37.3091222],[129.2940081,37.309038],[129.2940106,37.3090005],[129.2941156,37.3091517]]]]}},{"type":"Feature","properties":{"r":233,"k":0,"d":87.4},"geometry":{"type":"MultiPolygon","coordinates":[[[[129.292718,37.3093361],[129.2926829,37.3092693],[129.2928285,37.3092158],[129.2928338,37.3092508],[129.2927617,37.309296],[129.292718,37.3093361]]]]}},{"type":"Feature","properties":{"r":647,"k":0,"d":158.1},"geometry":{"type":"MultiPolygon","coordinates":[[[[129.2918669,37.3081527],[129.2917667,37.3081569],[129.2917328,37.3081017],[129.2916982,37.3079538],[129.2917042,37.3078771],[129.2917532,37.3078605],[129.2917517,37.3080485],[129.2918669,37.3081527]]]]}},{"type":"Feature","properties":{"r":134,"k":0,"d":67.8},"geometry":{"type":"MultiPolygon","coordinates":[[[[129.2821699,37.3123031],[129.2821391,37.3122227],[129.2821415,37.312213],[129.2827937,37.3121339],[129.2827224,37.3121589],[129.2824803,37.3122281],[129.2823176,37.3122454],[129.2821699,37.3123031]]]]}},{"type":"Feature","properties":{"r":474,"k":0,"d":127.2},"geometry":{"type":"MultiPolygon","coordinates":[[[[129.2907327,37.3082208],[129.2906652,37.3082535],[129.2906527,37.308223],[129.2907224,37.3082011],[129.2907327,37.3082208]]]]}},{"type":"Feature","properties":{"r":20,"k":0,"d":25.6},"geometry":{"type":"MultiPolygon","coordinates":[[[[129.2878943,37.3092919],[129.2880416,37.3092596],[129.288057,37.3092523],[129.2881184,37.3093352],[129.2882288,37.3094238],[129.2881406,37.3094734],[129.2880459,37.3095102],[129.2879674,37.309376],[129.2879097,37.309333],[129.2878943,37.3092919]]]]}},{"type":"Feature","properties":{"r":340,"k":0,"d":104.3},"geometry":{"type":"MultiPolygon","coordinates":[[[[129.2790493,37.3139358],[129.279039,37.3139288],[129.2790982,37.3138595],[129.2791093,37.3138374],[129.2792256,37.3137458],[129.2790493,37.3139358]]]]}},{"type":"Feature","properties":{"r":350,"k":0,"d":105.4},"geometry":{"type":"MultiPolygon","coordinates":[[[[129.280501,37.3129216],[129.2805923,37.3128725],[129.2807024,37.3128475],[129.2805406,37.3129692],[129.2804288,37.3130047],[129.280501,37.3129216]]]]}},{"type":"Feature","properties":{"r":352,"k":0,"d":105.5},"geometry":{"type":"MultiPolygon","coordinates":[[[[129.279039,37.3139288],[129.2790211,37.3139108],[129.2790754,37.3138641],[129.2791093,37.3138374],[129.2790982,37.3138595],[129.279039,37.3139288]]]]}},{"type":"Feature","properties":{"r":209,"k":0,"d":84.0},"geometry":{"type":"MultiPolygon","coordinates":[[[[129.2809125,37.312931],[129.2809225,37.3129411],[129.2805657,37.3131849],[129.280479,37.3130833],[129.2809125,37.312931]]]]}},{"type":"Feature","properties":{"r":129,"k":0,"d":67.2},"geometry":{"type":"MultiPolygon","coordinates":[[[[129.2727243,37.3188434],[129.2726,37.3187381],[129.2727242,37.3186273],[129.2728572,37.3187472],[129.2727243,37.3188434]]]]}},{"type":"Feature","properties":{"r":290,"k":0,"d":97.8},"geometry":{"type":"MultiPolygon","coordinates":[[[[129.2745922,37.3171457],[129.2744605,37.3172361],[129.2742486,37.31722],[129.2742555,37.3171046],[129.2743499,37.3170539],[129.27443,37.3170857],[129.2745862,37.3171331],[129.2745922,37.3171457]]]]}},{"type":"Feature","properties":{"r":792,"k":0,"d":185.4},"geometry":{"type":"MultiPolygon","coordinates":[[[[129.2736221,37.3167752],[129.2735917,37.3168503],[129.2733588,37.3168786],[129.2736221,37.3167752]]]]}},{"type":"Feature","properties":{"r":702,"k":0,"d":169.5},"geometry":{"type":"MultiPolygon","coordinates":[[[[129.271707,37.3183512],[129.2715105,37.3184814],[129.2714182,37.318391],[129.2715552,37.318365],[129.2716426,37.3183239],[129.271707,37.3183512]]]]}},{"type":"Feature","properties":{"r":760,"k":0,"d":181.6},"geometry":{"type":"MultiPolygon","coordinates":[[[[129.2672317,37.3234934],[129.2672123,37.3233819],[129.2672413,37.3233907],[129.2673346,37.3234015],[129.2673068,37.3234769],[129.2672887,37.32349],[129.267255,37.3234861],[129.2672317,37.3234934]]]]}},{"type":"Feature","properties":{"r":73,"k":0,"d":52.1},"geometry":{"type":"MultiPolygon","coordinates":[[[[129.2835115,37.3119194],[129.2837463,37.3118268],[129.2838839,37.3117626],[129.2839556,37.3117764],[129.2840108,37.3117776],[129.2839327,37.3118162],[129.2837149,37.3118585],[129.2835115,37.3119194]]]]}},{"type":"Feature","properties":{"r":399,"k":0,"d":113.5},"geometry":{"type":"MultiPolygon","coordinates":[[[[129.2822272,37.3114803],[129.282302,37.3114302],[129.2824151,37.3114458],[129.2823731,37.3115785],[129.2824148,37.311624],[129.2822786,37.3118395],[129.2821847,37.311756],[129.2822532,37.3116578],[129.2822612,37.311547],[129.2822272,37.3114803]]]]}},{"type":"Feature","properties":{"r":864,"k":0,"d":195.9},"geometry":{"type":"MultiPolygon","coordinates":[[[[129.2917504,37.3077584],[129.2917127,37.3077704],[129.291715,37.3077408],[129.2917504,37.3077584]]]]}},{"type":"Feature","properties":{"r":843,"k":0,"d":192.6},"geometry":{"type":"MultiPolygon","coordinates":[[[[129.2856397,37.3087993],[129.285803,37.30866],[129.2858149,37.3086791],[129.2857778,37.3087846],[129.2857405,37.3088652],[129.2856993,37.3088683],[129.2856397,37.3087993]]]]}},{"type":"Feature","properties":{"r":507,"k":0,"d":134.2},"geometry":{"type":"MultiPolygon","coordinates":[[[[129.2935641,37.3092028],[129.2935919,37.3092019],[129.2936116,37.3092338],[129.2935659,37.3092541],[129.2934937,37.3092654],[129.2934698,37.309251],[129.2935641,37.3092028]]]]}},{"type":"Feature","properties":{"r":347,"k":0,"d":104.9},"geometry":{"type":"MultiPolygon","coordinates":[[[[129.2814906,37.3121126],[129.2817793,37.3120154],[129.2819221,37.3119968],[129.2819178,37.3120307],[129.2817462,37.3120593],[129.2815889,37.3121044],[129.2813994,37.3121727],[129.2814589,37.3121308],[129.2814906,37.3121126]]]]}},{"type":"Feature","properties":{"r":889,"k":0,"d":199.0},"geometry":{"type":"MultiPolygon","coordinates":[[[[129.2918107,37.3076647],[129.2919124,37.3075719],[129.2920056,37.3075545],[129.2920352,37.3075125],[129.2920561,37.3075262],[129.292102,37.3075112],[129.2921495,37.3075445],[129.2922333,37.3075085],[129.2922832,37.3075135],[129.2923293,37.3075653],[129.2917632,37.3077555],[129.2917877,37.3077371],[129.2917987,37.3076757],[129.2918107,37.3076647]]]]}},{"type":"Feature","properties":{"r":456,"k":0,"d":125.4},"geometry":{"type":"MultiPolygon","coordinates":[[[[129.2858993,37.3095535],[129.2858321,37.3095928],[129.2858038,37.3095678],[129.2857956,37.3095686],[129.2857448,37.3095247],[129.2857069,37.3094795],[129.2857685,37.3094358],[129.2858936,37.3094568],[129.2858924,37.3095102],[129.2858993,37.3095535]]]]}},{"type":"Feature","properties":{"r":789,"k":0,"d":185.1},"geometry":{"type":"MultiPolygon","coordinates":[[[[129.284573,37.3093216],[129.2846063,37.3092921],[129.2845788,37.3092708],[129.2846009,37.3092541],[129.2846726,37.309205],[129.2848295,37.3094082],[129.2847927,37.3094093],[129.2847211,37.3094147],[129.2846516,37.3093917],[129.2846155,37.3093473],[129.284573,37.3093216]]]]}},{"type":"Feature","properties":{"r":337,"k":0,"d":104.2},"geometry":{"type":"MultiPolygon","coordinates":[[[[129.2808156,37.312765],[129.280773,37.312796],[129.2806004,37.3126459],[129.2806338,37.3126199],[129.2806694,37.3126665],[129.2808156,37.312765]]]]}},{"type":"Feature","properties":{"r":110,"k":0,"d":63.3},"geometry":{"type":"MultiPolygon","coordinates":[[[[129.2848227,37.310782],[129.2847837,37.3109193],[129.2846189,37.3110099],[129.2847572,37.310754],[129.284781,37.310777],[129.2848227,37.310782]]]]}},{"type":"Feature","properties":{"r":326,"k":0,"d":102.0},"geometry":{"type":"MultiPolygon","coordinates":[[[[129.287256,37.3090234],[129.2872008,37.3090066],[129.2872007,37.3089697],[129.2871237,37.3089594],[129.2870924,37.3089058],[129.287145,37.3088973],[129.287213,37.3089027],[129.2872158,37.3088815],[129.2872501,37.308884],[129.2873478,37.3089023],[129.2873474,37.3089396],[129.2872949,37.3090112],[129.287256,37.3090234]]]]}},{"type":"Feature","properties":{"r":313,"k":0,"d":100.6},"geometry":{"type":"MultiPolygon","coordinates":[[[[129.2758656,37.3161492],[129.275947,37.3160623],[129.275983,37.3161255],[129.275905,37.3161667],[129.2758656,37.3161492]]]]}},{"type":"Feature","properties":{"r":225,"k":0,"d":85.8},"geometry":{"type":"MultiPolygon","coordinates":[[[[129.2752309,37.3167117],[129.2753304,37.3166527],[129.2754597,37.3164322],[129.2757249,37.3162366],[129.2757939,37.3162047],[129.2757847,37.3162204],[129.2756452,37.3164082],[129.2755304,37.3165793],[129.2755173,37.3166097],[129.2753101,37.316783],[129.2752309,37.3167117]]]]}},{"type":"Feature","properties":{"r":493,"k":0,"d":130.8},"geometry":{"type":"MultiPolygon","coordinates":[[[[129.2733588,37.3168786],[129.2735917,37.3168503],[129.2736394,37.3167685],[129.2736432,37.316767],[129.2739358,37.3165578],[129.2742759,37.3167249],[129.2742382,37.3167513],[129.2740122,37.3168203],[129.2739167,37.3168416],[129.2739347,37.3169712],[129.2740599,37.3171428],[129.2739062,37.3172751],[129.2737657,37.3171211],[129.2736804,37.3171036],[129.2736436,37.3170987],[129.2733257,37.3170974],[129.2731873,37.3171436],[129.2731959,37.3170045],[129.2732041,37.3169394],[129.2733588,37.3168786]]]]}},{"type":"Feature","properties":{"r":793,"k":0,"d":185.4},"geometry":{"type":"MultiPolygon","coordinates":[[[[129.2736221,37.3167752],[129.2736394,37.3167685],[129.2735917,37.3168503],[129.2736221,37.3167752]]]]}},{"type":"Feature","properties":{"r":138,"k":0,"d":68.5},"geometry":{"type":"MultiPolygon","coordinates":[[[[129.2719185,37.3194009],[129.2718373,37.3193017],[129.2719635,37.3192254],[129.2719388,37.3191387],[129.2722177,37.3190272],[129.2724415,37.3189159],[129.2725223,37.3189868],[129.2719185,37.3194009]]]]}},{"type":"Feature","properties":{"r":460,"k":0,"d":125.8},"geometry":{"type":"MultiPolygon","coordinates":[[[[129.2721492,37.3185534],[129.2720295,37.3184922],[129.2720577,37.3184746],[129.2721212,37.3184309],[129.2721749,37.3183454],[129.2723079,37.3183533],[129.2723607,37.3183975],[129.2721492,37.3185534]]]]}},{"type":"Feature","properties":{"r":588,"k":0,"d":146.3},"geometry":{"type":"MultiPolygon","coordinates":[[[[129.2705185,37.3198377],[129.270477,37.3198105],[129.2704486,37.319695],[129.2703431,37.3195951],[129.27043,37.3195761],[129.270469,37.3196176],[129.270547,37.3196557],[129.2706454,37.3197507],[129.2705185,37.3198377]]]]}},{"type":"Feature","properties":{"r":681,"k":0,"d":166.6},"geometry":{"type":"MultiPolygon","coordinates":[[[[129.2721066,37.3180824],[129.2719048,37.3182175],[129.2720177,37.3180946],[129.2721066,37.3180824]]]]}},{"type":"Feature","properties":{"r":863,"k":0,"d":195.6},"geometry":{"type":"MultiPolygon","coordinates":[[[[129.2712354,37.3184448],[129.2711743,37.3184628],[129.2710019,37.3184658],[129.2708158,37.3185124],[129.2708015,37.3184676],[129.2709525,37.3183766],[129.2710936,37.3183242],[129.2711698,37.3182635],[129.2712512,37.3182261],[129.2712704,37.3183678],[129.2712226,37.3184215],[129.2712354,37.3184448]]]]}},{"type":"Feature","properties":{"r":33,"k":0,"d":32.9},"geometry":{"type":"MultiPolygon","coordinates":[[[[129.2700104,37.3213274],[129.269821,37.3212241],[129.2697869,37.3211792],[129.2699417,37.3211271],[129.2700707,37.3210234],[129.2701219,37.321021],[129.2703705,37.3211042],[129.2705163,37.3211436],[129.2705558,37.3212017],[129.2704696,37.3213574],[129.2703663,37.3214085],[129.2701452,37.3213483],[129.2700104,37.3213274]]]]}},{"type":"Feature","properties":{"r":286,"k":0,"d":97.4},"geometry":{"type":"MultiPolygon","coordinates":[[[[129.2692183,37.3217477],[129.269067,37.3216464],[129.2695744,37.3212588],[129.2693359,37.321535],[129.2693583,37.3215843],[129.2692284,37.3217035],[129.2692183,37.3217477]]]]}},{"type":"Feature","properties":{"r":748,"k":0,"d":179.4},"geometry":{"type":"MultiPolygon","coordinates":[[[[129.2698087,37.319626],[129.2699967,37.3194982],[129.2701628,37.3196385],[129.2701145,37.3196932],[129.2700673,37.3197953],[129.2700389,37.3198215],[129.2698087,37.319626]]]]}},{"type":"Feature","properties":{"r":572,"k":0,"d":143.1},"geometry":{"type":"MultiPolygon","coordinates":[[[[129.2677068,37.3263992],[129.2677478,37.3263612],[129.2682271,37.3263598],[129.2682607,37.326393],[129.2682625,37.3266814],[129.2682386,37.3267133],[129.2681316,37.3267849],[129.2679762,37.3268618],[129.2679558,37.3268584],[129.2678515,37.326759],[129.2678162,37.3266989],[129.2677736,37.3266117],[129.2677211,37.3264643],[129.2677068,37.3263992]]]]}},{"type":"Feature","properties":{"r":777,"k":0,"d":183.8},"geometry":{"type":"MultiPolygon","coordinates":[[[[129.2671933,37.3250418],[129.2671819,37.3250352],[129.2671153,37.3249492],[129.2671243,37.3249292],[129.267211,37.3250023],[129.2671933,37.3250418]]]]}},{"type":"Feature","properties":{"r":897,"k":0,"d":199.6},"geometry":{"type":"MultiPolygon","coordinates":[[[[129.2666928,37.3248133],[129.2667219,37.3247786],[129.2667416,37.3247291],[129.2669265,37.3246466],[129.266962,37.3246284],[129.2669906,37.3246723],[129.2667925,37.3247565],[129.2666928,37.3248133]]]]}},{"type":"Feature","properties":{"r":751,"k":0,"d":180.1},"geometry":{"type":"MultiPolygon","coordinates":[[[[129.2675135,37.3260227],[129.2673598,37.3259245],[129.2672666,37.3259211],[129.2673388,37.3258419],[129.2674961,37.3258131],[129.2675593,37.3259165],[129.2675135,37.3260227]]]]}},{"type":"Feature","properties":{"r":885,"k":0,"d":198.8},"geometry":{"type":"MultiPolygon","coordinates":[[[[129.2672028,37.3264311],[129.2670738,37.3263112],[129.2671774,37.3261408],[129.2673282,37.3261717],[129.2673411,37.326193],[129.2673469,37.3262081],[129.2673151,37.3262134],[129.2673691,37.3263301],[129.2674993,37.3263032],[129.2674988,37.3263631],[129.2673694,37.3263873],[129.2673384,37.3263588],[129.2672845,37.3263828],[129.2672028,37.3264311]]]]}},{"type":"Feature","properties":{"r":882,"k":0,"d":198.5},"geometry":{"type":"MultiPolygon","coordinates":[[[[129.2752561,37.3151753],[129.2752721,37.3151618],[129.2754404,37.3151116],[129.2755266,37.3153088],[129.2753566,37.3153572],[129.2753016,37.3152259],[129.2752891,37.3152308],[129.2752561,37.3151753]]]]}},{"type":"Feature","properties":{"r":27,"k":0,"d":29.7},"geometry":{"type":"MultiPolygon","coordinates":[[[[129.282455,37.3124812],[129.2828359,37.3123371],[129.2830711,37.3122308],[129.283079,37.3122423],[129.283124,37.3122451],[129.2832722,37.3122071],[129.2833133,37.3122402],[129.2834511,37.3122085],[129.2834775,37.3122211],[129.2836446,37.3121994],[129.2836508,37.3122161],[129.2835328,37.3122815],[129.2834201,37.3123227],[129.2833098,37.3123653],[129.283191,37.3123929],[129.2829709,37.3124538],[129.282957,37.3124623],[129.282925,37.3124973],[129.2828406,37.3125245],[129.2826627,37.3125057],[129.282455,37.3124812]]]]}},{"type":"Feature","properties":{"r":753,"k":0,"d":180.2},"geometry":{"type":"MultiPolygon","coordinates":[[[[129.2868231,37.3082804],[129.2868444,37.3082615],[129.286982,37.3083244],[129.2869647,37.3083567],[129.2868231,37.3082804]]]]}},{"type":"Feature","properties":{"r":776,"k":0,"d":183.6},"geometry":{"type":"MultiPolygon","coordinates":[[[[129.2859436,37.3088323],[129.2859144,37.3088378],[129.2858877,37.308651],[129.2858968,37.3086431],[129.2859599,37.3086079],[129.2859603,37.3086417],[129.2859388,37.3086785],[129.2860201,37.3087248],[129.2859436,37.3088323]]]]}},{"type":"Feature","properties":{"r":489,"k":0,"d":130.2},"geometry":{"type":"MultiPolygon","coordinates":[[[[129.286225,37.3092506],[129.286187,37.3092997],[129.2860863,37.309299],[129.2859663,37.3092168],[129.2858903,37.3091496],[129.2859241,37.3090269],[129.2860492,37.3090991],[129.286115,37.3090566],[129.2860399,37.3089931],[129.2859436,37.3088323],[129.2860201,37.3087248],[129.2859388,37.3086785],[129.2859603,37.3086417],[129.2860075,37.3086343],[129.2860842,37.308656],[129.286084,37.3087657],[129.2861952,37.3089586],[129.2862638,37.3090009],[129.2863564,37.3089781],[129.2864371,37.3089891],[129.2864567,37.3090369],[129.2864239,37.3091214],[129.2863511,37.3091406],[129.2863413,37.3091783],[129.2862897,37.3091758],[129.286225,37.3092506]]]]}},{"type":"Feature","properties":{"r":204,"k":0,"d":83.7},"geometry":{"type":"MultiPolygon","coordinates":[[[[129.29219,37.3091103],[129.2920599,37.3090336],[129.2920481,37.3090852],[129.2919881,37.3090566],[129.2919543,37.3088615],[129.292,37.3088244],[129.2920235,37.3087509],[129.2921052,37.308785],[129.292199,37.3088316],[129.2922581,37.3089145],[129.2922314,37.3090467],[129.29219,37.3091103]]]]}},{"type":"Feature","properties":{"r":157,"k":0,"d":71.4},"geometry":{"type":"MultiPolygon","coordinates":[[[[129.2888009,37.3089135],[129.2888638,37.3088754],[129.2889522,37.3088332],[129.2890238,37.3088499],[129.2891993,37.3087897],[129.2892123,37.3088122],[129.2888009,37.3089135]]]]}},{"type":"Feature","properties":{"r":51,"k":0,"d":45.2},"geometry":{"type":"MultiPolygon","coordinates":[[[[129.2891019,37.3091464],[129.2889635,37.3088734],[129.2892123,37.3088122],[129.2892286,37.3088069],[129.2893751,37.3089012],[129.2893675,37.3089018],[129.2893067,37.3089325],[129.2893603,37.3090319],[129.2893217,37.3090542],[129.2891019,37.3091464]]]]}},{"type":"Feature","properties":{"r":200,"k":0,"d":83.1},"geometry":{"type":"MultiPolygon","coordinates":[[[[129.2891832,37.3087374],[129.2892597,37.3087085],[129.2894865,37.308652],[129.2894946,37.3086774],[129.2895444,37.3086988],[129.2895723,37.3086966],[129.2892423,37.3088025],[129.2892376,37.308798],[129.289116,37.3087627],[129.2891832,37.3087374]]]]}},{"type":"Feature","properties":{"r":545,"k":0,"d":138.2},"geometry":{"type":"MultiPolygon","coordinates":[[[[129.2867571,37.3087535],[129.2867071,37.3087648],[129.286617,37.3087546],[129.2866215,37.3088403],[129.286535,37.3089843],[129.2865239,37.3089525],[129.2865989,37.3088329],[129.2865936,37.3087546],[129.2866163,37.3087382],[129.286731,37.3087382],[129.2869934,37.3086703],[129.2869616,37.3087072],[129.2867571,37.3087535]]]]}},{"type":"Feature","properties":{"r":383,"k":0,"d":110.1},"geometry":{"type":"MultiPolygon","coordinates":[[[[129.2892322,37.3085589],[129.289187,37.3085306],[129.2892396,37.308531],[129.289264,37.3085175],[129.2892322,37.3085589]]]]}},{"type":"Feature","properties":{"r":490,"k":0,"d":130.6},"geometry":{"type":"MultiPolygon","coordinates":[[[[129.2805081,37.3124839],[129.2809537,37.3122326],[129.2810211,37.3122035],[129.2810435,37.3122549],[129.2805583,37.3125262],[129.2805081,37.3124839]]]]}},{"type":"Feature","properties":{"r":303,"k":0,"d":99.3},"geometry":{"type":"MultiPolygon","coordinates":[[[[129.2845557,37.3104355],[129.28486,37.3103076],[129.2848355,37.310372],[129.2847244,37.3104302],[129.2845549,37.3104701],[129.2845196,37.3104463],[129.2845557,37.3104355]]]]}},{"type":"Feature","properties":{"r":271,"k":0,"d":94.9},"geometry":{"type":"MultiPolygon","coordinates":[[[[129.2870607,37.3091485],[129.2870236,37.3091239],[129.2870027,37.3090676],[129.2870113,37.3090331],[129.2869689,37.3090252],[129.2869502,37.3089883],[129.2869686,37.3089714],[129.2869595,37.3089472],[129.2870399,37.3088853],[129.2870924,37.3089058],[129.2871237,37.3089594],[129.2872007,37.3089697],[129.2872008,37.3090066],[129.2871958,37.3090634],[129.2871791,37.3091141],[129.2871484,37.3091395],[129.287113,37.309147],[129.2870607,37.3091485]]]]}},{"type":"Feature","properties":{"r":506,"k":0,"d":133.5},"geometry":{"type":"MultiPolygon","coordinates":[[[[129.2817944,37.3117592],[129.2817916,37.3117474],[129.2818743,37.3117517],[129.2818748,37.3117524],[129.2818488,37.31177],[129.2817944,37.3117592]]]]}},{"type":"Feature","properties":{"r":173,"k":0,"d":75.5},"geometry":{"type":"MultiPolygon","coordinates":[[[[129.2881088,37.3090107],[129.2881023,37.3090213],[129.2880238,37.3089718],[129.2879731,37.3088988],[129.2881227,37.308848],[129.2882014,37.308862],[129.2881088,37.3090107]]]]}},{"type":"Feature","properties":{"r":553,"k":0,"d":139.6},"geometry":{"type":"MultiPolygon","coordinates":[[[[129.2909159,37.3081415],[129.2908578,37.3081242],[129.2908768,37.3080791],[129.2908528,37.3080628],[129.2917127,37.3077704],[129.2917042,37.3078771],[129.2910289,37.308106],[129.2909287,37.3081453],[129.2909159,37.3081415]]]]}},{"type":"Feature","properties":{"r":532,"k":0,"d":137.1},"geometry":{"type":"MultiPolygon","coordinates":[[[[129.2908442,37.3081636],[129.2908578,37.3081242],[129.2909159,37.3081415],[129.2908442,37.3081636]]]]}},{"type":"Feature","properties":{"r":444,"k":0,"d":121.8},"geometry":{"type":"MultiPolygon","coordinates":[[[[129.2841811,37.3106404],[129.2841497,37.3107612],[129.284035,37.3108281],[129.2839672,37.3109323],[129.2838872,37.3109772],[129.2838588,37.3109441],[129.2839226,37.3107994],[129.283981,37.3106423],[129.2841811,37.3106404]]]]}},{"type":"Feature","properties":{"r":57,"k":0,"d":47.0},"geometry":{"type":"MultiPolygon","coordinates":[[[[129.2867643,37.3098798],[129.2865059,37.3096534],[129.2866444,37.3095472],[129.2867294,37.3095969],[129.2868619,37.3096455],[129.2869349,37.3096962],[129.2869242,37.3097621],[129.2867773,37.3098847],[129.2867643,37.3098798]]]]}},{"type":"Feature","properties":{"r":306,"k":0,"d":99.8},"geometry":{"type":"MultiPolygon","coordinates":[[[[129.276049,37.3160987],[129.2760083,37.3161152],[129.2761998,37.3159273],[129.2762211,37.3159362],[129.276049,37.3160987]]]]}},{"type":"Feature","properties":{"r":65,"k":0,"d":49.2},"geometry":{"type":"MultiPolygon","coordinates":[[[[129.2850475,37.3107996],[129.2850665,37.3105037],[129.2850919,37.3103748],[129.2852063,37.3103854],[129.285185,37.3105067],[129.2851041,37.3107921],[129.2850694,37.3107856],[129.2850475,37.3107996]]]]}},{"type":"Feature","properties":{"r":44,"k":0,"d":43.2},"geometry":{"type":"MultiPolygon","coordinates":[[[[129.2849558,37.3108035],[129.2850181,37.3109366],[129.2850197,37.3109559],[129.2847831,37.3110917],[129.2847466,37.3111749],[129.2846899,37.3111619],[129.2844193,37.3110849],[129.284381,37.3110597],[129.2845999,37.3110204],[129.2847837,37.3109193],[129.2848227,37.310782],[129.2849558,37.3108035]]]]}},{"type":"Feature","properties":{"r":397,"k":0,"d":113.3},"geometry":{"type":"MultiPolygon","coordinates":[[[[129.2802859,37.3128867],[129.2806004,37.3126459],[129.2806219,37.3126646],[129.280589,37.312687],[129.2805392,37.3128776],[129.280501,37.3129216],[129.280413,37.312969],[129.2803213,37.3129174],[129.2802859,37.3128867]]]]}},{"type":"Feature","properties":{"r":216,"k":0,"d":84.7},"geometry":{"type":"MultiPolygon","coordinates":[[[[129.2732413,37.3182666],[129.2730771,37.3181346],[129.2731242,37.3181054],[129.2731598,37.3180705],[129.2733828,37.3180893],[129.2732413,37.3182666]]]]}},{"type":"Feature","properties":{"r":40,"k":0,"d":40.7},"geometry":{"type":"MultiPolygon","coordinates":[[[[129.2717846,37.3198643],[129.2719737,37.3197045],[129.2722875,37.3195232],[129.2723679,37.3196153],[129.2721259,37.3198099],[129.2718952,37.3199745],[129.2717846,37.3198643]]]]}},{"type":"Feature","properties":{"r":625,"k":0,"d":153.5},"geometry":{"type":"MultiPolygon","coordinates":[[[[129.270477,37.3198105],[129.2704144,37.319841],[129.2702433,37.3198431],[129.2701301,37.3198089],[129.2701444,37.3198075],[129.2701456,37.3197315],[129.2702011,37.3196912],[129.2703187,37.3195918],[129.2703431,37.3195951],[129.2704486,37.319695],[129.270477,37.3198105]]]]}},{"type":"Feature","properties":{"r":351,"k":0,"d":105.4},"geometry":{"type":"MultiPolygon","coordinates":[[[[129.2703349,37.3203518],[129.2702135,37.3203292],[129.2703488,37.3202992],[129.2703907,37.3202929],[129.2704688,37.3202311],[129.2705016,37.3201354],[129.2705175,37.3201157],[129.2705665,37.3200882],[129.2707007,37.3200915],[129.2707435,37.3200794],[129.2708208,37.3201647],[129.2704863,37.3203919],[129.2704504,37.3204002],[129.2703349,37.3203518]]]]}},{"type":"Feature","properties":{"r":323,"k":0,"d":101.9},"geometry":{"type":"MultiPolygon","coordinates":[[[[129.2707435,37.3200794],[129.2707933,37.3199865],[129.2708639,37.3199776],[129.2709675,37.3200653],[129.2708208,37.3201647],[129.2707435,37.3200794]]]]}},{"type":"Feature","properties":{"r":661,"k":0,"d":160.9},"geometry":{"type":"MultiPolygon","coordinates":[[[[129.2715105,37.3184814],[129.271707,37.3183512],[129.2717963,37.3183889],[129.2715805,37.3185026],[129.2715618,37.3185087],[129.2715242,37.3184948],[129.2715105,37.3184814]]]]}},{"type":"Feature","properties":{"r":834,"k":0,"d":191.6},"geometry":{"type":"MultiPolygon","coordinates":[[[[129.2674993,37.3263032],[129.2673691,37.3263301],[129.2673151,37.3262134],[129.2673469,37.3262081],[129.267423,37.3261725],[129.267517,37.3261627],[129.2674993,37.3263032]]]]}},{"type":"Feature","properties":{"r":639,"k":0,"d":156.4},"geometry":{"type":"MultiPolygon","coordinates":[[[[129.266962,37.3246284],[129.2669402,37.3245245],[129.2670684,37.3242821],[129.2670966,37.324166],[129.2671416,37.3240533],[129.2672486,37.3238763],[129.2673223,37.3237686],[129.2673742,37.323663],[129.2673925,37.32356],[129.2674128,37.3234054],[129.2674494,37.3234081],[129.2674492,37.3233935],[129.2674807,37.3233805],[129.2674896,37.3234076],[129.2674838,37.324245],[129.26747,37.3243865],[129.2674471,37.3244941],[129.2673794,37.3247066],[129.2671496,37.3246125],[129.2671229,37.3246077],[129.2669829,37.3246246],[129.266962,37.3246284]]]]}},{"type":"Feature","properties":{"r":806,"k":0,"d":187.6},"geometry":{"type":"MultiPolygon","coordinates":[[[[129.2672317,37.3234934],[129.2672054,37.3235017],[129.2671946,37.3234032],[129.2671453,37.3233216],[129.267161,37.3233183],[129.2671756,37.3233573],[129.2672123,37.3233819],[129.2672317,37.3234934]]]]}},{"type":"Feature","properties":{"r":432,"k":0,"d":120.1},"geometry":{"type":"MultiPolygon","coordinates":[[[[129.2816329,37.3118791],[129.281642,37.3120103],[129.2814437,37.3120873],[129.2813206,37.3120942],[129.2811469,37.3120492],[129.2810495,37.3121239],[129.2807779,37.3118471],[129.2806818,37.3117883],[129.2806785,37.3117776],[129.2807992,37.311784],[129.2810638,37.3117537],[129.2811588,37.3117338],[129.2812448,37.3116466],[129.2814461,37.3115567],[129.2814456,37.3115791],[129.2814602,37.3116576],[129.2815408,37.311688],[129.2815707,37.3117242],[129.2816245,37.3117405],[129.2816329,37.3118791]]]]}},{"type":"Feature","properties":{"r":626,"k":0,"d":153.6},"geometry":{"type":"MultiPolygon","coordinates":[[[[129.2796691,37.312965],[129.2796282,37.3129235],[129.2795857,37.3128228],[129.2793391,37.3126677],[129.2793136,37.312642],[129.2794197,37.3126203],[129.2795755,37.3124825],[129.2795953,37.3124523],[129.2798313,37.3127726],[129.279918,37.3128235],[129.2796691,37.312965]]]]}},{"type":"Feature","properties":{"r":42,"k":0,"d":41.8},"geometry":{"type":"MultiPolygon","coordinates":[[[[129.2753777,37.3172242],[129.2755269,37.3169823],[129.2756285,37.3170876],[129.2753777,37.3172242]]]]}},{"type":"Feature","properties":{"r":557,"k":0,"d":140.2},"geometry":{"type":"MultiPolygon","coordinates":[[[[129.2767863,37.3150031],[129.2769142,37.3150854],[129.2768602,37.3151728],[129.2766338,37.3152831],[129.2765501,37.3151906],[129.2765824,37.3151831],[129.2765834,37.3151432],[129.276511,37.3151419],[129.2762465,37.3150499],[129.2763164,37.3150134],[129.2765365,37.3150602],[129.2765507,37.3150099],[129.2764908,37.3149604],[129.2766198,37.3149902],[129.2766971,37.3150187],[129.2767351,37.3150207],[129.2767863,37.3150031]]]]}},{"type":"Feature","properties":{"r":180,"k":0,"d":78.0},"geometry":{"type":"MultiPolygon","coordinates":[[[[129.2861971,37.3099297],[129.2860392,37.3097528],[129.2860306,37.3097267],[129.2860967,37.3096996],[129.2862144,37.3096385],[129.286305,37.3096048],[129.2863339,37.3096833],[129.2863154,37.3096896],[129.286242,37.3097328],[129.2863163,37.3098173],[129.2861971,37.3099297]]]]}},{"type":"Feature","properties":{"r":167,"k":0,"d":73.1},"geometry":{"type":"MultiPolygon","coordinates":[[[[129.2816567,37.312519],[129.2814342,37.3123836],[129.2817576,37.3122643],[129.2819981,37.3122316],[129.2819346,37.3123362],[129.2818112,37.3124381],[129.2816567,37.312519]]]]}},{"type":"Feature","properties":{"r":811,"k":0,"d":188.3},"geometry":{"type":"MultiPolygon","coordinates":[[[[129.287198,37.3081986],[129.2871093,37.3081823],[129.2871944,37.3080911],[129.2872525,37.3080566],[129.2872294,37.3081309],[129.287198,37.3081986]]]]}},{"type":"Feature","properties":{"r":425,"k":0,"d":118.8},"geometry":{"type":"MultiPolygon","coordinates":[[[[129.2858993,37.3095535],[129.2858924,37.3095102],[129.2858936,37.3094568],[129.2859043,37.3094586],[129.2860405,37.3094667],[129.286004,37.309595],[129.2859527,37.309582],[129.2859335,37.3095716],[129.2859052,37.3095715],[129.2858993,37.3095535]]]]}},{"type":"Feature","properties":{"r":158,"k":0,"d":71.4},"geometry":{"type":"MultiPolygon","coordinates":[[[[129.2888909,37.3087915],[129.2889549,37.3087958],[129.2889522,37.3088332],[129.2888638,37.3088754],[129.2888009,37.3089135],[129.2887353,37.3087948],[129.2887852,37.3087899],[129.2888472,37.308797],[129.2888909,37.3087915]]]]}},{"type":"Feature","properties":{"r":590,"k":0,"d":146.9},"geometry":{"type":"MultiPolygon","coordinates":[[[[129.2928936,37.3088009],[129.2928573,37.3087702],[129.2927648,37.3086637],[129.2927898,37.3085703],[129.2928212,37.3085382],[129.2929608,37.3085681],[129.2931091,37.3086168],[129.29314,37.3086829],[129.2930618,37.3086733],[129.2929875,37.3087574],[129.2928936,37.3088009]]]]}},{"type":"Feature","properties":{"r":178,"k":0,"d":77.5},"geometry":{"type":"MultiPolygon","coordinates":[[[[129.2831382,37.3120186],[129.2831008,37.3120183],[129.2831431,37.3120016],[129.2831913,37.3120093],[129.2831953,37.3120159],[129.2831768,37.3120224],[129.2831382,37.3120186]]]]}},{"type":"Feature","properties":{"r":431,"k":0,"d":119.8},"geometry":{"type":"MultiPolygon","coordinates":[[[[129.2788321,37.3138213],[129.2789816,37.3137162],[129.2789368,37.3138288],[129.2788321,37.3138213]]]]}},{"type":"Feature","properties":{"r":754,"k":0,"d":180.3},"geometry":{"type":"MultiPolygon","coordinates":[[[[129.2749555,37.3158657],[129.2747912,37.3158786],[129.2749573,37.3158316],[129.2749654,37.315847],[129.2749555,37.3158657]]]]}},{"type":"Feature","properties":{"r":833,"k":0,"d":191.5},"geometry":{"type":"MultiPolygon","coordinates":[[[[129.2747317,37.3158955],[129.2745562,37.3159372],[129.2742553,37.3159302],[129.2739903,37.3159386],[129.2738261,37.3160592],[129.2740128,37.3158945],[129.2740616,37.315845],[129.2741395,37.3158386],[129.2742343,37.3158112],[129.2743626,37.3158454],[129.2745317,37.3158706],[129.2747317,37.3158955]]]]}},{"type":"Feature","properties":{"r":377,"k":0,"d":108.6},"geometry":{"type":"MultiPolygon","coordinates":[[[[129.2761998,37.3159273],[129.2761393,37.3159019],[129.2761492,37.3158858],[129.2764454,37.315602],[129.2764951,37.3155489],[129.2765041,37.3156285],[129.2761998,37.3159273]]]]}},{"type":"Feature","properties":{"r":318,"k":0,"d":101.3},"geometry":{"type":"MultiPolygon","coordinates":[[[[129.2790493,37.3139358],[129.2788974,37.3141015],[129.2788386,37.3141389],[129.279039,37.3139288],[129.2790493,37.3139358]]]]}},{"type":"Feature","properties":{"r":595,"k":0,"d":148.2},"geometry":{"type":"MultiPolygon","coordinates":[[[[129.272973,37.317695],[129.2729717,37.3176948],[129.2729636,37.3177142],[129.2729504,37.3177018],[129.2729194,37.3176669],[129.272891,37.317628],[129.2728321,37.317537],[129.2726828,37.3173119],[129.2726038,37.3172032],[129.2725496,37.3171449],[129.2726165,37.3171889],[129.2726195,37.3171891],[129.2726464,37.3172195],[129.2727203,37.317327],[129.2728176,37.3174761],[129.2729158,37.317626],[129.2729591,37.3176818],[129.272973,37.317695]]]]}},{"type":"Feature","properties":{"r":535,"k":0,"d":137.4},"geometry":{"type":"MultiPolygon","coordinates":[[[[129.2726199,37.3179993],[129.2726137,37.3179318],[129.2726776,37.3179227],[129.272737,37.3179826],[129.2726199,37.3179993]]]]}},{"type":"Feature","properties":{"r":174,"k":0,"d":75.8},"geometry":{"type":"MultiPolygon","coordinates":[[[[129.2725573,37.3188654],[129.2724415,37.3189159],[129.2724319,37.3188975],[129.2723826,37.3188398],[129.2723148,37.3187836],[129.2724454,37.3187043],[129.2725271,37.3188365],[129.2725573,37.3188654]]]]}},{"type":"Feature","properties":{"r":573,"k":0,"d":143.1},"geometry":{"type":"MultiPolygon","coordinates":[[[[129.2707259,37.3197231],[129.2706812,37.3197375],[129.2705981,37.3196642],[129.2706691,37.3196179],[129.2707011,37.3195861],[129.2707247,37.3195474],[129.2706972,37.3195329],[129.2706177,37.3194732],[129.270603,37.3194701],[129.2707332,37.3193525],[129.2708349,37.319284],[129.2708058,37.3194324],[129.2707274,37.3195812],[129.270662,37.3196669],[129.2707259,37.3197231]]]]}},{"type":"Feature","properties":{"r":564,"k":0,"d":142.2},"geometry":{"type":"MultiPolygon","coordinates":[[[[129.2709295,37.3188723],[129.271111,37.3187505],[129.271112,37.3188243],[129.271144,37.3189408],[129.2711241,37.3190892],[129.2712054,37.3191613],[129.2712778,37.3192045],[129.2712065,37.3192654],[129.2711549,37.3193505],[129.2710826,37.3193051],[129.2710936,37.3192006],[129.271027,37.3191315],[129.2709315,37.3191346],[129.2709507,37.319076],[129.2709179,37.3188905],[129.2709295,37.3188723]]]]}},{"type":"Feature","properties":{"r":381,"k":0,"d":110.0},"geometry":{"type":"MultiPolygon","coordinates":[[[[129.2700714,37.320669],[129.2700357,37.3206924],[129.2700145,37.3206849],[129.2699925,37.3206628],[129.2699906,37.3206347],[129.2700315,37.3206412],[129.2700438,37.3206573],[129.2700714,37.320669]]]]}},{"type":"Feature","properties":{"r":235,"k":0,"d":87.9},"geometry":{"type":"MultiPolygon","coordinates":[[[[129.2686107,37.3263324],[129.2683546,37.3263328],[129.2683545,37.3261646],[129.2683559,37.3261561],[129.2683599,37.3261485],[129.2683668,37.3261419],[129.2683791,37.326135],[129.2687917,37.3261343],[129.2687906,37.3263309],[129.2686107,37.3263324]]]]}},{"type":"Feature","properties":{"r":635,"k":0,"d":155.1},"geometry":{"type":"MultiPolygon","coordinates":[[[[129.2681832,37.3221138],[129.2681401,37.3220824],[129.2682147,37.3219614],[129.2682346,37.3218224],[129.2682852,37.3217849],[129.2682569,37.3219786],[129.2681832,37.3221138]]]]}},{"type":"Feature","properties":{"r":804,"k":0,"d":187.1},"geometry":{"type":"MultiPolygon","coordinates":[[[[129.2674261,37.3261236],[129.2672628,37.3259935],[129.2672666,37.3259211],[129.2673598,37.3259245],[129.2675135,37.3260227],[129.2675114,37.3261224],[129.2674261,37.3261236]]]]}},{"type":"Feature","properties":{"r":701,"k":0,"d":169.4},"geometry":{"type":"MultiPolygon","coordinates":[[[[129.2814461,37.3115567],[129.2815195,37.3115125],[129.2815121,37.3114181],[129.2815288,37.3114293],[129.2815169,37.3115357],[129.2814456,37.3115791],[129.2814461,37.3115567]]]]}},{"type":"Feature","properties":{"r":838,"k":0,"d":192.0},"geometry":{"type":"MultiPolygon","coordinates":[[[[129.2806785,37.3117776],[129.2806375,37.3117755],[129.2806021,37.3117766],[129.2805895,37.311781],[129.2805666,37.3116279],[129.2804409,37.3112783],[129.2803548,37.3110956],[129.2802738,37.3110921],[129.2802214,37.311111],[129.2800776,37.3110857],[129.2800261,37.3110667],[129.2798707,37.3111752],[129.2798432,37.3110497],[129.2800349,37.3110019],[129.2801116,37.3110126],[129.2802745,37.3109685],[129.2804073,37.3109953],[129.2804466,37.3111861],[129.2805755,37.3114424],[129.2806785,37.3117776]]]]}},{"type":"Feature","properties":{"r":890,"k":0,"d":199.1},"geometry":{"type":"MultiPolygon","coordinates":[[[[129.2768869,37.3141473],[129.2770931,37.3141068],[129.2771473,37.3140735],[129.2771902,37.3141146],[129.27719,37.3141632],[129.2769272,37.314274],[129.2769112,37.3142355],[129.2768869,37.3141473]]]]}},{"type":"Feature","properties":{"r":734,"k":0,"d":175.7},"geometry":{"type":"MultiPolygon","coordinates":[[[[129.2786144,37.3130969],[129.2786984,37.3130487],[129.2787529,37.3132818],[129.2786346,37.3132419],[129.2786144,37.3130969]]]]}},{"type":"Feature","properties":{"r":487,"k":0,"d":129.3},"geometry":{"type":"MultiPolygon","coordinates":[[[[129.2924485,37.3088227],[129.2924283,37.3087281],[129.2924394,37.3086434],[129.2924723,37.3086224],[129.2924474,37.3085719],[129.2923868,37.3085162],[129.2923816,37.3084248],[129.2924002,37.3084031],[129.2924777,37.3083942],[129.29254,37.3084224],[129.2926081,37.3084269],[129.2926121,37.3082593],[129.2926183,37.3082221],[129.2926746,37.3082669],[129.2927241,37.3082654],[129.2927716,37.3082566],[129.2929012,37.3082992],[129.2929219,37.3083872],[129.2928543,37.308391],[129.2927994,37.3084708],[129.2928212,37.3085382],[129.2927898,37.3085703],[129.2927648,37.3086637],[129.2927399,37.3086779],[129.2927031,37.3086635],[129.2926763,37.3088322],[129.2924485,37.3088227]]]]}},{"type":"Feature","properties":{"r":346,"k":0,"d":104.8},"geometry":{"type":"MultiPolygon","coordinates":[[[[129.2852484,37.3098735],[129.2849646,37.3102204],[129.2850495,37.3100518],[129.2850653,37.3098953],[129.2851352,37.3098154],[129.2852353,37.3098331],[129.2852484,37.3098735]]]]}},{"type":"Feature","properties":{"r":93,"k":0,"d":58.0},"geometry":{"type":"MultiPolygon","coordinates":[[[[129.2838827,37.3113346],[129.2839484,37.3112318],[129.2841961,37.3112487],[129.2843125,37.3112154],[129.2844193,37.3110849],[129.2846899,37.3111619],[129.2843695,37.3112839],[129.2840951,37.3115473],[129.2839536,37.3116233],[129.2838827,37.3113346]]]]}},{"type":"Feature","properties":{"r":434,"k":0,"d":120.5},"geometry":{"type":"MultiPolygon","coordinates":[[[[129.2917055,37.3085126],[129.291649,37.3084832],[129.2915963,37.3082127],[129.2917039,37.3082278],[129.2916977,37.3083254],[129.2917209,37.3084208],[129.2917055,37.3085126]]]]}},{"type":"Feature","properties":{"r":86,"k":0,"d":54.7},"geometry":{"type":"MultiPolygon","coordinates":[[[[129.2898288,37.3090097],[129.2898027,37.3088658],[129.2899174,37.3088548],[129.290039,37.3088118],[129.2900797,37.3089013],[129.2900339,37.3089795],[129.2899348,37.3089854],[129.2898288,37.3090097]]]]}},{"type":"Feature","properties":{"r":802,"k":0,"d":186.7},"geometry":{"type":"MultiPolygon","coordinates":[[[[129.29389,37.3089168],[129.293962,37.3088768],[129.2938963,37.3089193],[129.29389,37.3089168]]]]}},{"type":"Feature","properties":{"r":140,"k":0,"d":68.8},"geometry":{"type":"MultiPolygon","coordinates":[[[[129.2877192,37.3091031],[129.2878292,37.3090324],[129.2878876,37.3090977],[129.2877804,37.3091729],[129.2877192,37.3091031]]]]}},{"type":"Feature","properties":{"r":330,"k":0,"d":102.5},"geometry":{"type":"MultiPolygon","coordinates":[[[[129.2926283,37.3091436],[129.2926393,37.3090324],[129.292633,37.308936],[129.2928033,37.3089422],[129.2928263,37.3090564],[129.2927932,37.3090994],[129.2926283,37.3091436]]]]}},{"type":"Feature","properties":{"r":765,"k":0,"d":182.7},"geometry":{"type":"MultiPolygon","coordinates":[[[[129.2926121,37.3082593],[129.2924514,37.3082189],[129.2923861,37.308191],[129.2923463,37.3080844],[129.2922987,37.3080123],[129.2921924,37.3079336],[129.2923295,37.3079121],[129.2924289,37.3079141],[129.2924613,37.3079164],[129.2924743,37.3079483],[129.2925577,37.3079501],[129.2926749,37.307974],[129.2927646,37.3080104],[129.2928061,37.3080115],[129.2928122,37.3080301],[129.2929117,37.308058],[129.2929298,37.3082068],[129.2929012,37.3082992],[129.2927716,37.3082566],[129.2927241,37.3082654],[129.2926746,37.3082669],[129.2926183,37.3082221],[129.2926121,37.3082593]]]]}},{"type":"Feature","properties":{"r":241,"k":0,"d":88.7},"geometry":{"type":"MultiPolygon","coordinates":[[[[129.287771,37.3089853],[129.2877232,37.3089466],[129.2878142,37.308851],[129.2877975,37.3088201],[129.2878779,37.3088349],[129.2879553,37.3089072],[129.287771,37.3089853]]]]}},{"type":"Feature","properties":{"r":231,"k":0,"d":87.0},"geometry":{"type":"MultiPolygon","coordinates":[[[[129.284381,37.3110597],[129.2842097,37.3111126],[129.2842358,37.3110589],[129.2843267,37.3110239],[129.284381,37.3110597]]]]}},{"type":"Feature","properties":{"r":853,"k":0,"d":194.7},"geometry":{"type":"MultiPolygon","coordinates":[[[[129.2937662,37.308541],[129.2937469,37.3085564],[129.2937113,37.3086264],[129.2936699,37.3086641],[129.2935908,37.3085614],[129.2935665,37.3084791],[129.2935826,37.3084869],[129.293656,37.3084808],[129.2937229,37.3084415],[129.2937722,37.3084263],[129.2937662,37.308541]]]]}},{"type":"Feature","properties":{"r":293,"k":0,"d":98.3},"geometry":{"type":"MultiPolygon","coordinates":[[[[129.2806694,37.3126665],[129.2807958,37.3124932],[129.2809767,37.3123601],[129.2810943,37.3123041],[129.2813258,37.3123651],[129.2813884,37.3124047],[129.2813343,37.3124301],[129.2810569,37.3125897],[129.2808156,37.312765],[129.2806694,37.3126665]]]]}},{"type":"Feature","properties":{"r":372,"k":0,"d":108.1},"geometry":{"type":"MultiPolygon","coordinates":[[[[129.2773327,37.3151893],[129.2768422,37.3155811],[129.2766336,37.3156844],[129.2766023,37.3156864],[129.2767013,37.3155929],[129.2770955,37.3153207],[129.2773327,37.3151893]]]]}},{"type":"Feature","properties":{"r":168,"k":0,"d":73.2},"geometry":{"type":"MultiPolygon","coordinates":[[[[129.2756722,37.3165192],[129.2757678,37.3163941],[129.2758943,37.3162792],[129.275953,37.3162824],[129.2756429,37.316674],[129.2756722,37.3165192]]]]}},{"type":"Feature","properties":{"r":109,"k":0,"d":63.3},"geometry":{"type":"MultiPolygon","coordinates":[[[[129.2836668,37.3118053],[129.283505,37.3118291],[129.2839536,37.3116233],[129.2839806,37.3116854],[129.2836668,37.3118053]]]]}},{"type":"Feature","properties":{"r":54,"k":0,"d":46.5},"geometry":{"type":"MultiPolygon","coordinates":[[[[129.2726799,37.3190859],[129.2726954,37.319129],[129.2726311,37.319081],[129.2726667,37.319058],[129.2726799,37.3190859]]]]}},{"type":"Feature","properties":{"r":246,"k":0,"d":89.4},"geometry":{"type":"MultiPolygon","coordinates":[[[[129.2705785,37.3205225],[129.2705468,37.3204342],[129.2705567,37.3203757],[129.2707082,37.3202998],[129.2707623,37.3203739],[129.2706819,37.320436],[129.2705785,37.3205225]]]]}},{"type":"Feature","properties":{"r":871,"k":0,"d":197.3},"geometry":{"type":"MultiPolygon","coordinates":[[[[129.2715359,37.3180875],[129.2715767,37.3180664],[129.2716018,37.3180805],[129.2715359,37.3180875]]]]}},{"type":"Feature","properties":{"r":415,"k":0,"d":116.7},"geometry":{"type":"MultiPolygon","coordinates":[[[[129.2707435,37.3200794],[129.2707007,37.3200915],[129.2705665,37.3200882],[129.2705563,37.3199921],[129.2706033,37.3199347],[129.2706262,37.3199269],[129.2706992,37.3198951],[129.2707933,37.3199865],[129.2707435,37.3200794]]]]}},{"type":"Feature","properties":{"r":610,"k":0,"d":150.3},"geometry":{"type":"MultiPolygon","coordinates":[[[[129.2708631,37.3192734],[129.2709315,37.3191346],[129.271027,37.3191315],[129.2710936,37.3192006],[129.2710826,37.3193051],[129.2709598,37.319314],[129.2708978,37.3193025],[129.2708631,37.3192734]]]]}},{"type":"Feature","properties":{"r":385,"k":0,"d":110.9},"geometry":{"type":"MultiPolygon","coordinates":[[[[129.2710029,37.3198612],[129.2709441,37.3198556],[129.2709117,37.3198067],[129.2709294,37.319754],[129.2710109,37.319717],[129.2710908,37.319721],[129.2711132,37.3197004],[129.2711151,37.3197102],[129.271122,37.3198195],[129.2710029,37.3198612]]]]}},{"type":"Feature","properties":{"r":265,"k":0,"d":94.1},"geometry":{"type":"MultiPolygon","coordinates":[[[[129.2714264,37.3192667],[129.271711,37.3190495],[129.2719414,37.3192387],[129.2718373,37.3193017],[129.271703,37.3193057],[129.2716548,37.3193497],[129.2715928,37.3193161],[129.2715126,37.3193243],[129.2714661,37.3193041],[129.2714264,37.3192667]]]]}},{"type":"Feature","properties":{"r":263,"k":0,"d":93.7},"geometry":{"type":"MultiPolygon","coordinates":[[[[129.2689385,37.3218625],[129.2689455,37.3222012],[129.2687955,37.3222392],[129.2689385,37.3218625]]]]}},{"type":"Feature","properties":{"r":830,"k":0,"d":191.1},"geometry":{"type":"MultiPolygon","coordinates":[[[[129.2800067,37.3119097],[129.280165,37.3118945],[129.2802033,37.3118886],[129.2802115,37.3119019],[129.280296,37.3119566],[129.2803246,37.3120465],[129.2801084,37.3120308],[129.2800156,37.3119367],[129.2800067,37.3119097]]]]}},{"type":"Feature","properties":{"r":605,"k":0,"d":149.2},"geometry":{"type":"MultiPolygon","coordinates":[[[[129.2786984,37.3130487],[129.2790025,37.3128776],[129.2790512,37.3128064],[129.2791096,37.3129068],[129.2791681,37.3129293],[129.2793835,37.3129113],[129.2794237,37.3128927],[129.2793632,37.3127851],[129.2792291,37.3126594],[129.2793136,37.312642],[129.2793391,37.3126677],[129.2795857,37.3128228],[129.2796282,37.3129235],[129.2796929,37.3129891],[129.2796243,37.3130204],[129.2793814,37.313194],[129.2792109,37.3132509],[129.2790732,37.3132375],[129.2787529,37.3132818],[129.2786984,37.3130487]]]]}},{"type":"Feature","properties":{"r":575,"k":0,"d":143.4},"geometry":{"type":"MultiPolygon","coordinates":[[[[129.2799935,37.3128678],[129.2800189,37.3128827],[129.2798326,37.3129492],[129.2799935,37.3128678]]]]}},{"type":"Feature","properties":{"r":674,"k":0,"d":163.7},"geometry":{"type":"MultiPolygon","coordinates":[[[[129.2858369,37.3091484],[129.2857466,37.3091473],[129.2857625,37.3091249],[129.285792,37.309051],[129.2857762,37.3090087],[129.2858064,37.3088584],[129.2859144,37.3088378],[129.285916,37.3088496],[129.2859449,37.3089024],[129.2858958,37.3089832],[129.2858369,37.3091484]]]]}},{"type":"Feature","properties":{"r":242,"k":0,"d":89.0},"geometry":{"type":"MultiPolygon","coordinates":[[[[129.2847958,37.3105307],[129.2848355,37.310372],[129.2848697,37.310354],[129.2848821,37.3103552],[129.2848218,37.3104812],[129.2848225,37.3105107],[129.2847958,37.3105307]]]]}},{"type":"Feature","properties":{"r":709,"k":0,"d":170.8},"geometry":{"type":"MultiPolygon","coordinates":[[[[129.2940243,37.3091222],[129.29391,37.3091605],[129.2938659,37.3090424],[129.2939574,37.3090465],[129.2940081,37.309038],[129.2940243,37.3091222]]]]}},{"type":"Feature","properties":{"r":436,"k":0,"d":120.7},"geometry":{"type":"MultiPolygon","coordinates":[[[[129.293351,37.3092331],[129.2933431,37.3092621],[129.2932705,37.3092631],[129.2932347,37.3091659],[129.2932462,37.3091287],[129.2932574,37.3091282],[129.2933381,37.3091795],[129.2933518,37.3091839],[129.2933323,37.3092122],[129.293351,37.3092331]]]]}},{"type":"Feature","properties":{"r":283,"k":0,"d":96.7},"geometry":{"type":"MultiPolygon","coordinates":[[[[129.285007,37.3102868],[129.2849371,37.3102752],[129.2849646,37.3102204],[129.2852484,37.3098735],[129.2852543,37.3098917],[129.2852833,37.3098957],[129.2853301,37.3098455],[129.2852299,37.309998],[129.285076,37.3102141],[129.285007,37.3102868]]]]}},{"type":"Feature","properties":{"r":576,"k":0,"d":144.0},"geometry":{"type":"MultiPolygon","coordinates":[[[[129.2935919,37.3092019],[129.2935641,37.3092028],[129.2935468,37.3091694],[129.2935721,37.309154],[129.2935839,37.3091114],[129.2936158,37.3091101],[129.2936808,37.3091284],[129.293708,37.3091429],[129.2936715,37.3091824],[129.293654,37.3091901],[129.2935919,37.3092019]]]]}},{"type":"Feature","properties":{"r":185,"k":0,"d":78.9},"geometry":{"type":"MultiPolygon","coordinates":[[[[129.2871916,37.3092364],[129.2873674,37.3091621],[129.2874055,37.3091809],[129.2873897,37.3092052],[129.2872715,37.3092401],[129.2871916,37.3092364]]]]}},{"type":"Feature","properties":{"r":212,"k":0,"d":84.4},"geometry":{"type":"MultiPolygon","coordinates":[[[[129.28486,37.3103076],[129.2849371,37.3102752],[129.2851198,37.3103055],[129.2850919,37.3103748],[129.2848697,37.310354],[129.2848355,37.310372],[129.28486,37.3103076]]]]}},{"type":"Feature","properties":{"r":846,"k":0,"d":193.0},"geometry":{"type":"MultiPolygon","coordinates":[[[[129.2840122,37.3097706],[129.2840524,37.309679],[129.2841113,37.3095159],[129.2842468,37.3094702],[129.2843418,37.3095143],[129.2842361,37.3096212],[129.2842227,37.3096774],[129.2841962,37.3096965],[129.2840187,37.3097722],[129.2840122,37.3097706]]]]}},{"type":"Feature","properties":{"r":469,"k":0,"d":126.9},"geometry":{"type":"MultiPolygon","coordinates":[[[[129.2810495,37.3121239],[129.2811469,37.3120492],[129.2813206,37.3120942],[129.2813746,37.3120912],[129.2810884,37.3121845],[129.2810495,37.3121239]]]]}},{"type":"Feature","properties":{"r":379,"k":0,"d":109.5},"geometry":{"type":"MultiPolygon","coordinates":[[[[129.2928669,37.3090696],[129.2929753,37.3090552],[129.2929399,37.3091688],[129.2929232,37.3091783],[129.2928607,37.3091684],[129.2928762,37.3090894],[129.2928669,37.3090696]]]]}},{"type":"Feature","properties":{"r":847,"k":0,"d":193.8},"geometry":{"type":"MultiPolygon","coordinates":[[[[129.2894982,37.3077269],[129.2893922,37.3078],[129.2893629,37.3077748],[129.2893803,37.3076434],[129.2892784,37.3076228],[129.2892018,37.3075165],[129.2891747,37.3073999],[129.2891942,37.3073604],[129.289264,37.307308],[129.2893437,37.3072989],[129.2893934,37.3072211],[129.2894912,37.3072008],[129.2895681,37.3071536],[129.289626,37.3071854],[129.289738,37.3069973],[129.289758,37.306875],[129.2897603,37.3067417],[129.2897906,37.3065866],[129.2898572,37.30657],[129.2899967,37.3065852],[129.2899279,37.3066571],[129.2899349,37.3069715],[129.2898702,37.3070885],[129.2898246,37.3072513],[129.2897173,37.3075555],[129.289693,37.3075797],[129.2896134,37.3075679],[129.2895027,37.3076408],[129.2894982,37.3077269]]]]}},{"type":"Feature","properties":{"r":479,"k":0,"d":128.1},"geometry":{"type":"MultiPolygon","coordinates":[[[[129.2917574,37.308457],[129.2917931,37.3083578],[129.2917667,37.3081569],[129.2918669,37.3081527],[129.2918907,37.3081536],[129.2920202,37.3080634],[129.2921156,37.3081711],[129.2921377,37.3082054],[129.2921167,37.3082383],[129.2920759,37.3083384],[129.292052,37.3084142],[129.2919508,37.3084353],[129.2919169,37.3084738],[129.2917574,37.308457]]]]}},{"type":"Feature","properties":{"r":386,"k":0,"d":111.1},"geometry":{"type":"MultiPolygon","coordinates":[[[[129.2873478,37.3089023],[129.2872501,37.308884],[129.2871603,37.3088775],[129.2871065,37.3088803],[129.2870875,37.3088636],[129.2871126,37.3087572],[129.2872354,37.308777],[129.2873538,37.308784],[129.2873478,37.3089023]]]]}},{"type":"Feature","properties":{"r":162,"k":0,"d":72.4},"geometry":{"type":"MultiPolygon","coordinates":[[[[129.2832175,37.3120526],[129.2832092,37.3120389],[129.2832625,37.3120177],[129.2832175,37.3120526]]]]}},{"type":"Feature","properties":{"r":181,"k":0,"d":78.0},"geometry":{"type":"MultiPolygon","coordinates":[[[[129.2881783,37.3088992],[129.2882014,37.308862],[129.2883454,37.3088616],[129.288319,37.3089407],[129.2882797,37.3089237],[129.2881783,37.3088992]]]]}},{"type":"Feature","properties":{"r":396,"k":0,"d":113.2},"geometry":{"type":"MultiPolygon","coordinates":[[[[129.276579,37.315688],[129.2765619,37.3156891],[129.2765676,37.3156158],[129.2767933,37.3154677],[129.276579,37.315688]]]]}},{"type":"Feature","properties":{"r":617,"k":0,"d":152.3},"geometry":{"type":"MultiPolygon","coordinates":[[[[129.2772567,37.3141674],[129.2773106,37.314163],[129.277378,37.3141512],[129.2773956,37.3141276],[129.2774078,37.3140973],[129.2774955,37.3139429],[129.2776244,37.3137858],[129.2778294,37.313701],[129.2779753,37.3136597],[129.2782701,37.3138345],[129.2783336,37.3139181],[129.2772817,37.3145626],[129.2772899,37.3144638],[129.277254,37.3142147],[129.2772567,37.3141674]]]]}},{"type":"Feature","properties":{"r":604,"k":0,"d":148.8},"geometry":{"type":"MultiPolygon","coordinates":[[[[129.2779753,37.3136597],[129.278039,37.3136417],[129.2782071,37.3136067],[129.278265,37.313648],[129.2785764,37.3137409],[129.2785559,37.3137491],[129.2785,37.3138143],[129.2783336,37.3139181],[129.2782701,37.3138345],[129.2779753,37.3136597]]]]}},{"type":"Feature","properties":{"r":655,"k":0,"d":159.9},"geometry":{"type":"MultiPolygon","coordinates":[[[[129.274835,37.3152796],[129.274843,37.3152686],[129.2749557,37.3151939],[129.274983,37.3151891],[129.2750099,37.3152333],[129.2750152,37.3153474],[129.2749606,37.3153736],[129.2749474,37.3154665],[129.2749799,37.3154978],[129.2750268,37.3155296],[129.2750894,37.3157008],[129.2751679,37.3158156],[129.2752023,37.3159358],[129.2751021,37.3160071],[129.2750129,37.3159363],[129.2749654,37.315847],[129.2750136,37.3157563],[129.2750318,37.3157441],[129.2749091,37.3156271],[129.2749092,37.3155119],[129.2749191,37.3153885],[129.2748355,37.3152931],[129.274835,37.3152796]]]]}},{"type":"Feature","properties":{"r":329,"k":0,"d":102.5},"geometry":{"type":"MultiPolygon","coordinates":[[[[129.2789646,37.3139594],[129.2790211,37.3139108],[129.279039,37.3139288],[129.2788386,37.3141389],[129.2789646,37.3139594]]]]}},{"type":"Feature","properties":{"r":106,"k":0,"d":62.4},"geometry":{"type":"MultiPolygon","coordinates":[[[[129.2754487,37.3169076],[129.2754773,37.3169333],[129.27483,37.3173699],[129.2754487,37.3169076]]]]}},{"type":"Feature","properties":{"r":19,"k":0,"d":24.0},"geometry":{"type":"MultiPolygon","coordinates":[[[[129.2721578,37.3193559],[129.2724378,37.3192847],[129.2726954,37.319129],[129.2726799,37.3190859],[129.2727399,37.3190557],[129.2727468,37.3190636],[129.2728378,37.3191453],[129.2729265,37.3192285],[129.272755,37.3192982],[129.2725652,37.3194507],[129.2723679,37.3196153],[129.2722875,37.3195232],[129.2721578,37.3193559]]]]}},{"type":"Feature","properties":{"r":523,"k":0,"d":135.8},"geometry":{"type":"MultiPolygon","coordinates":[[[[129.273197,37.3177003],[129.2731797,37.3177048],[129.2731567,37.3177054],[129.2731431,37.3176152],[129.2731453,37.3175501],[129.2731559,37.3175492],[129.2731544,37.3174699],[129.2731386,37.317362],[129.273125,37.3173092],[129.2730744,37.3171751],[129.2730195,37.3171893],[129.2730021,37.3171336],[129.2731359,37.3170645],[129.2731078,37.316953],[129.2731155,37.3169261],[129.2732041,37.3169394],[129.2731959,37.3170045],[129.2731873,37.3171436],[129.2731404,37.3171625],[129.2731695,37.3173201],[129.2731889,37.3174728],[129.2731853,37.3175996],[129.273197,37.3177003]]]]}},{"type":"Feature","properties":{"r":221,"k":0,"d":85.2},"geometry":{"type":"MultiPolygon","coordinates":[[[[129.2731028,37.3183512],[129.2729732,37.3184452],[129.2728428,37.318336],[129.2728713,37.3183201],[129.2728515,37.3183037],[129.2729507,37.3182293],[129.2731028,37.3183512]]]]}},{"type":"Feature","properties":{"r":510,"k":0,"d":134.4},"geometry":{"type":"MultiPolygon","coordinates":[[[[129.2742759,37.3167249],[129.274398,37.3166392],[129.2744453,37.3166966],[129.2744435,37.3168072],[129.2742759,37.3167249]]]]}},{"type":"Feature","properties":{"r":585,"k":0,"d":145.8},"geometry":{"type":"MultiPolygon","coordinates":[[[[129.2726776,37.3179227],[129.2726137,37.3179318],[129.2726122,37.3179154],[129.2726606,37.3179055],[129.2726776,37.3179227]]]]}},{"type":"Feature","properties":{"r":58,"k":0,"d":47.4},"geometry":{"type":"MultiPolygon","coordinates":[[[[129.2707623,37.3203739],[129.2710382,37.3201893],[129.271095,37.3202356],[129.2711764,37.320336],[129.2711038,37.3204245],[129.2712462,37.320525],[129.2710156,37.3207204],[129.2707623,37.3203739]]]]}},{"type":"Feature","properties":{"r":288,"k":0,"d":97.6},"geometry":{"type":"MultiPolygon","coordinates":[[[[129.2708346,37.3201799],[129.2708208,37.3201647],[129.2709675,37.3200653],[129.27098,37.3200718],[129.2709648,37.3201294],[129.270899,37.3201477],[129.2708346,37.3201799]]]]}},{"type":"Feature","properties":{"r":694,"k":0,"d":168.8},"geometry":{"type":"MultiPolygon","coordinates":[[[[129.2723546,37.317668],[129.2723275,37.3177902],[129.2723449,37.3178897],[129.2719616,37.3179313],[129.2723546,37.317668]]]]}},{"type":"Feature","properties":{"r":831,"k":0,"d":191.3},"geometry":{"type":"MultiPolygon","coordinates":[[[[129.267328,37.3231535],[129.2672485,37.3231348],[129.2671619,37.3230947],[129.2670841,37.3232059],[129.2669929,37.3231181],[129.2671353,37.3230916],[129.2673276,37.3229883],[129.2673316,37.322997],[129.267323,37.3230913],[129.2673309,37.323153],[129.267328,37.3231535]]]]}},{"type":"Feature","properties":{"r":747,"k":0,"d":179.4},"geometry":{"type":"MultiPolygon","coordinates":[[[[129.2749966,37.3150341],[129.2750605,37.3149969],[129.2753163,37.3148818],[129.275355,37.3148989],[129.2753992,37.3148871],[129.2754459,37.3148234],[129.2756196,37.3148606],[129.2758669,37.3152176],[129.2756514,37.3152949],[129.2755836,37.3153762],[129.2754453,37.3154819],[129.2753126,37.3155306],[129.2752707,37.3156631],[129.2752337,37.3156424],[129.2751873,37.3155212],[129.2751842,37.3154578],[129.2752406,37.3153481],[129.2752457,37.3152774],[129.275301,37.315251],[129.2752891,37.3152308],[129.2753016,37.3152259],[129.2753566,37.3153572],[129.2755266,37.3153088],[129.2754404,37.3151116],[129.2752721,37.3151618],[129.2752561,37.3151753],[129.2752504,37.3151657],[129.2751092,37.3151664],[129.2750388,37.315179],[129.2749595,37.3151164],[129.2749966,37.3150341]]]]}},{"type":"Feature","properties":{"r":784,"k":0,"d":184.8},"geometry":{"type":"MultiPolygon","coordinates":[[[[129.2750537,37.315347],[129.2750731,37.3153468],[129.2751375,37.3153291],[129.2751962,37.315301],[129.2751902,37.315341],[129.2751599,37.3154035],[129.2751394,37.3154676],[129.27514,37.3155167],[129.2751745,37.3156302],[129.2751906,37.3156519],[129.2751883,37.3156536],[129.2751282,37.3155986],[129.275112,37.3155876],[129.2750653,37.3155154],[129.2750537,37.315347]]]]}},{"type":"Feature","properties":{"r":503,"k":0,"d":133.0},"geometry":{"type":"MultiPolygon","coordinates":[[[[129.2792983,37.3133666],[129.2794233,37.3132283],[129.2796342,37.3130532],[129.2796767,37.313042],[129.2794579,37.3132985],[129.2793665,37.3133792],[129.2793527,37.3133994],[129.2792983,37.3133666]]]]}},{"type":"Feature","properties":{"r":41,"k":0,"d":41.8},"geometry":{"type":"MultiPolygon","coordinates":[[[[129.2851746,37.3108051],[129.2852101,37.3107629],[129.2852507,37.3107402],[129.2852005,37.3108099],[129.2851746,37.3108051]]]]}},{"type":"Feature","properties":{"r":32,"k":0,"d":32.1},"geometry":{"type":"MultiPolygon","coordinates":[[[[129.2841614,37.311909],[129.2839093,37.3119793],[129.2839807,37.3118607],[129.2840867,37.311754],[129.28431,37.3117213],[129.2847484,37.3115594],[129.2841614,37.311909]]]]}},{"type":"Feature","properties":{"r":638,"k":0,"d":156.3},"geometry":{"type":"MultiPolygon","coordinates":[[[[129.2765501,37.3151906],[129.276511,37.3151419],[129.2765834,37.3151432],[129.2765824,37.3151831],[129.2765501,37.3151906]]]]}},{"type":"Feature","properties":{"r":482,"k":0,"d":128.8},"geometry":{"type":"MultiPolygon","coordinates":[[[[129.2795342,37.3123645],[129.2795706,37.3123437],[129.2796378,37.3123922],[129.2796508,37.3124471],[129.2798723,37.3127339],[129.2799929,37.3128001],[129.2801249,37.3127981],[129.2802522,37.3128575],[129.2802859,37.3128867],[129.2802376,37.3129263],[129.2802243,37.3129078],[129.2801492,37.3128784],[129.2797999,37.3130095],[129.2796342,37.3130532],[129.2794233,37.3132283],[129.2792548,37.313265],[129.2791586,37.3132814],[129.279042,37.3132645],[129.2787504,37.3133093],[129.278597,37.3132527],[129.2784878,37.3132449],[129.2784862,37.3132211],[129.2786346,37.3132419],[129.2787529,37.3132818],[129.2790732,37.3132375],[129.2792109,37.3132509],[129.2793814,37.313194],[129.2796243,37.3130204],[129.2796929,37.3129891],[129.2797896,37.3129645],[129.2800189,37.3128827],[129.2798313,37.3127726],[129.2795953,37.3124523],[129.279592,37.3124034],[129.2795342,37.3123645]]]]}},{"type":"Feature","properties":{"r":411,"k":0,"d":115.8},"geometry":{"type":"MultiPolygon","coordinates":[[[[129.2862752,37.3094121],[129.2861835,37.3094124],[129.286187,37.3092997],[129.286225,37.3092506],[129.2863522,37.309316],[129.2862752,37.3094121]]]]}},{"type":"Feature","properties":{"r":189,"k":0,"d":81.6},"geometry":{"type":"MultiPolygon","coordinates":[[[[129.2863163,37.3098173],[129.286242,37.3097328],[129.2863154,37.3096896],[129.2863339,37.3096833],[129.286305,37.3096048],[129.2863813,37.3095788],[129.2863986,37.3096337],[129.2864476,37.309702],[129.2863163,37.3098173]]]]}},{"type":"Feature","properties":{"r":710,"k":0,"d":170.9},"geometry":{"type":"MultiPolygon","coordinates":[[[[129.2932576,37.308708],[129.2932939,37.3086417],[129.2933118,37.3086247],[129.2934639,37.3086154],[129.2934883,37.3086691],[129.2934646,37.3086743],[129.2934614,37.3086906],[129.2933955,37.3086867],[129.2933277,37.3087066],[129.2933344,37.3087315],[129.2932576,37.308708]]]]}},{"type":"Feature","properties":{"r":700,"k":0,"d":169.4},"geometry":{"type":"MultiPolygon","coordinates":[[[[129.2856591,37.3091482],[129.2857315,37.3090195],[129.2857631,37.3088634],[129.2858064,37.3088584],[129.2857762,37.3090087],[129.285792,37.309051],[129.2857625,37.3091249],[129.2857466,37.3091473],[129.2856591,37.3091482]]]]}},{"type":"Feature","properties":{"r":531,"k":0,"d":136.7},"geometry":{"type":"MultiPolygon","coordinates":[[[[129.2903999,37.3081571],[129.2903445,37.3081613],[129.2902902,37.3081732],[129.290296,37.3081991],[129.2902744,37.3082045],[129.2902399,37.3081195],[129.2901202,37.3081518],[129.2901558,37.3080945],[129.2902873,37.3080013],[129.2903706,37.3078916],[129.2905173,37.3079143],[129.2906668,37.3079091],[129.2906617,37.3080143],[129.2906171,37.3080793],[129.2905422,37.3080603],[129.2904954,37.3080722],[129.2905318,37.3081173],[129.2904948,37.3081309],[129.2903999,37.3081571]]]]}},{"type":"Feature","properties":{"r":98,"k":0,"d":60.0},"geometry":{"type":"MultiPolygon","coordinates":[[[[129.2883478,37.3090507],[129.2884781,37.3090158],[129.288504,37.3090363],[129.2883695,37.309098],[129.2883478,37.3090507]]]]}},{"type":"Feature","properties":{"r":208,"k":0,"d":84.0},"geometry":{"type":"MultiPolygon","coordinates":[[[[129.29219,37.3091103],[129.2922314,37.3090467],[129.2922581,37.3089145],[129.292199,37.3088316],[129.2921052,37.308785],[129.2920235,37.3087509],[129.2919692,37.3086398],[129.292052,37.3084142],[129.2921963,37.3084145],[129.2923816,37.3084248],[129.2923868,37.3085162],[129.2924474,37.3085719],[129.2924723,37.3086224],[129.2924394,37.3086434],[129.2924283,37.3087281],[129.2924485,37.3088227],[129.2924071,37.3089217],[129.2923581,37.3089993],[129.2923598,37.3090805],[129.2923729,37.3092002],[129.2923176,37.3092146],[129.2922622,37.3092058],[129.29219,37.3091103]]]]}},{"type":"Feature","properties":{"r":111,"k":0,"d":63.9},"geometry":{"type":"MultiPolygon","coordinates":[[[[129.2876334,37.3092032],[129.2876169,37.3091851],[129.2876593,37.3091109],[129.2877192,37.3091031],[129.2877804,37.3091729],[129.287815,37.3092052],[129.2877431,37.3092312],[129.287687,37.3092242],[129.2876334,37.3092032]]]]}},{"type":"Feature","properties":{"r":183,"k":0,"d":78.2},"geometry":{"type":"MultiPolygon","coordinates":[[[[129.2755173,37.3166097],[129.275681,37.3164728],[129.2756722,37.3165192],[129.2755314,37.3166993],[129.275489,37.3166754],[129.2755173,37.3166097]]]]}},{"type":"Feature","properties":{"r":852,"k":0,"d":194.3},"geometry":{"type":"MultiPolygon","coordinates":[[[[129.2772565,37.3141709],[129.2772328,37.3141728],[129.2771898,37.3142016],[129.2771902,37.3141146],[129.2771473,37.3140735],[129.2770137,37.3139559],[129.2769545,37.313845],[129.2769656,37.3138142],[129.2769068,37.3137265],[129.2768437,37.3136086],[129.2769057,37.313602],[129.2769936,37.3137275],[129.2770302,37.3139024],[129.2772595,37.3141194],[129.2772565,37.3141709]]]]}},{"type":"Feature","properties":{"r":343,"k":0,"d":104.4},"geometry":{"type":"MultiPolygon","coordinates":[[[[129.2758034,37.3161883],[129.2756227,37.3161681],[129.2756269,37.3161402],[129.2756916,37.3161463],[129.2758034,37.3161883]]]]}},{"type":"Feature","properties":{"r":186,"k":0,"d":79.1},"geometry":{"type":"MultiPolygon","coordinates":[[[[129.2721916,37.3188732],[129.2722794,37.318794],[129.272273,37.3187864],[129.2723004,37.3187705],[129.2723826,37.3188398],[129.2724319,37.3188975],[129.2724415,37.3189159],[129.2723176,37.3189775],[129.2721931,37.3188904],[129.2721916,37.3188732]]]]}},{"type":"Feature","properties":{"r":361,"k":0,"d":107.3},"geometry":{"type":"MultiPolygon","coordinates":[[[[129.2739947,37.3173681],[129.2740094,37.3173827],[129.2740559,37.3174499],[129.2737413,37.3175815],[129.2733969,37.3176823],[129.2732027,37.3177498],[129.273197,37.3177003],[129.2732955,37.3176746],[129.273392,37.3176261],[129.2735719,37.3175166],[129.2737371,37.3173941],[129.2738674,37.3173024],[129.2739243,37.3172942],[129.2739947,37.3173681]]]]}},{"type":"Feature","properties":{"r":55,"k":0,"d":46.5},"geometry":{"type":"MultiPolygon","coordinates":[[[[129.2726954,37.319129],[129.2724378,37.3192847],[129.2722404,37.3193349],[129.2726311,37.319081],[129.2726954,37.319129]]]]}},{"type":"Feature","properties":{"r":603,"k":0,"d":148.8},"geometry":{"type":"MultiPolygon","coordinates":[[[[129.2703498,37.3199521],[129.2702842,37.3198925],[129.2702161,37.3198665],[129.2701755,37.3198405],[129.2701235,37.3198135],[129.2701301,37.3198089],[129.2702433,37.3198431],[129.2704144,37.319841],[129.270477,37.3198105],[129.2705185,37.3198377],[129.2703498,37.3199521]]]]}},{"type":"Feature","properties":{"r":856,"k":0,"d":195.0},"geometry":{"type":"MultiPolygon","coordinates":[[[[129.2702359,37.3184031],[129.2701497,37.3183416],[129.2700971,37.3183322],[129.2701437,37.3183247],[129.2706801,37.3182707],[129.2713124,37.3181984],[129.2715166,37.3181777],[129.2712512,37.3182261],[129.2705696,37.318325],[129.2702359,37.3184031]]]]}},{"type":"Feature","properties":{"r":198,"k":0,"d":82.6},"geometry":{"type":"MultiPolygon","coordinates":[[[[129.2710849,37.3202272],[129.2710382,37.3201893],[129.2711404,37.3201188],[129.2710849,37.3202272]]]]}},{"type":"Feature","properties":{"r":70,"k":0,"d":51.6},"geometry":{"type":"MultiPolygon","coordinates":[[[[129.2710849,37.3202272],[129.2711404,37.3201188],[129.2717863,37.319665],[129.2721867,37.3193932],[129.2722875,37.3195232],[129.2719737,37.3197045],[129.2717846,37.3198643],[129.2717212,37.3198889],[129.271486,37.3200941],[129.2711764,37.320336],[129.271095,37.3202356],[129.2710849,37.3202272]]]]}},{"type":"Feature","properties":{"r":124,"k":0,"d":66.4},"geometry":{"type":"MultiPolygon","coordinates":[[[[129.2712203,37.3198954],[129.2719185,37.3194009],[129.271942,37.3194296],[129.2719975,37.3194651],[129.2721578,37.3193559],[129.2721867,37.3193932],[129.2717863,37.319665],[129.2711404,37.3201188],[129.271175,37.3200472],[129.2712405,37.319988],[129.2712203,37.3198954]]]]}},{"type":"Feature","properties":{"r":501,"k":0,"d":132.6},"geometry":{"type":"MultiPolygon","coordinates":[[[[129.271329,37.3189659],[129.2713323,37.3188461],[129.2713147,37.3187943],[129.2714776,37.3188344],[129.2715795,37.3187936],[129.2716552,37.318854],[129.2716759,37.3189292],[129.271647,37.3189694],[129.271597,37.3189924],[129.2715589,37.3189974],[129.2714473,37.3189411],[129.271329,37.3189659]]]]}},{"type":"Feature","properties":{"r":300,"k":0,"d":99.0},"geometry":{"type":"MultiPolygon","coordinates":[[[[129.271711,37.3190495],[129.2717673,37.3190064],[129.2719012,37.3191036],[129.2719388,37.3191387],[129.2719442,37.3191578],[129.2718765,37.3191542],[129.271824,37.3191341],[129.2718189,37.3191381],[129.271711,37.3190495]]]]}},{"type":"Feature","properties":{"r":888,"k":0,"d":199.0},"geometry":{"type":"MultiPolygon","coordinates":[[[[129.267161,37.3233183],[129.2671453,37.3233216],[129.2671244,37.323287],[129.2669612,37.3231316],[129.2669929,37.3231181],[129.2670841,37.3232059],[129.2671615,37.3232927],[129.267161,37.3233183]]]]}},{"type":"Feature","properties":{"r":743,"k":0,"d":178.9},"geometry":{"type":"MultiPolygon","coordinates":[[[[129.2671788,37.3239167],[129.2671234,37.3238818],[129.2671904,37.3237762],[129.2672594,37.3237967],[129.2671788,37.3239167]]]]}},{"type":"Feature","properties":{"r":586,"k":0,"d":146.0},"geometry":{"type":"MultiPolygon","coordinates":[[[[129.2796691,37.312965],[129.279918,37.3128235],[129.2799935,37.3128678],[129.2798326,37.3129492],[129.2797896,37.3129645],[129.2796929,37.3129891],[129.2796691,37.312965]]]]}},{"type":"Feature","properties":{"r":758,"k":0,"d":181.3},"geometry":{"type":"MultiPolygon","coordinates":[[[[129.2749654,37.315847],[129.2749573,37.3158316],[129.2749091,37.3156489],[129.2749091,37.3156271],[129.2750318,37.3157441],[129.2750136,37.3157563],[129.2749654,37.315847]]]]}},{"type":"Feature","properties":{"r":420,"k":0,"d":118.0},"geometry":{"type":"MultiPolygon","coordinates":[[[[129.2853301,37.3098455],[129.2852833,37.3098957],[129.2852543,37.3098917],[129.2852353,37.3098331],[129.2852797,37.3097193],[129.2853842,37.3096183],[129.2853813,37.309598],[129.2855639,37.3093067],[129.2856241,37.3092918],[129.2856521,37.3093176],[129.2853301,37.3098455]]]]}},{"type":"Feature","properties":{"r":422,"k":0,"d":118.2},"geometry":{"type":"MultiPolygon","coordinates":[[[[129.2814906,37.3121126],[129.2814589,37.3121308],[129.2813994,37.3121727],[129.2813219,37.3122007],[129.2811768,37.3122651],[129.2811286,37.3122471],[129.281123,37.3122383],[129.2813704,37.3121531],[129.2814906,37.3121126]]]]}},{"type":"Feature","properties":{"r":643,"k":0,"d":157.1},"geometry":{"type":"MultiPolygon","coordinates":[[[[129.2851779,37.309359],[129.2852043,37.309355],[129.285236,37.3093833],[129.2853142,37.3093382],[129.2854289,37.3093316],[129.2853236,37.3094707],[129.2853151,37.309467],[129.2851779,37.309359]]]]}},{"type":"Feature","properties":{"r":525,"k":0,"d":135.9},"geometry":{"type":"MultiPolygon","coordinates":[[[[129.2816245,37.3117405],[129.2816235,37.3117255],[129.2817944,37.3117592],[129.281796,37.3117661],[129.2817054,37.3117648],[129.2816245,37.3117405]]]]}},{"type":"Feature","properties":{"r":634,"k":0,"d":154.9},"geometry":{"type":"MultiPolygon","coordinates":[[[[129.2933888,37.3089364],[129.2933299,37.3089102],[129.2932794,37.3088732],[129.2932163,37.3088121],[129.2932447,37.3087351],[129.2933316,37.3087554],[129.2934306,37.308797],[129.2934809,37.308803],[129.293438,37.308881],[129.2934207,37.3089417],[129.2933888,37.3089364]]]]}},{"type":"Feature","properties":{"r":757,"k":0,"d":180.9},"geometry":{"type":"MultiPolygon","coordinates":[[[[129.2855398,37.3089412],[129.2855571,37.30894],[129.2855791,37.3089225],[129.2855858,37.3089711],[129.2855423,37.3091453],[129.2855398,37.3091494],[129.2854867,37.30915],[129.2855053,37.3091356],[129.2855443,37.3091001],[129.2855671,37.3090081],[129.2855398,37.3089412]]]]}},{"type":"Feature","properties":{"r":389,"k":0,"d":111.5},"geometry":{"type":"MultiPolygon","coordinates":[[[[129.2913587,37.3084756],[129.2912607,37.3084508],[129.2910938,37.3083114],[129.2909777,37.3083223],[129.2908212,37.3082098],[129.2908311,37.3082013],[129.2908442,37.3081636],[129.2909159,37.3081415],[129.2909287,37.3081453],[129.2910289,37.308106],[129.2912628,37.3081888],[129.2913884,37.3083002],[129.2913915,37.3084433],[129.2913587,37.3084756]]]]}},{"type":"Feature","properties":{"r":63,"k":0,"d":48.6},"geometry":{"type":"MultiPolygon","coordinates":[[[[129.2869349,37.3096962],[129.2871177,37.309586],[129.2871586,37.3095782],[129.2871359,37.3095951],[129.2869242,37.3097621],[129.2869349,37.3096962]]]]}},{"type":"Feature","properties":{"r":144,"k":0,"d":69.5},"geometry":{"type":"MultiPolygon","coordinates":[[[[129.2872462,37.309357],[129.2871173,37.3093921],[129.2870487,37.3092901],[129.2871122,37.3093016],[129.2871564,37.3092944],[129.2871996,37.3092629],[129.287265,37.3092624],[129.2872462,37.309357]]]]}},{"type":"Feature","properties":{"r":259,"k":0,"d":93.6},"geometry":{"type":"MultiPolygon","coordinates":[[[[129.2868594,37.3092048],[129.2868179,37.3090979],[129.2868597,37.3090867],[129.2870027,37.3090676],[129.2870236,37.3091239],[129.2870607,37.3091485],[129.2870222,37.3092087],[129.2868594,37.3092048]]]]}},{"type":"Feature","properties":{"r":15,"k":0,"d":22.6},"geometry":{"type":"MultiPolygon","coordinates":[[[[129.2864282,37.3101514],[129.2863692,37.3101793],[129.2860595,37.3104298],[129.2859165,37.3105935],[129.2858796,37.3106119],[129.2858183,37.3105302],[129.285953,37.3104361],[129.2862064,37.3102267],[129.2863926,37.3101315],[129.2864282,37.3101514]]]]}},{"type":"Feature","properties":{"r":76,"k":0,"d":52.5},"geometry":{"type":"MultiPolygon","coordinates":[[[[129.2855951,37.3104343],[129.285539,37.3103809],[129.2855394,37.3102837],[129.2858494,37.3100582],[129.2859313,37.3098786],[129.2858071,37.309777],[129.2856294,37.3096676],[129.2856373,37.3096558],[129.2858325,37.3097749],[129.2859379,37.3098621],[129.2859692,37.3097173],[129.2860405,37.3094667],[129.2862748,37.3094271],[129.2862723,37.3094531],[129.2861614,37.3094779],[129.2861067,37.3095046],[129.2860178,37.3096873],[129.2860392,37.3097528],[129.2859652,37.3099381],[129.2859155,37.3100576],[129.2859365,37.3100852],[129.2857405,37.3102552],[129.2855951,37.3104343]]]]}},{"type":"Feature","properties":{"r":448,"k":0,"d":122.8},"geometry":{"type":"MultiPolygon","coordinates":[[[[129.2856373,37.3096558],[129.2855492,37.3096066],[129.2856582,37.3095138],[129.2857069,37.3094795],[129.2857448,37.3095247],[129.2857956,37.3095686],[129.2856718,37.3096769],[129.2856373,37.3096558]]]]}},{"type":"Feature","properties":{"r":151,"k":0,"d":70.8},"geometry":{"type":"MultiPolygon","coordinates":[[[[129.2860249,37.3099975],[129.2859652,37.3099381],[129.2860392,37.3097528],[129.2861971,37.3099297],[129.2860727,37.3100452],[129.2860249,37.3099975]]]]}},{"type":"Feature","properties":{"r":382,"k":0,"d":110.1},"geometry":{"type":"MultiPolygon","coordinates":[[[[129.2767933,37.3154677],[129.2769156,37.3153937],[129.2770855,37.3153052],[129.2772722,37.3151977],[129.2773349,37.3151516],[129.2773618,37.3151662],[129.2773327,37.3151893],[129.2770955,37.3153207],[129.2767013,37.3155929],[129.2766023,37.3156864],[129.276579,37.315688],[129.2767933,37.3154677]]]]}},{"type":"Feature","properties":{"r":453,"k":0,"d":124.6},"geometry":{"type":"MultiPolygon","coordinates":[[[[129.2932072,37.3091569],[129.2931005,37.3091173],[129.2930542,37.3090702],[129.2931706,37.3090291],[129.2932269,37.3090835],[129.293227,37.3091074],[129.2932207,37.3091297],[129.2932072,37.3091569]]]]}},{"type":"Feature","properties":{"r":39,"k":0,"d":40.6},"geometry":{"type":"MultiPolygon","coordinates":[[[[129.2851041,37.3107921],[129.2852005,37.3108099],[129.285145,37.3108633],[129.2851063,37.3109031],[129.2850726,37.3109226],[129.2850353,37.3109229],[129.2850694,37.3107856],[129.2851041,37.3107921]]]]}},{"type":"Feature","properties":{"r":314,"k":0,"d":100.7},"geometry":{"type":"MultiPolygon","coordinates":[[[[129.2802709,37.3131554],[129.2803039,37.313144],[129.2800705,37.3133216],[129.2802232,37.3131965],[129.2802709,37.3131554]]]]}},{"type":"Feature","properties":{"r":131,"k":0,"d":67.6},"geometry":{"type":"MultiPolygon","coordinates":[[[[129.2725987,37.3189343],[129.2725573,37.3188654],[129.2725271,37.3188365],[129.2724454,37.3187043],[129.2724583,37.3186656],[129.2724847,37.3186405],[129.2727243,37.3188434],[129.2725987,37.3189343]]]]}},{"type":"Feature","properties":{"r":402,"k":0,"d":113.8},"geometry":{"type":"MultiPolygon","coordinates":[[[[129.2730154,37.3179429],[129.2732176,37.3178426],[129.2732533,37.3179227],[129.2730965,37.3179632],[129.272954,37.3179733],[129.2730154,37.3179429]]]]}},{"type":"Feature","properties":{"r":796,"k":0,"d":185.9},"geometry":{"type":"MultiPolygon","coordinates":[[[[129.2724032,37.3176034],[129.2724233,37.317622],[129.2723949,37.3176411],[129.2724032,37.3176034]]]]}},{"type":"Feature","properties":{"r":571,"k":0,"d":142.9},"geometry":{"type":"MultiPolygon","coordinates":[[[[129.2724616,37.3180219],[129.2724658,37.3180042],[129.2724379,37.3179569],[129.2726137,37.3179318],[129.2726199,37.3179993],[129.2724616,37.3180219]]]]}},{"type":"Feature","properties":{"r":618,"k":0,"d":152.7},"geometry":{"type":"MultiPolygon","coordinates":[[[[129.2722586,37.3180617],[129.2724034,37.3180407],[129.2723425,37.318082],[129.2722586,37.3180617]]]]}},{"type":"Feature","properties":{"r":305,"k":0,"d":99.5},"geometry":{"type":"MultiPolygon","coordinates":[[[[129.2722644,37.3185399],[129.2724151,37.3184208],[129.2724889,37.3183731],[129.2725159,37.3183977],[129.2726409,37.3184925],[129.2725287,37.3185988],[129.2724424,37.3185446],[129.2723414,37.3185996],[129.2722644,37.3185399]]]]}},{"type":"Feature","properties":{"r":475,"k":0,"d":127.5},"geometry":{"type":"MultiPolygon","coordinates":[[[[129.2705175,37.3201157],[129.2704128,37.3200899],[129.270331,37.3200492],[129.2705722,37.3198732],[129.2706033,37.3199347],[129.2705563,37.3199921],[129.2705665,37.3200882],[129.2705175,37.3201157]]]]}},{"type":"Feature","properties":{"r":803,"k":0,"d":187.0},"geometry":{"type":"MultiPolygon","coordinates":[[[[129.2716878,37.3181433],[129.2713476,37.318181],[129.2715088,37.3181015],[129.2716181,37.3180896],[129.2716373,37.3181004],[129.2716878,37.3181433]]]]}},{"type":"Feature","properties":{"r":516,"k":0,"d":135.0},"geometry":{"type":"MultiPolygon","coordinates":[[[[129.2714011,37.3186552],[129.2714159,37.3186043],[129.2715462,37.3185405],[129.2718108,37.3184001],[129.271859,37.3184089],[129.2718405,37.3184762],[129.2718861,37.3185803],[129.2719036,37.3186435],[129.2717618,37.3186182],[129.2715737,37.3186272],[129.2714011,37.3186552]]]]}},{"type":"Feature","properties":{"r":518,"k":0,"d":135.1},"geometry":{"type":"MultiPolygon","coordinates":[[[[129.271297,37.3189708],[129.2713007,37.319055],[129.2713908,37.3192178],[129.2713421,37.3192505],[129.2711549,37.3193505],[129.2712065,37.3192654],[129.2712778,37.3192045],[129.2712054,37.3191613],[129.2711241,37.3190892],[129.271144,37.3189408],[129.2712153,37.3189339],[129.2712236,37.319007],[129.271297,37.3189708]]]]}},{"type":"Feature","properties":{"r":837,"k":0,"d":191.9},"geometry":{"type":"MultiPolygon","coordinates":[[[[129.2680166,37.3217103],[129.2679867,37.3216849],[129.2678313,37.3215352],[129.2677834,37.3214935],[129.2676763,37.3212947],[129.2678234,37.3213469],[129.2680285,37.3215353],[129.2680136,37.321683],[129.2680166,37.3217103]]]]}},{"type":"Feature","properties":{"r":727,"k":0,"d":174.5},"geometry":{"type":"MultiPolygon","coordinates":[[[[129.2671551,37.3252372],[129.26713,37.3251952],[129.2671644,37.3250567],[129.2671824,37.3250658],[129.267211,37.3250023],[129.267299,37.3250538],[129.2672939,37.3250952],[129.2673074,37.3251025],[129.2673029,37.3251304],[129.2673409,37.3251511],[129.2671551,37.3252372]]]]}},{"type":"Feature","properties":{"r":771,"k":0,"d":183.2},"geometry":{"type":"MultiPolygon","coordinates":[[[[129.2751962,37.315301],[129.2752457,37.3152774],[129.2752406,37.3153481],[129.2751842,37.3154578],[129.2751873,37.3155212],[129.2752337,37.3156424],[129.2752167,37.3156329],[129.2751906,37.3156519],[129.2751745,37.3156302],[129.27514,37.3155167],[129.2751394,37.3154676],[129.2751599,37.3154035],[129.2751902,37.315341],[129.2751962,37.315301]]]]}},{"type":"Feature","properties":{"r":894,"k":0,"d":199.2},"geometry":{"type":"MultiPolygon","coordinates":[[[[129.2781171,37.313412],[129.278102,37.3134052],[129.2780921,37.3133709],[129.2777929,37.3132757],[129.2776932,37.3131649],[129.2777143,37.3130619],[129.2778814,37.3130755],[129.2780896,37.3131844],[129.2782356,37.313227],[129.2783286,37.3132335],[129.2783181,37.3133113],[129.2781171,37.313412]]]]}},{"type":"Feature","properties":{"r":761,"k":0,"d":181.8},"geometry":{"type":"MultiPolygon","coordinates":[[[[129.2783231,37.313492],[129.2783227,37.3135302],[129.2782419,37.3135995],[129.2782071,37.3136067],[129.2779992,37.3134584],[129.278102,37.3134052],[129.2782927,37.3134914],[129.2783231,37.313492]]]]}},{"type":"Feature","properties":{"r":858,"k":0,"d":195.2},"geometry":{"type":"MultiPolygon","coordinates":[[[[129.2809231,37.3107677],[129.2811398,37.3107547],[129.2811633,37.3108546],[129.2812653,37.311013],[129.2813222,37.31095],[129.2814131,37.3109678],[129.281426,37.3110688],[129.2815229,37.3112404],[129.2814491,37.3113045],[129.2813638,37.3113396],[129.2811448,37.3114622],[129.2809642,37.3111731],[129.2809231,37.3107677]]]]}},{"type":"Feature","properties":{"r":187,"k":0,"d":80.8},"geometry":{"type":"MultiPolygon","coordinates":[[[[129.2873674,37.3091621],[129.2874442,37.3091296],[129.2874055,37.3091809],[129.2873674,37.3091621]]]]}},{"type":"Feature","properties":{"r":528,"k":0,"d":136.4},"geometry":{"type":"MultiPolygon","coordinates":[[[[129.2899095,37.3082313],[129.290012,37.308181],[129.2901202,37.3081518],[129.2900872,37.308205],[129.2901058,37.3082188],[129.2900753,37.3082197],[129.2899415,37.3082459],[129.2899095,37.3082313]]]]}},{"type":"Feature","properties":{"r":555,"k":0,"d":139.9},"geometry":{"type":"MultiPolygon","coordinates":[[[[129.2878821,37.3084689],[129.2874369,37.3084128],[129.2873358,37.3084016],[129.2873455,37.308214],[129.2873598,37.3081736],[129.2874369,37.3081355],[129.2875148,37.308094],[129.2876483,37.3081206],[129.2876003,37.3082835],[129.2878257,37.308306],[129.2878447,37.3083717],[129.2879016,37.3083726],[129.2878821,37.3084689]]]]}},{"type":"Feature","properties":{"r":720,"k":0,"d":172.4},"geometry":{"type":"MultiPolygon","coordinates":[[[[129.2873415,37.3083076],[129.287221,37.3083074],[129.2872454,37.3082132],[129.2873447,37.3080965],[129.2873598,37.3081736],[129.2873455,37.308214],[129.2873415,37.3083076]]]]}},{"type":"Feature","properties":{"r":609,"k":0,"d":150.0},"geometry":{"type":"MultiPolygon","coordinates":[[[[129.2937973,37.3092834],[129.2937017,37.309251],[129.2937717,37.309168],[129.293786,37.3091275],[129.2937751,37.3090594],[129.2937491,37.308988],[129.2936736,37.3088746],[129.293707,37.3089008],[129.2937554,37.3089235],[129.2937935,37.3089767],[129.2938464,37.309094],[129.2938456,37.3091596],[129.2937973,37.3092834]]]]}},{"type":"Feature","properties":{"r":348,"k":0,"d":104.9},"geometry":{"type":"MultiPolygon","coordinates":[[[[129.2873474,37.3089396],[129.2873478,37.3089023],[129.2873538,37.308784],[129.2874012,37.308687],[129.2874372,37.3087117],[129.2875138,37.3087503],[129.2875183,37.3088436],[129.2875079,37.3088836],[129.2874044,37.3089431],[129.2873474,37.3089396]]]]}},{"type":"Feature","properties":{"r":292,"k":0,"d":98.2},"geometry":{"type":"MultiPolygon","coordinates":[[[[129.2762823,37.3159619],[129.276195,37.3160394],[129.276049,37.3160987],[129.2762211,37.3159362],[129.2762823,37.3159619]]]]}},{"type":"Feature","properties":{"r":47,"k":0,"d":44.2},"geometry":{"type":"MultiPolygon","coordinates":[[[[129.2749653,37.3174765],[129.275368,37.3171799],[129.2755005,37.3169542],[129.2755269,37.3169823],[129.2753777,37.3172242],[129.274945,37.317517],[129.2743606,37.317736],[129.2740604,37.3178345],[129.2734125,37.31789],[129.2733574,37.3178474],[129.2741309,37.3177683],[129.2749352,37.3174987],[129.2749653,37.3174765]]]]}},{"type":"Feature","properties":{"r":316,"k":0,"d":101.0},"geometry":{"type":"MultiPolygon","coordinates":[[[[129.2724889,37.3183731],[129.272496,37.3183685],[129.2726,37.3183785],[129.2726876,37.3184483],[129.2726409,37.3184925],[129.2725159,37.3183977],[129.2724889,37.3183731]]]]}},{"type":"Feature","properties":{"r":149,"k":0,"d":70.6},"geometry":{"type":"MultiPolygon","coordinates":[[[[129.2746412,37.3172498],[129.274681,37.3172529],[129.2747869,37.3173361],[129.274646,37.3173755],[129.2744593,37.3173585],[129.2744148,37.3173027],[129.2745393,37.3172421],[129.2746412,37.3172498]]]]}},{"type":"Feature","properties":{"r":483,"k":0,"d":128.9},"geometry":{"type":"MultiPolygon","coordinates":[[[[129.2726606,37.3179055],[129.2727548,37.3178416],[129.2728808,37.3178144],[129.2729888,37.3177941],[129.273135,37.3178239],[129.2730268,37.3178712],[129.2726776,37.3179227],[129.2726606,37.3179055]]]]}},{"type":"Feature","properties":{"r":317,"k":0,"d":101.1},"geometry":{"type":"MultiPolygon","coordinates":[[[[129.2704863,37.3203919],[129.2708208,37.3201647],[129.2708346,37.3201799],[129.2707082,37.3202998],[129.2705567,37.3203757],[129.2704863,37.3203919]]]]}},{"type":"Feature","properties":{"r":247,"k":0,"d":89.5},"geometry":{"type":"MultiPolygon","coordinates":[[[[129.2710775,37.3199908],[129.2712203,37.3198954],[129.2712405,37.319988],[129.271175,37.3200472],[129.2710881,37.3200372],[129.2710775,37.3199908]]]]}},{"type":"Feature","properties":{"r":374,"k":0,"d":108.2},"geometry":{"type":"MultiPolygon","coordinates":[[[[129.2712393,37.3193693],[129.2713863,37.3192919],[129.271467,37.3193365],[129.2714182,37.3193593],[129.2714004,37.3194121],[129.2714873,37.3195059],[129.2714306,37.3195216],[129.2712393,37.3193693]]]]}},{"type":"Feature","properties":{"r":384,"k":0,"d":110.5},"geometry":{"type":"MultiPolygon","coordinates":[[[[129.2700357,37.3206924],[129.2699537,37.3207462],[129.2699036,37.3207323],[129.2699274,37.3206245],[129.2699906,37.3206347],[129.2699925,37.3206628],[129.2700145,37.3206849],[129.2700357,37.3206924]]]]}},{"type":"Feature","properties":{"r":35,"k":0,"d":35.5},"geometry":{"type":"MultiPolygon","coordinates":[[[[129.268983,37.3217603],[129.269067,37.3216464],[129.2692183,37.3217477],[129.269353,37.3218259],[129.2693825,37.3217715],[129.2695203,37.3216402],[129.2700104,37.3213274],[129.2701452,37.3213483],[129.2703663,37.3214085],[129.2700681,37.3217212],[129.2695839,37.3220497],[129.2694734,37.3220732],[129.2690334,37.3223088],[129.2689455,37.3222012],[129.2690425,37.3219163],[129.268983,37.3217603]]]]}},{"type":"Feature","properties":{"r":801,"k":0,"d":186.5},"geometry":{"type":"MultiPolygon","coordinates":[[[[129.2943875,37.3094483],[129.2943369,37.3094413],[129.2942818,37.3093951],[129.2943426,37.3093269],[129.2943667,37.3093096],[129.2943948,37.3093108],[129.294442,37.3093397],[129.2944671,37.3093409],[129.2944719,37.3093772],[129.2943875,37.3094483]]]]}},{"type":"Feature","properties":{"r":214,"k":0,"d":84.5},"geometry":{"type":"MultiPolygon","coordinates":[[[[129.2876064,37.3090564],[129.2874739,37.3091199],[129.2875023,37.3090593],[129.2875382,37.3090338],[129.2875948,37.3090482],[129.2876064,37.3090564]]]]}},{"type":"Feature","properties":{"r":452,"k":0,"d":124.5},"geometry":{"type":"MultiPolygon","coordinates":[[[[129.2894686,37.3084224],[129.2893719,37.3082586],[129.289387,37.3081607],[129.2894787,37.3081322],[129.2895441,37.3080732],[129.2895712,37.3080875],[129.2895499,37.3081593],[129.2897705,37.3082598],[129.2898164,37.3082065],[129.2899038,37.3082287],[129.2899095,37.3082313],[129.289841,37.308265],[129.2896376,37.3083607],[129.2894686,37.3084224]]]]}},{"type":"Feature","properties":{"r":800,"k":0,"d":186.2},"geometry":{"type":"MultiPolygon","coordinates":[[[[129.2920418,37.307985],[129.2920842,37.3078314],[129.2922938,37.3078305],[129.2924423,37.3078692],[129.2924289,37.3079141],[129.2923295,37.3079121],[129.2921924,37.3079336],[129.2921255,37.3079671],[129.2920418,37.307985]]]]}},{"type":"Feature","properties":{"r":667,"k":0,"d":162.6},"geometry":{"type":"MultiPolygon","coordinates":[[[[129.2939689,37.3091719],[129.2940028,37.3093098],[129.2939219,37.3093075],[129.293888,37.3092545],[129.2938855,37.3091852],[129.2939689,37.3091719]]]]}},{"type":"Feature","properties":{"r":99,"k":0,"d":60.0},"geometry":{"type":"MultiPolygon","coordinates":[[[[129.2816567,37.312519],[129.2818112,37.3124381],[129.2819346,37.3123362],[129.2820308,37.3121778],[129.2820582,37.3124378],[129.281707,37.312586],[129.2816567,37.312519]]]]}},{"type":"Feature","properties":{"r":496,"k":0,"d":131.7},"geometry":{"type":"MultiPolygon","coordinates":[[[[129.2906419,37.3081967],[129.290557,37.3082198],[129.2905129,37.3081778],[129.2905258,37.3081686],[129.2906287,37.3081343],[129.2906419,37.3081967]]]]}},{"type":"Feature","properties":{"r":695,"k":0,"d":168.8},"geometry":{"type":"MultiPolygon","coordinates":[[[[129.29314,37.3086829],[129.2931091,37.3086168],[129.2930918,37.3085436],[129.2931346,37.3085586],[129.2932035,37.308539],[129.2932675,37.3085333],[129.2933052,37.3085663],[129.2933118,37.3086247],[129.2932939,37.3086417],[129.2932576,37.308708],[129.29314,37.3086829]]]]}},{"type":"Feature","properties":{"r":373,"k":0,"d":108.2},"geometry":{"type":"MultiPolygon","coordinates":[[[[129.2883576,37.3086439],[129.2881635,37.3086845],[129.2881795,37.3085067],[129.2883608,37.3085304],[129.2883505,37.30861],[129.2883576,37.3086439]]]]}},{"type":"Feature","properties":{"r":88,"k":0,"d":56.3},"geometry":{"type":"MultiPolygon","coordinates":[[[[129.2881829,37.3091042],[129.2882457,37.3090803],[129.2883478,37.3090507],[129.2883695,37.309098],[129.2883048,37.3091441],[129.2882342,37.3091688],[129.2881829,37.3091042]]]]}},{"type":"Feature","properties":{"r":25,"k":0,"d":29.5},"geometry":{"type":"MultiPolygon","coordinates":[[[[129.2882342,37.3091688],[129.2883304,37.3093154],[129.288343,37.3093504],[129.2883082,37.3093799],[129.2882288,37.3094238],[129.2881184,37.3093352],[129.288057,37.3092523],[129.2880416,37.3092596],[129.2879897,37.3091695],[129.2881163,37.3091295],[129.2881829,37.3091042],[129.2882342,37.3091688]]]]}},{"type":"Feature","properties":{"r":67,"k":0,"d":50.3},"geometry":{"type":"MultiPolygon","coordinates":[[[[129.2873463,37.3095028],[129.2872298,37.3095646],[129.2872219,37.3095661],[129.2873311,37.3094868],[129.2873463,37.3095028]]]]}},{"type":"Feature","properties":{"r":36,"k":0,"d":37.0},"geometry":{"type":"MultiPolygon","coordinates":[[[[129.2835362,37.3120735],[129.2832645,37.3121303],[129.2839807,37.3118607],[129.2839093,37.3119793],[129.2835632,37.3120678],[129.2835362,37.3120735]]]]}},{"type":"Feature","properties":{"r":424,"k":0,"d":118.7},"geometry":{"type":"MultiPolygon","coordinates":[[[[129.2813746,37.3120912],[129.2814437,37.3120873],[129.281642,37.3120103],[129.281643,37.3120254],[129.2814906,37.3121126],[129.281123,37.3122383],[129.2810884,37.3121845],[129.2813746,37.3120912]]]]}},{"type":"Feature","properties":{"r":344,"k":0,"d":104.5},"geometry":{"type":"MultiPolygon","coordinates":[[[[129.2756856,37.3160693],[129.2757138,37.3160391],[129.275834,37.3160776],[129.275947,37.3160623],[129.2758656,37.3161492],[129.2756856,37.3160693]]]]}},{"type":"Feature","properties":{"r":311,"k":0,"d":100.4},"geometry":{"type":"MultiPolygon","coordinates":[[[[129.280773,37.312796],[129.2808053,37.3128241],[129.2807024,37.3128475],[129.280773,37.312796]]]]}},{"type":"Feature","properties":{"r":850,"k":0,"d":194.3},"geometry":{"type":"MultiPolygon","coordinates":[[[[129.2884086,37.3076291],[129.2888674,37.3076604],[129.288913,37.3076537],[129.2889548,37.307582],[129.289011,37.3075509],[129.2889253,37.307778],[129.2888052,37.3077762],[129.2885487,37.3078189],[129.2885318,37.3076922],[129.2884416,37.3076796],[129.2882852,37.3078437],[129.2879011,37.3078805],[129.2878374,37.3078603],[129.2879035,37.307827],[129.2879938,37.307828],[129.2880692,37.3077725],[129.2881437,37.3077769],[129.2882179,37.3077538],[129.2884086,37.3076291]]]]}},{"type":"Feature","properties":{"r":624,"k":0,"d":153.5},"geometry":{"type":"MultiPolygon","coordinates":[[[[129.2825049,37.3113155],[129.2824432,37.3113569],[129.2824151,37.3114458],[129.282302,37.3114302],[129.2822272,37.3114803],[129.2822157,37.3114575],[129.2820736,37.3112776],[129.2821838,37.3112837],[129.2823576,37.3111135],[129.2824396,37.3111025],[129.2825471,37.3111645],[129.2825049,37.3113155]]]]}},{"type":"Feature","properties":{"r":287,"k":0,"d":97.6},"geometry":{"type":"MultiPolygon","coordinates":[[[[129.2814342,37.3123836],[129.2813884,37.3124047],[129.2813258,37.3123651],[129.2810943,37.3123041],[129.2811768,37.3122651],[129.2813421,37.3123268],[129.2814342,37.3123836]]]]}},{"type":"Feature","properties":{"r":96,"k":0,"d":59.0},"geometry":{"type":"MultiPolygon","coordinates":[[[[129.2838493,37.3117786],[129.2836668,37.3118053],[129.2839806,37.3116854],[129.2839719,37.3117221],[129.2838493,37.3117786]]]]}},{"type":"Feature","properties":{"r":205,"k":0,"d":83.9},"geometry":{"type":"MultiPolygon","coordinates":[[[[129.2724847,37.3186405],[129.2725923,37.3185386],[129.2727242,37.3186273],[129.2726,37.3187381],[129.2724847,37.3186405]]]]}},{"type":"Feature","properties":{"r":341,"k":0,"d":104.3},"geometry":{"type":"MultiPolygon","coordinates":[[[[129.2728515,37.3183037],[129.2727444,37.3182145],[129.2727171,37.3181679],[129.2727354,37.3181581],[129.2728886,37.3182759],[129.2728515,37.3183037]]]]}},{"type":"Feature","properties":{"r":84,"k":0,"d":53.8},"geometry":{"type":"MultiPolygon","coordinates":[[[[129.2721578,37.3193559],[129.2719975,37.3194651],[129.271942,37.3194296],[129.2719185,37.3194009],[129.2725987,37.3189343],[129.2726667,37.319058],[129.2722404,37.3193349],[129.2721578,37.3193559]]]]}},{"type":"Feature","properties":{"r":862,"k":0,"d":195.6},"geometry":{"type":"MultiPolygon","coordinates":[[[[129.2716181,37.3180896],[129.2715088,37.3181015],[129.2715359,37.3180875],[129.2716018,37.3180805],[129.2716181,37.3180896]]]]}},{"type":"Feature","properties":{"r":533,"k":0,"d":137.2},"geometry":{"type":"MultiPolygon","coordinates":[[[[129.2713505,37.3190718],[129.2713325,37.3190413],[129.271329,37.3189659],[129.2714473,37.3189411],[129.2715589,37.3189974],[129.2714872,37.3190543],[129.2714275,37.3190872],[129.2713505,37.3190718]]]]}},{"type":"Feature","properties":{"r":336,"k":0,"d":104.2},"geometry":{"type":"MultiPolygon","coordinates":[[[[129.271467,37.3193365],[129.2715126,37.3193243],[129.2715928,37.3193161],[129.2716548,37.3193497],[129.2716092,37.3194421],[129.2714873,37.3195059],[129.2714004,37.3194121],[129.2714182,37.3193593],[129.271467,37.3193365]]]]}},{"type":"Feature","properties":{"r":230,"k":0,"d":86.9},"geometry":{"type":"MultiPolygon","coordinates":[[[[129.271618,37.3194243],[129.2716548,37.3193497],[129.271703,37.3193057],[129.2718373,37.3193017],[129.2719185,37.3194009],[129.2717501,37.3195202],[129.271618,37.3194243]]]]}},{"type":"Feature","properties":{"r":509,"k":0,"d":134.3},"geometry":{"type":"MultiPolygon","coordinates":[[[[129.2693848,37.320887],[129.2694453,37.3208109],[129.2695025,37.3208399],[129.2694411,37.320916],[129.2693848,37.320887]]]]}},{"type":"Feature","properties":{"r":670,"k":0,"d":162.7},"geometry":{"type":"MultiPolygon","coordinates":[[[[129.267636,37.3255877],[129.2675621,37.3255864],[129.267462,37.3256046],[129.2673805,37.3256395],[129.2673159,37.3255161],[129.2674073,37.3254197],[129.2674826,37.3254615],[129.2675499,37.3254439],[129.267636,37.3255877]]]]}},{"type":"Feature","properties":{"r":766,"k":0,"d":182.8},"geometry":{"type":"MultiPolygon","coordinates":[[[[129.2672376,37.323527],[129.2672317,37.3234934],[129.267255,37.3234861],[129.2672887,37.32349],[129.2672376,37.323527]]]]}},{"type":"Feature","properties":{"r":395,"k":0,"d":113.0},"geometry":{"type":"MultiPolygon","coordinates":[[[[129.2770827,37.3150147],[129.2772438,37.3150966],[129.2773349,37.3151516],[129.2772722,37.3151977],[129.2770855,37.3153052],[129.2769156,37.3153937],[129.2767933,37.3154677],[129.2765676,37.3156158],[129.2765797,37.3154621],[129.2766094,37.3153638],[129.2766942,37.3153096],[129.2769227,37.3151497],[129.2770408,37.3150581],[129.2770827,37.3150147]]]]}},{"type":"Feature","properties":{"r":473,"k":0,"d":127.2},"geometry":{"type":"MultiPolygon","coordinates":[[[[129.2802859,37.3128867],[129.2802522,37.3128575],[129.2801249,37.3127981],[129.2802396,37.3127196],[129.2802439,37.312711],[129.2804989,37.3125576],[129.2806004,37.3126459],[129.2802859,37.3128867]]]]}},{"type":"Feature","properties":{"r":248,"k":0,"d":90.4},"geometry":{"type":"MultiPolygon","coordinates":[[[[129.2892597,37.3087085],[129.2891832,37.3087374],[129.2891719,37.3087304],[129.2892597,37.3087085]]]]}},{"type":"Feature","properties":{"r":150,"k":0,"d":70.8},"geometry":{"type":"MultiPolygon","coordinates":[[[[129.2834021,37.311909],[129.2832924,37.3119533],[129.2833836,37.3118468],[129.283505,37.3118291],[129.2834021,37.311909]]]]}},{"type":"Feature","properties":{"r":732,"k":0,"d":175.1},"geometry":{"type":"MultiPolygon","coordinates":[[[[129.2850978,37.3090038],[129.2852786,37.3089599],[129.2855398,37.3089412],[129.2855671,37.3090081],[129.2855443,37.3091001],[129.2855053,37.3091356],[129.2854867,37.30915],[129.2854508,37.3091504],[129.2854302,37.3091935],[129.2852848,37.3093035],[129.2851966,37.3093368],[129.2851774,37.3092907],[129.2851002,37.3091844],[129.2850594,37.3090638],[129.2850978,37.3090038]]]]}},{"type":"Feature","properties":{"r":819,"k":0,"d":189.3},"geometry":{"type":"MultiPolygon","coordinates":[[[[129.2857828,37.3088619],[129.2857778,37.3087846],[129.2858346,37.3087108],[129.285842,37.3087024],[129.2858064,37.3088584],[129.2857828,37.3088619]]]]}},{"type":"Feature","properties":{"r":357,"k":0,"d":106.8},"geometry":{"type":"MultiPolygon","coordinates":[[[[129.2838213,37.311175],[129.2837481,37.3111423],[129.2837709,37.3110629],[129.2838751,37.3111057],[129.2840657,37.3111508],[129.2840036,37.311173],[129.2839113,37.3112153],[129.2838213,37.311175]]]]}},{"type":"Feature","properties":{"r":592,"k":0,"d":147.5},"geometry":{"type":"MultiPolygon","coordinates":[[[[129.2818988,37.3110796],[129.2819399,37.3110733],[129.2820736,37.3112776],[129.2822157,37.3114575],[129.2822272,37.3114803],[129.2821913,37.3115043],[129.2822035,37.311516],[129.2821901,37.3115412],[129.282093,37.3114092],[129.2819974,37.3113938],[129.2819935,37.311269],[129.2820077,37.3112325],[129.2818988,37.3110796]]]]}},{"type":"Feature","properties":{"r":234,"k":0,"d":87.5},"geometry":{"type":"MultiPolygon","coordinates":[[[[129.2883282,37.3088347],[129.2883192,37.3088504],[129.2881975,37.3088465],[129.2881474,37.3088371],[129.2882222,37.3088128],[129.2883282,37.3088347]]]]}},{"type":"Feature","properties":{"r":708,"k":0,"d":170.6},"geometry":{"type":"MultiPolygon","coordinates":[[[[129.2854302,37.3091935],[129.2854867,37.30915],[129.2855398,37.3091494],[129.2854599,37.3092806],[129.2853808,37.3092963],[129.2854302,37.3091935]]]]}},{"type":"Feature","properties":{"r":645,"k":0,"d":157.2},"geometry":{"type":"MultiPolygon","coordinates":[[[[129.2857389,37.3093123],[129.2856745,37.309273],[129.2856586,37.3092706],[129.2857466,37.3091473],[129.2858369,37.3091484],[129.2858287,37.3091666],[129.2857389,37.3093123]]]]}},{"type":"Feature","properties":{"r":637,"k":0,"d":156.2},"geometry":{"type":"MultiPolygon","coordinates":[[[[129.2820736,37.3112776],[129.2819399,37.3110733],[129.2820202,37.3110611],[129.2821089,37.3110958],[129.2821291,37.3110862],[129.2823348,37.3110035],[129.2824991,37.3108717],[129.2825316,37.3108573],[129.2826456,37.3107406],[129.2826401,37.3107083],[129.2827428,37.3106715],[129.2828075,37.3105588],[129.2826283,37.3105628],[129.282616,37.3105657],[129.2825884,37.3104021],[129.2827258,37.3102502],[129.2828749,37.3101142],[129.2830795,37.3099541],[129.2832192,37.3100398],[129.2831457,37.3100947],[129.2833461,37.3101984],[129.2835084,37.3101303],[129.2834689,37.3100379],[129.2836216,37.3099199],[129.2837627,37.3098804],[129.2839781,37.309848],[129.2840527,37.3099642],[129.2840902,37.3100922],[129.2840768,37.3101844],[129.2839574,37.3103007],[129.2839138,37.3103667],[129.2836741,37.310506],[129.2837005,37.3106579],[129.2835424,37.3107494],[129.2832877,37.3107874],[129.2830834,37.3108728],[129.2828687,37.3109477],[129.2826278,37.3109989],[129.2826259,37.311068],[129.2826707,37.3112059],[129.2824897,37.3114142],[129.282511,37.3113617],[129.2825049,37.3113155],[129.2825471,37.3111645],[129.2824396,37.3111025],[129.2823576,37.3111135],[129.2821838,37.3112837],[129.2820736,37.3112776]]]]}},{"type":"Feature","properties":{"r":807,"k":0,"d":187.7},"geometry":{"type":"MultiPolygon","coordinates":[[[[129.2931354,37.3084595],[129.293097,37.3084719],[129.2930229,37.3084207],[129.2930581,37.3083697],[129.2930755,37.3083137],[129.2930975,37.3082814],[129.2931597,37.308277],[129.293152,37.3082553],[129.2932185,37.3082264],[129.2932177,37.308191],[129.293257,37.3081715],[129.293348,37.3083295],[129.2933198,37.3083376],[129.293202,37.3083532],[129.2931276,37.3083588],[129.2931354,37.3084595]]]]}},{"type":"Feature","properties":{"r":61,"k":0,"d":48.2},"geometry":{"type":"MultiPolygon","coordinates":[[[[129.27483,37.3173699],[129.2754773,37.3169333],[129.2755005,37.3169542],[129.275368,37.3171799],[129.2749653,37.3174765],[129.27483,37.3173699]]]]}},{"type":"Feature","properties":{"r":92,"k":0,"d":57.9},"geometry":{"type":"MultiPolygon","coordinates":[[[[129.2700707,37.3210234],[129.2699832,37.3209475],[129.2701719,37.3208194],[129.2703578,37.3207009],[129.2705081,37.320587],[129.2705785,37.3205225],[129.2706819,37.320436],[129.2707623,37.3203739],[129.2709123,37.3205791],[129.2707274,37.3207253],[129.2705294,37.3208792],[129.270408,37.3209945],[129.2703705,37.3211042],[129.2701219,37.321021],[129.2700707,37.3210234]]]]}},{"type":"Feature","properties":{"r":119,"k":0,"d":65.3},"geometry":{"type":"MultiPolygon","coordinates":[[[[129.27483,37.3173699],[129.2737824,37.3177547],[129.2737177,37.3176189],[129.2742384,37.3173856],[129.2742499,37.3173087],[129.2744605,37.3172361],[129.2745393,37.3172421],[129.2744148,37.3173027],[129.2744593,37.3173585],[129.274646,37.3173755],[129.2747869,37.3173361],[129.27483,37.3173699]]]]}},{"type":"Feature","properties":{"r":543,"k":0,"d":137.7},"geometry":{"type":"MultiPolygon","coordinates":[[[[129.272973,37.317695],[129.2729591,37.3176818],[129.2729158,37.317626],[129.2728176,37.3174761],[129.2730523,37.3174008],[129.273048,37.3173927],[129.2730832,37.3173858],[129.2730784,37.3173698],[129.2731386,37.317362],[129.2731544,37.3174699],[129.2731559,37.3175492],[129.2731453,37.3175501],[129.2731431,37.3176152],[129.2731567,37.3177054],[129.2730372,37.3177088],[129.272973,37.317695]]]]}},{"type":"Feature","properties":{"r":836,"k":0,"d":191.9},"geometry":{"type":"MultiPolygon","coordinates":[[[[129.2713054,37.3184242],[129.270991,37.3186351],[129.2709041,37.3186097],[129.2708134,37.3185456],[129.2708158,37.3185124],[129.2710019,37.3184658],[129.2711743,37.3184628],[129.2713054,37.3184242]]]]}},{"type":"Feature","properties":{"r":43,"k":0,"d":42.8},"geometry":{"type":"MultiPolygon","coordinates":[[[[129.2712462,37.320525],[129.2711038,37.3204245],[129.2711764,37.320336],[129.271486,37.3200941],[129.2717212,37.3198889],[129.2717846,37.3198643],[129.2718952,37.3199745],[129.2718796,37.320062],[129.2714198,37.3204531],[129.2712842,37.3205293],[129.2712462,37.320525]]]]}},{"type":"Feature","properties":{"r":741,"k":0,"d":178.6},"geometry":{"type":"MultiPolygon","coordinates":[[[[129.2694346,37.3198802],[129.2698087,37.319626],[129.2700389,37.3198215],[129.2697847,37.320017],[129.2696853,37.3200871],[129.2694346,37.3198802]]]]}},{"type":"Feature","properties":{"r":740,"k":0,"d":178.1},"geometry":{"type":"MultiPolygon","coordinates":[[[[129.2679321,37.3220343],[129.2678992,37.3220371],[129.2678448,37.3220251],[129.2676305,37.3218356],[129.2676129,37.3218184],[129.2677752,37.3217103],[129.2678345,37.3217683],[129.2678363,37.3218666],[129.267883,37.3219613],[129.2679288,37.3220083],[129.2679562,37.3220146],[129.2679321,37.3220343]]]]}},{"type":"Feature","properties":{"r":820,"k":0,"d":189.5},"geometry":{"type":"MultiPolygon","coordinates":[[[[129.2673157,37.3232083],[129.2673083,37.3232412],[129.2672715,37.3232356],[129.2671948,37.3232651],[129.2671995,37.3232873],[129.2671673,37.3232992],[129.2670841,37.3232059],[129.2671619,37.3230947],[129.2672485,37.3231348],[129.267328,37.3231535],[129.2673157,37.3232083]]]]}},{"type":"Feature","properties":{"r":728,"k":0,"d":174.7},"geometry":{"type":"MultiPolygon","coordinates":[[[[129.2670958,37.3237231],[129.2671714,37.3236524],[129.2671746,37.323641],[129.2673337,37.323667],[129.2672767,37.3238019],[129.2671904,37.3237762],[129.267151,37.3237616],[129.2671162,37.3237438],[129.2670958,37.3237231]]]]}},{"type":"Feature","properties":{"r":832,"k":0,"d":191.3},"geometry":{"type":"MultiPolygon","coordinates":[[[[129.2667613,37.3252296],[129.2666694,37.3251916],[129.2666818,37.3250073],[129.2666736,37.32494],[129.2666515,37.3249367],[129.2666283,37.324893],[129.2666848,37.3248783],[129.2669994,37.324866],[129.2671261,37.3250085],[129.2670731,37.3250339],[129.267011,37.3250377],[129.2669097,37.3251408],[129.2667613,37.3252296]]]]}},{"type":"Feature","properties":{"r":547,"k":0,"d":138.4},"geometry":{"type":"MultiPolygon","coordinates":[[[[129.2770827,37.3150147],[129.2770408,37.3150581],[129.2770595,37.3150029],[129.2770827,37.3150147]]]]}},{"type":"Feature","properties":{"r":664,"k":0,"d":162.0},"geometry":{"type":"MultiPolygon","coordinates":[[[[129.2761615,37.3145532],[129.2761698,37.3145488],[129.2765097,37.3147094],[129.2766688,37.3145798],[129.2767633,37.3145328],[129.2768415,37.3144642],[129.2769646,37.314364],[129.2769995,37.3144481],[129.2769381,37.3144618],[129.2767137,37.3147209],[129.2767175,37.3149588],[129.2767536,37.3149821],[129.2767343,37.3149877],[129.2767111,37.3149882],[129.2766877,37.3149841],[129.2766454,37.3149685],[129.276524,37.3149197],[129.2763712,37.3148252],[129.2762805,37.3147576],[129.2761947,37.3146871],[129.2761569,37.3147029],[129.2761615,37.3145532]]]]}},{"type":"Feature","properties":{"r":608,"k":0,"d":149.5},"geometry":{"type":"MultiPolygon","coordinates":[[[[129.2879509,37.3081294],[129.2879016,37.3083726],[129.2878447,37.3083717],[129.2878257,37.308306],[129.2876003,37.3082835],[129.2876483,37.3081206],[129.2877344,37.3081104],[129.2879509,37.3081294]]]]}},{"type":"Feature","properties":{"r":568,"k":0,"d":142.8},"geometry":{"type":"MultiPolygon","coordinates":[[[[129.2864671,37.3088022],[129.2864809,37.3088877],[129.2864371,37.3089891],[129.2863566,37.3088991],[129.2863784,37.3088857],[129.2862075,37.3087283],[129.2861938,37.3087357],[129.286084,37.3087519],[129.2860842,37.308656],[129.2860075,37.3086343],[129.2860942,37.3085064],[129.2860967,37.3084799],[129.2861769,37.3084936],[129.2863974,37.3086529],[129.2864522,37.3087293],[129.2864671,37.3088022]]]]}},{"type":"Feature","properties":{"r":136,"k":0,"d":68.2},"geometry":{"type":"MultiPolygon","coordinates":[[[[129.2860267,37.3100879],[129.2860164,37.3100818],[129.2859813,37.3100867],[129.2859365,37.3100852],[129.2859155,37.3100576],[129.2859652,37.3099381],[129.2860727,37.3100452],[129.2860267,37.3100879]]]]}},{"type":"Feature","properties":{"r":125,"k":0,"d":66.9},"geometry":{"type":"MultiPolygon","coordinates":[[[[129.2848431,37.3107844],[129.2848227,37.310782],[129.2848269,37.3106901],[129.2848431,37.3107844]]]]}},{"type":"Feature","properties":{"r":213,"k":0,"d":84.4},"geometry":{"type":"MultiPolygon","coordinates":[[[[129.2887852,37.3087899],[129.2891108,37.3086842],[129.2891106,37.3087045],[129.2891564,37.3087209],[129.2891719,37.3087304],[129.2890089,37.308771],[129.288915,37.3087898],[129.2888472,37.308797],[129.2887852,37.3087899]]]]}},{"type":"Feature","properties":{"r":52,"k":0,"d":45.8},"geometry":{"type":"MultiPolygon","coordinates":[[[[129.2832645,37.3121303],[129.2832175,37.3120526],[129.2832625,37.3120177],[129.2835115,37.3119194],[129.2837149,37.3118585],[129.2839327,37.3118162],[129.2840108,37.3117776],[129.2840506,37.3117903],[129.2839807,37.3118607],[129.2832645,37.3121303]]]]}},{"type":"Feature","properties":{"r":859,"k":0,"d":195.2},"geometry":{"type":"MultiPolygon","coordinates":[[[[129.2845331,37.3093569],[129.284573,37.3093216],[129.2846155,37.3093473],[129.2846516,37.3093917],[129.284581,37.3093868],[129.2845331,37.3093569]]]]}},{"type":"Feature","properties":{"r":105,"k":0,"d":62.4},"geometry":{"type":"MultiPolygon","coordinates":[[[[129.2848993,37.3107939],[129.2848431,37.3107844],[129.2848269,37.3106901],[129.2848512,37.3104948],[129.2848569,37.3104281],[129.2848849,37.3103722],[129.2849059,37.3103574],[129.2849759,37.3103639],[129.2849002,37.3104815],[129.2849209,37.3105331],[129.2848993,37.3107939]]]]}},{"type":"Feature","properties":{"r":874,"k":0,"d":197.6},"geometry":{"type":"MultiPolygon","coordinates":[[[[129.2855755,37.3088952],[129.2855791,37.3089225],[129.2855571,37.30894],[129.2855398,37.3089412],[129.2855358,37.3089315],[129.2855755,37.3088952]]]]}},{"type":"Feature","properties":{"r":519,"k":0,"d":135.6},"geometry":{"type":"MultiPolygon","coordinates":[[[[129.2902784,37.3082142],[129.2902744,37.3082045],[129.290296,37.3081991],[129.2902902,37.3081732],[129.2903445,37.3081613],[129.2903999,37.3081571],[129.2902784,37.3082142]]]]}},{"type":"Feature","properties":{"r":21,"k":0,"d":25.6},"geometry":{"type":"MultiPolygon","coordinates":[[[[129.2882342,37.3091688],[129.2883048,37.3091441],[129.2883695,37.309098],[129.2885675,37.3090071],[129.2887398,37.3089534],[129.2888009,37.3089135],[129.2889635,37.3088734],[129.2891019,37.3091464],[129.2885869,37.3093664],[129.2884067,37.3094016],[129.288343,37.3093504],[129.2883304,37.3093154],[129.2882342,37.3091688]]]]}},{"type":"Feature","properties":{"r":369,"k":0,"d":108.0},"geometry":{"type":"MultiPolygon","coordinates":[[[[129.281642,37.3120103],[129.2817713,37.3119601],[129.2818855,37.3119447],[129.2819254,37.3119595],[129.2819221,37.3119968],[129.2817793,37.3120154],[129.2814906,37.3121126],[129.281643,37.3120254],[129.281642,37.3120103]]]]}},{"type":"Feature","properties":{"r":130,"k":0,"d":67.3},"geometry":{"type":"MultiPolygon","coordinates":[[[[129.272984,37.3186554],[129.2728463,37.3185349],[129.2729732,37.3184452],[129.2731126,37.3185644],[129.272984,37.3186554]]]]}},{"type":"Feature","properties":{"r":689,"k":0,"d":168.1},"geometry":{"type":"MultiPolygon","coordinates":[[[[129.2723949,37.3176411],[129.2724233,37.317622],[129.2724032,37.3176034],[129.2724097,37.317574],[129.2725207,37.3176282],[129.2725185,37.31767],[129.272571,37.3177315],[129.2723706,37.3177508],[129.2723949,37.3176411]]]]}},{"type":"Feature","properties":{"r":680,"k":0,"d":166.4},"geometry":{"type":"MultiPolygon","coordinates":[[[[129.2721386,37.3180508],[129.2721223,37.3180614],[129.2721285,37.3180677],[129.272127,37.3180691],[129.2720255,37.3180842],[129.2720597,37.318029],[129.2721386,37.3180508]]]]}},{"type":"Feature","properties":{"r":602,"k":0,"d":148.5},"geometry":{"type":"MultiPolygon","coordinates":[[[[129.2683686,37.320623],[129.2687453,37.3203581],[129.2692259,37.3207747],[129.2691714,37.3209309],[129.269026,37.3210427],[129.2690023,37.3211054],[129.2690026,37.3211694],[129.2683686,37.320623]]]]}},{"type":"Feature","properties":{"r":668,"k":0,"d":162.6},"geometry":{"type":"MultiPolygon","coordinates":[[[[129.2676446,37.3211419],[129.2677372,37.3210748],[129.2684172,37.3216874],[129.2680377,37.3219686],[129.2680347,37.3219638],[129.2680136,37.321683],[129.2680285,37.3215353],[129.2678234,37.3213469],[129.2676126,37.3212721],[129.2676566,37.3211509],[129.2676446,37.3211419]]]]}},{"type":"Feature","properties":{"r":321,"k":0,"d":101.8},"geometry":{"type":"MultiPolygon","coordinates":[[[[129.2685318,37.3223677],[129.2683385,37.3222269],[129.268429,37.3221757],[129.2689238,37.321814],[129.2689416,37.3218544],[129.2687955,37.3222392],[129.2685318,37.3223677]]]]}},{"type":"Feature","properties":{"r":733,"k":0,"d":175.4},"geometry":{"type":"MultiPolygon","coordinates":[[[[129.267372,37.3234986],[129.2673147,37.3234895],[129.2672887,37.32349],[129.2673068,37.3234769],[129.2673346,37.3234015],[129.2673807,37.323404],[129.267372,37.3234986]]]]}},{"type":"Feature","properties":{"r":739,"k":0,"d":177.6},"geometry":{"type":"MultiPolygon","coordinates":[[[[129.2673346,37.3234015],[129.2672413,37.3233907],[129.2672123,37.3233819],[129.2671756,37.3233573],[129.267161,37.3233183],[129.2671615,37.3232927],[129.2671673,37.3232992],[129.2671995,37.3232873],[129.2671948,37.3232651],[129.2672715,37.3232356],[129.2673083,37.3232412],[129.2673157,37.3232083],[129.2673395,37.3231933],[129.2673676,37.3232293],[129.2673841,37.3233671],[129.2673807,37.323404],[129.2673346,37.3234015]]]]}},{"type":"Feature","properties":{"r":561,"k":0,"d":141.4},"geometry":{"type":"MultiPolygon","coordinates":[[[[129.2810495,37.3121239],[129.2808675,37.3120507],[129.2807921,37.3119056],[129.2807444,37.3118387],[129.2806818,37.3117883],[129.2807779,37.3118471],[129.2810495,37.3121239]]]]}},{"type":"Feature","properties":{"r":783,"k":0,"d":184.8},"geometry":{"type":"MultiPolygon","coordinates":[[[[129.2781171,37.313412],[129.2783181,37.3133113],[129.2783998,37.3132386],[129.2784878,37.3132449],[129.2784887,37.3132569],[129.2783243,37.3133905],[129.2783231,37.313492],[129.2782927,37.3134914],[129.2781171,37.313412]]]]}},{"type":"Feature","properties":{"r":875,"k":0,"d":197.7},"geometry":{"type":"MultiPolygon","coordinates":[[[[129.2795953,37.3124523],[129.2795755,37.3124825],[129.2794197,37.3126203],[129.2793136,37.312642],[129.2791217,37.3124541],[129.2790096,37.3122562],[129.278923,37.3121879],[129.2789273,37.3121107],[129.2790231,37.3120338],[129.279116,37.3120326],[129.2791297,37.3122119],[129.2794431,37.3123032],[129.279592,37.3124034],[129.2795953,37.3124523]]]]}},{"type":"Feature","properties":{"r":891,"k":0,"d":199.1},"geometry":{"type":"MultiPolygon","coordinates":[[[[129.2786984,37.3130487],[129.2786144,37.3130969],[129.2785943,37.3129532],[129.2786607,37.3128874],[129.2786984,37.3130487]]]]}},{"type":"Feature","properties":{"r":24,"k":0,"d":27.6},"geometry":{"type":"MultiPolygon","coordinates":[[[[129.2817506,37.3129938],[129.2816493,37.3130659],[129.2815644,37.3130167],[129.28158,37.3129873],[129.2816676,37.3129259],[129.2817275,37.3129264],[129.2817506,37.3129938]]]]}},{"type":"Feature","properties":{"r":665,"k":0,"d":162.5},"geometry":{"type":"MultiPolygon","coordinates":[[[[129.2920202,37.3080634],[129.2918907,37.3081536],[129.2918669,37.3081527],[129.2917517,37.3080485],[129.2917532,37.3078605],[129.2918404,37.3078577],[129.2920156,37.3078738],[129.2919625,37.3079745],[129.2919835,37.3080345],[129.2920202,37.3080634]]]]}},{"type":"Feature","properties":{"r":823,"k":0,"d":190.0},"geometry":{"type":"MultiPolygon","coordinates":[[[[129.2929219,37.3083872],[129.2929012,37.3082992],[129.2929298,37.3082068],[129.2929117,37.308058],[129.2930304,37.3079943],[129.29305,37.3080535],[129.2930078,37.3082983],[129.2930755,37.3083137],[129.2930581,37.3083697],[129.2930229,37.3084207],[129.2929219,37.3083872]]]]}},{"type":"Feature","properties":{"r":172,"k":0,"d":75.0},"geometry":{"type":"MultiPolygon","coordinates":[[[[129.2847572,37.310754],[129.2846438,37.3106447],[129.2847958,37.3105307],[129.2847841,37.3105774],[129.2847646,37.3107412],[129.2847572,37.310754]]]]}},{"type":"Feature","properties":{"r":822,"k":0,"d":189.8},"geometry":{"type":"MultiPolygon","coordinates":[[[[129.2936699,37.3086641],[129.2937113,37.3086264],[129.2937469,37.3085564],[129.2937662,37.308541],[129.2938003,37.3085704],[129.2938837,37.3085936],[129.2939068,37.3085796],[129.2939147,37.3086153],[129.2938871,37.3086387],[129.2938689,37.3087232],[129.2938538,37.3087581],[129.2937964,37.3087526],[129.2937695,37.3087381],[129.2937434,37.3087635],[129.2936951,37.3087352],[129.2936699,37.3086641]]]]}},{"type":"Feature","properties":{"r":335,"k":0,"d":103.8},"geometry":{"type":"MultiPolygon","coordinates":[[[[129.2841978,37.3100673],[129.2842533,37.3100136],[129.2844859,37.3099478],[129.2846223,37.3098008],[129.284678,37.3096903],[129.2846699,37.3096838],[129.2847278,37.3095459],[129.2849884,37.3094793],[129.2851135,37.3096148],[129.2851236,37.309735],[129.2850621,37.3098162],[129.2849138,37.3100666],[129.2848356,37.3103179],[129.2845557,37.3104355],[129.2845196,37.3104463],[129.2841068,37.3102546],[129.284131,37.3102315],[129.2841978,37.3100673]]]]}},{"type":"Feature","properties":{"r":492,"k":0,"d":130.7},"geometry":{"type":"MultiPolygon","coordinates":[[[[129.2906527,37.308223],[129.2906419,37.3081967],[129.2906287,37.3081343],[129.2908528,37.3080628],[129.2908768,37.3080791],[129.2908578,37.3081242],[129.2908442,37.3081636],[129.2906527,37.308223]]]]}},{"type":"Feature","properties":{"r":279,"k":0,"d":96.4},"geometry":{"type":"MultiPolygon","coordinates":[[[[129.2908446,37.308513],[129.2907488,37.3085289],[129.2905176,37.3084661],[129.2904196,37.3083771],[129.2905425,37.3083523],[129.2907441,37.3084004],[129.2909086,37.3084181],[129.2908984,37.3084537],[129.2908446,37.308513]]]]}},{"type":"Feature","properties":{"r":139,"k":0,"d":68.6},"geometry":{"type":"MultiPolygon","coordinates":[[[[129.2878876,37.3090977],[129.2878292,37.3090324],[129.2879765,37.3089352],[129.2880459,37.309016],[129.288044,37.3090523],[129.2879537,37.3091263],[129.2879317,37.3091231],[129.2878876,37.3090977]]]]}},{"type":"Feature","properties":{"r":210,"k":0,"d":84.1},"geometry":{"type":"MultiPolygon","coordinates":[[[[129.2874442,37.3091296],[129.2873674,37.3091621],[129.2872987,37.3091283],[129.2871958,37.3090634],[129.2872008,37.3090066],[129.287256,37.3090234],[129.2873491,37.3090778],[129.2874442,37.3091296]]]]}},{"type":"Feature","properties":{"r":855,"k":0,"d":194.8},"geometry":{"type":"MultiPolygon","coordinates":[[[[129.2856993,37.3088683],[129.2856268,37.3088845],[129.2855688,37.3088464],[129.2855609,37.308788],[129.2856169,37.3087728],[129.2856993,37.3088683]]]]}},{"type":"Feature","properties":{"r":824,"k":0,"d":190.4},"geometry":{"type":"MultiPolygon","coordinates":[[[[129.2857631,37.3088634],[129.2857405,37.3088652],[129.2857778,37.3087846],[129.2857828,37.3088619],[129.2857631,37.3088634]]]]}},{"type":"Feature","properties":{"r":179,"k":0,"d":78.0},"geometry":{"type":"MultiPolygon","coordinates":[[[[129.2821415,37.312213],[129.282036,37.3122272],[129.2820296,37.3121659],[129.2819778,37.3121077],[129.2821072,37.3119992],[129.2822726,37.3119687],[129.282266,37.311981],[129.282169,37.3121008],[129.2821415,37.312213]]]]}},{"type":"Feature","properties":{"r":839,"k":0,"d":192.1},"geometry":{"type":"MultiPolygon","coordinates":[[[[129.2844402,37.3094393],[129.2843862,37.309487],[129.2844566,37.3095392],[129.2843643,37.3095752],[129.2842227,37.3096774],[129.2842361,37.3096212],[129.2843418,37.3095143],[129.2844205,37.3094466],[129.2844402,37.3094393]]]]}},{"type":"Feature","properties":{"r":892,"k":0,"d":199.2},"geometry":{"type":"MultiPolygon","coordinates":[[[[129.284458,37.3094235],[129.2845331,37.3093569],[129.284581,37.3093868],[129.2844602,37.3094318],[129.284458,37.3094235]]]]}},{"type":"Feature","properties":{"r":562,"k":0,"d":141.4},"geometry":{"type":"MultiPolygon","coordinates":[[[[129.2932093,37.3089817],[129.293071,37.3088997],[129.2930238,37.3089123],[129.2929823,37.3088544],[129.2930861,37.3088107],[129.293113,37.3088219],[129.2931412,37.3088099],[129.2932221,37.3088177],[129.2932794,37.3088732],[129.2933299,37.3089102],[129.2933888,37.3089364],[129.2933756,37.3089688],[129.2932841,37.3089715],[129.2932445,37.3089939],[129.2932093,37.3089817]]]]}},{"type":"Feature","properties":{"r":621,"k":0,"d":152.9},"geometry":{"type":"MultiPolygon","coordinates":[[[[129.2854289,37.3093316],[129.2854599,37.3092806],[129.2855732,37.3092581],[129.2856745,37.309273],[129.2857389,37.3093123],[129.2857053,37.3093667],[129.2856241,37.3092918],[129.2854823,37.3093269],[129.2854289,37.3093316]]]]}},{"type":"Feature","properties":{"r":272,"k":0,"d":95.1},"geometry":{"type":"MultiPolygon","coordinates":[[[[129.276579,37.315688],[129.2766336,37.3156844],[129.2768422,37.3155811],[129.2773618,37.3151662],[129.2774589,37.3152758],[129.2770753,37.3155702],[129.2766328,37.3158131],[129.2766067,37.3157739],[129.2765619,37.3156891],[129.276579,37.315688]]]]}},{"type":"Feature","properties":{"r":813,"k":0,"d":188.6},"geometry":{"type":"MultiPolygon","coordinates":[[[[129.2776896,37.3134904],[129.2779753,37.3136597],[129.2778294,37.313701],[129.2776244,37.3137858],[129.2774955,37.3139429],[129.2774078,37.3140973],[129.2773956,37.3141276],[129.277378,37.3141512],[129.2773106,37.314163],[129.2772567,37.3141674],[129.2772595,37.3141194],[129.2771541,37.3140197],[129.2772562,37.3139537],[129.2773218,37.3137883],[129.2775565,37.3136589],[129.2776896,37.3134904]]]]}},{"type":"Feature","properties":{"r":370,"k":0,"d":108.1},"geometry":{"type":"MultiPolygon","coordinates":[[[[129.279008,37.3138975],[129.2791476,37.3136995],[129.279184,37.3136895],[129.2791093,37.3138374],[129.2790754,37.3138641],[129.2790211,37.3139108],[129.279008,37.3138975]]]]}},{"type":"Feature","properties":{"r":537,"k":0,"d":137.4},"geometry":{"type":"MultiPolygon","coordinates":[[[[129.274398,37.3166392],[129.2745684,37.3165027],[129.2747822,37.3164273],[129.2748019,37.3164123],[129.2748626,37.3164407],[129.274838,37.316481],[129.2746116,37.3165194],[129.2744688,37.3166463],[129.2744453,37.3166966],[129.274398,37.3166392]]]]}},{"type":"Feature","properties":{"r":219,"k":0,"d":85.0},"geometry":{"type":"MultiPolygon","coordinates":[[[[129.2725923,37.3185386],[129.2726876,37.3184483],[129.2727113,37.3184297],[129.2728463,37.3185349],[129.2727242,37.3186273],[129.2725923,37.3185386]]]]}},{"type":"Feature","properties":{"r":360,"k":0,"d":107.2},"geometry":{"type":"MultiPolygon","coordinates":[[[[129.2740559,37.3174499],[129.2740094,37.3173827],[129.2740705,37.3174438],[129.2740559,37.3174499]]]]}},{"type":"Feature","properties":{"r":447,"k":0,"d":122.7},"geometry":{"type":"MultiPolygon","coordinates":[[[[129.2733969,37.3176823],[129.2734123,37.3176992],[129.2732686,37.3177662],[129.2732047,37.3177666],[129.2732027,37.3177498],[129.2733969,37.3176823]]]]}},{"type":"Feature","properties":{"r":517,"k":0,"d":135.0},"geometry":{"type":"MultiPolygon","coordinates":[[[[129.2729636,37.3177142],[129.2729717,37.3176948],[129.272973,37.317695],[129.2729924,37.3177135],[129.2730229,37.317733],[129.2730829,37.3177609],[129.2731095,37.3177696],[129.2730865,37.3177743],[129.2730241,37.3177548],[129.2729779,37.3177277],[129.2729636,37.3177142]]]]}},{"type":"Feature","properties":{"r":126,"k":0,"d":66.9},"geometry":{"type":"MultiPolygon","coordinates":[[[[129.2731126,37.3185644],[129.2729732,37.3184452],[129.2731028,37.3183512],[129.2732475,37.3184685],[129.2731126,37.3185644]]]]}},{"type":"Feature","properties":{"r":596,"k":0,"d":148.2},"geometry":{"type":"MultiPolygon","coordinates":[[[[129.2724097,37.317574],[129.2725958,37.3174494],[129.2725744,37.3174085],[129.2725732,37.3174027],[129.2726828,37.3173119],[129.272891,37.317628],[129.2729194,37.3176669],[129.2729504,37.3177018],[129.2729636,37.3177142],[129.2728718,37.3176922],[129.2728151,37.3176619],[129.272718,37.3177272],[129.2724097,37.317574]]]]}},{"type":"Feature","properties":{"r":238,"k":0,"d":88.6},"geometry":{"type":"MultiPolygon","coordinates":[[[[129.2694626,37.3210523],[129.2695745,37.3209998],[129.2697883,37.3208535],[129.2702663,37.3205413],[129.2702891,37.3205434],[129.2704142,37.3205409],[129.2705081,37.320587],[129.2703578,37.3207009],[129.2701719,37.3208194],[129.2698882,37.321012],[129.2697237,37.3211526],[129.2694626,37.3210523]]]]}},{"type":"Feature","properties":{"r":505,"k":0,"d":133.2},"geometry":{"type":"MultiPolygon","coordinates":[[[[129.2690586,37.321253],[129.2691877,37.3211331],[129.2692526,37.3209894],[129.2692302,37.3209455],[129.2694284,37.3207996],[129.2694453,37.3208109],[129.2693108,37.32098],[129.2692347,37.3211445],[129.2691343,37.3212229],[129.2691196,37.3212589],[129.2690586,37.321253]]]]}},{"type":"Feature","properties":{"r":484,"k":0,"d":129.0},"geometry":{"type":"MultiPolygon","coordinates":[[[[129.2682428,37.3261352],[129.2682628,37.3261423],[129.2682752,37.3261546],[129.2682799,37.3261667],[129.2682816,37.3262096],[129.268276,37.3262064],[129.2682152,37.3262512],[129.267738,37.3262527],[129.2677033,37.3262245],[129.2676817,37.3261631],[129.2676825,37.3261364],[129.2682428,37.3261352]]]]}},{"type":"Feature","properties":{"r":607,"k":0,"d":149.5},"geometry":{"type":"MultiPolygon","coordinates":[[[[129.267938,37.3209302],[129.2681165,37.3208018],[129.2688046,37.3214141],[129.268773,37.3214311],[129.2686275,37.3215366],[129.267938,37.3209302]]]]}},{"type":"Feature","properties":{"r":729,"k":0,"d":174.7},"geometry":{"type":"MultiPolygon","coordinates":[[[[129.2673337,37.323667],[129.2672507,37.3236535],[129.2672376,37.323527],[129.2672887,37.32349],[129.2673147,37.3234895],[129.267372,37.3234986],[129.2673337,37.323667]]]]}},{"type":"Feature","properties":{"r":790,"k":0,"d":185.2},"geometry":{"type":"MultiPolygon","coordinates":[[[[129.2670896,37.3238586],[129.267151,37.3237616],[129.2671904,37.3237762],[129.2671234,37.3238818],[129.2670896,37.3238586]]]]}},{"type":"Feature","properties":{"r":725,"k":0,"d":173.9},"geometry":{"type":"MultiPolygon","coordinates":[[[[129.2674341,37.3233777],[129.2674154,37.3233755],[129.2674123,37.3233239],[129.2673737,37.3231458],[129.2673994,37.3231414],[129.2674193,37.3232492],[129.2674341,37.3233777]]]]}},{"type":"Feature","properties":{"r":876,"k":0,"d":197.8},"geometry":{"type":"MultiPolygon","coordinates":[[[[129.2673411,37.326193],[129.2673282,37.3261717],[129.2671774,37.3261408],[129.2672628,37.3259935],[129.2674261,37.3261236],[129.267414,37.3261598],[129.2673411,37.326193]]]]}},{"type":"Feature","properties":{"r":511,"k":0,"d":134.4},"geometry":{"type":"MultiPolygon","coordinates":[[[[129.2814792,37.3112784],[129.2815229,37.3112404],[129.2817521,37.3114236],[129.2818263,37.3115462],[129.2818743,37.3117517],[129.2817916,37.3117474],[129.2816966,37.3115425],[129.2817,37.3114564],[129.2815299,37.3113534],[129.2815579,37.3113212],[129.2814792,37.3112784]]]]}},{"type":"Feature","properties":{"r":878,"k":0,"d":197.9},"geometry":{"type":"MultiPolygon","coordinates":[[[[129.2769646,37.314364],[129.2768415,37.3144642],[129.2767633,37.3145328],[129.2766688,37.3145798],[129.2765097,37.3147094],[129.2761698,37.3145488],[129.2761615,37.3145532],[129.2761639,37.3144737],[129.2762774,37.3144814],[129.2764942,37.3144043],[129.2765926,37.3143513],[129.2766581,37.3142703],[129.2766964,37.3141617],[129.2767659,37.3141638],[129.2768232,37.3144384],[129.276875,37.3143998],[129.2769477,37.3143234],[129.2769646,37.314364]]]]}},{"type":"Feature","properties":{"r":414,"k":0,"d":116.6},"geometry":{"type":"MultiPolygon","coordinates":[[[[129.2789603,37.3138503],[129.2789368,37.3138288],[129.2789603,37.3137697],[129.279017,37.3137399],[129.2790429,37.3137313],[129.2789603,37.3138503]]]]}},{"type":"Feature","properties":{"r":354,"k":0,"d":105.6},"geometry":{"type":"MultiPolygon","coordinates":[[[[129.292825,37.3091237],[129.2926999,37.3091338],[129.2926776,37.3091304],[129.2927932,37.3090994],[129.2928263,37.3090564],[129.2928393,37.3090607],[129.2928445,37.3091022],[129.292825,37.3091237]]]]}},{"type":"Feature","properties":{"r":719,"k":0,"d":172.4},"geometry":{"type":"MultiPolygon","coordinates":[[[[129.2894982,37.3077269],[129.2895027,37.3076408],[129.2896134,37.3075679],[129.289693,37.3075797],[129.2897474,37.3076545],[129.2897544,37.3078022],[129.2897118,37.3078668],[129.2896649,37.3078876],[129.2895803,37.3079703],[129.2895775,37.3078571],[129.2895209,37.3078516],[129.2894982,37.3077269]]]]}},{"type":"Feature","properties":{"r":87,"k":0,"d":55.1},"geometry":{"type":"MultiPolygon","coordinates":[[[[129.2865528,37.309921],[129.2865029,37.3100106],[129.2863412,37.3099093],[129.2863718,37.3098805],[129.2863163,37.3098173],[129.2864476,37.309702],[129.2865145,37.3097953],[129.2865528,37.309921]]]]}},{"type":"Feature","properties":{"r":171,"k":0,"d":74.7},"geometry":{"type":"MultiPolygon","coordinates":[[[[129.2892286,37.3088069],[129.2894552,37.3087342],[129.2894913,37.3088702],[129.2894185,37.3088585],[129.2892286,37.3088069]]]]}},{"type":"Feature","properties":{"r":80,"k":0,"d":53.1},"geometry":{"type":"MultiPolygon","coordinates":[[[[129.2858053,37.3103281],[129.2857694,37.3102877],[129.2860267,37.3100879],[129.2860682,37.3101124],[129.2859045,37.3102747],[129.2858053,37.3103281]]]]}},{"type":"Feature","properties":{"r":497,"k":0,"d":131.8},"geometry":{"type":"MultiPolygon","coordinates":[[[[129.2868675,37.3088548],[129.2868138,37.3089071],[129.2867192,37.308929],[129.2865612,37.3089972],[129.286535,37.3089843],[129.2866215,37.3088403],[129.286617,37.3087546],[129.2867071,37.3087648],[129.2867571,37.3087535],[129.2867971,37.3087766],[129.2868675,37.3088548]]]]}},{"type":"Feature","properties":{"r":91,"k":0,"d":57.8},"geometry":{"type":"MultiPolygon","coordinates":[[[[129.2872462,37.309357],[129.287265,37.3092624],[129.2874054,37.309223],[129.2874342,37.3093456],[129.2874716,37.3093848],[129.2874222,37.3094029],[129.2873467,37.3093943],[129.2872462,37.309357]]]]}},{"type":"Feature","properties":{"r":28,"k":0,"d":30.5},"geometry":{"type":"MultiPolygon","coordinates":[[[[129.292107,37.3096846],[129.2923389,37.3095599],[129.2926199,37.3091556],[129.292718,37.3093361],[129.2926118,37.3094147],[129.2924066,37.3095562],[129.2923768,37.3095803],[129.2922107,37.3096607],[129.292107,37.3096846]]]]}},{"type":"Feature","properties":{"r":636,"k":0,"d":155.6},"geometry":{"type":"MultiPolygon","coordinates":[[[[129.2770385,37.3148305],[129.2770389,37.3146374],[129.2770589,37.314558],[129.2770411,37.314525],[129.2772503,37.3144662],[129.2772349,37.3146946],[129.2772232,37.3147106],[129.2770385,37.3148305]]]]}},{"type":"Feature","properties":{"r":552,"k":0,"d":139.6},"geometry":{"type":"MultiPolygon","coordinates":[[[[129.2751258,37.3160342],[129.2750702,37.3161426],[129.2749767,37.3163366],[129.2748627,37.3164408],[129.2748019,37.3164123],[129.2749462,37.3163022],[129.2750676,37.3161355],[129.2751258,37.3160342]]]]}},{"type":"Feature","properties":{"r":418,"k":0,"d":117.7},"geometry":{"type":"MultiPolygon","coordinates":[[[[129.2802997,37.3130132],[129.2799685,37.3131493],[129.2802376,37.3129263],[129.2802997,37.3130132]]]]}},{"type":"Feature","properties":{"r":345,"k":0,"d":104.7},"geometry":{"type":"MultiPolygon","coordinates":[[[[129.280501,37.3129216],[129.2805392,37.3128776],[129.280589,37.312687],[129.2806219,37.3126646],[129.280773,37.312796],[129.2807024,37.3128475],[129.2805923,37.3128725],[129.280501,37.3129216]]]]}},{"type":"Feature","properties":{"r":135,"k":0,"d":68.1},"geometry":{"type":"MultiPolygon","coordinates":[[[[129.2733339,37.3179061],[129.2734125,37.31789],[129.2740604,37.3178345],[129.2742497,37.3177727],[129.2736844,37.3181413],[129.273451,37.3179944],[129.2733339,37.3179061]]]]}},{"type":"Feature","properties":{"r":457,"k":0,"d":125.6},"geometry":{"type":"MultiPolygon","coordinates":[[[[129.273178,37.3178336],[129.2731653,37.3178431],[129.2731167,37.3178577],[129.2730268,37.3178712],[129.273135,37.3178239],[129.273178,37.3178336]]]]}},{"type":"Feature","properties":{"r":628,"k":0,"d":153.9},"geometry":{"type":"MultiPolygon","coordinates":[[[[129.2726168,37.3177952],[129.2726341,37.317856],[129.2723857,37.3178853],[129.2725702,37.3177615],[129.2726102,37.3177997],[129.2726168,37.3177952]]]]}},{"type":"Feature","properties":{"r":658,"k":0,"d":160.1},"geometry":{"type":"MultiPolygon","coordinates":[[[[129.272718,37.3177272],[129.2726168,37.3177952],[129.2726066,37.3177595],[129.272571,37.3177315],[129.2725185,37.31767],[129.2725207,37.3176282],[129.272718,37.3177272]]]]}},{"type":"Feature","properties":{"r":687,"k":0,"d":167.6},"geometry":{"type":"MultiPolygon","coordinates":[[[[129.2717268,37.3181409],[129.2718468,37.3181179],[129.2720177,37.3180946],[129.2718935,37.3182298],[129.2717268,37.3181409]]]]}},{"type":"Feature","properties":{"r":787,"k":0,"d":185.0},"geometry":{"type":"MultiPolygon","coordinates":[[[[129.2716977,37.3181612],[129.2713054,37.3184242],[129.2712354,37.3184448],[129.2712226,37.3184215],[129.2712704,37.3183678],[129.2712512,37.3182261],[129.2715166,37.3181777],[129.2716977,37.3181612]]]]}},{"type":"Feature","properties":{"r":798,"k":0,"d":186.0},"geometry":{"type":"MultiPolygon","coordinates":[[[[129.2723546,37.317668],[129.2719616,37.3179313],[129.2717442,37.3179555],[129.2716693,37.3175374],[129.2717554,37.3175185],[129.271805,37.3174098],[129.2718217,37.3173533],[129.2723791,37.3175573],[129.2723546,37.317668]]]]}},{"type":"Feature","properties":{"r":691,"k":0,"d":168.3},"geometry":{"type":"MultiPolygon","coordinates":[[[[129.2676012,37.3211095],[129.2675662,37.3210838],[129.2708255,37.3186718],[129.2708621,37.3186963],[129.2699269,37.3193889],[129.2701696,37.3195917],[129.2702474,37.3195502],[129.2703404,37.3195192],[129.2703871,37.3195362],[129.2703267,37.3195727],[129.2702039,37.3196167],[129.2701628,37.3196385],[129.2698949,37.3194123],[129.2688553,37.3201791],[129.2692801,37.3205533],[129.2692712,37.3206002],[129.26882,37.3202072],[129.2676012,37.3211095]]]]}},{"type":"Feature","properties":{"r":746,"k":0,"d":179.1},"geometry":{"type":"MultiPolygon","coordinates":[[[[129.2700304,37.3194754],[129.270228,37.3193425],[129.2704233,37.3195074],[129.2703871,37.3195362],[129.2703404,37.3195192],[129.2702474,37.3195502],[129.2701696,37.3195917],[129.2700304,37.3194754]]]]}},{"type":"Feature","properties":{"r":731,"k":0,"d":174.9},"geometry":{"type":"MultiPolygon","coordinates":[[[[129.2679562,37.3220146],[129.2679288,37.3220083],[129.267883,37.3219613],[129.2678363,37.3218666],[129.2678345,37.3217683],[129.2680347,37.3219638],[129.2679562,37.3220146]]]]}},{"type":"Feature","properties":{"r":678,"k":0,"d":164.7},"geometry":{"type":"MultiPolygon","coordinates":[[[[129.2673159,37.3255161],[129.2671302,37.3256165],[129.2668094,37.3254943],[129.2667613,37.3252296],[129.2667873,37.3252403],[129.2667954,37.3252528],[129.2668343,37.3252979],[129.2668641,37.3253051],[129.2668971,37.3253035],[129.2670165,37.3252688],[129.267012,37.3252631],[129.2671551,37.3252372],[129.2672914,37.325174],[129.2672925,37.3251903],[129.2673093,37.3252094],[129.2673474,37.3252236],[129.2674013,37.3252312],[129.2674144,37.325227],[129.2674948,37.32531],[129.2674264,37.3253032],[129.2674073,37.3254197],[129.2673159,37.3255161]]]]}},{"type":"Feature","properties":{"r":549,"k":0,"d":138.8},"geometry":{"type":"MultiPolygon","coordinates":[[[[129.2792755,37.3133528],[129.2792548,37.313265],[129.2794233,37.3132283],[129.2792983,37.3133666],[129.2792755,37.3133528]]]]}},{"type":"Feature","properties":{"r":441,"k":0,"d":121.3},"geometry":{"type":"MultiPolygon","coordinates":[[[[129.2861835,37.3094124],[129.2860488,37.3094336],[129.2859024,37.3094122],[129.2857389,37.3093123],[129.2858287,37.3091666],[129.2858369,37.3091484],[129.2858903,37.3091496],[129.2859663,37.3092168],[129.2860863,37.309299],[129.286187,37.3092997],[129.2861835,37.3094124]]]]}},{"type":"Feature","properties":{"r":559,"k":0,"d":140.6},"geometry":{"type":"MultiPolygon","coordinates":[[[[129.2842227,37.3096774],[129.2843643,37.3095752],[129.2844566,37.3095392],[129.2843862,37.309487],[129.2844402,37.3094393],[129.284581,37.3093868],[129.2846516,37.3093917],[129.2847211,37.3094147],[129.2847927,37.3094093],[129.2848295,37.3094082],[129.2849587,37.3094176],[129.2851088,37.3093696],[129.2851779,37.309359],[129.2853151,37.309467],[129.2853236,37.3094707],[129.2851236,37.309735],[129.2851135,37.3096148],[129.2849884,37.3094793],[129.2847278,37.3095459],[129.2846699,37.3096838],[129.284678,37.3096903],[129.2846223,37.3098008],[129.2844859,37.3099478],[129.2842533,37.3100136],[129.2841978,37.3100673],[129.2842064,37.310046],[129.2841704,37.309897],[129.2842227,37.3096774]]]]}},{"type":"Feature","properties":{"r":632,"k":0,"d":154.8},"geometry":{"type":"MultiPolygon","coordinates":[[[[129.2858369,37.3091484],[129.2858958,37.3089832],[129.2859449,37.3089024],[129.285916,37.3088496],[129.2859144,37.3088378],[129.2859436,37.3088323],[129.2860399,37.3089931],[129.286115,37.3090566],[129.2860492,37.3090991],[129.2859241,37.3090269],[129.2858903,37.3091496],[129.2858369,37.3091484]]]]}},{"type":"Feature","properties":{"r":466,"k":0,"d":126.2},"geometry":{"type":"MultiPolygon","coordinates":[[[[129.2806338,37.3126199],[129.280569,37.3125352],[129.2805583,37.3125262],[129.2810435,37.3122549],[129.2810611,37.3122954],[129.280876,37.3123823],[129.2807958,37.3124932],[129.2806338,37.3126199]]]]}},{"type":"Feature","properties":{"r":203,"k":0,"d":83.2},"geometry":{"type":"MultiPolygon","coordinates":[[[[129.2871916,37.3092364],[129.2871061,37.3092783],[129.2870222,37.3092087],[129.2870607,37.3091485],[129.287113,37.309147],[129.2871484,37.3091395],[129.2871791,37.3091141],[129.2871958,37.3090634],[129.2872987,37.3091283],[129.2873674,37.3091621],[129.2871916,37.3092364]]]]}},{"type":"Feature","properties":{"r":260,"k":0,"d":93.7},"geometry":{"type":"MultiPolygon","coordinates":[[[[129.2881853,37.3088053],[129.2881635,37.3086845],[129.2883576,37.3086439],[129.2883658,37.3086832],[129.2884873,37.3087239],[129.2885257,37.3087415],[129.288411,37.3087515],[129.2882222,37.3088128],[129.2881853,37.3088053]]]]}},{"type":"Feature","properties":{"r":883,"k":0,"d":198.6},"geometry":{"type":"MultiPolygon","coordinates":[[[[129.2855755,37.3088952],[129.2855358,37.3089315],[129.2855398,37.3089412],[129.2852786,37.3089599],[129.2850978,37.3090038],[129.285025,37.3090176],[129.2851324,37.3089238],[129.2852018,37.3088734],[129.2852649,37.3088561],[129.2853644,37.3088632],[129.2853772,37.3087994],[129.2855035,37.3088035],[129.2855688,37.3088464],[129.2855755,37.3088952]]]]}},{"type":"Feature","properties":{"r":320,"k":0,"d":101.7},"geometry":{"type":"MultiPolygon","coordinates":[[[[129.2868594,37.3092048],[129.2865628,37.3092285],[129.2865554,37.3091616],[129.2866052,37.3091085],[129.2867103,37.3090607],[129.2867816,37.3090443],[129.2868179,37.3090979],[129.2868594,37.3092048]]]]}},{"type":"Feature","properties":{"r":440,"k":0,"d":121.2},"geometry":{"type":"MultiPolygon","coordinates":[[[[129.2806338,37.3126199],[129.2807958,37.3124932],[129.2806694,37.3126665],[129.2806338,37.3126199]]]]}},{"type":"Feature","properties":{"r":3,"k":0,"d":11.8},"geometry":{"type":"MultiPolygon","coordinates":[[[[129.2851648,37.3112911],[129.2852479,37.3111372],[129.2852683,37.3109763],[129.2853546,37.311008],[129.2852952,37.3111393],[129.2852615,37.3112572],[129.2851887,37.3112803],[129.2851648,37.3112911]]]]}},{"type":"Feature","properties":{"r":648,"k":0,"d":158.2},"geometry":{"type":"MultiPolygon","coordinates":[[[[129.2860381,37.3084728],[129.2860704,37.3084443],[129.2861682,37.308451],[129.2864075,37.3086335],[129.2864663,37.3087043],[129.2864927,37.3087783],[129.2864671,37.3088022],[129.2864522,37.3087293],[129.2863974,37.3086529],[129.2861769,37.3084936],[129.2860967,37.3084799],[129.2860942,37.3085064],[129.2860075,37.3086343],[129.2859603,37.3086417],[129.2859599,37.3086079],[129.2860692,37.3085014],[129.2860653,37.3084748],[129.2860381,37.3084728]]]]}},{"type":"Feature","properties":{"r":291,"k":0,"d":98.2},"geometry":{"type":"MultiPolygon","coordinates":[[[[129.2900896,37.3085498],[129.2898625,37.3086068],[129.2899218,37.3085435],[129.2900309,37.3085136],[129.2900896,37.3085498]]]]}},{"type":"Feature","properties":{"r":433,"k":0,"d":120.1},"geometry":{"type":"MultiPolygon","coordinates":[[[[129.2883608,37.3085304],[129.2881722,37.3085058],[129.2882917,37.3082723],[129.2884671,37.3083654],[129.2884514,37.3084776],[129.2883608,37.3085304]]]]}},{"type":"Feature","properties":{"r":462,"k":0,"d":125.9},"geometry":{"type":"MultiPolygon","coordinates":[[[[129.2874846,37.3087125],[129.2874033,37.3086692],[129.2873145,37.308595],[129.2871841,37.3085444],[129.2871962,37.3084941],[129.2872619,37.3085174],[129.2873864,37.3085304],[129.2874501,37.3084768],[129.2875512,37.308538],[129.2875555,37.3085849],[129.2875028,37.3086845],[129.2874846,37.3087125]]]]}},{"type":"Feature","properties":{"r":405,"k":0,"d":114.7},"geometry":{"type":"MultiPolygon","coordinates":[[[[129.2817713,37.3119601],[129.2818475,37.3119305],[129.2818855,37.3119447],[129.2817713,37.3119601]]]]}},{"type":"Feature","properties":{"r":520,"k":0,"d":135.6},"geometry":{"type":"MultiPolygon","coordinates":[[[[129.2902784,37.3082142],[129.2902307,37.3082155],[129.2902744,37.3082045],[129.2902784,37.3082142]]]]}},{"type":"Feature","properties":{"r":100,"k":0,"d":60.0},"geometry":{"type":"MultiPolygon","coordinates":[[[[129.2876516,37.3092984],[129.2876126,37.3092198],[129.2876334,37.3092032],[129.287687,37.3092242],[129.2877431,37.3092312],[129.287815,37.3092052],[129.2878543,37.3092176],[129.2876516,37.3092984]]]]}},{"type":"Feature","properties":{"r":245,"k":0,"d":89.1},"geometry":{"type":"MultiPolygon","coordinates":[[[[129.2923729,37.3092002],[129.2923598,37.3090805],[129.2923581,37.3089993],[129.2924071,37.3089217],[129.2924485,37.3088227],[129.2926763,37.3088322],[129.292633,37.308936],[129.2926393,37.3090324],[129.2926283,37.3091436],[129.2923729,37.3092002]]]]}},{"type":"Feature","properties":{"r":631,"k":0,"d":154.7},"geometry":{"type":"MultiPolygon","coordinates":[[[[129.2840768,37.3101844],[129.2841978,37.3100673],[129.284131,37.3102315],[129.2840709,37.310225],[129.2840768,37.3101844]]]]}},{"type":"Feature","properties":{"r":165,"k":0,"d":72.8},"geometry":{"type":"MultiPolygon","coordinates":[[[[129.2876169,37.3091851],[129.2875423,37.3091972],[129.2874837,37.3091699],[129.2874672,37.3091342],[129.2874739,37.3091199],[129.2876064,37.3090564],[129.2876443,37.3090831],[129.2876593,37.3091109],[129.2876169,37.3091851]]]]}},{"type":"Feature","properties":{"r":145,"k":0,"d":69.9},"geometry":{"type":"MultiPolygon","coordinates":[[[[129.2792497,37.3139462],[129.2803039,37.313144],[129.280479,37.3130833],[129.2805657,37.3131849],[129.2809225,37.3129411],[129.2809125,37.312931],[129.2810581,37.3128818],[129.2812134,37.3128156],[129.2811292,37.3128866],[129.2810148,37.3130477],[129.2806719,37.3132967],[129.2806439,37.313268],[129.2792497,37.3139462]]]]}},{"type":"Feature","properties":{"r":322,"k":0,"d":101.9},"geometry":{"type":"MultiPolygon","coordinates":[[[[129.2727607,37.3183911],[129.2726876,37.3184483],[129.2726,37.3183785],[129.272496,37.3183685],[129.2725888,37.3182674],[129.2726739,37.3183348],[129.2727221,37.318368],[129.2727607,37.3183911]]]]}},{"type":"Feature","properties":{"r":133,"k":0,"d":67.8},"geometry":{"type":"MultiPolygon","coordinates":[[[[129.2733791,37.318375],[129.2732413,37.3182666],[129.2733295,37.318156],[129.2735156,37.318278],[129.2733791,37.318375]]]]}},{"type":"Feature","properties":{"r":49,"k":0,"d":45.1},"geometry":{"type":"MultiPolygon","coordinates":[[[[129.2703705,37.3211042],[129.270408,37.3209945],[129.2705294,37.3208792],[129.2707274,37.3207253],[129.2709123,37.3205791],[129.2710156,37.3207204],[129.2705163,37.3211436],[129.2703705,37.3211042]]]]}},{"type":"Feature","properties":{"r":255,"k":0,"d":93.3},"geometry":{"type":"MultiPolygon","coordinates":[[[[129.2718189,37.3191381],[129.271824,37.3191341],[129.2718765,37.3191542],[129.2719442,37.3191578],[129.2719635,37.3192254],[129.2719414,37.3192387],[129.2718189,37.3191381]]]]}},{"type":"Feature","properties":{"r":413,"k":0,"d":116.0},"geometry":{"type":"MultiPolygon","coordinates":[[[[129.2696824,37.3208188],[129.2697446,37.320754],[129.2697223,37.3206754],[129.2696148,37.320633],[129.2698043,37.3204778],[129.2698181,37.3204883],[129.2698041,37.320543],[129.2698366,37.3205634],[129.2698113,37.3207311],[129.2697799,37.3208507],[129.2696824,37.3208188]]]]}},{"type":"Feature","properties":{"r":705,"k":0,"d":169.9},"geometry":{"type":"MultiPolygon","coordinates":[[[[129.2674807,37.3233805],[129.2674492,37.3233935],[129.2674489,37.3233795],[129.2674341,37.3233777],[129.2674193,37.3232492],[129.2673994,37.3231414],[129.2674321,37.3231359],[129.2674368,37.3231465],[129.2674751,37.3232839],[129.2674807,37.3233805]]]]}},{"type":"Feature","properties":{"r":445,"k":0,"d":122.1},"geometry":{"type":"MultiPolygon","coordinates":[[[[129.2805895,37.311781],[129.2806021,37.3117766],[129.2806375,37.3117755],[129.2806785,37.3117776],[129.2806818,37.3117883],[129.2807444,37.3118387],[129.2807921,37.3119056],[129.2808675,37.3120507],[129.2810495,37.3121239],[129.2811286,37.3122471],[129.2811768,37.3122651],[129.2810943,37.3123041],[129.2810611,37.3122954],[129.2810085,37.3121745],[129.2808047,37.3120936],[129.2807334,37.3119086],[129.2805934,37.311807],[129.2805895,37.311781]]]]}},{"type":"Feature","properties":{"r":895,"k":0,"d":199.2},"geometry":{"type":"MultiPolygon","coordinates":[[[[129.2783181,37.3133113],[129.2783286,37.3132335],[129.2783998,37.3132386],[129.2783181,37.3133113]]]]}},{"type":"Feature","properties":{"r":582,"k":0,"d":145.6},"geometry":{"type":"MultiPolygon","coordinates":[[[[129.2795676,37.3123416],[129.2796029,37.3121095],[129.2796946,37.3121552],[129.2797536,37.3121363],[129.2803465,37.3125041],[129.2802396,37.3127196],[129.2801249,37.3127981],[129.2799929,37.3128001],[129.2798723,37.3127339],[129.2796508,37.3124471],[129.2796378,37.3123922],[129.2795676,37.3123416]]]]}},{"type":"Feature","properties":{"r":68,"k":0,"d":50.6},"geometry":{"type":"MultiPolygon","coordinates":[[[[129.2840108,37.3117776],[129.2840686,37.311749],[129.2840867,37.311754],[129.2840506,37.3117903],[129.2840108,37.3117776]]]]}},{"type":"Feature","properties":{"r":810,"k":0,"d":188.3},"geometry":{"type":"MultiPolygon","coordinates":[[[[129.2739834,37.3161787],[129.2739478,37.3161942],[129.2738876,37.3162912],[129.2738398,37.316372],[129.2737354,37.3165532],[129.2736491,37.3167517],[129.2736394,37.3167685],[129.2733588,37.3168786],[129.2732093,37.3168968],[129.2732276,37.3167478],[129.2732112,37.3165557],[129.2732362,37.3164718],[129.2733139,37.3161231],[129.2734561,37.3160821],[129.2735197,37.3160964],[129.2738261,37.3160592],[129.2739528,37.3161503],[129.2739834,37.3161787]]]]}},{"type":"Feature","properties":{"r":48,"k":0,"d":44.5},"geometry":{"type":"MultiPolygon","coordinates":[[[[129.2821561,37.3123903],[129.2821699,37.3123031],[129.2823176,37.3122454],[129.2832159,37.3121455],[129.2832645,37.3121303],[129.2835362,37.3120735],[129.28356,37.3121196],[129.283144,37.3121979],[129.2821561,37.3123903]]]]}},{"type":"Feature","properties":{"r":642,"k":0,"d":157.0},"geometry":{"type":"MultiPolygon","coordinates":[[[[129.2770411,37.314525],[129.2770589,37.314558],[129.2770389,37.3146374],[129.2770385,37.3148313],[129.2769876,37.3148646],[129.2769845,37.3147549],[129.2769446,37.314733],[129.2767175,37.3149588],[129.2767137,37.3147209],[129.2769381,37.3144618],[129.2769995,37.3144481],[129.2770411,37.314525]]]]}},{"type":"Feature","properties":{"r":546,"k":0,"d":138.2},"geometry":{"type":"MultiPolygon","coordinates":[[[[129.2766338,37.3152831],[129.2768602,37.3151728],[129.2769142,37.3150854],[129.2770513,37.3149987],[129.2770595,37.3150029],[129.2770408,37.3150581],[129.2769227,37.3151497],[129.2766942,37.3153096],[129.2766094,37.3153638],[129.2766338,37.3152831]]]]}},{"type":"Feature","properties":{"r":147,"k":0,"d":70.4},"geometry":{"type":"MultiPolygon","coordinates":[[[[129.2881783,37.3088992],[129.2882797,37.3089237],[129.288319,37.3089407],[129.2883099,37.3089681],[129.2883291,37.3090099],[129.2881452,37.3090566],[129.2881088,37.3090107],[129.2881783,37.3088992]]]]}},{"type":"Feature","properties":{"r":495,"k":0,"d":131.5},"geometry":{"type":"MultiPolygon","coordinates":[[[[129.2933518,37.3091839],[129.2933381,37.3091795],[129.2932574,37.3091282],[129.2932095,37.3090249],[129.2932093,37.3089817],[129.2932445,37.3089939],[129.2932841,37.3089715],[129.2933756,37.3089688],[129.2934123,37.3090556],[129.2934476,37.3090954],[129.2934385,37.309116],[129.2933751,37.3091912],[129.2933518,37.3091839]]]]}},{"type":"Feature","properties":{"r":569,"k":0,"d":142.8},"geometry":{"type":"MultiPolygon","coordinates":[[[[129.286084,37.3087519],[129.2861938,37.3087357],[129.2862075,37.3087283],[129.2863784,37.3088857],[129.2863566,37.3088991],[129.2864371,37.3089891],[129.2863564,37.3089781],[129.2862638,37.3090009],[129.2861952,37.3089586],[129.286084,37.3087657],[129.286084,37.3087519]]]]}},{"type":"Feature","properties":{"r":450,"k":0,"d":123.5},"geometry":{"type":"MultiPolygon","coordinates":[[[[129.2807958,37.3124932],[129.280876,37.3123823],[129.2810611,37.3122954],[129.2810943,37.3123041],[129.2809767,37.3123601],[129.2807958,37.3124932]]]]}},{"type":"Feature","properties":{"r":108,"k":0,"d":62.7},"geometry":{"type":"MultiPolygon","coordinates":[[[[129.2884781,37.3090158],[129.288725,37.3089496],[129.2888009,37.3089135],[129.2887398,37.3089534],[129.2885675,37.3090071],[129.288504,37.3090363],[129.2884781,37.3090158]]]]}},{"type":"Feature","properties":{"r":56,"k":0,"d":46.6},"geometry":{"type":"MultiPolygon","coordinates":[[[[129.285564,37.3104766],[129.2854392,37.3105884],[129.2855136,37.3104635],[129.285564,37.3104766]]]]}},{"type":"Feature","properties":{"r":82,"k":0,"d":53.6},"geometry":{"type":"MultiPolygon","coordinates":[[[[129.2895931,37.3090459],[129.2895851,37.3088859],[129.2898027,37.3088658],[129.2898288,37.3090097],[129.2896544,37.3090496],[129.2895931,37.3090459]]]]}},{"type":"Feature","properties":{"r":842,"k":0,"d":192.6},"geometry":{"type":"MultiPolygon","coordinates":[[[[129.286238,37.3077482],[129.2863571,37.3077143],[129.2864352,37.307725],[129.286538,37.3078012],[129.2865975,37.3079954],[129.2866759,37.3080707],[129.2867371,37.3081665],[129.2867675,37.3082505],[129.2868231,37.3082804],[129.2868111,37.3082912],[129.2867865,37.3082751],[129.2867269,37.3082523],[129.2866924,37.3081981],[129.286651,37.308169],[129.2865487,37.3081412],[129.2864727,37.3081296],[129.2864314,37.308149],[129.2862661,37.3082978],[129.2862412,37.3082792],[129.286224,37.3082947],[129.2862727,37.3081382],[129.2863146,37.3078744],[129.286238,37.3077482]]]]}},{"type":"Feature","properties":{"r":94,"k":0,"d":58.5},"geometry":{"type":"MultiPolygon","coordinates":[[[[129.2857405,37.3102552],[129.2859365,37.3100852],[129.2859813,37.3100867],[129.2860164,37.3100818],[129.2860267,37.3100879],[129.2857694,37.3102877],[129.2857405,37.3102552]]]]}},{"type":"Feature","properties":{"r":426,"k":0,"d":118.9},"geometry":{"type":"MultiPolygon","coordinates":[[[[129.2864698,37.3091814],[129.2864966,37.3092072],[129.28648,37.3092354],[129.2864698,37.3091814]]]]}},{"type":"Feature","properties":{"r":879,"k":0,"d":198.0},"geometry":{"type":"MultiPolygon","coordinates":[[[[129.2836324,37.3096778],[129.283629,37.3095642],[129.2836765,37.3095338],[129.283658,37.3094579],[129.2837737,37.309307],[129.2838129,37.3091993],[129.2839831,37.3092285],[129.2841262,37.3093009],[129.2842824,37.3094384],[129.2842468,37.3094702],[129.2841113,37.3095159],[129.2840524,37.309679],[129.2840122,37.3097706],[129.2836324,37.3096778]]]]}},{"type":"Feature","properties":{"r":782,"k":0,"d":184.6},"geometry":{"type":"MultiPolygon","coordinates":[[[[129.2917042,37.3078771],[129.2917127,37.3077704],[129.2917504,37.3077584],[129.2917558,37.3077611],[129.2917532,37.3078605],[129.2917042,37.3078771]]]]}},{"type":"Feature","properties":{"r":721,"k":0,"d":172.6},"geometry":{"type":"MultiPolygon","coordinates":[[[[129.2931091,37.3086168],[129.2929608,37.3085681],[129.2929424,37.3085642],[129.2929618,37.3085357],[129.293013,37.308473],[129.2930586,37.3084643],[129.293097,37.3084719],[129.2931111,37.3084914],[129.2931054,37.3085184],[129.2930918,37.3085436],[129.2931091,37.3086168]]]]}},{"type":"Feature","properties":{"r":112,"k":0,"d":64.2},"geometry":{"type":"MultiPolygon","coordinates":[[[[129.2860267,37.3100879],[129.2861971,37.3099297],[129.2862425,37.3099805],[129.2860682,37.3101124],[129.2860267,37.3100879]]]]}},{"type":"Feature","properties":{"r":101,"k":0,"d":60.2},"geometry":{"type":"MultiPolygon","coordinates":[[[[129.2856689,37.3101895],[129.2855394,37.3102837],[129.285539,37.3103809],[129.2854632,37.3104009],[129.2853338,37.3103499],[129.285277,37.3103315],[129.2852101,37.3103204],[129.285253,37.3101536],[129.2853189,37.3099883],[129.2856689,37.3101895]]]]}},{"type":"Feature","properties":{"r":309,"k":0,"d":100.2},"geometry":{"type":"MultiPolygon","coordinates":[[[[129.2759751,37.3161116],[129.2760683,37.3159708],[129.2761117,37.3159249],[129.2761393,37.3159019],[129.2761998,37.3159273],[129.2760083,37.3161152],[129.275983,37.3161255],[129.2759751,37.3161116]]]]}},{"type":"Feature","properties":{"r":693,"k":0,"d":168.6},"geometry":{"type":"MultiPolygon","coordinates":[[[[129.294022,37.3093144],[129.2940028,37.3093098],[129.2939689,37.3091719],[129.2940282,37.3091473],[129.294039,37.3091483],[129.2941089,37.3092197],[129.2941327,37.3092627],[129.294022,37.3093144]]]]}},{"type":"Feature","properties":{"r":327,"k":0,"d":102.2},"geometry":{"type":"MultiPolygon","coordinates":[[[[129.2761117,37.3159249],[129.2760683,37.3159708],[129.2759751,37.3161116],[129.275947,37.3160623],[129.2761117,37.3159249]]]]}},{"type":"Feature","properties":{"r":257,"k":0,"d":93.3},"geometry":{"type":"MultiPolygon","coordinates":[[[[129.2744435,37.3168072],[129.2744453,37.3166966],[129.27456,37.3167181],[129.2746669,37.3168155],[129.2747302,37.3168528],[129.2747889,37.3168032],[129.2747326,37.3166988],[129.2746546,37.3165903],[129.2746116,37.3165194],[129.274838,37.316481],[129.2748626,37.3164407],[129.2750023,37.316506],[129.2752309,37.3167117],[129.2751379,37.3167982],[129.2749407,37.3168644],[129.2746387,37.3169031],[129.2744435,37.3168072]]]]}},{"type":"Feature","properties":{"r":37,"k":0,"d":38.7},"geometry":{"type":"MultiPolygon","coordinates":[[[[129.2847466,37.3111749],[129.2847831,37.3110917],[129.2850197,37.3109559],[129.285026,37.3110291],[129.284814,37.3111903],[129.2847466,37.3111749]]]]}},{"type":"Feature","properties":{"r":319,"k":0,"d":101.4},"geometry":{"type":"MultiPolygon","coordinates":[[[[129.2762823,37.3159619],[129.2761998,37.3159273],[129.2765041,37.3156285],[129.2765145,37.3157207],[129.2762823,37.3159619]]]]}},{"type":"Feature","properties":{"r":302,"k":0,"d":99.3},"geometry":{"type":"MultiPolygon","coordinates":[[[[129.2721249,37.3186486],[129.2721493,37.3186289],[129.272256,37.3186821],[129.272265,37.3187285],[129.2723004,37.3187705],[129.272273,37.3187864],[129.2722327,37.3187386],[129.2722249,37.3186984],[129.2721249,37.3186486]]]]}},{"type":"Feature","properties":{"r":256,"k":0,"d":93.3},"geometry":{"type":"MultiPolygon","coordinates":[[[[129.2743499,37.3170539],[129.2744435,37.3168072],[129.2746387,37.3169031],[129.2749407,37.3168644],[129.2751379,37.3167982],[129.2748764,37.3169726],[129.2745862,37.3171331],[129.27443,37.3170857],[129.2743499,37.3170539]]]]}},{"type":"Feature","properties":{"r":715,"k":0,"d":172.0},"geometry":{"type":"MultiPolygon","coordinates":[[[[129.2730195,37.3171893],[129.2730744,37.3171751],[129.273125,37.3173092],[129.2727203,37.317327],[129.2726464,37.3172195],[129.2726195,37.3171891],[129.2727647,37.3172015],[129.2727741,37.3172409],[129.2730195,37.3171893]]]]}},{"type":"Feature","properties":{"r":78,"k":0,"d":52.6},"geometry":{"type":"MultiPolygon","coordinates":[[[[129.2726667,37.319058],[129.2725987,37.3189343],[129.2733845,37.3184424],[129.2735388,37.3183211],[129.2735799,37.3183868],[129.2731059,37.3187449],[129.2726667,37.319058]]]]}},{"type":"Feature","properties":{"r":735,"k":0,"d":175.8},"geometry":{"type":"MultiPolygon","coordinates":[[[[129.2716977,37.3181612],[129.2717077,37.3181603],[129.2717137,37.3181543],[129.2717452,37.3181787],[129.2716742,37.3182517],[129.2716426,37.3183239],[129.2715552,37.318365],[129.2714182,37.318391],[129.2713054,37.3184242],[129.2716977,37.3181612]]]]}},{"type":"Feature","properties":{"r":685,"k":0,"d":166.9},"geometry":{"type":"MultiPolygon","coordinates":[[[[129.2718217,37.3173533],[129.2716697,37.3173144],[129.2715586,37.3172809],[129.2715509,37.3173212],[129.271553,37.3173394],[129.2716831,37.3179623],[129.2716504,37.3179671],[129.2715745,37.3175884],[129.2715098,37.3173297],[129.2715094,37.3172617],[129.2715155,37.3172283],[129.27134,37.317086],[129.2712863,37.3170267],[129.2711962,37.3168908],[129.2711654,37.3168271],[129.2711895,37.3168424],[129.2712154,37.3168136],[129.2712994,37.3169753],[129.2713533,37.3170586],[129.2714002,37.3171137],[129.2715297,37.3172049],[129.2716021,37.3171295],[129.2716655,37.31708],[129.2717448,37.3170291],[129.2717803,37.3169986],[129.2718219,37.316942],[129.2718551,37.3168253],[129.2718637,37.3168411],[129.271888,37.3168602],[129.2718772,37.3169358],[129.2717938,37.3170391],[129.2717053,37.3170978],[129.271618,37.3171663],[129.2715798,37.3172202],[129.2715667,37.3172545],[129.27168,37.3172886],[129.2718628,37.3173387],[129.2724193,37.3175422],[129.2724097,37.317574],[129.2723618,37.3177907],[129.2723784,37.3178861],[129.2723449,37.3178897],[129.2723275,37.3177902],[129.2723791,37.3175573],[129.2718217,37.3173533]]]]}},{"type":"Feature","properties":{"r":707,"k":0,"d":170.5},"geometry":{"type":"MultiPolygon","coordinates":[[[[129.2675593,37.3259165],[129.2674961,37.3258131],[129.2675094,37.3257833],[129.2676231,37.3257865],[129.2675593,37.3259165]]]]}},{"type":"Feature","properties":{"r":662,"k":0,"d":161.2},"geometry":{"type":"MultiPolygon","coordinates":[[[[129.2673794,37.3247066],[129.2674311,37.3247302],[129.2674198,37.3247788],[129.2673665,37.32476],[129.2671245,37.3246604],[129.2671005,37.3246584],[129.2670043,37.3246664],[129.2669906,37.3246723],[129.266962,37.3246284],[129.2669829,37.3246246],[129.2671229,37.3246077],[129.2671496,37.3246125],[129.2673794,37.3247066]]]]}},{"type":"Feature","properties":{"r":656,"k":0,"d":160.1},"geometry":{"type":"MultiPolygon","coordinates":[[[[129.2674546,37.3281059],[129.2674429,37.3281294],[129.2673567,37.3279759],[129.2672654,37.3279781],[129.2671798,37.3279728],[129.2671152,37.3278367],[129.2671456,37.32775],[129.2671688,37.3277211],[129.267141,37.327647],[129.2671344,37.3275279],[129.2671558,37.3273769],[129.2671703,37.327328],[129.2671046,37.3272501],[129.2670383,37.3272137],[129.266965,37.3272453],[129.266927,37.3272601],[129.2667575,37.3272847],[129.2667525,37.327269],[129.2669099,37.3272456],[129.2670282,37.327195],[129.2671119,37.3272372],[129.2671878,37.3273163],[129.2672229,37.3272669],[129.2672332,37.3272012],[129.2672714,37.3271504],[129.2674487,37.3270768],[129.2675655,37.327045],[129.2677172,37.3269644],[129.2675925,37.3267465],[129.2675964,37.3266996],[129.2675001,37.3265381],[129.2674983,37.3264334],[129.2674993,37.3263032],[129.267517,37.3261627],[129.267423,37.3261725],[129.2673469,37.3262081],[129.2673411,37.326193],[129.267414,37.3261598],[129.2674261,37.3261236],[129.2675114,37.3261224],[129.2675135,37.3260227],[129.2675593,37.3259165],[129.2676231,37.3257865],[129.267636,37.3255877],[129.2675499,37.3254439],[129.2674948,37.32531],[129.267395,37.3252069],[129.2674314,37.3251976],[129.2675326,37.3253137],[129.2676678,37.3255881],[129.2676549,37.3258199],[129.2675545,37.3260216],[129.2675445,37.3265345],[129.2677472,37.3269727],[129.2677303,37.3269904],[129.2675802,37.3270654],[129.2674881,37.3270964],[129.2673127,37.3271513],[129.2672556,37.3272023],[129.2672386,37.3272713],[129.2671994,37.3273225],[129.2671729,37.3273755],[129.2671533,37.3275374],[129.2671568,37.3276481],[129.2671915,37.3277202],[129.2671641,37.327756],[129.2671327,37.3278316],[129.2671863,37.3279461],[129.2672651,37.3279649],[129.2673666,37.3279634],[129.2674546,37.3281059]]]]}},{"type":"Feature","properties":{"r":816,"k":0,"d":188.9},"geometry":{"type":"MultiPolygon","coordinates":[[[[129.2667406,37.3239526],[129.2666486,37.3238945],[129.2665743,37.3237921],[129.2664994,37.3237515],[129.2664018,37.3237498],[129.2663417,37.3235097],[129.2665738,37.3234407],[129.2667501,37.3233461],[129.266859,37.3231476],[129.2669612,37.3231316],[129.2671244,37.323287],[129.2671946,37.3234032],[129.2672077,37.3235227],[129.2671714,37.3236524],[129.2669243,37.3238834],[129.2667406,37.3239526]]]]}},{"type":"Feature","properties":{"r":886,"k":0,"d":198.9},"geometry":{"type":"MultiPolygon","coordinates":[[[[129.2817273,37.3108465],[129.2817407,37.3109073],[129.281853,37.3109702],[129.2818821,37.3110563],[129.2818988,37.3110796],[129.2818451,37.311098],[129.2818033,37.3111491],[129.2816897,37.3111404],[129.2816167,37.3111603],[129.2815397,37.3112008],[129.2815146,37.3112258],[129.281426,37.3110688],[129.2814131,37.3109678],[129.2813222,37.31095],[129.2812205,37.3107828],[129.2817273,37.3108465]]]]}},{"type":"Feature","properties":{"r":717,"k":0,"d":172.1},"geometry":{"type":"MultiPolygon","coordinates":[[[[129.2815146,37.3112258],[129.2815397,37.3112008],[129.2816167,37.3111603],[129.2816897,37.3111404],[129.2818033,37.3111491],[129.2818451,37.311098],[129.2818988,37.3110796],[129.2820077,37.3112325],[129.2819935,37.311269],[129.2817793,37.3113613],[129.2817521,37.3114236],[129.2815229,37.3112404],[129.2815146,37.3112258]]]]}},{"type":"Feature","properties":{"r":584,"k":0,"d":145.8},"geometry":{"type":"MultiPolygon","coordinates":[[[[129.2782071,37.3136067],[129.2782419,37.3135995],[129.2783227,37.3135302],[129.2783231,37.313492],[129.2785643,37.3134967],[129.2787543,37.3135304],[129.2788866,37.3135264],[129.2787172,37.3136728],[129.2785764,37.3137409],[129.278265,37.313648],[129.2782071,37.3136067]]]]}},{"type":"Feature","properties":{"r":364,"k":0,"d":107.6},"geometry":{"type":"MultiPolygon","coordinates":[[[[129.278874,37.3139868],[129.2789603,37.3138503],[129.2790429,37.3137313],[129.2791519,37.3135642],[129.2792983,37.3133666],[129.2793527,37.3133994],[129.2791476,37.3136995],[129.2789646,37.3139594],[129.2788431,37.3140638],[129.278874,37.3139868]]]]}},{"type":"Feature","properties":{"r":795,"k":0,"d":185.8},"geometry":{"type":"MultiPolygon","coordinates":[[[[129.2784862,37.3132211],[129.2784832,37.3131763],[129.2786144,37.3130969],[129.2786346,37.3132419],[129.2784862,37.3132211]]]]}},{"type":"Feature","properties":{"r":421,"k":0,"d":118.0},"geometry":{"type":"MultiPolygon","coordinates":[[[[129.290609,37.308339],[129.2905603,37.308252],[129.2906527,37.308223],[129.2906652,37.3082535],[129.2907327,37.3082208],[129.2907683,37.308289],[129.290609,37.308339]]]]}},{"type":"Feature","properties":{"r":103,"k":0,"d":61.0},"geometry":{"type":"MultiPolygon","coordinates":[[[[129.2878936,37.3092151],[129.2878543,37.3092176],[129.287815,37.3092052],[129.2877804,37.3091729],[129.2878876,37.3090977],[129.2879317,37.3091231],[129.2879537,37.3091263],[129.2879687,37.3091454],[129.2879273,37.3091804],[129.2878936,37.3092151]]]]}},{"type":"Feature","properties":{"r":120,"k":0,"d":65.6},"geometry":{"type":"MultiPolygon","coordinates":[[[[129.288319,37.3089407],[129.2883205,37.3089365],[129.2883584,37.3089689],[129.2884011,37.3089515],[129.2884781,37.3090158],[129.2883478,37.3090507],[129.2883099,37.3089681],[129.288319,37.3089407]]]]}},{"type":"Feature","properties":{"r":191,"k":0,"d":82.0},"geometry":{"type":"MultiPolygon","coordinates":[[[[129.2811768,37.3122651],[129.2813219,37.3122007],[129.2815889,37.3121044],[129.2817462,37.3120593],[129.2819178,37.3120307],[129.281912,37.3120763],[129.2819778,37.3121077],[129.2820296,37.3121659],[129.2820308,37.3121778],[129.2819981,37.3122316],[129.2817576,37.3122643],[129.2814342,37.3123836],[129.2813421,37.3123268],[129.2811768,37.3122651]]]]}},{"type":"Feature","properties":{"r":814,"k":0,"d":188.8},"geometry":{"type":"MultiPolygon","coordinates":[[[[129.2937434,37.3087635],[129.2937695,37.3087381],[129.2937964,37.3087526],[129.2938538,37.3087581],[129.2938689,37.3087232],[129.2939126,37.3087388],[129.2940299,37.3088062],[129.2939402,37.3088549],[129.2938786,37.3088561],[129.2937693,37.3087967],[129.2937434,37.3087635]]]]}},{"type":"Feature","properties":{"r":107,"k":0,"d":62.7},"geometry":{"type":"MultiPolygon","coordinates":[[[[129.2879154,37.3091926],[129.2879273,37.3091804],[129.2879687,37.3091454],[129.2880868,37.3090618],[129.2881023,37.3090213],[129.2881088,37.3090107],[129.2881829,37.3091042],[129.2881163,37.3091295],[129.2879154,37.3091926]]]]}},{"type":"Feature","properties":{"r":196,"k":0,"d":82.6},"geometry":{"type":"MultiPolygon","coordinates":[[[[129.2840036,37.311173],[129.2840657,37.3111508],[129.284182,37.3111696],[129.2842097,37.3111126],[129.284381,37.3110597],[129.2844193,37.3110849],[129.2843125,37.3112154],[129.2841961,37.3112487],[129.2839484,37.3112318],[129.2840036,37.311173]]]]}},{"type":"Feature","properties":{"r":240,"k":0,"d":88.7},"geometry":{"type":"MultiPolygon","coordinates":[[[[129.2757678,37.3163941],[129.2758883,37.3162339],[129.2758943,37.3162792],[129.2757678,37.3163941]]]]}},{"type":"Feature","properties":{"r":333,"k":0,"d":103.0},"geometry":{"type":"MultiPolygon","coordinates":[[[[129.2758178,37.3161937],[129.2756916,37.3161463],[129.2754946,37.3161277],[129.2754764,37.3161092],[129.2753971,37.3160873],[129.2752428,37.3160257],[129.2751258,37.3160342],[129.2750676,37.3161355],[129.2749462,37.3163022],[129.2748019,37.3164123],[129.2745557,37.3162971],[129.2750129,37.3159363],[129.2751021,37.3160071],[129.2752023,37.3159358],[129.2753557,37.3159751],[129.2756345,37.316077],[129.275828,37.316189],[129.2758178,37.3161937]]]]}},{"type":"Feature","properties":{"r":14,"k":0,"d":22.2},"geometry":{"type":"MultiPolygon","coordinates":[[[[129.284814,37.3111903],[129.285026,37.3110291],[129.2850197,37.3109559],[129.2850885,37.310921],[129.2851964,37.3108321],[129.2851742,37.3109531],[129.2851844,37.3111123],[129.2851498,37.3111978],[129.2851177,37.3112385],[129.284814,37.3111903]]]]}},{"type":"Feature","properties":{"r":884,"k":0,"d":198.6},"geometry":{"type":"MultiPolygon","coordinates":[[[[129.2731346,37.316929],[129.2732092,37.3168978],[129.2732041,37.3169394],[129.2731346,37.316929]]]]}},{"type":"Feature","properties":{"r":488,"k":0,"d":129.8},"geometry":{"type":"MultiPolygon","coordinates":[[[[129.2731567,37.3177054],[129.2731797,37.3177048],[129.273197,37.3177003],[129.2732047,37.3177666],[129.273166,37.3177669],[129.2731567,37.3177054]]]]}},{"type":"Feature","properties":{"r":611,"k":0,"d":150.3},"geometry":{"type":"MultiPolygon","coordinates":[[[[129.2724591,37.3180327],[129.2724034,37.3180407],[129.2724127,37.3180345],[129.2724378,37.3180006],[129.2723728,37.3178867],[129.272395,37.3178843],[129.2724658,37.3180042],[129.2724591,37.3180327]]]]}},{"type":"Feature","properties":{"r":598,"k":0,"d":148.2},"geometry":{"type":"MultiPolygon","coordinates":[[[[129.2726606,37.3179055],[129.2726308,37.3178564],[129.2727548,37.3178416],[129.2726606,37.3179055]]]]}},{"type":"Feature","properties":{"r":738,"k":0,"d":176.5},"geometry":{"type":"MultiPolygon","coordinates":[[[[129.270228,37.3193425],[129.2705481,37.3191271],[129.2707373,37.3192871],[129.2705378,37.3194455],[129.2704233,37.3195074],[129.270228,37.3193425]]]]}},{"type":"Feature","properties":{"r":633,"k":0,"d":154.9},"geometry":{"type":"MultiPolygon","coordinates":[[[[129.2706594,37.3196236],[129.2705981,37.3196642],[129.2705704,37.3196397],[129.2704878,37.3196056],[129.2704728,37.3195573],[129.2705776,37.3194931],[129.270603,37.3194701],[129.2706177,37.3194732],[129.2706972,37.3195329],[129.2707247,37.3195474],[129.2707011,37.3195861],[129.2706691,37.3196179],[129.2706594,37.3196236]]]]}},{"type":"Feature","properties":{"r":893,"k":0,"d":199.2},"geometry":{"type":"MultiPolygon","coordinates":[[[[129.2715969,37.3175455],[129.2716693,37.3175374],[129.2717442,37.3179555],[129.2716831,37.3179623],[129.2715969,37.3175455]]]]}},{"type":"Feature","properties":{"r":297,"k":0,"d":98.8},"geometry":{"type":"MultiPolygon","coordinates":[[[[129.271122,37.3198195],[129.271217,37.3198765],[129.2712203,37.3198954],[129.2710775,37.3199908],[129.2710746,37.3199624],[129.2709946,37.3198778],[129.2710029,37.3198612],[129.271122,37.3198195]]]]}},{"type":"Feature","properties":{"r":312,"k":0,"d":100.6},"geometry":{"type":"MultiPolygon","coordinates":[[[[129.2712712,37.3198178],[129.271217,37.3198765],[129.271122,37.3198195],[129.2711145,37.3197074],[129.2712712,37.3198178]]]]}},{"type":"Feature","properties":{"r":697,"k":0,"d":169.3},"geometry":{"type":"MultiPolygon","coordinates":[[[[129.2689196,37.3202358],[129.2694346,37.3198802],[129.2696853,37.3200871],[129.269633,37.320124],[129.2693982,37.3204594],[129.2693541,37.3205099],[129.2692801,37.3205533],[129.2689196,37.3202358]]]]}},{"type":"Feature","properties":{"r":207,"k":0,"d":83.9},"geometry":{"type":"MultiPolygon","coordinates":[[[[129.2697237,37.3211526],[129.2698882,37.321012],[129.2699832,37.3209475],[129.2700707,37.3210234],[129.2699417,37.3211271],[129.2697869,37.3211792],[129.2697237,37.3211526]]]]}},{"type":"Feature","properties":{"r":430,"k":0,"d":119.8},"geometry":{"type":"MultiPolygon","coordinates":[[[[129.2689032,37.3268618],[129.2688175,37.3269198],[129.2688105,37.3270369],[129.2690217,37.327238],[129.2689171,37.3273074],[129.2687005,37.3271017],[129.2685621,37.3270915],[129.2683962,37.3272062],[129.2683086,37.3271442],[129.2681766,37.3272599],[129.268096,37.3272006],[129.2680242,37.3271986],[129.2679721,37.3271745],[129.2678257,37.3271304],[129.2677311,37.3270892],[129.2677247,37.3271],[129.2677152,37.3270971],[129.2677472,37.3269727],[129.2676363,37.326733],[129.2676125,37.3266265],[129.267576,37.3265282],[129.2675685,37.3264311],[129.2675473,37.3263877],[129.2675533,37.3260823],[129.2676821,37.326082],[129.2676817,37.3261631],[129.2677033,37.3262245],[129.267738,37.3262527],[129.2682152,37.3262512],[129.268276,37.3262064],[129.2682816,37.3262096],[129.2682799,37.3261667],[129.2682752,37.3261546],[129.2682628,37.3261423],[129.2682428,37.3261352],[129.2683791,37.326135],[129.2683668,37.3261419],[129.2683599,37.3261485],[129.2683559,37.3261561],[129.2683545,37.3261646],[129.2683546,37.3263328],[129.2683746,37.3263329],[129.268375,37.3266151],[129.2683941,37.3266433],[129.268589,37.3268284],[129.2687222,37.3268417],[129.2688158,37.3267786],[129.2689032,37.3268618]],[[129.2679762,37.3268618],[129.2681316,37.3267849],[129.2682386,37.3267133],[129.2682625,37.3266814],[129.2682607,37.326393],[129.2682271,37.3263598],[129.2677478,37.3263612],[129.2677068,37.3263992],[129.2677211,37.3264643],[129.2677736,37.3266117],[129.2678162,37.3266989],[129.2678515,37.326759],[129.2679558,37.3268584],[129.2679762,37.3268618]],[[129.2682215,37.3271454],[129.2682895,37.3271366],[129.2684767,37.3270067],[129.2684854,37.3268983],[129.2683835,37.3268024],[129.2683204,37.3268001],[129.2680743,37.3269663],[129.2680657,37.3270157],[129.2682215,37.3271454]]]]}},{"type":"Feature","properties":{"r":659,"k":0,"d":160.2},"geometry":{"type":"MultiPolygon","coordinates":[[[[129.2680377,37.3219686],[129.2682346,37.3218224],[129.2682147,37.3219614],[129.2681401,37.3220824],[129.2680826,37.3220419],[129.2680377,37.3219686]]]]}},{"type":"Feature","properties":{"r":435,"k":0,"d":120.6},"geometry":{"type":"MultiPolygon","coordinates":[[[[129.2793527,37.3133994],[129.2793665,37.3133792],[129.2794579,37.3132985],[129.2796767,37.313042],[129.2797999,37.3130095],[129.2801492,37.3128784],[129.2802243,37.3129078],[129.2802376,37.3129263],[129.2799685,37.3131493],[129.2796759,37.3132711],[129.2795015,37.3133165],[129.2794948,37.3134513],[129.2793885,37.3134962],[129.2793609,37.3134043],[129.2793527,37.3133994]]]]}},{"type":"Feature","properties":{"r":722,"k":0,"d":173.2},"geometry":{"type":"MultiPolygon","coordinates":[[[[129.2790512,37.3128064],[129.2791411,37.3126756],[129.2791582,37.3126744],[129.2792291,37.3126594],[129.2793632,37.3127851],[129.2794237,37.3128927],[129.2793835,37.3129113],[129.2791681,37.3129293],[129.2791096,37.3129068],[129.2790512,37.3128064]]]]}},{"type":"Feature","properties":{"r":579,"k":0,"d":145.1},"geometry":{"type":"MultiPolygon","coordinates":[[[[129.2748019,37.3164123],[129.2747822,37.3164273],[129.2745684,37.3165027],[129.274398,37.3166392],[129.2741328,37.3163173],[129.2745557,37.3162971],[129.2748019,37.3164123]]]]}},{"type":"Feature","properties":{"r":264,"k":0,"d":93.8},"geometry":{"type":"MultiPolygon","coordinates":[[[[129.2885453,37.3087358],[129.2885333,37.3087066],[129.2885469,37.3085667],[129.2884815,37.3084848],[129.2884514,37.3084776],[129.2884671,37.3083654],[129.2882749,37.3082634],[129.2882583,37.3081982],[129.2881444,37.3081472],[129.2877344,37.3081104],[129.2876483,37.3081206],[129.2875148,37.308094],[129.2874369,37.3081355],[129.2874219,37.3080689],[129.2874479,37.3080265],[129.287507,37.3079794],[129.2874928,37.3079508],[129.2879649,37.307581],[129.2881811,37.3075475],[129.2881864,37.3075971],[129.2881497,37.3076186],[129.2881719,37.3076907],[129.2880692,37.3077725],[129.2879938,37.307828],[129.2879035,37.307827],[129.2878374,37.3078603],[129.2879011,37.3078805],[129.2882852,37.3078437],[129.2884416,37.3076796],[129.2885318,37.3076922],[129.2885487,37.3078189],[129.2888052,37.3077762],[129.2889253,37.307778],[129.289011,37.3075509],[129.2890634,37.3075219],[129.2891156,37.3075281],[129.2892018,37.3075165],[129.2892784,37.3076228],[129.2893803,37.3076434],[129.2893629,37.3077748],[129.2893922,37.3078],[129.2894982,37.3077269],[129.2895209,37.3078516],[129.2895775,37.3078571],[129.2895803,37.3079703],[129.2895441,37.3080732],[129.2894787,37.3081322],[129.289387,37.3081607],[129.2893719,37.3082586],[129.2893236,37.3082648],[129.2892415,37.3082601],[129.2892099,37.3083451],[129.289195,37.3083975],[129.2892738,37.3085047],[129.289264,37.3085175],[129.2892396,37.308531],[129.289187,37.3085306],[129.2891699,37.3085198],[129.289162,37.3085309],[129.2889964,37.3085222],[129.2888032,37.3086145],[129.2886237,37.308724],[129.2885453,37.3087358]]]]}},{"type":"Feature","properties":{"r":375,"k":0,"d":108.4},"geometry":{"type":"MultiPolygon","coordinates":[[[[129.286421,37.3093357],[129.2863616,37.3094385],[129.2862752,37.3094121],[129.2863522,37.309316],[129.286421,37.3093357]]]]}},{"type":"Feature","properties":{"r":565,"k":0,"d":142.2},"geometry":{"type":"MultiPolygon","coordinates":[[[[129.2853657,37.3094887],[129.2854823,37.3093269],[129.2855639,37.3093067],[129.2853813,37.309598],[129.285377,37.3095683],[129.285406,37.3095111],[129.2853825,37.3094961],[129.2853657,37.3094887]]]]}},{"type":"Feature","properties":{"r":71,"k":0,"d":52.0},"geometry":{"type":"MultiPolygon","coordinates":[[[[129.2874716,37.3093848],[129.2875276,37.3093537],[129.2876516,37.3092984],[129.2876749,37.3093453],[129.2876548,37.3093755],[129.2875201,37.3094002],[129.2874716,37.3093848]]]]}},{"type":"Feature","properties":{"r":394,"k":0,"d":113.0},"geometry":{"type":"MultiPolygon","coordinates":[[[[129.2854502,37.30981],[129.2854725,37.3097306],[129.2855492,37.3096066],[129.2856373,37.3096558],[129.2855128,37.3098405],[129.2854502,37.30981]]]]}},{"type":"Feature","properties":{"r":755,"k":0,"d":180.4},"geometry":{"type":"MultiPolygon","coordinates":[[[[129.2932675,37.3085333],[129.2932035,37.308539],[129.2931346,37.3085586],[129.2930918,37.3085436],[129.2931054,37.3085184],[129.2931111,37.3084914],[129.2932045,37.3084517],[129.2932542,37.3084382],[129.2932806,37.3085037],[129.2932675,37.3085333]]]]}},{"type":"Feature","properties":{"r":199,"k":0,"d":82.7},"geometry":{"type":"MultiPolygon","coordinates":[[[[129.286612,37.3092521],[129.2866676,37.3092416],[129.2867862,37.3092459],[129.2869308,37.3092482],[129.2870487,37.3092901],[129.2870574,37.3093031],[129.2869686,37.3093444],[129.2868702,37.3094069],[129.2868606,37.3093956],[129.2868445,37.3093861],[129.2868313,37.3093928],[129.286782,37.3093381],[129.2866865,37.3092978],[129.286612,37.3092521]]]]}},{"type":"Feature","properties":{"r":310,"k":0,"d":100.4},"geometry":{"type":"MultiPolygon","coordinates":[[[[129.2892361,37.3086466],[129.2892301,37.3086058],[129.2892322,37.3085589],[129.289264,37.3085175],[129.2894308,37.3084362],[129.2896376,37.3083607],[129.2898386,37.3082661],[129.2899415,37.3082459],[129.2900278,37.3082854],[129.2900367,37.3084003],[129.2894362,37.3085857],[129.2894203,37.3085823],[129.2892361,37.3086466]]]]}},{"type":"Feature","properties":{"r":671,"k":0,"d":162.9},"geometry":{"type":"MultiPolygon","coordinates":[[[[129.2872053,37.3083988],[129.287221,37.3083074],[129.2873415,37.3083076],[129.2873358,37.3084016],[129.2872053,37.3083988]]]]}},{"type":"Feature","properties":{"r":184,"k":0,"d":78.3},"geometry":{"type":"MultiPolygon","coordinates":[[[[129.2892004,37.3087872],[129.2891993,37.3087897],[129.2890238,37.3088499],[129.2889522,37.3088332],[129.2889549,37.3087958],[129.2888909,37.3087915],[129.288915,37.3087898],[129.2890089,37.308771],[129.2891719,37.3087304],[129.2891832,37.3087374],[129.289116,37.3087627],[129.2892004,37.3087872]]]]}},{"type":"Feature","properties":{"r":530,"k":0,"d":136.7},"geometry":{"type":"MultiPolygon","coordinates":[[[[129.2905129,37.3081778],[129.2904377,37.3081542],[129.2903999,37.3081571],[129.2904948,37.3081309],[129.2905258,37.3081686],[129.2905129,37.3081778]]]]}},{"type":"Feature","properties":{"r":69,"k":0,"d":51.3},"geometry":{"type":"MultiPolygon","coordinates":[[[[129.2856114,37.3104384],[129.2855951,37.3104343],[129.2857405,37.3102552],[129.2857694,37.3102877],[129.2856114,37.3104384]]]]}},{"type":"Feature","properties":{"r":455,"k":0,"d":125.2},"geometry":{"type":"MultiPolygon","coordinates":[[[[129.2818748,37.3117524],[129.282118,37.3115882],[129.2821588,37.3116274],[129.2820301,37.3117225],[129.2819461,37.3118165],[129.2819,37.3117924],[129.2818748,37.3117524]]]]}},{"type":"Feature","properties":{"r":161,"k":0,"d":71.9},"geometry":{"type":"MultiPolygon","coordinates":[[[[129.2895851,37.3088859],[129.2894972,37.3088923],[129.2894552,37.3087342],[129.2895723,37.3086966],[129.289592,37.308695],[129.2896101,37.3086891],[129.2897046,37.3088752],[129.2895851,37.3088859]]]]}},{"type":"Feature","properties":{"r":591,"k":0,"d":147.5},"geometry":{"type":"MultiPolygon","coordinates":[[[[129.2742759,37.3167249],[129.2743116,37.3167424],[129.2742613,37.3167728],[129.2740232,37.3168287],[129.2739167,37.3168416],[129.2740122,37.3168203],[129.2742382,37.3167513],[129.2742759,37.3167249]]]]}},{"type":"Feature","properties":{"r":481,"k":0,"d":128.3},"geometry":{"type":"MultiPolygon","coordinates":[[[[129.272599,37.3180817],[129.2726208,37.3180102],[129.2727414,37.3179898],[129.272785,37.3180575],[129.2726895,37.318105],[129.272599,37.3180817]]]]}},{"type":"Feature","properties":{"r":651,"k":0,"d":158.6},"geometry":{"type":"MultiPolygon","coordinates":[[[[129.271707,37.3183512],[129.2718492,37.3182549],[129.2719113,37.318302],[129.2718539,37.3183714],[129.2717963,37.3183889],[129.271707,37.3183512]]]]}},{"type":"Feature","properties":{"r":504,"k":0,"d":133.2},"geometry":{"type":"MultiPolygon","coordinates":[[[[129.2698366,37.3205634],[129.2698041,37.320543],[129.2698181,37.3204883],[129.2698043,37.3204778],[129.2699222,37.3203998],[129.2699778,37.3204415],[129.2698366,37.3205634]]]]}},{"type":"Feature","properties":{"r":821,"k":0,"d":189.7},"geometry":{"type":"MultiPolygon","coordinates":[[[[129.2670378,37.3240167],[129.2670086,37.3239864],[129.2670896,37.3238586],[129.2671234,37.3238818],[129.2670378,37.3240167]]]]}},{"type":"Feature","properties":{"r":22,"k":0,"d":25.9},"geometry":{"type":"MultiPolygon","coordinates":[[[[129.2830711,37.3122308],[129.283144,37.3121979],[129.2836299,37.3121064],[129.2839269,37.3120275],[129.2840949,37.3119806],[129.2840275,37.3120403],[129.2839055,37.3120935],[129.2838252,37.3121386],[129.2837107,37.3121839],[129.2837193,37.3122009],[129.2836508,37.3122161],[129.2836446,37.3121994],[129.2834775,37.3122211],[129.2834511,37.3122085],[129.2833133,37.3122402],[129.2832722,37.3122071],[129.283124,37.3122451],[129.283079,37.3122423],[129.2830711,37.3122308]]]]}},{"type":"Feature","properties":{"r":534,"k":0,"d":137.2},"geometry":{"type":"MultiPolygon","coordinates":[[[[129.2783231,37.313492],[129.2783243,37.3133905],[129.2784887,37.3132569],[129.2784878,37.3132449],[129.278597,37.3132527],[129.2787504,37.3133093],[129.279042,37.3132645],[129.2791586,37.3132814],[129.2792548,37.313265],[129.2792755,37.3133528],[129.2791237,37.3134911],[129.2789312,37.313479],[129.2788866,37.3135264],[129.2787543,37.3135304],[129.2785643,37.3134967],[129.2783231,37.313492]]]]}},{"type":"Feature","properties":{"r":737,"k":0,"d":176.2},"geometry":{"type":"MultiPolygon","coordinates":[[[[129.2868231,37.3082804],[129.2869647,37.3083567],[129.2869689,37.3083656],[129.2869322,37.308409],[129.2868755,37.3083756],[129.2867829,37.3083158],[129.2867269,37.3082523],[129.2867865,37.3082751],[129.2868111,37.3082912],[129.2868231,37.3082804]]]]}},{"type":"Feature","properties":{"r":438,"k":0,"d":120.9},"geometry":{"type":"MultiPolygon","coordinates":[[[[129.2930007,37.3089231],[129.2930437,37.3090288],[129.292863,37.3090546],[129.2928266,37.3089661],[129.2928324,37.3088978],[129.2928379,37.3088909],[129.2930007,37.3089231]]]]}},{"type":"Feature","properties":{"r":840,"k":0,"d":192.1},"geometry":{"type":"MultiPolygon","coordinates":[[[[129.2932806,37.3085037],[129.2932542,37.3084382],[129.2933591,37.3084122],[129.2933856,37.3084719],[129.2932806,37.3085037]]]]}},{"type":"Feature","properties":{"r":797,"k":0,"d":185.9},"geometry":{"type":"MultiPolygon","coordinates":[[[[129.2874369,37.3081355],[129.2873598,37.3081736],[129.2873447,37.3080965],[129.2874109,37.3080149],[129.2874928,37.3079508],[129.287507,37.3079794],[129.2874479,37.3080265],[129.2874219,37.3080689],[129.2874369,37.3081355]]]]}},{"type":"Feature","properties":{"r":745,"k":0,"d":178.9},"geometry":{"type":"MultiPolygon","coordinates":[[[[129.2919835,37.3080345],[129.2919625,37.3079745],[129.2920156,37.3078738],[129.2918404,37.3078577],[129.2917532,37.3078605],[129.292364,37.3076577],[129.2924033,37.3077276],[129.2924404,37.307717],[129.2924626,37.307772],[129.2925072,37.3078451],[129.2924423,37.3078692],[129.2922938,37.3078305],[129.2920842,37.3078314],[129.2920418,37.307985],[129.2919835,37.3080345]]]]}},{"type":"Feature","properties":{"r":220,"k":0,"d":85.1},"geometry":{"type":"MultiPolygon","coordinates":[[[[129.2908446,37.308513],[129.2908984,37.3084537],[129.2909086,37.3084181],[129.2909777,37.3083223],[129.2910938,37.3083114],[129.2912607,37.3084508],[129.2913587,37.3084756],[129.291282,37.3086747],[129.2911994,37.3086272],[129.2911007,37.3086636],[129.2909097,37.3085701],[129.2908446,37.308513]]]]}},{"type":"Feature","properties":{"r":676,"k":0,"d":164.3},"geometry":{"type":"MultiPolygon","coordinates":[[[[129.2856586,37.3092706],[129.2855732,37.3092581],[129.2855338,37.3092659],[129.2855774,37.309149],[129.2857466,37.3091473],[129.2856586,37.3092706]]]]}},{"type":"Feature","properties":{"r":7,"k":0,"d":16.3},"geometry":{"type":"MultiPolygon","coordinates":[[[[129.2852683,37.3109763],[129.285251,37.3109045],[129.2854392,37.3105884],[129.285564,37.3104766],[129.2857095,37.3105138],[129.2857984,37.3106026],[129.2857419,37.3107163],[129.2853546,37.311008],[129.2852683,37.3109763]]]]}},{"type":"Feature","properties":{"r":156,"k":0,"d":71.3},"geometry":{"type":"MultiPolygon","coordinates":[[[[129.2832092,37.3120389],[129.2831953,37.3120159],[129.2833234,37.3119703],[129.2832625,37.3120177],[129.2832092,37.3120389]]]]}},{"type":"Feature","properties":{"r":677,"k":0,"d":164.7},"geometry":{"type":"MultiPolygon","coordinates":[[[[129.2871083,37.3084472],[129.2871095,37.308299],[129.2871761,37.308288],[129.287164,37.3084041],[129.2871478,37.3084455],[129.2871083,37.3084472]]]]}},{"type":"Feature","properties":{"r":252,"k":0,"d":92.0},"geometry":{"type":"MultiPolygon","coordinates":[[[[129.2879731,37.3088988],[129.2879148,37.308833],[129.2879733,37.3088279],[129.2880583,37.3088365],[129.2881227,37.308848],[129.2879731,37.3088988]]]]}},{"type":"Feature","properties":{"r":155,"k":0,"d":71.3},"geometry":{"type":"MultiPolygon","coordinates":[[[[129.2823599,37.3118046],[129.2824526,37.311636],[129.2824341,37.3115513],[129.2824897,37.3114142],[129.2826707,37.3112059],[129.2826259,37.311068],[129.2826278,37.3109989],[129.2828687,37.3109477],[129.2830834,37.3108728],[129.2832877,37.3107874],[129.2835424,37.3107494],[129.2837005,37.3106579],[129.2837709,37.3110629],[129.2837481,37.3111423],[129.2837823,37.3115652],[129.2836403,37.3116421],[129.283505,37.3118291],[129.2833836,37.3118468],[129.2832924,37.3119533],[129.2831913,37.3120093],[129.282933,37.311968],[129.282712,37.3119431],[129.2824452,37.311863],[129.2823599,37.3118046]]]]}},{"type":"Feature","properties":{"r":622,"k":0,"d":153.2},"geometry":{"type":"MultiPolygon","coordinates":[[[[129.2824151,37.3114458],[129.2824432,37.3113569],[129.2825049,37.3113155],[129.282511,37.3113617],[129.2824897,37.3114142],[129.2824571,37.3114516],[129.2824151,37.3114458]]]]}},{"type":"Feature","properties":{"r":1,"k":0,"d":3.8},"geometry":{"type":"MultiPolygon","coordinates":[[[[129.2924071,37.3096502],[129.2926005,37.3095222],[129.2928645,37.3093218],[129.2928901,37.3093135],[129.2929711,37.3093109],[129.2930164,37.3093136],[129.2932689,37.3093445],[129.2936784,37.3093452],[129.2935487,37.3096055],[129.2934332,37.309846],[129.2934159,37.3098515],[129.2927799,37.3098415],[129.2927677,37.3103053],[129.2923822,37.3103042],[129.2923537,37.3103062],[129.2922865,37.3101844],[129.292393,37.3100995],[129.2924054,37.3100324],[129.2923987,37.309688],[129.2924071,37.3096502]]]]}},{"type":"Feature","properties":{"r":683,"k":0,"d":166.7},"geometry":{"type":"MultiPolygon","coordinates":[[[[129.2854289,37.3093316],[129.2853142,37.3093382],[129.285236,37.3093833],[129.2852043,37.309355],[129.2853217,37.3092916],[129.2853808,37.3092963],[129.2854599,37.3092806],[129.2854289,37.3093316]]]]}},{"type":"Feature","properties":{"r":464,"k":0,"d":126.0},"geometry":{"type":"MultiPolygon","coordinates":[[[[129.2771391,37.3149511],[129.2771062,37.3149284],[129.2772704,37.3146985],[129.2772817,37.3145626],[129.2783336,37.3139181],[129.2785,37.3138143],[129.2785559,37.3137491],[129.2785764,37.3137409],[129.2787172,37.3136728],[129.2788866,37.3135264],[129.2789312,37.313479],[129.2791237,37.3134911],[129.2789816,37.3137162],[129.2788321,37.3138213],[129.2788475,37.3137876],[129.2787608,37.3137349],[129.2786226,37.3138029],[129.278558,37.3138236],[129.2785597,37.3139114],[129.2779664,37.3142705],[129.2775889,37.3146057],[129.2771391,37.3149511]]]]}},{"type":"Feature","properties":{"r":274,"k":0,"d":95.7},"geometry":{"type":"MultiPolygon","coordinates":[[[[129.2723004,37.3187705],[129.272265,37.3187285],[129.272256,37.3186821],[129.2721493,37.3186289],[129.2722644,37.3185399],[129.2723414,37.3185996],[129.2723625,37.3185881],[129.2724648,37.3186594],[129.2724583,37.3186656],[129.2724454,37.3187043],[129.2723148,37.3187836],[129.2723004,37.3187705]]]]}},{"type":"Feature","properties":{"r":684,"k":0,"d":166.8},"geometry":{"type":"MultiPolygon","coordinates":[[[[129.2727203,37.317327],[129.273125,37.3173092],[129.2731386,37.317362],[129.2730784,37.3173698],[129.2730832,37.3173858],[129.273048,37.3173927],[129.2730523,37.3174008],[129.2728176,37.3174761],[129.2727203,37.317327]]]]}},{"type":"Feature","properties":{"r":465,"k":0,"d":126.1},"geometry":{"type":"MultiPolygon","coordinates":[[[[129.272785,37.3180575],[129.2727414,37.3179898],[129.2728703,37.3179681],[129.272954,37.3179733],[129.272785,37.3180575]]]]}},{"type":"Feature","properties":{"r":142,"k":0,"d":69.0},"geometry":{"type":"MultiPolygon","coordinates":[[[[129.2735156,37.318278],[129.2733295,37.318156],[129.2733981,37.31807],[129.2734904,37.3181107],[129.2735099,37.3181423],[129.2735488,37.3181701],[129.2735429,37.3182586],[129.2735156,37.318278]]]]}},{"type":"Feature","properties":{"r":16,"k":0,"d":22.6},"geometry":{"type":"MultiPolygon","coordinates":[[[[129.2727399,37.3190557],[129.2728835,37.3189836],[129.2731421,37.3188092],[129.2733686,37.3186595],[129.2736158,37.3184443],[129.2737631,37.3183199],[129.2737915,37.3183444],[129.2737319,37.3185656],[129.2736541,37.3186716],[129.2733291,37.318944],[129.2732327,37.3190163],[129.2731463,37.319055],[129.2729265,37.3192285],[129.2728378,37.3191453],[129.2727468,37.3190636],[129.2727399,37.3190557]]]]}},{"type":"Feature","properties":{"r":429,"k":0,"d":119.4},"geometry":{"type":"MultiPolygon","coordinates":[[[[129.2705016,37.3201354],[129.2704688,37.3202311],[129.2703907,37.3202929],[129.2703488,37.3202992],[129.2703125,37.3201871],[129.2702843,37.3201322],[129.2703174,37.3200803],[129.2705016,37.3201354]]]]}},{"type":"Feature","properties":{"r":724,"k":0,"d":173.5},"geometry":{"type":"MultiPolygon","coordinates":[[[[129.270991,37.3186351],[129.2713054,37.3184242],[129.2714182,37.318391],[129.2715105,37.3184814],[129.2712005,37.3186899],[129.2711919,37.3186938],[129.270991,37.3186351]]]]}},{"type":"Feature","properties":{"r":454,"k":0,"d":124.8},"geometry":{"type":"MultiPolygon","coordinates":[[[[129.2694651,37.320786],[129.2695177,37.320728],[129.2696148,37.320633],[129.2697223,37.3206754],[129.2697446,37.320754],[129.2696824,37.3208188],[129.2695219,37.320835],[129.2694651,37.320786]]]]}},{"type":"Feature","properties":{"r":673,"k":0,"d":163.7},"geometry":{"type":"MultiPolygon","coordinates":[[[[129.2674013,37.3252312],[129.2673474,37.3252236],[129.2673093,37.3252094],[129.2672925,37.3251903],[129.2672914,37.325174],[129.2673409,37.3251511],[129.2673029,37.3251304],[129.2673074,37.3251025],[129.2672939,37.3250952],[129.267299,37.3250538],[129.2674532,37.3251553],[129.2674711,37.3251789],[129.2674252,37.3251905],[129.2674314,37.3251976],[129.267395,37.3252069],[129.2674144,37.325227],[129.2674013,37.3252312]]]]}},{"type":"Feature","properties":{"r":615,"k":0,"d":150.9},"geometry":{"type":"MultiPolygon","coordinates":[[[[129.2739834,37.3161787],[129.2741328,37.3163173],[129.274398,37.3166392],[129.2742759,37.3167249],[129.2739358,37.3165578],[129.2736432,37.316767],[129.2736394,37.3167685],[129.2736491,37.3167517],[129.2737354,37.3165532],[129.2738398,37.316372],[129.2738876,37.3162912],[129.2739478,37.3161942],[129.2739834,37.3161787]]]]}},{"type":"Feature","properties":{"r":451,"k":0,"d":124.0},"geometry":{"type":"MultiPolygon","coordinates":[[[[129.292633,37.308936],[129.2926685,37.3088508],[129.29271,37.30886],[129.2927877,37.3088967],[129.2928029,37.3089143],[129.2928033,37.3089422],[129.292633,37.308936]]]]}},{"type":"Feature","properties":{"r":114,"k":0,"d":64.5},"geometry":{"type":"MultiPolygon","coordinates":[[[[129.2881452,37.3090566],[129.2883291,37.3090099],[129.2883478,37.3090507],[129.2882457,37.3090803],[129.2881829,37.3091042],[129.2881452,37.3090566]]]]}},{"type":"Feature","properties":{"r":266,"k":0,"d":94.1},"geometry":{"type":"MultiPolygon","coordinates":[[[[129.2877232,37.3089466],[129.287648,37.3089692],[129.2875488,37.3089732],[129.2875222,37.3089392],[129.287536,37.3088436],[129.2875381,37.3087572],[129.2877975,37.3088201],[129.2878142,37.308851],[129.2877232,37.3089466]]]]}},{"type":"Feature","properties":{"r":10,"k":0,"d":17.3},"geometry":{"type":"MultiPolygon","coordinates":[[[[129.2872219,37.3095661],[129.2872298,37.3095646],[129.2873463,37.3095028],[129.2875784,37.3097481],[129.2873709,37.3098154],[129.287156,37.309614],[129.2872219,37.3095661]]]]}},{"type":"Feature","properties":{"r":513,"k":0,"d":134.5},"geometry":{"type":"MultiPolygon","coordinates":[[[[129.2868675,37.3088548],[129.2867971,37.3087766],[129.2867571,37.3087535],[129.2869616,37.3087072],[129.2869506,37.3087737],[129.2868675,37.3088548]]]]}},{"type":"Feature","properties":{"r":526,"k":0,"d":136.2},"geometry":{"type":"MultiPolygon","coordinates":[[[[129.2901058,37.3082188],[129.2900872,37.308205],[129.2901202,37.3081518],[129.2902399,37.3081195],[129.2902744,37.3082045],[129.2902307,37.3082155],[129.2901058,37.3082188]]]]}},{"type":"Feature","properties":{"r":663,"k":0,"d":161.8},"geometry":{"type":"MultiPolygon","coordinates":[[[[129.2841978,37.3100673],[129.2840768,37.3101844],[129.2840902,37.3100922],[129.2840783,37.3100517],[129.2842014,37.3100583],[129.2841978,37.3100673]]]]}},{"type":"Feature","properties":{"r":11,"k":0,"d":19.6},"geometry":{"type":"MultiPolygon","coordinates":[[[[129.2858796,37.3106119],[129.2859165,37.3105935],[129.2860595,37.3104298],[129.2863692,37.3101793],[129.2864282,37.3101514],[129.2864429,37.3101596],[129.2863956,37.3103149],[129.2862641,37.3104637],[129.2858962,37.310634],[129.2858796,37.3106119]]]]}},{"type":"Feature","properties":{"r":117,"k":0,"d":65.2},"geometry":{"type":"MultiPolygon","coordinates":[[[[129.283505,37.3118291],[129.2836668,37.3118053],[129.2834021,37.311909],[129.283505,37.3118291]]]]}},{"type":"Feature","properties":{"r":193,"k":0,"d":82.1},"geometry":{"type":"MultiPolygon","coordinates":[[[[129.2892423,37.3088025],[129.2892123,37.3088122],[129.2891993,37.3087897],[129.2892004,37.3087872],[129.2892376,37.308798],[129.2892423,37.3088025]]]]}},{"type":"Feature","properties":{"r":280,"k":0,"d":96.5},"geometry":{"type":"MultiPolygon","coordinates":[[[[129.2891108,37.3086842],[129.2891118,37.3086009],[129.2891699,37.3085198],[129.2892322,37.3085589],[129.2892301,37.3086058],[129.2892361,37.3086466],[129.2891108,37.3086842]]]]}},{"type":"Feature","properties":{"r":550,"k":0,"d":139.4},"geometry":{"type":"MultiPolygon","coordinates":[[[[129.2771898,37.3142016],[129.2772328,37.3141728],[129.2772565,37.3141709],[129.277254,37.3142147],[129.2772899,37.3144638],[129.2772704,37.3146985],[129.2771062,37.3149284],[129.2771391,37.3149511],[129.2770827,37.3150147],[129.2770513,37.3149987],[129.2770385,37.3148305],[129.277152,37.3148076],[129.2772349,37.3146946],[129.2772503,37.3144662],[129.2771897,37.3142115],[129.2771898,37.3142016]]]]}},{"type":"Feature","properties":{"r":45,"k":0,"d":43.8},"geometry":{"type":"MultiPolygon","coordinates":[[[[129.2851041,37.3107921],[129.285185,37.3105067],[129.2852063,37.3103854],[129.285299,37.3103941],[129.2854505,37.3104324],[129.2852507,37.3107402],[129.2852101,37.3107629],[129.2851746,37.3108051],[129.2851041,37.3107921]]]]}},{"type":"Feature","properties":{"r":23,"k":0,"d":27.0},"geometry":{"type":"MultiPolygon","coordinates":[[[[129.2738867,37.3182226],[129.274153,37.3180323],[129.2748568,37.31755],[129.274945,37.317517],[129.2753777,37.3172242],[129.2756285,37.3170876],[129.2756924,37.3171578],[129.2754995,37.3172864],[129.2754129,37.3174093],[129.2752769,37.3174718],[129.2752195,37.317512],[129.2749882,37.3176313],[129.2745718,37.3179509],[129.2742306,37.3182024],[129.2739331,37.3182304],[129.2738867,37.3182226]]]]}},{"type":"Feature","properties":{"r":298,"k":0,"d":98.8},"geometry":{"type":"MultiPolygon","coordinates":[[[[129.272161,37.3188511],[129.272273,37.3187864],[129.2722794,37.318794],[129.2721916,37.3188732],[129.272161,37.3188511]]]]}},{"type":"Feature","properties":{"r":468,"k":0,"d":126.6},"geometry":{"type":"MultiPolygon","coordinates":[[[[129.272453,37.3183174],[129.2724413,37.3182927],[129.2724232,37.3180759],[129.2724583,37.3180478],[129.2725884,37.3181018],[129.2726707,37.3181247],[129.272453,37.3183174]]]]}},{"type":"Feature","properties":{"r":325,"k":0,"d":102.0},"geometry":{"type":"MultiPolygon","coordinates":[[[[129.2728022,37.3183587],[129.2725969,37.3182585],[129.2727171,37.3181679],[129.2727444,37.3182145],[129.2728713,37.3183201],[129.2728022,37.3183587]]]]}},{"type":"Feature","properties":{"r":66,"k":0,"d":49.5},"geometry":{"type":"MultiPolygon","coordinates":[[[[129.2736158,37.3184443],[129.2735388,37.3183211],[129.2735429,37.3182586],[129.2736865,37.3181396],[129.2742497,37.3177727],[129.2743606,37.317736],[129.2748568,37.31755],[129.274153,37.3180323],[129.2738318,37.3182619],[129.2736158,37.3184443]]]]}},{"type":"Feature","properties":{"r":362,"k":0,"d":107.4},"geometry":{"type":"MultiPolygon","coordinates":[[[[129.2732533,37.3179227],[129.2732176,37.3178426],[129.273135,37.3178239],[129.2729888,37.3177941],[129.2731218,37.3177671],[129.2732686,37.3177662],[129.2733574,37.3178474],[129.2734125,37.31789],[129.2732533,37.3179227]]]]}},{"type":"Feature","properties":{"r":461,"k":0,"d":125.8},"geometry":{"type":"MultiPolygon","coordinates":[[[[129.2723607,37.3183975],[129.2723079,37.3183533],[129.2721749,37.3183454],[129.2720592,37.3182685],[129.2722495,37.3181689],[129.272269,37.3181933],[129.2723971,37.3182749],[129.2724124,37.3182754],[129.2724413,37.3182927],[129.272453,37.3183174],[129.2723607,37.3183975]]]]}},{"type":"Feature","properties":{"r":295,"k":0,"d":98.3},"geometry":{"type":"MultiPolygon","coordinates":[[[[129.2724847,37.3186405],[129.2724648,37.3186594],[129.2723625,37.3185881],[129.2724424,37.3185446],[129.2725287,37.3185988],[129.2724847,37.3186405]]]]}},{"type":"Feature","properties":{"r":239,"k":0,"d":88.6},"geometry":{"type":"MultiPolygon","coordinates":[[[[129.2705081,37.320587],[129.2704142,37.3205409],[129.2702891,37.3205434],[129.2703072,37.3205136],[129.2704863,37.3203919],[129.2705567,37.3203757],[129.2705468,37.3204342],[129.2705785,37.3205225],[129.2705081,37.320587]]]]}},{"type":"Feature","properties":{"r":780,"k":0,"d":184.4},"geometry":{"type":"MultiPolygon","coordinates":[[[[129.2713476,37.318181],[129.2716878,37.3181433],[129.2717077,37.3181603],[129.2715166,37.3181777],[129.2713124,37.3181984],[129.2713476,37.318181]]]]}},{"type":"Feature","properties":{"r":726,"k":0,"d":174.3},"geometry":{"type":"MultiPolygon","coordinates":[[[[129.2705481,37.3191271],[129.2708961,37.3188947],[129.2709204,37.3190324],[129.2708807,37.3189999],[129.2708839,37.3190567],[129.2708369,37.3192079],[129.2707373,37.3192871],[129.2705481,37.3191271]]]]}},{"type":"Feature","properties":{"r":772,"k":0,"d":183.2},"geometry":{"type":"MultiPolygon","coordinates":[[[[129.2709039,37.3186935],[129.270991,37.3186351],[129.2711919,37.3186938],[129.2711604,37.3187139],[129.2711022,37.3187211],[129.2710155,37.3187499],[129.2709039,37.3186935]]]]}},{"type":"Feature","properties":{"r":791,"k":0,"d":185.4},"geometry":{"type":"MultiPolygon","coordinates":[[[[129.271111,37.3187505],[129.2710674,37.3187801],[129.2709295,37.3188723],[129.2709918,37.3187746],[129.271111,37.3187463],[129.271111,37.3187505]]]]}},{"type":"Feature","properties":{"r":332,"k":0,"d":102.8},"geometry":{"type":"MultiPolygon","coordinates":[[[[129.272161,37.3188511],[129.2720983,37.3188873],[129.2719206,37.3188406],[129.2720242,37.3187395],[129.272161,37.3188511]]]]}},{"type":"Feature","properties":{"r":612,"k":0,"d":150.6},"geometry":{"type":"MultiPolygon","coordinates":[[[[129.2701892,37.3200592],[129.2700464,37.319925],[129.2700101,37.3198939],[129.2701235,37.3198135],[129.2701755,37.3198405],[129.2702161,37.3198665],[129.2702842,37.3198925],[129.2703498,37.3199521],[129.2701892,37.3200592]]]]}},{"type":"Feature","properties":{"r":654,"k":0,"d":159.2},"geometry":{"type":"MultiPolygon","coordinates":[[[[129.2673665,37.32476],[129.2673493,37.3248475],[129.2673547,37.3248825],[129.2674908,37.3251225],[129.2675194,37.3251627],[129.2675004,37.3251691],[129.2674833,37.3251439],[129.2672064,37.324952],[129.2669906,37.3246723],[129.2670043,37.3246664],[129.2671005,37.3246584],[129.2671245,37.3246604],[129.2673665,37.32476]]]]}},{"type":"Feature","properties":{"r":476,"k":0,"d":127.7},"geometry":{"type":"MultiPolygon","coordinates":[[[[129.2771391,37.3149511],[129.2775889,37.3146057],[129.2777267,37.3145962],[129.2775323,37.3147302],[129.2775547,37.3147793],[129.277386,37.3148984],[129.2772553,37.315031],[129.2771391,37.3149511]]]]}},{"type":"Feature","properties":{"r":273,"k":0,"d":95.3},"geometry":{"type":"MultiPolygon","coordinates":[[[[129.2885333,37.3087066],[129.2885027,37.308731],[129.2884873,37.3087239],[129.2883658,37.3086832],[129.2883505,37.30861],[129.2883608,37.3085304],[129.2884514,37.3084776],[129.2884815,37.3084848],[129.2885469,37.3085667],[129.2885333,37.3087066]]]]}},{"type":"Feature","properties":{"r":175,"k":0,"d":75.9},"geometry":{"type":"MultiPolygon","coordinates":[[[[129.2899062,37.3086298],[129.2899491,37.3087976],[129.2897196,37.3088326],[129.2896514,37.3086935],[129.2899062,37.3086298]]]]}},{"type":"Feature","properties":{"r":477,"k":0,"d":127.9},"geometry":{"type":"MultiPolygon","coordinates":[[[[129.2881722,37.3085058],[129.2878821,37.3084689],[129.2879509,37.3081294],[129.2881444,37.3081472],[129.2882583,37.3081982],[129.2882749,37.3082634],[129.2882917,37.3082723],[129.2881722,37.3085058]]]]}},{"type":"Feature","properties":{"r":522,"k":0,"d":135.8},"geometry":{"type":"MultiPolygon","coordinates":[[[[129.2899415,37.3082459],[129.2898386,37.3082661],[129.2899095,37.3082313],[129.2899415,37.3082459]]]]}},{"type":"Feature","properties":{"r":79,"k":0,"d":52.8},"geometry":{"type":"MultiPolygon","coordinates":[[[[129.2876516,37.3092984],[129.2878543,37.3092176],[129.2878936,37.3092151],[129.2879277,37.3092837],[129.2876749,37.3093453],[129.2876516,37.3092984]]]]}},{"type":"Feature","properties":{"r":749,"k":0,"d":179.8},"geometry":{"type":"MultiPolygon","coordinates":[[[[129.2871761,37.308288],[129.2871095,37.308299],[129.2871093,37.3081823],[129.287198,37.3081986],[129.2871761,37.308288]]]]}},{"type":"Feature","properties":{"r":85,"k":0,"d":54.6},"geometry":{"type":"MultiPolygon","coordinates":[[[[129.2895931,37.3090459],[129.2893603,37.3090319],[129.2893067,37.3089325],[129.2893675,37.3089018],[129.2895851,37.3088859],[129.2895931,37.3090459]]]]}},{"type":"Feature","properties":{"r":206,"k":0,"d":83.9},"geometry":{"type":"MultiPolygon","coordinates":[[[[129.275681,37.3164728],[129.2757678,37.3163941],[129.2757104,37.3164703],[129.2756722,37.3165192],[129.275681,37.3164728]]]]}},{"type":"Feature","properties":{"r":366,"k":0,"d":107.8},"geometry":{"type":"MultiPolygon","coordinates":[[[[129.2789646,37.3139594],[129.279008,37.3138975],[129.2790211,37.3139108],[129.2789646,37.3139594]]]]}},{"type":"Feature","properties":{"r":132,"k":0,"d":67.7},"geometry":{"type":"MultiPolygon","coordinates":[[[[129.2725223,37.3189868],[129.2724415,37.3189159],[129.2725573,37.3188654],[129.2725987,37.3189343],[129.2725223,37.3189868]]]]}},{"type":"Feature","properties":{"r":841,"k":0,"d":192.5},"geometry":{"type":"MultiPolygon","coordinates":[[[[129.2729788,37.3170083],[129.2730073,37.3169822],[129.2731119,37.3169385],[129.2731078,37.316953],[129.2731359,37.3170645],[129.2730021,37.3171336],[129.2729586,37.3170738],[129.2729788,37.3170083]]]]}},{"type":"Feature","properties":{"r":502,"k":0,"d":132.6},"geometry":{"type":"MultiPolygon","coordinates":[[[[129.2731695,37.3173201],[129.273789,37.3171463],[129.2738936,37.317262],[129.2731889,37.3174728],[129.2731695,37.3173201]]]]}},{"type":"Feature","properties":{"r":480,"k":0,"d":128.2},"geometry":{"type":"MultiPolygon","coordinates":[[[[129.2738936,37.317262],[129.2739243,37.3172942],[129.2736561,37.3173331],[129.2738936,37.317262]]]]}},{"type":"Feature","properties":{"r":127,"k":0,"d":66.9},"geometry":{"type":"MultiPolygon","coordinates":[[[[129.2733791,37.318375],[129.2732475,37.3184685],[129.2731028,37.3183512],[129.273226,37.3182547],[129.2733791,37.318375]]]]}},{"type":"Feature","properties":{"r":809,"k":0,"d":188.2},"geometry":{"type":"MultiPolygon","coordinates":[[[[129.2725884,37.3171704],[129.2726266,37.3171037],[129.2727457,37.3171239],[129.2728574,37.3171192],[129.2729788,37.3170083],[129.2729586,37.3170738],[129.2730021,37.3171336],[129.2730195,37.3171893],[129.2727741,37.3172409],[129.2727647,37.3172015],[129.2726165,37.3171889],[129.2725884,37.3171704]]]]}},{"type":"Feature","properties":{"r":353,"k":0,"d":105.5},"geometry":{"type":"MultiPolygon","coordinates":[[[[129.2704863,37.3203919],[129.2703072,37.3205136],[129.2703442,37.3204522],[129.2703335,37.320376],[129.2703349,37.3203518],[129.2704504,37.3204002],[129.2704863,37.3203919]]]]}},{"type":"Feature","properties":{"r":581,"k":0,"d":145.3},"geometry":{"type":"MultiPolygon","coordinates":[[[[129.2700172,37.3202406],[129.2698718,37.3203738],[129.2698456,37.3203614],[129.2694666,37.320714],[129.2693093,37.3208073],[129.2693766,37.3205469],[129.2696794,37.3201228],[129.2698081,37.3200369],[129.2698855,37.3200959],[129.2699459,37.3201795],[129.2700172,37.3202406]]]]}},{"type":"Feature","properties":{"r":359,"k":0,"d":107.1},"geometry":{"type":"MultiPolygon","coordinates":[[[[129.2702663,37.3205413],[129.2699778,37.3204415],[129.2699222,37.3203998],[129.2700484,37.3202827],[129.2701953,37.3203436],[129.2703335,37.320376],[129.2703442,37.3204522],[129.2703072,37.3205136],[129.2702663,37.3205413]]]]}},{"type":"Feature","properties":{"r":391,"k":0,"d":112.0},"geometry":{"type":"MultiPolygon","coordinates":[[[[129.2697799,37.3208507],[129.2698113,37.3207311],[129.2698297,37.3206088],[129.2699274,37.3206245],[129.2699036,37.3207323],[129.2699537,37.3207462],[129.2697883,37.3208535],[129.2697799,37.3208507]]]]}},{"type":"Feature","properties":{"r":294,"k":0,"d":98.3},"geometry":{"type":"MultiPolygon","coordinates":[[[[129.2689711,37.3215866],[129.2689692,37.3215202],[129.2691196,37.3212589],[129.2694626,37.3210523],[129.2697237,37.3211526],[129.2695776,37.3212564],[129.269067,37.3216464],[129.268983,37.3217603],[129.26895,37.3216736],[129.2689711,37.3215866]]]]}},{"type":"Feature","properties":{"r":829,"k":0,"d":190.8},"geometry":{"type":"MultiPolygon","coordinates":[[[[129.2669929,37.3231181],[129.2669332,37.3230606],[129.2668704,37.3228881],[129.2671929,37.322893],[129.2673427,37.3228494],[129.2674181,37.3229216],[129.2673276,37.3229883],[129.2671353,37.3230916],[129.2669929,37.3231181]]]]}},{"type":"Feature","properties":{"r":867,"k":0,"d":196.3},"geometry":{"type":"MultiPolygon","coordinates":[[[[129.2669576,37.324067],[129.2670086,37.3239864],[129.2670378,37.3240167],[129.2670271,37.3240336],[129.2669956,37.3240264],[129.2669837,37.3240559],[129.2669785,37.3240554],[129.2669704,37.3240699],[129.2669576,37.324067]]]]}},{"type":"Feature","properties":{"r":826,"k":0,"d":190.7},"geometry":{"type":"MultiPolygon","coordinates":[[[[129.2669994,37.324866],[129.2670157,37.3248422],[129.2670219,37.3248271],[129.2670247,37.3248052],[129.2670197,37.3247993],[129.2670509,37.3248142],[129.2670692,37.3248278],[129.2671243,37.3249292],[129.2671012,37.3249805],[129.2669994,37.324866]]]]}},{"type":"Feature","properties":{"r":877,"k":0,"d":197.9},"geometry":{"type":"MultiPolygon","coordinates":[[[[129.2669994,37.324866],[129.26688,37.3248707],[129.2668522,37.3248592],[129.2668541,37.3248453],[129.2668141,37.3248461],[129.2668172,37.3247922],[129.2668425,37.3247725],[129.2668805,37.3247618],[129.2669351,37.3247575],[129.2670103,37.3247881],[129.2670247,37.3248052],[129.2670219,37.3248271],[129.2670157,37.3248422],[129.2669994,37.324866]]]]}},{"type":"Feature","properties":{"r":750,"k":0,"d":180.0},"geometry":{"type":"MultiPolygon","coordinates":[[[[129.2672687,37.3269721],[129.267166,37.3266019],[129.266779,37.3263195],[129.2669792,37.3261],[129.2670462,37.3259266],[129.2670001,37.3258057],[129.2671302,37.3256165],[129.2673159,37.3255161],[129.2673805,37.3256395],[129.2675094,37.3257833],[129.2674961,37.3258131],[129.2673388,37.3258419],[129.2672666,37.3259211],[129.2672628,37.3259935],[129.2671774,37.3261408],[129.2670738,37.3263112],[129.2673096,37.3265305],[129.2673206,37.326589],[129.267362,37.3267488],[129.2674198,37.3268351],[129.2673247,37.326934],[129.2672687,37.3269721]]]]}},{"type":"Feature","properties":{"r":427,"k":0,"d":119.0},"geometry":{"type":"MultiPolygon","coordinates":[[[[129.2756196,37.3148606],[129.2758173,37.314903],[129.2758999,37.3148771],[129.2760291,37.3149823],[129.2760935,37.3150028],[129.2762072,37.3150794],[129.2764791,37.3151626],[129.2765765,37.3152938],[129.2765362,37.3154166],[129.276375,37.3155369],[129.2762765,37.3155816],[129.2761495,37.315681],[129.2761416,37.3157286],[129.2761607,37.3158309],[129.2761497,37.3158416],[129.2761276,37.3158292],[129.2760776,37.3158319],[129.2758924,37.3159324],[129.2758291,37.3159335],[129.2757442,37.3159168],[129.2755973,37.3158606],[129.2755105,37.3158079],[129.2754371,37.3157749],[129.275363,37.3157636],[129.2752337,37.3156424],[129.2752707,37.3156631],[129.2753126,37.3155306],[129.2754453,37.3154819],[129.2755836,37.3153762],[129.2756514,37.3152949],[129.2758669,37.3152176],[129.2756196,37.3148606]]]]}},{"type":"Feature","properties":{"r":472,"k":0,"d":127.0},"geometry":{"type":"MultiPolygon","coordinates":[[[[129.2799626,37.31209],[129.2800787,37.3120007],[129.2801084,37.3120308],[129.2803246,37.3120465],[129.2804801,37.3122914],[129.2804454,37.312431],[129.280569,37.3125352],[129.2806338,37.3126199],[129.2806004,37.3126459],[129.2803933,37.3124676],[129.2803613,37.3122804],[129.280203,37.3120951],[129.279992,37.3121096],[129.2799626,37.31209]]]]}},{"type":"Feature","properties":{"r":629,"k":0,"d":154.1},"geometry":{"type":"MultiPolygon","coordinates":[[[[129.2803465,37.3125041],[129.2797536,37.3121363],[129.2798312,37.3120719],[129.2799273,37.3120664],[129.279992,37.3121096],[129.280203,37.3120951],[129.2803613,37.3122804],[129.2803933,37.3124676],[129.2803465,37.3125041]]]]}},{"type":"Feature","properties":{"r":872,"k":0,"d":197.4},"geometry":{"type":"MultiPolygon","coordinates":[[[[129.2830795,37.3099541],[129.2828749,37.3101142],[129.2827258,37.3102502],[129.2825884,37.3104021],[129.282616,37.3105657],[129.2824639,37.3106018],[129.2825486,37.3107411],[129.2826401,37.3107083],[129.2826456,37.3107406],[129.2825316,37.3108573],[129.2824991,37.3108717],[129.2823348,37.3110035],[129.2821291,37.3110862],[129.2821089,37.3110958],[129.2820202,37.3110611],[129.2819399,37.3110733],[129.2819167,37.311038],[129.2818933,37.3109562],[129.2817722,37.3108521],[129.2817715,37.3108487],[129.2819777,37.310644],[129.2822302,37.3103338],[129.2824624,37.3100049],[129.2824596,37.3095736],[129.2830795,37.3099541]]]]}},{"type":"Feature","properties":{"r":6,"k":0,"d":15.7},"geometry":{"type":"MultiPolygon","coordinates":[[[[129.2841037,37.3119782],[129.2840727,37.3119337],[129.2841614,37.311909],[129.2847484,37.3115594],[129.2850575,37.3113146],[129.2851498,37.3111978],[129.2851844,37.3111123],[129.2851742,37.3109531],[129.2852005,37.3108099],[129.2852507,37.3107402],[129.2854505,37.3104324],[129.2855136,37.3104635],[129.285251,37.3109045],[129.2852683,37.3109763],[129.2852479,37.3111372],[129.2851467,37.3113248],[129.2848485,37.3115719],[129.2844138,37.311854],[129.2841889,37.3119544],[129.2841037,37.3119782]]]]}},{"type":"Feature","properties":{"r":723,"k":0,"d":173.4},"geometry":{"type":"MultiPolygon","coordinates":[[[[129.2846726,37.309205],[129.2847061,37.3091821],[129.2848956,37.3091262],[129.2849814,37.3090557],[129.285025,37.3090176],[129.2850978,37.3090038],[129.2850594,37.3090638],[129.2851002,37.3091844],[129.2851774,37.3092907],[129.2852043,37.309355],[129.2851088,37.3093696],[129.2849587,37.3094176],[129.2848295,37.3094082],[129.2846726,37.309205]]]]}},{"type":"Feature","properties":{"r":53,"k":0,"d":46.1},"geometry":{"type":"MultiPolygon","coordinates":[[[[129.2867773,37.3098847],[129.2869242,37.3097621],[129.2871359,37.3095951],[129.2871586,37.3095782],[129.2871817,37.3095609],[129.2873395,37.3094659],[129.2874716,37.3093848],[129.2872219,37.3095661],[129.287156,37.309614],[129.2869273,37.30978],[129.2868485,37.3098372],[129.2867871,37.3098884],[129.2867773,37.3098847]]]]}},{"type":"Feature","properties":{"r":848,"k":0,"d":194.0},"geometry":{"type":"MultiPolygon","coordinates":[[[[129.2840122,37.3097706],[129.2839781,37.309848],[129.2837627,37.3098804],[129.2836216,37.3099199],[129.283636,37.3097998],[129.2836324,37.3096778],[129.2840122,37.3097706]]]]}},{"type":"Feature","properties":{"r":578,"k":0,"d":145.1},"geometry":{"type":"MultiPolygon","coordinates":[[[[129.2934476,37.3090954],[129.2934123,37.3090556],[129.2933756,37.3089688],[129.2933888,37.3089364],[129.2934207,37.3089417],[129.2934999,37.3089804],[129.2935629,37.3089888],[129.2935754,37.3089766],[129.2935928,37.3089793],[129.2935537,37.3091155],[129.2935148,37.309103],[129.2934476,37.3090954]]]]}},{"type":"Feature","properties":{"r":301,"k":0,"d":99.0},"geometry":{"type":"MultiPolygon","coordinates":[[[[129.2839484,37.3112318],[129.2838827,37.3113346],[129.2838213,37.311175],[129.2839484,37.3112318]]]]}},{"type":"Feature","properties":{"r":64,"k":0,"d":48.7},"geometry":{"type":"MultiPolygon","coordinates":[[[[129.2878943,37.3092919],[129.2878993,37.3093053],[129.2876669,37.3094042],[129.2876548,37.3093755],[129.2876749,37.3093453],[129.2878943,37.3092919]]]]}},{"type":"Feature","properties":{"r":194,"k":0,"d":82.2},"geometry":{"type":"MultiPolygon","coordinates":[[[[129.2866444,37.3095472],[129.2865059,37.3096534],[129.2864672,37.3096195],[129.2864406,37.3095351],[129.2865251,37.3094588],[129.2865565,37.3094957],[129.2866444,37.3095472]]]]}},{"type":"Feature","properties":{"r":785,"k":0,"d":184.8},"geometry":{"type":"MultiPolygon","coordinates":[[[[129.2858064,37.3088584],[129.285842,37.3087024],[129.2858877,37.308651],[129.2859144,37.3088378],[129.2858064,37.3088584]]]]}},{"type":"Feature","properties":{"r":696,"k":0,"d":169.1},"geometry":{"type":"MultiPolygon","coordinates":[[[[129.2739834,37.3161787],[129.2741499,37.3161063],[129.2743705,37.3160353],[129.2745679,37.3159454],[129.2748042,37.3158898],[129.2749536,37.3158692],[129.2749654,37.315847],[129.2750129,37.3159363],[129.2745557,37.3162971],[129.2741328,37.3163173],[129.2739834,37.3161787]]]]}},{"type":"Feature","properties":{"r":166,"k":0,"d":73.0},"geometry":{"type":"MultiPolygon","coordinates":[[[[129.2753101,37.316783],[129.2755173,37.3166097],[129.275489,37.3166754],[129.2755314,37.3166993],[129.2756722,37.3165192],[129.2756429,37.316674],[129.2754082,37.3168711],[129.2753101,37.316783]]]]}},{"type":"Feature","properties":{"r":148,"k":0,"d":70.5},"geometry":{"type":"MultiPolygon","coordinates":[[[[129.2746162,37.3171968],[129.2753101,37.316783],[129.2754082,37.3168711],[129.2753155,37.3169476],[129.2747608,37.3173156],[129.274681,37.3172529],[129.2746412,37.3172498],[129.2746162,37.3171968]]]]}},{"type":"Feature","properties":{"r":398,"k":0,"d":113.4},"geometry":{"type":"MultiPolygon","coordinates":[[[[129.2744453,37.3166966],[129.2744688,37.3166463],[129.2746116,37.3165194],[129.2746546,37.3165903],[129.2747326,37.3166988],[129.2747889,37.3168032],[129.2747302,37.3168528],[129.2746669,37.3168155],[129.27456,37.3167181],[129.2744453,37.3166966]]]]}},{"type":"Feature","properties":{"r":307,"k":0,"d":99.9},"geometry":{"type":"MultiPolygon","coordinates":[[[[129.272273,37.3187864],[129.272161,37.3188511],[129.2720242,37.3187395],[129.272082,37.3186832],[129.2721249,37.3186486],[129.2722249,37.3186984],[129.2722327,37.3187386],[129.272273,37.3187864]]]]}},{"type":"Feature","properties":{"r":409,"k":0,"d":115.2},"geometry":{"type":"MultiPolygon","coordinates":[[[[129.2708639,37.3199776],[129.2707933,37.3199865],[129.2706992,37.3198951],[129.2706262,37.3199269],[129.2705927,37.319852],[129.2707981,37.3197267],[129.2708589,37.3197712],[129.2709166,37.3199005],[129.2708639,37.3199776]]]]}},{"type":"Feature","properties":{"r":538,"k":0,"d":137.5},"geometry":{"type":"MultiPolygon","coordinates":[[[[129.2720295,37.3184922],[129.2719017,37.3185717],[129.271863,37.3184822],[129.2719057,37.3183627],[129.2719701,37.3182975],[129.2720592,37.3182685],[129.2721749,37.3183454],[129.2721212,37.3184309],[129.2720577,37.3184746],[129.2720295,37.3184922]]]]}},{"type":"Feature","properties":{"r":788,"k":0,"d":185.1},"geometry":{"type":"MultiPolygon","coordinates":[[[[129.2711221,37.3187431],[129.271111,37.3187505],[129.271111,37.3187463],[129.2711221,37.3187431]]]]}},{"type":"Feature","properties":{"r":324,"k":0,"d":102.0},"geometry":{"type":"MultiPolygon","coordinates":[[[[129.2711132,37.3197004],[129.271137,37.3196784],[129.2713189,37.319601],[129.2713497,37.3196913],[129.2713198,37.3197652],[129.2712712,37.3198178],[129.2711145,37.3197074],[129.2711132,37.3197004]]]]}}]}