{"type":"FeatureCollection","features":[{"type":"Feature","properties":{"r":436,"k":0,"d":100.3},"geometry":{"type":"MultiPolygon","coordinates":[[[[129.4121794,36.6120803],[129.4121823,36.6120081],[129.4121996,36.6120099],[129.4121794,36.6120803]]]]}},{"type":"Feature","properties":{"r":509,"k":0,"d":113.7},"geometry":{"type":"MultiPolygon","coordinates":[[[[129.4108139,36.6168427],[129.4108385,36.6165279],[129.4108441,36.6164809],[129.4107974,36.6164551],[129.4107494,36.6164028],[129.4107397,36.6162459],[129.4107426,36.6162167],[129.4108416,36.6161914],[129.410874,36.6162202],[129.4109935,36.6162263],[129.4109598,36.6164319],[129.4109557,36.6165023],[129.4109756,36.6166137],[129.4109631,36.6167488],[129.4108139,36.6168427]]]]}},{"type":"Feature","properties":{"r":379,"k":0,"d":93.0},"geometry":{"type":"MultiPolygon","coordinates":[[[[129.4109522,36.6188538],[129.4108445,36.6187071],[129.410827,36.6186854],[129.4108972,36.6187195],[129.4109398,36.6187529],[129.4109522,36.6188538]]]]}},{"type":"Feature","properties":{"r":523,"k":0,"d":117.1},"geometry":{"type":"MultiPolygon","coordinates":[[[[129.4107015,36.6183983],[129.4106534,36.6184442],[129.4106569,36.6184263],[129.4106834,36.6183351],[129.4107127,36.6183875],[129.4107015,36.6183983]]]]}},{"type":"Feature","properties":{"r":544,"k":0,"d":122.7},"geometry":{"type":"MultiPolygon","coordinates":[[[[129.4106891,36.6179956],[129.4106452,36.6180126],[129.4106247,36.6178958],[129.4106572,36.6179128],[129.4106892,36.6179836],[129.4106891,36.6179956]]]]}},{"type":"Feature","properties":{"r":96,"k":0,"d":40.6},"geometry":{"type":"MultiPolygon","coordinates":[[[[129.4116814,36.6174846],[129.4116378,36.6174907],[129.4116125,36.6172147],[129.411608,36.6171393],[129.4116855,36.6171478],[129.4116814,36.6174846]]]]}},{"type":"Feature","properties":{"r":416,"k":0,"d":97.4},"geometry":{"type":"MultiPolygon","coordinates":[[[[129.4130139,36.6093781],[129.4129068,36.60935],[129.4129999,36.6091695],[129.413119,36.6090393],[129.4131505,36.6090452],[129.4130483,36.6093872],[129.4130139,36.6093781]]]]}},{"type":"Feature","properties":{"r":587,"k":0,"d":132.7},"geometry":{"type":"MultiPolygon","coordinates":[[[[129.4101922,36.6230038],[129.4101582,36.6228407],[129.4101654,36.6228334],[129.410248,36.6227702],[129.4103923,36.6227728],[129.410458,36.622815],[129.410474,36.622846],[129.4106048,36.6228089],[129.4107632,36.6228258],[129.4107398,36.622837],[129.4107192,36.6228679],[129.410681,36.6228932],[129.4105889,36.6229303],[129.4103933,36.6229223],[129.4102481,36.6229586],[129.4101922,36.6230038]]]]}},{"type":"Feature","properties":{"r":281,"k":0,"d":79.3},"geometry":{"type":"MultiPolygon","coordinates":[[[[129.4128315,36.6104574],[129.4130157,36.6099207],[129.4130513,36.6099236],[129.4128781,36.6104643],[129.4128315,36.6104574]]]]}},{"type":"Feature","properties":{"r":337,"k":0,"d":86.6},"geometry":{"type":"MultiPolygon","coordinates":[[[[129.4112735,36.6227423],[129.411257,36.6227395],[129.4112117,36.62278],[129.4111107,36.6227979],[129.4111038,36.6227301],[129.4110694,36.62263],[129.4109602,36.6224414],[129.4108884,36.6223891],[129.4108929,36.6223053],[129.4109654,36.6222858],[129.4109749,36.6222806],[129.4110214,36.6223006],[129.4110342,36.6222841],[129.4110528,36.622281],[129.4110879,36.6223054],[129.4111047,36.6223468],[129.4111032,36.6223654],[129.411116,36.6223887],[129.4111483,36.6224583],[129.4111696,36.6225239],[129.4111868,36.6225942],[129.4112735,36.6227423]]]]}},{"type":"Feature","properties":{"r":32,"k":0,"d":20.6},"geometry":{"type":"MultiPolygon","coordinates":[[[[129.4136895,36.6100452],[129.4136618,36.6100385],[129.4137023,36.6099134],[129.4137618,36.6097411],[129.4137983,36.6096971],[129.4137895,36.6097485],[129.4136895,36.6100452]]]]}},{"type":"Feature","properties":{"r":245,"k":0,"d":72.8},"geometry":{"type":"MultiPolygon","coordinates":[[[[129.4132587,36.6094424],[129.4133076,36.6092886],[129.41336,36.6093012],[129.4133111,36.6094549],[129.4132587,36.6094424]]]]}},{"type":"Feature","properties":{"r":457,"k":0,"d":103.8},"geometry":{"type":"MultiPolygon","coordinates":[[[[129.4106571,36.6216664],[129.4106258,36.6215687],[129.4105773,36.6214066],[129.4106244,36.6213598],[129.4105922,36.6212536],[129.4106594,36.6212181],[129.4107471,36.6212846],[129.4108012,36.6213078],[129.4108281,36.6212673],[129.4108426,36.6212406],[129.4108128,36.6211805],[129.4108278,36.6211469],[129.4109099,36.6211865],[129.4109598,36.6212341],[129.410964,36.6212664],[129.4109933,36.6213559],[129.4110535,36.6214371],[129.4109684,36.6214994],[129.4108942,36.6215354],[129.410759,36.6215562],[129.4106571,36.6216664]]]]}},{"type":"Feature","properties":{"r":277,"k":0,"d":78.2},"geometry":{"type":"MultiPolygon","coordinates":[[[[129.411856,36.6139204],[129.4118831,36.6137353],[129.411949,36.6137364],[129.4119366,36.6139294],[129.411856,36.6139204]]]]}},{"type":"Feature","properties":{"r":326,"k":0,"d":85.0},"geometry":{"type":"MultiPolygon","coordinates":[[[[129.4135682,36.6081686],[129.4135054,36.6082658],[129.4134416,36.608161],[129.4133803,36.6081038],[129.4133042,36.6078235],[129.4133083,36.6078104],[129.4132723,36.6077226],[129.4131415,36.6072384],[129.4131196,36.6071925],[129.4131599,36.6071615],[129.4131977,36.6070961],[129.413209,36.6070944],[129.413279,36.6072142],[129.4135846,36.6080421],[129.4135682,36.6081686]]]]}},{"type":"Feature","properties":{"r":271,"k":0,"d":76.5},"geometry":{"type":"MultiPolygon","coordinates":[[[[129.4112338,36.6208316],[129.4112017,36.620802],[129.4111879,36.6207673],[129.4111814,36.6207407],[129.4111969,36.6207173],[129.4112366,36.6206979],[129.4112704,36.620688],[129.411316,36.6207023],[129.4113316,36.6206993],[129.4113448,36.6207209],[129.4113188,36.6207351],[129.4113695,36.6208037],[129.4112489,36.6208255],[129.4112338,36.6208316]]]]}},{"type":"Feature","properties":{"r":165,"k":0,"d":52.0},"geometry":{"type":"MultiPolygon","coordinates":[[[[129.4116862,36.6201125],[129.411632,36.6201326],[129.4115657,36.6201103],[129.4114927,36.6200811],[129.4114443,36.6200695],[129.4114463,36.6200304],[129.4115058,36.6200248],[129.4115585,36.6199833],[129.4115954,36.6199779],[129.4116579,36.6199807],[129.4116595,36.6200064],[129.4116862,36.6201125]]]]}},{"type":"Feature","properties":{"r":797,"k":0,"d":175.6},"geometry":{"type":"MultiPolygon","coordinates":[[[[129.4129315,36.6071521],[129.4129191,36.6071564],[129.4129059,36.607136],[129.4128735,36.6070713],[129.4128797,36.6070701],[129.4129209,36.6071277],[129.4129315,36.6071521]]]]}},{"type":"Feature","properties":{"r":782,"k":0,"d":173.2},"geometry":{"type":"MultiPolygon","coordinates":[[[[129.4129773,36.6070379],[129.4129737,36.607039],[129.412912,36.6069494],[129.4129502,36.6069364],[129.4130106,36.6070268],[129.4129773,36.6070379]]]]}},{"type":"Feature","properties":{"r":877,"k":0,"d":194.1},"geometry":{"type":"MultiPolygon","coordinates":[[[[129.4127499,36.6068776],[129.4127168,36.6068259],[129.4126882,36.606787],[129.4127768,36.6067543],[129.4128431,36.6068491],[129.4127499,36.6068776]]]]}},{"type":"Feature","properties":{"r":515,"k":0,"d":114.7},"geometry":{"type":"MultiPolygon","coordinates":[[[[129.4109002,36.6197594],[129.4108805,36.6198708],[129.410889,36.6200197],[129.4108834,36.6200629],[129.4108768,36.6200893],[129.4108594,36.6201246],[129.4108332,36.6201586],[129.410752,36.6202446],[129.410722,36.6202889],[129.4107133,36.6203103],[129.4106965,36.6202757],[129.4106459,36.6201988],[129.4106114,36.6199965],[129.4106191,36.6198332],[129.4104701,36.6198084],[129.4105029,36.6197834],[129.4105591,36.6197108],[129.4107999,36.6197533],[129.4109002,36.6197594]]]]}},{"type":"Feature","properties":{"r":644,"k":0,"d":144.1},"geometry":{"type":"MultiPolygon","coordinates":[[[[129.4104061,36.6196532],[129.4105181,36.6197104],[129.4104847,36.6197724],[129.4103951,36.619841],[129.4104061,36.6196532]]]]}},{"type":"Feature","properties":{"r":60,"k":0,"d":30.2},"geometry":{"type":"MultiPolygon","coordinates":[[[[129.4119418,36.6161148],[129.4119418,36.6158901],[129.41204,36.6159012],[129.4120288,36.6159957],[129.4119726,36.6161205],[129.4119418,36.6161148]]]]}},{"type":"Feature","properties":{"r":702,"k":0,"d":157.3},"geometry":{"type":"MultiPolygon","coordinates":[[[[129.4097224,36.6190849],[129.4098794,36.6189052],[129.4099724,36.6187054],[129.4100656,36.618488],[129.410095,36.6183824],[129.4102656,36.6183489],[129.4102018,36.6186718],[129.4101351,36.6188727],[129.4101056,36.6189306],[129.4101007,36.6189793],[129.410064,36.6190917],[129.4100482,36.6191337],[129.4100156,36.6191133],[129.4098523,36.6190916],[129.4097938,36.6191134],[129.4097224,36.6190849]]]]}},{"type":"Feature","properties":{"r":620,"k":0,"d":138.3},"geometry":{"type":"MultiPolygon","coordinates":[[[[129.4105226,36.6178526],[129.4104316,36.6178301],[129.4103237,36.6176438],[129.4103503,36.617626],[129.4103909,36.6176501],[129.4104175,36.6177812],[129.4105249,36.61784],[129.4105226,36.6178526]]]]}},{"type":"Feature","properties":{"r":594,"k":0,"d":134.0},"geometry":{"type":"MultiPolygon","coordinates":[[[[129.410405,36.6171613],[129.4104752,36.6170161],[129.4104583,36.6168777],[129.4104166,36.616725],[129.4104071,36.6166751],[129.4104192,36.616643],[129.4104963,36.6163295],[129.4105562,36.6163302],[129.4107067,36.6162735],[129.4107313,36.616383],[129.4106854,36.6164385],[129.4106658,36.6165068],[129.4107311,36.6165693],[129.4107433,36.6165645],[129.4107285,36.6167845],[129.4106949,36.6169433],[129.4106632,36.6171231],[129.4106488,36.6171855],[129.410405,36.6171613]]]]}},{"type":"Feature","properties":{"r":492,"k":0,"d":109.2},"geometry":{"type":"MultiPolygon","coordinates":[[[[129.4109858,36.6166734],[129.4109756,36.6166137],[129.4109862,36.6164249],[129.4109935,36.6162263],[129.4110636,36.6162303],[129.411097,36.6162251],[129.4109858,36.6166734]]]]}},{"type":"Feature","properties":{"r":443,"k":0,"d":101.3},"geometry":{"type":"MultiPolygon","coordinates":[[[[129.4118044,36.6131465],[129.4117616,36.6131535],[129.4117583,36.6130451],[129.4117701,36.612914],[129.4117836,36.612705],[129.4118308,36.612245],[129.412113,36.6122614],[129.4121209,36.6122667],[129.4119942,36.6126588],[129.4119525,36.6127474],[129.4118044,36.6131465]]]]}},{"type":"Feature","properties":{"r":590,"k":0,"d":133.3},"geometry":{"type":"MultiPolygon","coordinates":[[[[129.4119266,36.6103776],[129.4119435,36.6101726],[129.4119312,36.6099861],[129.4120432,36.6101068],[129.4121873,36.6101834],[129.4122866,36.6103666],[129.4121895,36.6103974],[129.4120627,36.6104864],[129.4119696,36.6105973],[129.4119609,36.6104826],[129.4119266,36.6103776]]]]}},{"type":"Feature","properties":{"r":626,"k":0,"d":139.7},"geometry":{"type":"MultiPolygon","coordinates":[[[[129.4121406,36.6094456],[129.4120526,36.6094634],[129.4120521,36.6094448],[129.4120679,36.6094257],[129.4121965,36.6091037],[129.4122457,36.6089573],[129.4123943,36.6089319],[129.4125201,36.6089829],[129.4125336,36.609048],[129.412551,36.6093834],[129.4124312,36.6093638],[129.4123856,36.609383],[129.4123336,36.6094296],[129.4122973,36.6094443],[129.412206,36.6094509],[129.4121406,36.6094456]]]]}},{"type":"Feature","properties":{"r":771,"k":0,"d":170.4},"geometry":{"type":"MultiPolygon","coordinates":[[[[129.412432,36.6088184],[129.412224,36.6088324],[129.4121845,36.6087919],[129.4120857,36.6086032],[129.4120351,36.6085682],[129.4119603,36.6084486],[129.4119185,36.6083452],[129.4118579,36.6082398],[129.4119213,36.6081868],[129.4121678,36.6085571],[129.412432,36.6088184]]]]}},{"type":"Feature","properties":{"r":179,"k":0,"d":56.1},"geometry":{"type":"MultiPolygon","coordinates":[[[[129.4122536,36.6235028],[129.412255,36.623482],[129.4122854,36.6234708],[129.4122856,36.6234618],[129.4123684,36.6234326],[129.412428,36.6235459],[129.4123709,36.6235757],[129.4123276,36.6235741],[129.4122507,36.6235624],[129.4122536,36.6235028]]]]}},{"type":"Feature","properties":{"r":491,"k":0,"d":109.2},"geometry":{"type":"MultiPolygon","coordinates":[[[[129.4119086,36.6240009],[129.4118833,36.6239609],[129.4119191,36.6238788],[129.4119873,36.6238267],[129.4121166,36.6239054],[129.4120825,36.623938],[129.4120033,36.6239899],[129.4119086,36.6240009]]]]}},{"type":"Feature","properties":{"r":422,"k":0,"d":98.2},"geometry":{"type":"MultiPolygon","coordinates":[[[[129.4116141,36.6234623],[129.4115537,36.6234641],[129.4116062,36.623363],[129.4116112,36.623345],[129.411642,36.623362],[129.4116141,36.6234623]]]]}},{"type":"Feature","properties":{"r":122,"k":0,"d":44.7},"geometry":{"type":"MultiPolygon","coordinates":[[[[129.4120157,36.6233066],[129.4120054,36.6232901],[129.4119647,36.6231991],[129.4120141,36.6231711],[129.4121612,36.6230973],[129.4122105,36.6231754],[129.4121903,36.6231856],[129.4121388,36.6232184],[129.4121544,36.6232492],[129.4120157,36.6233066]]]]}},{"type":"Feature","properties":{"r":767,"k":0,"d":169.3},"geometry":{"type":"MultiPolygon","coordinates":[[[[129.4102115,36.6171035],[129.4102257,36.6172002],[129.4102617,36.6172899],[129.410194,36.6173829],[129.4098635,36.6171754],[129.4097948,36.6171027],[129.4097515,36.6169926],[129.4098227,36.6170067],[129.4099526,36.6170821],[129.4100749,36.6171091],[129.4102115,36.6171035]]]]}},{"type":"Feature","properties":{"r":811,"k":0,"d":179.1},"geometry":{"type":"MultiPolygon","coordinates":[[[[129.411318,36.6107886],[129.4113271,36.6106646],[129.4112683,36.6104611],[129.4111998,36.6103283],[129.411266,36.6102994],[129.4115564,36.6101327],[129.4116262,36.6103823],[129.4117006,36.6105808],[129.4116662,36.6106973],[129.4116229,36.610737],[129.4115127,36.6108025],[129.4113746,36.610837],[129.411318,36.6107886]]]]}},{"type":"Feature","properties":{"r":98,"k":0,"d":40.8},"geometry":{"type":"MultiPolygon","coordinates":[[[[129.4123373,36.6232323],[129.4122746,36.6231438],[129.4122826,36.62314],[129.4123492,36.6232214],[129.4123373,36.6232323]]]]}},{"type":"Feature","properties":{"r":284,"k":0,"d":79.4},"geometry":{"type":"MultiPolygon","coordinates":[[[[129.411065,36.6229679],[129.4110472,36.6229137],[129.4112966,36.6229127],[129.4113317,36.6228353],[129.4114673,36.6229296],[129.4114749,36.6229669],[129.4114524,36.6229453],[129.4113876,36.6229159],[129.4113207,36.6229421],[129.4112683,36.6230341],[129.4112315,36.6230638],[129.4111356,36.6230509],[129.4111278,36.6230132],[129.4111352,36.622984],[129.411065,36.6229679]]]]}},{"type":"Feature","properties":{"r":311,"k":0,"d":82.9},"geometry":{"type":"MultiPolygon","coordinates":[[[[129.4131814,36.6094228],[129.4132972,36.6090728],[129.413314,36.609076],[129.4132029,36.6094286],[129.4131814,36.6094228]]]]}},{"type":"Feature","properties":{"r":137,"k":0,"d":47.6},"geometry":{"type":"MultiPolygon","coordinates":[[[[129.4115411,36.6221853],[129.4113364,36.6222127],[129.4112768,36.6222173],[129.4112272,36.6220977],[129.4115217,36.6220667],[129.4115218,36.6220772],[129.4115411,36.6221853]]]]}},{"type":"Feature","properties":{"r":508,"k":0,"d":113.6},"geometry":{"type":"MultiPolygon","coordinates":[[[[129.4105378,36.6220522],[129.4104734,36.621967],[129.4104657,36.6218626],[129.4104861,36.6218552],[129.4105752,36.6218842],[129.4106394,36.6218387],[129.4106836,36.6218209],[129.4106919,36.6217561],[129.4107953,36.6218924],[129.4108232,36.6219972],[129.41077,36.6220482],[129.4107548,36.6221008],[129.4107074,36.6220993],[129.4106629,36.6220566],[129.4105378,36.6220522]]]]}},{"type":"Feature","properties":{"r":882,"k":0,"d":194.9},"geometry":{"type":"MultiPolygon","coordinates":[[[[129.4099931,36.6155607],[129.4099618,36.61542],[129.40987,36.6152098],[129.4098409,36.6151003],[129.4099409,36.6151445],[129.4100473,36.61508],[129.4101216,36.6151776],[129.4101905,36.6153395],[129.4102434,36.6155269],[129.4101426,36.6155547],[129.4100834,36.6155526],[129.4099931,36.6155607]]]]}},{"type":"Feature","properties":{"r":246,"k":0,"d":72.9},"geometry":{"type":"MultiPolygon","coordinates":[[[[129.4116544,36.6151854],[129.4116836,36.6151851],[129.4116846,36.6152624],[129.4116544,36.6151854]]]]}},{"type":"Feature","properties":{"r":240,"k":0,"d":72.0},"geometry":{"type":"MultiPolygon","coordinates":[[[[129.411303,36.6219267],[129.4112986,36.6218066],[129.4113418,36.6218026],[129.4113425,36.6218849],[129.411303,36.6219267]]]]}},{"type":"Feature","properties":{"r":364,"k":0,"d":90.5},"geometry":{"type":"MultiPolygon","coordinates":[[[[129.411074,36.6217224],[129.4110298,36.6216355],[129.4111056,36.6216313],[129.411161,36.621619],[129.4111979,36.6216778],[129.4110962,36.6217195],[129.411074,36.6217224]]]]}},{"type":"Feature","properties":{"r":640,"k":0,"d":143.2},"geometry":{"type":"MultiPolygon","coordinates":[[[[129.4104583,36.6217235],[129.4104578,36.6216057],[129.410405,36.6215009],[129.4104514,36.6215542],[129.4104964,36.6216127],[129.4105799,36.6216999],[129.4104583,36.6217235]]]]}},{"type":"Feature","properties":{"r":109,"k":0,"d":42.9},"geometry":{"type":"MultiPolygon","coordinates":[[[[129.4117196,36.6212423],[129.4117188,36.6211055],[129.4117344,36.6211064],[129.411739,36.6211166],[129.4117343,36.6211738],[129.411731,36.621226],[129.4117196,36.6212423]]]]}},{"type":"Feature","properties":{"r":680,"k":0,"d":152.6},"geometry":{"type":"MultiPolygon","coordinates":[[[[129.4105126,36.6211444],[129.4104768,36.6211164],[129.4104247,36.621164],[129.4103305,36.6211123],[129.4103759,36.6210619],[129.410459,36.6209595],[129.4104604,36.6209416],[129.410497,36.6210382],[129.4105126,36.6211444]]]]}},{"type":"Feature","properties":{"r":204,"k":0,"d":62.4},"geometry":{"type":"MultiPolygon","coordinates":[[[[129.4114078,36.6209393],[129.4113262,36.6209205],[129.4113097,36.6208417],[129.4114178,36.6208176],[129.4114537,36.620815],[129.4115261,36.6208534],[129.4115024,36.6208757],[129.4114078,36.6209393]]]]}},{"type":"Feature","properties":{"r":863,"k":0,"d":189.7},"geometry":{"type":"MultiPolygon","coordinates":[[[[129.4104006,36.6136131],[129.4104859,36.61345],[129.4105833,36.6130931],[129.4106055,36.6129551],[129.4106063,36.6127556],[129.4107749,36.6127614],[129.410859,36.6127572],[129.4108594,36.6128314],[129.4108512,36.6130113],[129.4108476,36.6131839],[129.4108446,36.6132369],[129.410804,36.613218],[129.4107083,36.6131995],[129.4106888,36.6133968],[129.4105704,36.6136704],[129.4105192,36.6136446],[129.4104885,36.613644],[129.4104006,36.6136131]]]]}},{"type":"Feature","properties":{"r":25,"k":0,"d":18.1},"geometry":{"type":"MultiPolygon","coordinates":[[[[129.41263,36.6132918],[129.4127019,36.6132739],[129.4128026,36.6131314],[129.4128026,36.6129466],[129.4128568,36.6129386],[129.4128566,36.6130457],[129.4128194,36.6131962],[129.412775,36.6133099],[129.41263,36.6132918]]]]}},{"type":"Feature","properties":{"r":838,"k":0,"d":183.9},"geometry":{"type":"MultiPolygon","coordinates":[[[[129.4108446,36.6132369],[129.4108476,36.6131839],[129.4108512,36.6130113],[129.4108594,36.6128314],[129.410859,36.6127572],[129.410872,36.6127565],[129.4109386,36.6127373],[129.4109429,36.6128635],[129.4109211,36.612961],[129.4109379,36.6131385],[129.4108867,36.6132565],[129.4108446,36.6132369]]]]}},{"type":"Feature","properties":{"r":184,"k":0,"d":56.8},"geometry":{"type":"MultiPolygon","coordinates":[[[[129.4115241,36.6201882],[129.4114414,36.6201318],[129.4114443,36.6200695],[129.4114927,36.6200811],[129.4115657,36.6201103],[129.411632,36.6201326],[129.4115836,36.6201905],[129.4115241,36.6201882]]]]}},{"type":"Feature","properties":{"r":198,"k":0,"d":59.9},"geometry":{"type":"MultiPolygon","coordinates":[[[[129.4113264,36.6192287],[129.4111889,36.6192292],[129.4111659,36.6191404],[129.4111724,36.6190785],[129.4113091,36.6190644],[129.4113253,36.619207],[129.4113264,36.6192287]]]]}},{"type":"Feature","properties":{"r":274,"k":0,"d":77.1},"geometry":{"type":"MultiPolygon","coordinates":[[[[129.4110854,36.6189894],[129.4109528,36.6188593],[129.4109398,36.6187529],[129.4110717,36.6189273],[129.411109,36.6189405],[129.4111219,36.6189759],[129.4110854,36.6189894]]]]}},{"type":"Feature","properties":{"r":234,"k":0,"d":70.3},"geometry":{"type":"MultiPolygon","coordinates":[[[[129.4112026,36.6189195],[129.4111178,36.6189437],[129.4110717,36.6189273],[129.4109398,36.6187529],[129.4108845,36.6186749],[129.4111121,36.6185981],[129.4112026,36.6189195]]]]}},{"type":"Feature","properties":{"r":801,"k":0,"d":177.3},"geometry":{"type":"MultiPolygon","coordinates":[[[[129.4122574,36.6249686],[129.4122757,36.6248806],[129.4122906,36.6248463],[129.4123819,36.6248486],[129.4124222,36.6248395],[129.4124509,36.6248716],[129.4124738,36.6249147],[129.4124291,36.6249251],[129.4124118,36.6249478],[129.4123685,36.6249768],[129.4122574,36.6249686]]]]}},{"type":"Feature","properties":{"r":837,"k":0,"d":183.9},"geometry":{"type":"MultiPolygon","coordinates":[[[[129.4121992,36.6248119],[129.4121036,36.6248505],[129.4120529,36.6248455],[129.4120282,36.6247976],[129.4121169,36.624786],[129.4121484,36.6247729],[129.4121992,36.6248119]]]]}},{"type":"Feature","properties":{"r":627,"k":0,"d":139.9},"geometry":{"type":"MultiPolygon","coordinates":[[[[129.4116409,36.6241682],[129.4116378,36.6241353],[129.4116835,36.6240647],[129.4117528,36.6240263],[129.4117744,36.6240266],[129.4117994,36.6240537],[129.4117811,36.6241384],[129.4117595,36.624177],[129.4117069,36.6241702],[129.4116409,36.6241682]]]]}},{"type":"Feature","properties":{"r":694,"k":0,"d":155.9},"geometry":{"type":"MultiPolygon","coordinates":[[[[129.4124944,36.6247682],[129.4124549,36.6247948],[129.4123616,36.6248048],[129.4122531,36.6247907],[129.4122218,36.6247486],[129.412338,36.6247166],[129.4123577,36.624681],[129.4123843,36.6246422],[129.4124209,36.6246172],[129.4124282,36.6246219],[129.4124269,36.6246309],[129.4124469,36.6246803],[129.4124499,36.6247061],[129.4124647,36.6247434],[129.4124944,36.6247682]]]]}},{"type":"Feature","properties":{"r":657,"k":0,"d":146.8},"geometry":{"type":"MultiPolygon","coordinates":[[[[129.4121785,36.6246575],[129.4121447,36.6245816],[129.4122369,36.6245436],[129.4122499,36.6245148],[129.4123833,36.6244981],[129.4124025,36.6245482],[129.4124225,36.6245593],[129.4124068,36.6246069],[129.4123114,36.6246189],[129.4121785,36.6246575]]]]}},{"type":"Feature","properties":{"r":28,"k":0,"d":20.1},"geometry":{"type":"MultiPolygon","coordinates":[[[[129.4119372,36.6151794],[129.4119518,36.6148338],[129.4123647,36.6148179],[129.4123241,36.6150055],[129.4121564,36.6150205],[129.4120932,36.6151484],[129.4119959,36.615178],[129.4119372,36.6151794]]]]}},{"type":"Feature","properties":{"r":42,"k":0,"d":25.2},"geometry":{"type":"MultiPolygon","coordinates":[[[[129.4119969,36.6138611],[129.4120058,36.6137214],[129.4120571,36.6135571],[129.412572,36.6135803],[129.4125459,36.613892],[129.4119969,36.6138611]]]]}},{"type":"Feature","properties":{"r":592,"k":0,"d":133.8},"geometry":{"type":"MultiPolygon","coordinates":[[[[129.4105674,36.6178633],[129.4105249,36.61784],[129.4105279,36.6178237],[129.4105739,36.6178648],[129.4105674,36.6178633]]]]}},{"type":"Feature","properties":{"r":683,"k":0,"d":152.7},"geometry":{"type":"MultiPolygon","coordinates":[[[[129.4104303,36.6173947],[129.4104205,36.6174497],[129.4103251,36.6172661],[129.4103308,36.617226],[129.4103344,36.6172303],[129.4103738,36.6173293],[129.4104303,36.6173947]]]]}},{"type":"Feature","properties":{"r":518,"k":0,"d":115.1},"geometry":{"type":"MultiPolygon","coordinates":[[[[129.4109756,36.6166137],[129.4109557,36.6165023],[129.4109598,36.6164319],[129.4109935,36.6162263],[129.4109862,36.6164249],[129.4109756,36.6166137]]]]}},{"type":"Feature","properties":{"r":632,"k":0,"d":141.1},"geometry":{"type":"MultiPolygon","coordinates":[[[[129.4120833,36.6100521],[129.4120362,36.6098448],[129.4120223,36.6097443],[129.4119778,36.6095317],[129.4119662,36.6094491],[129.4120526,36.6094634],[129.4121406,36.6094456],[129.4121704,36.6096755],[129.4122736,36.6101567],[129.4120833,36.6100521]]]]}},{"type":"Feature","properties":{"r":288,"k":0,"d":80.0},"geometry":{"type":"MultiPolygon","coordinates":[[[[129.4135695,36.6081585],[129.4135846,36.6080421],[129.4134344,36.6076363],[129.4135096,36.6076355],[129.4136962,36.6075089],[129.4138498,36.6074792],[129.4137537,36.6077776],[129.4136124,36.6080904],[129.4135695,36.6081585]]]]}},{"type":"Feature","properties":{"r":678,"k":0,"d":152.3},"geometry":{"type":"MultiPolygon","coordinates":[[[[129.4113631,36.6116233],[129.4113528,36.6115247],[129.4114423,36.6112124],[129.4114588,36.6110866],[129.411423,36.6110527],[129.4114252,36.6110035],[129.4114763,36.6109346],[129.4115435,36.6108762],[129.4116229,36.610737],[129.4116662,36.6106973],[129.4117006,36.6105808],[129.4117456,36.6105932],[129.4117095,36.6107406],[129.4117144,36.6107895],[129.411658,36.61087],[129.4116707,36.610926],[129.4118083,36.6108299],[129.4118755,36.6107438],[129.4118414,36.6109506],[129.4118011,36.6109959],[129.4118267,36.611038],[129.4118147,36.6111134],[129.4117644,36.6113491],[129.411719,36.6115204],[129.4116818,36.6117046],[129.411605,36.6120049],[129.4115116,36.6120557],[129.411509,36.6120915],[129.4113365,36.6120598],[129.41131,36.6118785],[129.4113732,36.6117447],[129.4113631,36.6116233]]]]}},{"type":"Feature","properties":{"r":74,"k":0,"d":34.1},"geometry":{"type":"MultiPolygon","coordinates":[[[[129.4118079,36.6227544],[129.4119131,36.6227362],[129.4119289,36.6227664],[129.411857,36.6227985],[129.4118079,36.6227544]]]]}},{"type":"Feature","properties":{"r":754,"k":0,"d":165.6},"geometry":{"type":"MultiPolygon","coordinates":[[[[129.413094,36.6068915],[129.4131602,36.6068765],[129.4131284,36.606951],[129.413094,36.6068915]]]]}},{"type":"Feature","properties":{"r":312,"k":0,"d":83.1},"geometry":{"type":"MultiPolygon","coordinates":[[[[129.4119571,36.623663],[129.4120863,36.6236182],[129.412116,36.6236147],[129.4121194,36.6236308],[129.4121377,36.6236385],[129.4121606,36.6236423],[129.412171,36.6236478],[129.4122059,36.6236496],[129.4122037,36.623655],[129.4121588,36.6236539],[129.4120231,36.6236897],[129.4119692,36.623673],[129.4119571,36.623663]]]]}},{"type":"Feature","properties":{"r":297,"k":0,"d":80.9},"geometry":{"type":"MultiPolygon","coordinates":[[[[129.4125293,36.6114665],[129.412579,36.6113061],[129.4126133,36.6113147],[129.4125635,36.6114718],[129.4125293,36.6114665]]]]}},{"type":"Feature","properties":{"r":66,"k":0,"d":31.0},"geometry":{"type":"MultiPolygon","coordinates":[[[[129.4117417,36.6174753],[129.4117082,36.6171504],[129.4117545,36.6171555],[129.4117916,36.6174676],[129.4117417,36.6174753]]]]}},{"type":"Feature","properties":{"r":720,"k":0,"d":160.3},"geometry":{"type":"MultiPolygon","coordinates":[[[[129.4116707,36.610926],[129.411658,36.61087],[129.4117144,36.6107895],[129.4117095,36.6107406],[129.4117456,36.6105932],[129.4117006,36.6105808],[129.4116262,36.6103823],[129.4115564,36.6101327],[129.4116085,36.6099792],[129.4117065,36.6099263],[129.4117856,36.6099563],[129.4118059,36.6100882],[129.4119047,36.6103103],[129.4119266,36.6103776],[129.4119165,36.6104995],[129.4118755,36.6107438],[129.4118083,36.6108299],[129.4116707,36.610926]]]]}},{"type":"Feature","properties":{"r":425,"k":0,"d":98.9},"geometry":{"type":"MultiPolygon","coordinates":[[[[129.4127429,36.6101926],[129.4126887,36.6101807],[129.4126977,36.610156],[129.4127576,36.6100134],[129.4128039,36.6100233],[129.4127429,36.6101926]]]]}},{"type":"Feature","properties":{"r":244,"k":0,"d":72.6},"geometry":{"type":"MultiPolygon","coordinates":[[[[129.4112227,36.6226561],[129.4111868,36.6225942],[129.4111696,36.6225239],[129.4112021,36.6225173],[129.4113123,36.6224775],[129.4113771,36.6226003],[129.4112227,36.6226561]]]]}},{"type":"Feature","properties":{"r":43,"k":0,"d":25.2},"geometry":{"type":"MultiPolygon","coordinates":[[[[129.4117375,36.6221692],[129.4117167,36.6221418],[129.4117033,36.622092],[129.4117783,36.6220738],[129.4117937,36.6221459],[129.4117375,36.6221692]]]]}},{"type":"Feature","properties":{"r":510,"k":0,"d":113.8},"geometry":{"type":"MultiPolygon","coordinates":[[[[129.4109212,36.6207039],[129.4108776,36.6207258],[129.4108355,36.6207642],[129.4108126,36.6208319],[129.410771,36.6208448],[129.4107425,36.620827],[129.4107194,36.6207844],[129.4106595,36.6207389],[129.4106322,36.6206978],[129.4106787,36.6206793],[129.4107167,36.6206597],[129.4107666,36.6206456],[129.4108201,36.6206512],[129.4109135,36.6206736],[129.4109551,36.6206639],[129.4109269,36.6206999],[129.4109212,36.6207039]]]]}},{"type":"Feature","properties":{"r":751,"k":0,"d":164.8},"geometry":{"type":"MultiPolygon","coordinates":[[[[129.4103883,36.6204904],[129.4102775,36.6204963],[129.4101984,36.6204474],[129.4101277,36.6204313],[129.4101026,36.6201205],[129.4102104,36.6201986],[129.4102617,36.6201653],[129.410347,36.6202962],[129.4103319,36.620369],[129.4103883,36.6204904]]]]}},{"type":"Feature","properties":{"r":799,"k":0,"d":175.9},"geometry":{"type":"MultiPolygon","coordinates":[[[[129.4128735,36.6070713],[129.4128164,36.606982],[129.412912,36.6069494],[129.4129737,36.607039],[129.4128735,36.6070713]]]]}},{"type":"Feature","properties":{"r":463,"k":0,"d":104.4},"geometry":{"type":"MultiPolygon","coordinates":[[[[129.4110091,36.6197287],[129.4109338,36.6197383],[129.4109398,36.6196974],[129.4110091,36.6197287]]]]}},{"type":"Feature","properties":{"r":661,"k":0,"d":148.1},"geometry":{"type":"MultiPolygon","coordinates":[[[[129.4101874,36.6193253],[129.4101676,36.6192866],[129.4101352,36.6191868],[129.4100482,36.6191337],[129.410064,36.6190917],[129.4101007,36.6189793],[129.4101056,36.6189306],[129.4101351,36.6188727],[129.4102018,36.6186718],[129.4102657,36.6187008],[129.4103428,36.6187335],[129.4102713,36.6190943],[129.4101874,36.6193253]]]]}},{"type":"Feature","properties":{"r":142,"k":0,"d":48.7},"geometry":{"type":"MultiPolygon","coordinates":[[[[129.4113112,36.619083],[129.4113091,36.6190644],[129.4114285,36.619053],[129.4114353,36.61907],[129.4113112,36.619083]]]]}},{"type":"Feature","properties":{"r":605,"k":0,"d":135.9},"geometry":{"type":"MultiPolygon","coordinates":[[[[129.411892,36.6242571],[129.4118583,36.6241759],[129.4118908,36.6241671],[129.4119678,36.6241374],[129.4119935,36.6241559],[129.4120132,36.6241563],[129.4120072,36.6241709],[129.4120175,36.6242138],[129.4120269,36.6242171],[129.4120276,36.6242284],[129.411892,36.6242571]]]]}},{"type":"Feature","properties":{"r":816,"k":0,"d":180.1},"geometry":{"type":"MultiPolygon","coordinates":[[[[129.4112346,36.6241744],[129.4111623,36.6242306],[129.4111559,36.6242196],[129.4110358,36.6241352],[129.4110853,36.6241242],[129.4111003,36.6240155],[129.4111695,36.6240203],[129.4111745,36.6240696],[129.4112346,36.6241744]]]]}},{"type":"Feature","properties":{"r":33,"k":0,"d":20.6},"geometry":{"type":"MultiPolygon","coordinates":[[[[129.4120997,36.6132299],[129.4123146,36.6125209],[129.4123725,36.6125571],[129.4128319,36.6126556],[129.4128696,36.6127056],[129.4128568,36.6129386],[129.4128026,36.6129466],[129.4128026,36.6131314],[129.4127019,36.6132739],[129.41263,36.6132918],[129.412543,36.6132667],[129.4120997,36.6132299]]]]}},{"type":"Feature","properties":{"r":642,"k":0,"d":143.6},"geometry":{"type":"MultiPolygon","coordinates":[[[[129.4104061,36.6196532],[129.4104073,36.6196324],[129.4104261,36.619647],[129.4105209,36.6197052],[129.4105181,36.6197104],[129.4104061,36.6196532]]]]}},{"type":"Feature","properties":{"r":7,"k":0,"d":10.5},"geometry":{"type":"MultiPolygon","coordinates":[[[[129.4119412,36.613858],[129.4126905,36.6139005],[129.4126619,36.6139346],[129.412668,36.6141066],[129.4126198,36.6142419],[129.4121666,36.6142624],[129.4121579,36.6141001],[129.4119256,36.6140982],[129.4119412,36.613858]]]]}},{"type":"Feature","properties":{"r":806,"k":0,"d":177.9},"geometry":{"type":"MultiPolygon","coordinates":[[[[129.409414,36.623025],[129.4095792,36.6227958],[129.4096713,36.6225959],[129.4095379,36.6225733],[129.4095018,36.6225048],[129.4095371,36.6225312],[129.4096361,36.6225665],[129.4097367,36.6225285],[129.409758,36.622497],[129.4098694,36.6224773],[129.4098954,36.6225098],[129.4099519,36.6225073],[129.4099926,36.6224093],[129.4100904,36.6224549],[129.4101172,36.6224696],[129.4100216,36.6225532],[129.4098783,36.6225959],[129.4098211,36.6225995],[129.4098778,36.622661],[129.4099204,36.622645],[129.4099713,36.6226962],[129.4099394,36.6227437],[129.409994,36.6228282],[129.4100577,36.6228324],[129.4098819,36.6229229],[129.409689,36.6229881],[129.4099315,36.622968],[129.4100871,36.6229128],[129.4101627,36.6229846],[129.4101825,36.6231051],[129.4101161,36.6231325],[129.4100396,36.6231528],[129.41002,36.6233081],[129.4099625,36.6233835],[129.4099838,36.6234384],[129.4097216,36.6233703],[129.4096388,36.6231904],[129.4094212,36.6230654],[129.409414,36.623025]]]]}},{"type":"Feature","properties":{"r":54,"k":0,"d":29.2},"geometry":{"type":"MultiPolygon","coordinates":[[[[129.4146272,36.6071314],[129.4144892,36.6075558],[129.4144008,36.6075437],[129.4145027,36.6072199],[129.4145441,36.6070962],[129.4146272,36.6071314]]]]}},{"type":"Feature","properties":{"r":880,"k":0,"d":194.4},"geometry":{"type":"MultiPolygon","coordinates":[[[[129.4091613,36.6181073],[129.4091938,36.6180987],[129.4093691,36.6180972],[129.4095879,36.6182515],[129.4097011,36.6182906],[129.4097815,36.6183637],[129.4098488,36.6183543],[129.4098358,36.6183983],[129.4098276,36.6184701],[129.409681,36.6184907],[129.4096121,36.6183254],[129.4094561,36.6182307],[129.4091879,36.6181332],[129.409156,36.6181396],[129.4091613,36.6181073]]]]}},{"type":"Feature","properties":{"r":553,"k":0,"d":125.6},"geometry":{"type":"MultiPolygon","coordinates":[[[[129.4106868,36.6171893],[129.4106488,36.6171855],[129.4106632,36.6171231],[129.4106949,36.6169433],[129.4107285,36.6167845],[129.4107433,36.6165645],[129.4108385,36.6165279],[129.4108139,36.6168427],[129.4107338,36.6168931],[129.410682,36.6171268],[129.4106868,36.6171893]]]]}},{"type":"Feature","properties":{"r":464,"k":0,"d":104.7},"geometry":{"type":"MultiPolygon","coordinates":[[[[129.4124596,36.6109293],[129.412408,36.6109083],[129.4124851,36.6107694],[129.4124596,36.6109293]]]]}},{"type":"Feature","properties":{"r":403,"k":0,"d":96.2},"geometry":{"type":"MultiPolygon","coordinates":[[[[129.4113842,36.615423],[129.4113825,36.615424],[129.4112893,36.6153802],[129.4112911,36.615373],[129.4113856,36.6154084],[129.4113842,36.615423]]]]}},{"type":"Feature","properties":{"r":176,"k":0,"d":55.8},"geometry":{"type":"MultiPolygon","coordinates":[[[[129.4118947,36.6148631],[129.4118959,36.6148361],[129.4119518,36.6148338],[129.4119506,36.6148609],[129.4118947,36.6148631]]]]}},{"type":"Feature","properties":{"r":623,"k":0,"d":139.2},"geometry":{"type":"MultiPolygon","coordinates":[[[[129.4114356,36.6237161],[129.4113819,36.6237618],[129.4113594,36.6237859],[129.4113041,36.6236527],[129.4114356,36.6237161]]]]}},{"type":"Feature","properties":{"r":188,"k":0,"d":57.8},"geometry":{"type":"MultiPolygon","coordinates":[[[[129.4124804,36.623658],[129.4124579,36.6236629],[129.412428,36.6235459],[129.4124568,36.6235309],[129.4124804,36.623658]]]]}},{"type":"Feature","properties":{"r":537,"k":0,"d":120.3},"geometry":{"type":"MultiPolygon","coordinates":[[[[129.4103997,36.6183446],[129.4104399,36.6183038],[129.4104414,36.6182539],[129.4105017,36.6181969],[129.4106354,36.6181668],[129.4106276,36.6182354],[129.4106834,36.6183351],[129.4106569,36.6184263],[129.4106534,36.6184442],[129.4106176,36.6184783],[129.4103997,36.6183446]]]]}},{"type":"Feature","properties":{"r":94,"k":0,"d":39.3},"geometry":{"type":"MultiPolygon","coordinates":[[[[129.4116295,36.6178254],[129.4116293,36.6178977],[129.4115632,36.6179042],[129.4114655,36.6179846],[129.4114008,36.6179919],[129.4113423,36.6179739],[129.4113099,36.6179515],[129.4112298,36.6178678],[129.4112694,36.617782],[129.4112709,36.6177061],[129.4114728,36.6177018],[129.4114354,36.6175056],[129.4114579,36.6174354],[129.4115609,36.617365],[129.4116297,36.6177914],[129.4116295,36.6178254]]]]}},{"type":"Feature","properties":{"r":189,"k":0,"d":57.9},"geometry":{"type":"MultiPolygon","coordinates":[[[[129.4113043,36.6219308],[129.411303,36.6219267],[129.4113425,36.6218849],[129.4113418,36.6217956],[129.4114797,36.6217761],[129.4115022,36.6219048],[129.4113043,36.6219308]]]]}},{"type":"Feature","properties":{"r":700,"k":0,"d":157.2},"geometry":{"type":"MultiPolygon","coordinates":[[[[129.4103032,36.6211624],[129.4102731,36.6210867],[129.410289,36.6210715],[129.4103855,36.620819],[129.4103528,36.6208196],[129.4103844,36.6207763],[129.4104659,36.6208712],[129.410459,36.6209595],[129.4103759,36.6210619],[129.4103305,36.6211123],[129.4103032,36.6211624]]]]}},{"type":"Feature","properties":{"r":408,"k":0,"d":96.6},"geometry":{"type":"MultiPolygon","coordinates":[[[[129.4110485,36.6210429],[129.4110453,36.6210591],[129.4109451,36.6210301],[129.4109151,36.6210041],[129.410911,36.6209987],[129.4108897,36.6209373],[129.4109249,36.6208954],[129.4109582,36.6208769],[129.4110069,36.6208603],[129.4110354,36.6208613],[129.4111432,36.6208786],[129.4110828,36.6209703],[129.4110485,36.6210429]]]]}},{"type":"Feature","properties":{"r":679,"k":0,"d":152.5},"geometry":{"type":"MultiPolygon","coordinates":[[[[129.4125173,36.6077177],[129.4124147,36.6077204],[129.4122333,36.60776],[129.4121469,36.6078038],[129.4121005,36.6078195],[129.4120928,36.6077959],[129.4120794,36.6076955],[129.4120671,36.6076674],[129.4121606,36.607634],[129.4125662,36.6075233],[129.412799,36.6074474],[129.4129151,36.6074021],[129.4129904,36.6075665],[129.4128894,36.6076027],[129.4127228,36.6076497],[129.4125173,36.6077177]]]]}},{"type":"Feature","properties":{"r":186,"k":0,"d":57.2},"geometry":{"type":"MultiPolygon","coordinates":[[[[129.4115661,36.6207132],[129.41154,36.620652],[129.4115757,36.6206358],[129.4115871,36.6206888],[129.4115661,36.6207132]]]]}},{"type":"Feature","properties":{"r":327,"k":0,"d":85.1},"geometry":{"type":"MultiPolygon","coordinates":[[[[129.4110905,36.6206151],[129.4110638,36.6205424],[129.4110986,36.6204775],[129.4111998,36.6204862],[129.4112774,36.6205311],[129.4112404,36.6206139],[129.4112075,36.6206311],[129.4111411,36.6206335],[129.4111043,36.6206306],[129.4110905,36.6206151]]]]}},{"type":"Feature","properties":{"r":829,"k":0,"d":183.0},"geometry":{"type":"MultiPolygon","coordinates":[[[[129.4119696,36.607444],[129.4119169,36.6073481],[129.4121046,36.6072981],[129.4123595,36.6072366],[129.4126731,36.607133],[129.412767,36.6071041],[129.412814,36.6071896],[129.4125523,36.6072766],[129.4122922,36.6073503],[129.4120565,36.6074141],[129.4119696,36.607444]]]]}},{"type":"Feature","properties":{"r":741,"k":0,"d":163.9},"geometry":{"type":"MultiPolygon","coordinates":[[[[129.4101026,36.6201205],[129.4100656,36.6200411],[129.4100733,36.6199837],[129.4101479,36.6199481],[129.4101642,36.6199204],[129.410187,36.6199224],[129.4102376,36.619883],[129.410357,36.6198701],[129.4103208,36.6199611],[129.4103206,36.6200009],[129.4103566,36.6200509],[129.4103909,36.6200705],[129.410375,36.6200891],[129.4102104,36.6201986],[129.4101026,36.6201205]]]]}},{"type":"Feature","properties":{"r":625,"k":0,"d":139.6},"geometry":{"type":"MultiPolygon","coordinates":[[[[129.413094,36.6068915],[129.412932,36.6066118],[129.4129947,36.6065911],[129.4132234,36.6065365],[129.413224,36.6065006],[129.4132095,36.6064462],[129.4132889,36.6064311],[129.4132824,36.6065057],[129.4132786,36.6066697],[129.4132735,36.6067356],[129.4132631,36.6067745],[129.4132508,36.606845],[129.4133877,36.607075],[129.4133719,36.6070799],[129.4133077,36.6070797],[129.4131977,36.6070961],[129.4131303,36.6071007],[129.4131729,36.6069724],[129.4131159,36.606992],[129.4131284,36.606951],[129.4131602,36.6068765],[129.413094,36.6068915]],[[129.4131602,36.6068765],[129.4132226,36.606862],[129.4132541,36.6067547],[129.4132051,36.6067639],[129.4131886,36.606829],[129.4131602,36.6068765]]]]}},{"type":"Feature","properties":{"r":401,"k":0,"d":96.2},"geometry":{"type":"MultiPolygon","coordinates":[[[[129.4109047,36.6195948],[129.4107608,36.6195498],[129.4106435,36.6195161],[129.4106307,36.6194766],[129.4106992,36.6193429],[129.4107296,36.6193265],[129.4109475,36.619349],[129.4108974,36.6194745],[129.4109047,36.6195948]]]]}},{"type":"Feature","properties":{"r":77,"k":0,"d":34.6},"geometry":{"type":"MultiPolygon","coordinates":[[[[129.4116135,36.6194991],[129.411559,36.6193268],[129.4116025,36.6193486],[129.4116616,36.6193591],[129.4116674,36.6194947],[129.4116135,36.6194991]]]]}},{"type":"Feature","properties":{"r":593,"k":0,"d":133.9},"geometry":{"type":"MultiPolygon","coordinates":[[[[129.4109734,36.6152086],[129.410954,36.615199],[129.4109303,36.6151114],[129.4108924,36.6150408],[129.4109025,36.6149588],[129.4109995,36.6148495],[129.4110007,36.614986],[129.4110062,36.6151847],[129.4110048,36.6152164],[129.4109734,36.6152086]]]]}},{"type":"Feature","properties":{"r":603,"k":0,"d":135.7},"geometry":{"type":"MultiPolygon","coordinates":[[[[129.4110743,36.6237027],[129.4110441,36.6236411],[129.4111613,36.6235935],[129.4112896,36.623565],[129.4112984,36.6236499],[129.4111778,36.6236712],[129.4111451,36.6236881],[129.4110743,36.6237027]]]]}},{"type":"Feature","properties":{"r":331,"k":0,"d":85.7},"geometry":{"type":"MultiPolygon","coordinates":[[[[129.4123685,36.6118694],[129.412476,36.611536],[129.4125075,36.6115411],[129.4124057,36.611875],[129.4123685,36.6118694]]]]}},{"type":"Feature","properties":{"r":666,"k":0,"d":149.5},"geometry":{"type":"MultiPolygon","coordinates":[[[[129.4113895,36.6240048],[129.4113113,36.6240315],[129.4111725,36.6239675],[129.4112609,36.6238969],[129.4113594,36.6237859],[129.4114328,36.6239386],[129.4114253,36.6239415],[129.4113895,36.6240048]]]]}},{"type":"Feature","properties":{"r":293,"k":0,"d":80.6},"geometry":{"type":"MultiPolygon","coordinates":[[[[129.4124998,36.6239267],[129.4124903,36.6239191],[129.412475,36.6239012],[129.4124708,36.6238608],[129.412484,36.6238278],[129.4124998,36.6239267]]]]}},{"type":"Feature","properties":{"r":482,"k":0,"d":107.8},"geometry":{"type":"MultiPolygon","coordinates":[[[[129.4106249,36.6185867],[129.4106534,36.6184442],[129.4107015,36.6183983],[129.4107289,36.6184125],[129.4107904,36.6184618],[129.4108016,36.6185159],[129.4108009,36.6185972],[129.4106317,36.618585],[129.4106249,36.6185867]]]]}},{"type":"Feature","properties":{"r":423,"k":0,"d":98.8},"geometry":{"type":"MultiPolygon","coordinates":[[[[129.4108063,36.6184435],[129.4107745,36.6184181],[129.4107354,36.618324],[129.4107453,36.6182796],[129.4108548,36.6181817],[129.4109214,36.6182066],[129.4109307,36.6182832],[129.4109065,36.6183546],[129.4108761,36.6183928],[129.4108063,36.6184435]]]]}},{"type":"Feature","properties":{"r":22,"k":0,"d":16.9},"geometry":{"type":"MultiPolygon","coordinates":[[[[129.413342,36.6109783],[129.4134153,36.6108503],[129.4134348,36.6107452],[129.4133933,36.6106215],[129.4133914,36.6105612],[129.4135363,36.6105698],[129.4134509,36.6109994],[129.413342,36.6109783]]]]}},{"type":"Feature","properties":{"r":600,"k":0,"d":135.5},"geometry":{"type":"MultiPolygon","coordinates":[[[[129.412551,36.6093834],[129.4125336,36.609048],[129.4125201,36.6089829],[129.4125938,36.6090127],[129.4127236,36.6090739],[129.4126554,36.6092499],[129.4126278,36.609315],[129.4125603,36.609385],[129.412551,36.6093834]]]]}},{"type":"Feature","properties":{"r":107,"k":0,"d":42.8},"geometry":{"type":"MultiPolygon","coordinates":[[[[129.4115218,36.6220772],[129.411505,36.6219302],[129.4113126,36.6219598],[129.4113043,36.6219308],[129.4115022,36.6219048],[129.4114797,36.6217761],[129.4115391,36.621767],[129.4116279,36.6217585],[129.4116302,36.6217997],[129.4115583,36.6218109],[129.4115357,36.6218343],[129.4115505,36.6220316],[129.4116094,36.6220266],[129.411613,36.6220679],[129.4115218,36.6220772]]]]}},{"type":"Feature","properties":{"r":658,"k":0,"d":146.8},"geometry":{"type":"MultiPolygon","coordinates":[[[[129.413054,36.6075445],[129.4130018,36.6073674],[129.4130157,36.6073615],[129.4130759,36.607535],[129.413054,36.6075445]]]]}},{"type":"Feature","properties":{"r":846,"k":0,"d":184.8},"geometry":{"type":"MultiPolygon","coordinates":[[[[129.4105052,36.6143379],[129.4103939,36.6143218],[129.4103179,36.6143669],[129.4102281,36.6143927],[129.4101303,36.6143287],[129.4100741,36.6143132],[129.410057,36.6142624],[129.4100774,36.6142151],[129.4100632,36.6141975],[129.4102242,36.613944],[129.4102496,36.6139498],[129.410462,36.6140689],[129.4105079,36.6140732],[129.4105509,36.6139472],[129.4105943,36.6139776],[129.4106033,36.6139941],[129.4106048,36.6140206],[129.4106553,36.6141273],[129.4106106,36.6141503],[129.4105638,36.6142099],[129.4105052,36.6143379]]]]}},{"type":"Feature","properties":{"r":826,"k":0,"d":182.4},"geometry":{"type":"MultiPolygon","coordinates":[[[[129.4106567,36.6138011],[129.4107027,36.6137634],[129.4107874,36.6137784],[129.4106772,36.6140322],[129.4106529,36.61396],[129.4106567,36.6138011]]]]}},{"type":"Feature","properties":{"r":714,"k":0,"d":159.6},"geometry":{"type":"MultiPolygon","coordinates":[[[[129.4104347,36.6208348],[129.4103844,36.6207763],[129.4104,36.6207375],[129.410442,36.6207508],[129.4104347,36.6208348]]]]}},{"type":"Feature","properties":{"r":554,"k":0,"d":125.9},"geometry":{"type":"MultiPolygon","coordinates":[[[[129.4106787,36.6206793],[129.410674,36.6205289],[129.4107613,36.6205044],[129.4107983,36.6205029],[129.4108201,36.6205102],[129.4108201,36.6206512],[129.4107666,36.6206456],[129.4107167,36.6206597],[129.4106787,36.6206793]]]]}},{"type":"Feature","properties":{"r":755,"k":0,"d":165.7},"geometry":{"type":"MultiPolygon","coordinates":[[[[129.413023,36.6070228],[129.4130106,36.6070268],[129.4129502,36.6069364],[129.413058,36.6068997],[129.413094,36.6068915],[129.4131284,36.606951],[129.4131159,36.606992],[129.413023,36.6070228]]]]}},{"type":"Feature","properties":{"r":40,"k":0,"d":23.7},"geometry":{"type":"MultiPolygon","coordinates":[[[[129.4116928,36.6192407],[129.4116781,36.6190581],[129.4116576,36.6189066],[129.4116287,36.6188314],[129.4116377,36.618808],[129.4117057,36.6187853],[129.4117186,36.6192331],[129.4116928,36.6192407]]]]}},{"type":"Feature","properties":{"r":583,"k":0,"d":132.4},"geometry":{"type":"MultiPolygon","coordinates":[[[[129.4124225,36.6245593],[129.4124025,36.6245482],[129.4123833,36.6244981],[129.4123884,36.6244138],[129.4124241,36.6244225],[129.4125115,36.6244119],[129.4125509,36.6244335],[129.4125754,36.6244974],[129.4125778,36.624513],[129.4126009,36.624578],[129.4125697,36.6245633],[129.4125113,36.6245532],[129.412435,36.6245653],[129.4124225,36.6245593]]]]}},{"type":"Feature","properties":{"r":740,"k":0,"d":163.6},"geometry":{"type":"MultiPolygon","coordinates":[[[[129.4115573,36.624307],[129.41141,36.6243494],[129.4113812,36.6242918],[129.4113755,36.6242481],[129.411513,36.6241437],[129.4115734,36.6241663],[129.4115658,36.624261],[129.4115842,36.6242961],[129.4115573,36.624307]]]]}},{"type":"Feature","properties":{"r":734,"k":0,"d":162.1},"geometry":{"type":"MultiPolygon","coordinates":[[[[129.4115573,36.624307],[129.4115842,36.6242961],[129.411682,36.6242763],[129.4117489,36.6242786],[129.4117294,36.624293],[129.411682,36.6242896],[129.4115754,36.6243095],[129.4115573,36.624307]]]]}},{"type":"Feature","properties":{"r":196,"k":0,"d":59.7},"geometry":{"type":"MultiPolygon","coordinates":[[[[129.4115112,36.6171178],[129.4111115,36.6171463],[129.4113307,36.6170546],[129.4115112,36.6171178]]]]}},{"type":"Feature","properties":{"r":825,"k":0,"d":182.3},"geometry":{"type":"MultiPolygon","coordinates":[[[[129.4122358,36.6081985],[129.4122057,36.6081449],[129.4121005,36.6078195],[129.4121469,36.6078038],[129.4122333,36.60776],[129.4124147,36.6077204],[129.4125173,36.6077177],[129.412529,36.6077766],[129.4124646,36.6078071],[129.4124668,36.6079092],[129.4124143,36.6079649],[129.4124186,36.6080259],[129.4123933,36.6080397],[129.4124524,36.6081529],[129.4123131,36.6081802],[129.4122358,36.6081985]]]]}},{"type":"Feature","properties":{"r":654,"k":0,"d":146.5},"geometry":{"type":"MultiPolygon","coordinates":[[[[129.4103346,36.618301],[129.4103207,36.6180618],[129.4103446,36.6179632],[129.4103721,36.6178834],[129.4104262,36.6179386],[129.4104051,36.6179897],[129.410403,36.6181529],[129.4103814,36.6182484],[129.4103512,36.6182996],[129.4103346,36.618301]]]]}},{"type":"Feature","properties":{"r":814,"k":0,"d":179.6},"geometry":{"type":"MultiPolygon","coordinates":[[[[129.4100851,36.6175615],[129.4100931,36.6175212],[129.4101019,36.6175092],[129.410104,36.617511],[129.4100851,36.6175615]]]]}},{"type":"Feature","properties":{"r":695,"k":0,"d":156.3},"geometry":{"type":"MultiPolygon","coordinates":[[[[129.4103487,36.6171633],[129.4104121,36.6170605],[129.4104203,36.6169957],[129.4104369,36.6169885],[129.4104346,36.6170385],[129.4104104,36.6170851],[129.4103866,36.6171595],[129.4103561,36.6171667],[129.4103487,36.6171633]]]]}},{"type":"Feature","properties":{"r":705,"k":0,"d":158.0},"geometry":{"type":"MultiPolygon","coordinates":[[[[129.4102684,36.6170767],[129.4102602,36.6170653],[129.4104203,36.6169957],[129.4104121,36.6170605],[129.4103487,36.6171633],[129.4103204,36.61715],[129.4102684,36.6170767]]]]}},{"type":"Feature","properties":{"r":589,"k":0,"d":133.2},"geometry":{"type":"MultiPolygon","coordinates":[[[[129.4111931,36.6143195],[129.4110337,36.6141799],[129.4110391,36.6140871],[129.411112,36.6138189],[129.4111398,36.6136391],[129.41122,36.6133765],[129.4111931,36.6143195]]]]}},{"type":"Feature","properties":{"r":779,"k":0,"d":171.5},"geometry":{"type":"MultiPolygon","coordinates":[[[[129.4124503,36.6087578],[129.4123283,36.6086307],[129.4122686,36.6084921],[129.4123275,36.6085076],[129.4123406,36.6085064],[129.4123444,36.6085135],[129.4124503,36.6087578]]]]}},{"type":"Feature","properties":{"r":699,"k":0,"d":157.0},"geometry":{"type":"MultiPolygon","coordinates":[[[[129.4110743,36.6237027],[129.4110063,36.6237052],[129.4109165,36.6236804],[129.4108969,36.6236619],[129.4110441,36.6236411],[129.4110743,36.6237027]]]]}},{"type":"Feature","properties":{"r":378,"k":0,"d":92.7},"geometry":{"type":"MultiPolygon","coordinates":[[[[129.4123284,36.6118634],[129.4122849,36.6118568],[129.4123795,36.6115405],[129.4124292,36.611534],[129.4123284,36.6118634]]]]}},{"type":"Feature","properties":{"r":481,"k":0,"d":107.3},"geometry":{"type":"MultiPolygon","coordinates":[[[[129.4117597,36.6239482],[129.4117468,36.6239138],[129.4117361,36.6238406],[129.4118746,36.6237827],[129.4119685,36.6237632],[129.4119985,36.6238152],[129.4119873,36.6238267],[129.4119191,36.6238788],[129.4118833,36.6239609],[129.4117597,36.6239482]]]]}},{"type":"Feature","properties":{"r":26,"k":0,"d":18.5},"geometry":{"type":"MultiPolygon","coordinates":[[[[129.4118408,36.618151],[129.4118276,36.6181517],[129.4118171,36.6176757],[129.4118436,36.6176738],[129.4118408,36.618151]]]]}},{"type":"Feature","properties":{"r":476,"k":0,"d":106.4},"geometry":{"type":"MultiPolygon","coordinates":[[[[129.4140966,36.6061682],[129.4140281,36.6059973],[129.4139379,36.6058385],[129.4139147,36.6057473],[129.4138687,36.6056335],[129.4138485,36.6055711],[129.4140489,36.6054432],[129.414084,36.6055402],[129.4141503,36.6057441],[129.4141745,36.6058398],[129.4142248,36.6059698],[129.4142691,36.6061341],[129.4140966,36.6061682]]]]}},{"type":"Feature","properties":{"r":138,"k":0,"d":48.0},"geometry":{"type":"MultiPolygon","coordinates":[[[[129.4121544,36.6232492],[129.4121388,36.6232184],[129.4121903,36.6231856],[129.4122105,36.6231754],[129.4122735,36.623277],[129.4121889,36.6232998],[129.4121544,36.6232492]]]]}},{"type":"Feature","properties":{"r":93,"k":0,"d":38.8},"geometry":{"type":"MultiPolygon","coordinates":[[[[129.4123047,36.6232673],[129.4123017,36.6232699],[129.4122735,36.623277],[129.412228,36.6232033],[129.4122105,36.6231754],[129.4121612,36.6230973],[129.4122185,36.6230683],[129.4122826,36.62314],[129.4122746,36.6231438],[129.4122352,36.6231635],[129.4123047,36.6232673]]]]}},{"type":"Feature","properties":{"r":744,"k":0,"d":164.1},"geometry":{"type":"MultiPolygon","coordinates":[[[[129.4104071,36.6166751],[129.4103841,36.6167364],[129.4103737,36.6167145],[129.410359,36.6164202],[129.4104071,36.6166751]]]]}},{"type":"Feature","properties":{"r":715,"k":0,"d":159.7},"geometry":{"type":"MultiPolygon","coordinates":[[[[129.4105825,36.6153656],[129.4104453,36.6154649],[129.4103921,36.6152833],[129.410323,36.6151456],[129.4101905,36.6149857],[129.410098,36.6148987],[129.4101266,36.6148334],[129.4102624,36.6146932],[129.4103867,36.6147358],[129.410448,36.6148148],[129.4105344,36.6149092],[129.4106129,36.6150407],[129.4107134,36.6150273],[129.4107178,36.6151901],[129.4106194,36.6152868],[129.4105825,36.6153656]]]]}},{"type":"Feature","properties":{"r":347,"k":0,"d":87.9},"geometry":{"type":"MultiPolygon","coordinates":[[[[129.4116841,36.6144211],[129.4116567,36.6144208],[129.411671,36.6140068],[129.4116975,36.6137991],[129.4117221,36.6137426],[129.4117873,36.6134786],[129.4117834,36.6135477],[129.4117533,36.6137046],[129.4117223,36.6139129],[129.4117156,36.6140993],[129.4116841,36.6144211]]]]}},{"type":"Feature","properties":{"r":296,"k":0,"d":80.8},"geometry":{"type":"MultiPolygon","coordinates":[[[[129.4134035,36.6089696],[129.413358,36.6089618],[129.4134044,36.6086531],[129.4134987,36.6086521],[129.4134035,36.6089696]]]]}},{"type":"Feature","properties":{"r":887,"k":0,"d":198.2},"geometry":{"type":"MultiPolygon","coordinates":[[[[129.4105509,36.6139472],[129.4105079,36.6140732],[129.410462,36.6140689],[129.4103692,36.6137933],[129.4104069,36.6137014],[129.4104334,36.6136919],[129.4105593,36.6137293],[129.410589,36.6137421],[129.410594,36.6137597],[129.4105599,36.6138335],[129.4105361,36.6139048],[129.4105509,36.6139472]]]]}},{"type":"Feature","properties":{"r":730,"k":0,"d":161.7},"geometry":{"type":"MultiPolygon","coordinates":[[[[129.4101565,36.6208007],[129.4101367,36.6207193],[129.4102242,36.6206516],[129.4102167,36.6206155],[129.4102432,36.6205519],[129.4102775,36.6204963],[129.4103883,36.6204904],[129.4104217,36.6205079],[129.4104032,36.6205497],[129.4103681,36.6205854],[129.4102573,36.6207789],[129.4101967,36.6208106],[129.4101912,36.6208118],[129.4101565,36.6208007]]]]}},{"type":"Feature","properties":{"r":601,"k":0,"d":135.5},"geometry":{"type":"MultiPolygon","coordinates":[[[[129.4104316,36.6203872],[129.4104356,36.6203338],[129.4105075,36.6202245],[129.4104935,36.6201529],[129.410401,36.620057],[129.4103684,36.6200399],[129.4103394,36.6200059],[129.4103371,36.6199646],[129.4103748,36.6198818],[129.4104701,36.6198084],[129.4106191,36.6198332],[129.4106114,36.6199965],[129.4106459,36.6201988],[129.4106965,36.6202757],[129.4107295,36.6203435],[129.4105951,36.620371],[129.4104506,36.62042],[129.4104316,36.6203872]]]]}},{"type":"Feature","properties":{"r":228,"k":0,"d":69.1},"geometry":{"type":"MultiPolygon","coordinates":[[[[129.4111797,36.6201205],[129.4111286,36.6200257],[129.4111148,36.6199949],[129.4109202,36.6200209],[129.4108949,36.6198972],[129.4109087,36.6198249],[129.410936,36.6197616],[129.4112338,36.619743],[129.4114557,36.6197087],[129.4114879,36.6197857],[129.4114689,36.6198535],[129.4113855,36.6198491],[129.4113181,36.6198366],[129.4112882,36.6198597],[129.4112661,36.6199437],[129.4113514,36.6199706],[129.4113612,36.6200476],[129.4113343,36.6201054],[129.411283,36.6201285],[129.4111797,36.6201205]]]]}},{"type":"Feature","properties":{"r":334,"k":0,"d":85.9},"geometry":{"type":"MultiPolygon","coordinates":[[[[129.4122345,36.6122614],[129.4123169,36.6120222],[129.4123594,36.6120267],[129.4122702,36.6123145],[129.4122345,36.6122614]]]]}},{"type":"Feature","properties":{"r":831,"k":0,"d":183.4},"geometry":{"type":"MultiPolygon","coordinates":[[[[129.4128597,36.6070756],[129.412802,36.6069869],[129.4128164,36.606982],[129.4128735,36.6070713],[129.4128597,36.6070756]]]]}},{"type":"Feature","properties":{"r":637,"k":0,"d":142.6},"geometry":{"type":"MultiPolygon","coordinates":[[[[129.4117782,36.6242799],[129.4117595,36.624177],[129.4117811,36.6241384],[129.411783,36.6241281],[129.4118323,36.6241352],[129.4118753,36.6241351],[129.4118908,36.6241671],[129.4118583,36.6241759],[129.411892,36.6242571],[129.4117782,36.6242799]]]]}},{"type":"Feature","properties":{"r":419,"k":0,"d":98.0},"geometry":{"type":"MultiPolygon","coordinates":[[[[129.4123246,36.6239779],[129.412325,36.6239724],[129.4123742,36.6239583],[129.4123613,36.6239827],[129.4123328,36.6239968],[129.4123037,36.624034],[129.4123246,36.6239779]]]]}},{"type":"Feature","properties":{"r":330,"k":0,"d":85.6},"geometry":{"type":"MultiPolygon","coordinates":[[[[129.4115274,36.6152427],[129.411512,36.6153167],[129.4114777,36.6152979],[129.4114135,36.6152372],[129.411377,36.6151652],[129.4113771,36.6150189],[129.411405,36.6149023],[129.4115886,36.6149106],[129.4115607,36.6151608],[129.4115274,36.6152427]]]]}},{"type":"Feature","properties":{"r":881,"k":0,"d":194.4},"geometry":{"type":"MultiPolygon","coordinates":[[[[129.4097224,36.6190849],[129.409693,36.6190629],[129.4096766,36.6190728],[129.4097346,36.6189445],[129.4098082,36.6189867],[129.4097224,36.6190849]]]]}},{"type":"Feature","properties":{"r":681,"k":0,"d":152.6},"geometry":{"type":"MultiPolygon","coordinates":[[[[129.4103503,36.617626],[129.4103237,36.6176438],[129.4101311,36.6174692],[129.410194,36.6173829],[129.4102078,36.6173915],[129.4103238,36.6174495],[129.4104153,36.6174792],[129.4103924,36.6175537],[129.4103503,36.617626]]]]}},{"type":"Feature","properties":{"r":629,"k":0,"d":140.4},"geometry":{"type":"MultiPolygon","coordinates":[[[[129.4107878,36.6160732],[129.4107453,36.6161928],[129.4107627,36.6160739],[129.4107644,36.6160377],[129.4107878,36.6160732]]]]}},{"type":"Feature","properties":{"r":434,"k":0,"d":99.9},"geometry":{"type":"MultiPolygon","coordinates":[[[[129.4119178,36.613045],[129.4118914,36.6130447],[129.4119331,36.6129042],[129.411969,36.6128592],[129.4119756,36.6128595],[129.4119178,36.613045]]]]}},{"type":"Feature","properties":{"r":261,"k":0,"d":75.4},"geometry":{"type":"MultiPolygon","coordinates":[[[[129.413435,36.6088645],[129.4135133,36.6086033],[129.4135287,36.6084824],[129.4135841,36.6084875],[129.4135685,36.6086108],[129.4134896,36.6088739],[129.413435,36.6088645]]]]}},{"type":"Feature","properties":{"r":449,"k":0,"d":102.0},"geometry":{"type":"MultiPolygon","coordinates":[[[[129.4121666,36.6240179],[129.4121232,36.6239888],[129.4121167,36.6239524],[129.4121438,36.6239156],[129.4122509,36.6239541],[129.412325,36.6239724],[129.4123246,36.6239779],[129.4122181,36.6240129],[129.4121749,36.6240222],[129.4121666,36.6240179]]]]}},{"type":"Feature","properties":{"r":645,"k":0,"d":144.3},"geometry":{"type":"MultiPolygon","coordinates":[[[[129.4103303,36.6187282],[129.4103018,36.6186486],[129.4103248,36.6184208],[129.4103964,36.6183479],[129.4104068,36.6183899],[129.4103743,36.6185528],[129.4103428,36.6187335],[129.4103303,36.6187282]]]]}},{"type":"Feature","properties":{"r":499,"k":0,"d":111.2},"geometry":{"type":"MultiPolygon","coordinates":[[[[129.4107745,36.6184181],[129.4107235,36.6183773],[129.4107354,36.618324],[129.4107745,36.6184181]]]]}},{"type":"Feature","properties":{"r":357,"k":0,"d":89.6},"geometry":{"type":"MultiPolygon","coordinates":[[[[129.4124649,36.6112563],[129.4125507,36.6109677],[129.4125862,36.6109808],[129.4125801,36.611085],[129.4124841,36.6112542],[129.4124649,36.6112563]]]]}},{"type":"Feature","properties":{"r":213,"k":0,"d":66.1},"geometry":{"type":"MultiPolygon","coordinates":[[[[129.4118748,36.6234022],[129.4118507,36.6233845],[129.4117626,36.623362],[129.41176,36.6233192],[129.4117933,36.6233113],[129.411795,36.6232825],[129.4118542,36.623243],[129.4119578,36.623202],[129.4119866,36.6232956],[129.4119345,36.6233053],[129.4119231,36.6233454],[129.4118955,36.6234057],[129.4118977,36.6234235],[129.4118748,36.6234022]]]]}},{"type":"Feature","properties":{"r":145,"k":0,"d":49.0},"geometry":{"type":"MultiPolygon","coordinates":[[[[129.4123015,36.6233216],[129.4122735,36.623277],[129.4123017,36.6232699],[129.4123047,36.6232673],[129.4123282,36.6232995],[129.4123015,36.6233216]]]]}},{"type":"Feature","properties":{"r":402,"k":0,"d":96.2},"geometry":{"type":"MultiPolygon","coordinates":[[[[129.4124596,36.6109293],[129.4124851,36.6107694],[129.4125414,36.6106678],[129.412614,36.610704],[129.4125251,36.6109559],[129.4124596,36.6109293]]]]}},{"type":"Feature","properties":{"r":30,"k":0,"d":20.5},"geometry":{"type":"MultiPolygon","coordinates":[[[[129.4133839,36.6103226],[129.413396,36.6101722],[129.4133685,36.6101231],[129.4134383,36.6100135],[129.4136618,36.6100385],[129.4136895,36.6100452],[129.4136252,36.6102463],[129.4135463,36.6105135],[129.4133898,36.6105056],[129.4133839,36.6103226]]]]}},{"type":"Feature","properties":{"r":371,"k":0,"d":91.7},"geometry":{"type":"MultiPolygon","coordinates":[[[[129.4128921,36.6099104],[129.4129462,36.6097285],[129.412968,36.6097359],[129.4129115,36.6099124],[129.4128921,36.6099104]]]]}},{"type":"Feature","properties":{"r":566,"k":0,"d":127.7},"geometry":{"type":"MultiPolygon","coordinates":[[[[129.4105966,36.6222845],[129.4106342,36.6222637],[129.4106586,36.6223392],[129.4105966,36.6222845]]]]}},{"type":"Feature","properties":{"r":372,"k":0,"d":91.9},"geometry":{"type":"MultiPolygon","coordinates":[[[[129.4110528,36.622281],[129.4110342,36.6222841],[129.4110214,36.6223006],[129.4109749,36.6222806],[129.4109654,36.6222858],[129.4109231,36.6222251],[129.4109175,36.6222034],[129.4109338,36.6222019],[129.411039,36.6222408],[129.4110528,36.622281]]]]}},{"type":"Feature","properties":{"r":206,"k":0,"d":62.7},"geometry":{"type":"MultiPolygon","coordinates":[[[[129.4117603,36.6151837],[129.4117672,36.6148416],[129.4118176,36.6148395],[129.4118145,36.6151825],[129.4117603,36.6151837]]]]}},{"type":"Feature","properties":{"r":875,"k":0,"d":193.5},"geometry":{"type":"MultiPolygon","coordinates":[[[[129.4098424,36.6160095],[129.4098415,36.6159098],[129.4097992,36.6157685],[129.4097218,36.6155523],[129.4098167,36.6155401],[129.4099931,36.6155607],[129.4100834,36.6155526],[129.4101824,36.6159111],[129.4101858,36.6160352],[129.410101,36.616042],[129.4099507,36.6160182],[129.4098424,36.6160095]]]]}},{"type":"Feature","properties":{"r":488,"k":0,"d":108.6},"geometry":{"type":"MultiPolygon","coordinates":[[[[129.4107548,36.6221008],[129.41077,36.6220482],[129.4108232,36.6219972],[129.4108259,36.6220085],[129.4108454,36.6220786],[129.4108607,36.6221303],[129.4107548,36.6221008]]]]}},{"type":"Feature","properties":{"r":459,"k":0,"d":104.2},"geometry":{"type":"MultiPolygon","coordinates":[[[[129.4129068,36.60935],[129.4128692,36.6093395],[129.4129615,36.6091765],[129.4130489,36.6090723],[129.4130605,36.6090339],[129.413119,36.6090393],[129.4129999,36.6091695],[129.4129068,36.60935]]]]}},{"type":"Feature","properties":{"r":729,"k":0,"d":161.7},"geometry":{"type":"MultiPolygon","coordinates":[[[[129.410405,36.6215009],[129.4103546,36.6214431],[129.4102335,36.6212466],[129.410293,36.6211813],[129.4103717,36.6214349],[129.410405,36.6215009]]]]}},{"type":"Feature","properties":{"r":494,"k":0,"d":109.9},"geometry":{"type":"MultiPolygon","coordinates":[[[[129.4108707,36.6203399],[129.4108675,36.6203193],[129.411022,36.6203286],[129.4110098,36.6203579],[129.4109543,36.6203424],[129.4108707,36.6203399]]]]}},{"type":"Feature","properties":{"r":300,"k":0,"d":81.4},"geometry":{"type":"MultiPolygon","coordinates":[[[[129.4110585,36.6207298],[129.4110532,36.6207026],[129.4110905,36.6206151],[129.4111043,36.6206306],[129.4111411,36.6206335],[129.4112075,36.6206311],[129.4112404,36.6206139],[129.4112774,36.6205311],[129.4113195,36.6205282],[129.4112891,36.6205818],[129.411282,36.6206075],[129.4112527,36.6206326],[129.4112704,36.620688],[129.4112366,36.6206979],[129.4111969,36.6207173],[129.4111814,36.6207407],[129.4111879,36.6207673],[129.4110585,36.6207298]]]]}},{"type":"Feature","properties":{"r":346,"k":0,"d":87.5},"geometry":{"type":"MultiPolygon","coordinates":[[[[129.4138842,36.6073567],[129.4138002,36.6073412],[129.413576,36.6072296],[129.4136938,36.6072023],[129.4137665,36.607166],[129.4138214,36.6071234],[129.413896,36.6071112],[129.4139495,36.6071741],[129.4139045,36.6072715],[129.4138842,36.6073567]]]]}},{"type":"Feature","properties":{"r":765,"k":0,"d":169.0},"geometry":{"type":"MultiPolygon","coordinates":[[[[129.4101642,36.6199204],[129.4101428,36.6199185],[129.4100847,36.6198829],[129.4100797,36.6198022],[129.410113,36.6196194],[129.4101304,36.6195051],[129.4101555,36.6194997],[129.4101505,36.6196576],[129.410195,36.6197248],[129.410171,36.6197534],[129.4102376,36.619883],[129.410187,36.6199224],[129.4101642,36.6199204]]]]}},{"type":"Feature","properties":{"r":728,"k":0,"d":161.7},"geometry":{"type":"MultiPolygon","coordinates":[[[[129.410195,36.6197248],[129.410277,36.6196456],[129.410284,36.619643],[129.4102734,36.6197328],[129.4102134,36.6198358],[129.410171,36.6197534],[129.410195,36.6197248]]]]}},{"type":"Feature","properties":{"r":760,"k":0,"d":166.2},"geometry":{"type":"MultiPolygon","coordinates":[[[[129.4130287,36.6071193],[129.4129773,36.6070379],[129.413023,36.6070228],[129.4130643,36.6070995],[129.4130598,36.6071088],[129.4130287,36.6071193]]]]}},{"type":"Feature","properties":{"r":0,"k":0,"d":0.0},"geometry":{"type":"MultiPolygon","coordinates":[[[[129.411833,36.6190323],[129.4118293,36.6189305],[129.4118276,36.6181517],[129.412082,36.6181389],[129.4120882,36.6185797],[129.4120608,36.6188237],[129.4120423,36.6188585],[129.4120699,36.6190186],[129.411833,36.6190323]]]]}},{"type":"Feature","properties":{"r":567,"k":0,"d":127.8},"geometry":{"type":"MultiPolygon","coordinates":[[[[129.4117744,36.6240266],[129.4117597,36.6239482],[129.4118833,36.6239609],[129.4119086,36.6240009],[129.4118698,36.6240062],[129.4118401,36.6240151],[129.4118359,36.6240314],[129.4117928,36.6240466],[129.4117744,36.6240266]]]]}},{"type":"Feature","properties":{"r":69,"k":0,"d":31.5},"geometry":{"type":"MultiPolygon","coordinates":[[[[129.4118078,36.6224878],[129.411722,36.6225155],[129.4116346,36.6224849],[129.4116413,36.6224451],[129.4116288,36.6224176],[129.4117681,36.6223867],[129.4118078,36.6224878]]]]}},{"type":"Feature","properties":{"r":99,"k":0,"d":41.5},"geometry":{"type":"MultiPolygon","coordinates":[[[[129.4131741,36.6103999],[129.4132162,36.6102495],[129.4132205,36.6101681],[129.4132932,36.6101216],[129.4133685,36.6101231],[129.413396,36.6101722],[129.4133839,36.6103226],[129.4132806,36.6104012],[129.4131741,36.6103999]]]]}},{"type":"Feature","properties":{"r":248,"k":0,"d":73.3},"geometry":{"type":"MultiPolygon","coordinates":[[[[129.4113659,36.6156074],[129.4115821,36.6156065],[129.4115842,36.6157115],[129.4113586,36.6157124],[129.4113659,36.6156074]]]]}},{"type":"Feature","properties":{"r":858,"k":0,"d":188.0},"geometry":{"type":"MultiPolygon","coordinates":[[[[129.4132755,36.6054862],[129.4134062,36.6053963],[129.413461,36.605604],[129.4135079,36.6057274],[129.4133416,36.6058334],[129.4132988,36.6057326],[129.4132364,36.605578],[129.4132199,36.6055131],[129.4132755,36.6054862]]]]}},{"type":"Feature","properties":{"r":91,"k":0,"d":38.3},"geometry":{"type":"MultiPolygon","coordinates":[[[[129.4116802,36.6219202],[129.4116718,36.6217943],[129.4117433,36.6217847],[129.4117489,36.621911],[129.4116802,36.6219202]]]]}},{"type":"Feature","properties":{"r":884,"k":0,"d":195.9},"geometry":{"type":"MultiPolygon","coordinates":[[[[129.4095658,36.6219616],[129.4095605,36.6218813],[129.409501,36.6218784],[129.4093769,36.6217658],[129.4094541,36.621709],[129.4095244,36.621672],[129.409536,36.6215415],[129.4095733,36.6215189],[129.4096357,36.6216182],[129.4097044,36.621678],[129.4098116,36.6218156],[129.4098971,36.6219793],[129.4097318,36.6220127],[129.4096516,36.6219762],[129.4095658,36.6219616]]]]}},{"type":"Feature","properties":{"r":745,"k":0,"d":164.1},"geometry":{"type":"MultiPolygon","coordinates":[[[[129.4097175,36.6194769],[129.409556,36.6193207],[129.4095816,36.6192826],[129.4096766,36.6190728],[129.409693,36.6190629],[129.4097224,36.6190849],[129.4097938,36.6191134],[129.4098523,36.6190916],[129.4100156,36.6191133],[129.4101352,36.6191868],[129.4101676,36.6192866],[129.4099921,36.6192208],[129.4098194,36.6192124],[129.4097162,36.6192749],[129.4097292,36.619331],[129.4097161,36.6193628],[129.4097231,36.6194267],[129.4097175,36.6194769]]]]}},{"type":"Feature","properties":{"r":628,"k":0,"d":139.9},"geometry":{"type":"MultiPolygon","coordinates":[[[[129.4104445,36.6181461],[129.410403,36.6181529],[129.4104051,36.6179897],[129.4104262,36.6179386],[129.4104982,36.6179663],[129.4104615,36.6181433],[129.4104445,36.6181461]]]]}},{"type":"Feature","properties":{"r":616,"k":0,"d":137.2},"geometry":{"type":"MultiPolygon","coordinates":[[[[129.410539,36.6177381],[129.4103909,36.6176501],[129.410389,36.6176409],[129.4104693,36.6175478],[129.4104827,36.6174726],[129.4104712,36.6174238],[129.4104569,36.6173974],[129.4105693,36.617409],[129.4106023,36.6174166],[129.4105907,36.6174759],[129.4105507,36.6176477],[129.410539,36.6177381]]]]}},{"type":"Feature","properties":{"r":563,"k":0,"d":127.2},"geometry":{"type":"MultiPolygon","coordinates":[[[[129.4111505,36.614512],[129.4110003,36.61454],[129.4109966,36.614451],[129.4110248,36.6142982],[129.4112224,36.6144581],[129.4112246,36.6144644],[129.4111505,36.614512]]]]}},{"type":"Feature","properties":{"r":701,"k":0,"d":157.3},"geometry":{"type":"MultiPolygon","coordinates":[[[[129.4104989,36.6202375],[129.4104213,36.6202349],[129.4103205,36.6202556],[129.4102617,36.6201653],[129.410375,36.6200891],[129.410401,36.620057],[129.4104935,36.6201529],[129.4105075,36.6202245],[129.4104989,36.6202375]]]]}},{"type":"Feature","properties":{"r":517,"k":0,"d":115.1},"geometry":{"type":"MultiPolygon","coordinates":[[[[129.4108614,36.617202],[129.4108773,36.6172169],[129.410851,36.617384],[129.4106135,36.6173597],[129.4106211,36.6173204],[129.4106325,36.6173268],[129.4107293,36.6172763],[129.4107839,36.6172348],[129.4108614,36.617202]]]]}},{"type":"Feature","properties":{"r":223,"k":0,"d":68.6},"geometry":{"type":"MultiPolygon","coordinates":[[[[129.4125002,36.6237949],[129.4124871,36.6236803],[129.4125133,36.6237717],[129.4125002,36.6237949]]]]}},{"type":"Feature","properties":{"r":671,"k":0,"d":150.6},"geometry":{"type":"MultiPolygon","coordinates":[[[[129.4108255,36.6236798],[129.4107231,36.6236356],[129.4107508,36.6236256],[129.410826,36.6236447],[129.410985,36.623584],[129.4110516,36.6235624],[129.4110646,36.6236328],[129.4110441,36.6236411],[129.4108969,36.6236619],[129.4108255,36.6236798]]]]}},{"type":"Feature","properties":{"r":529,"k":0,"d":117.9},"geometry":{"type":"MultiPolygon","coordinates":[[[[129.4106891,36.6179956],[129.4107436,36.6179788],[129.4107273,36.6180571],[129.4107243,36.6180957],[129.4106891,36.6179956]]]]}},{"type":"Feature","properties":{"r":815,"k":0,"d":179.8},"geometry":{"type":"MultiPolygon","coordinates":[[[[129.4096272,36.6178555],[129.4095283,36.6174599],[129.4094422,36.6173113],[129.4094051,36.6172347],[129.4096232,36.617267],[129.409619,36.6173357],[129.4097356,36.6173582],[129.4097688,36.6173091],[129.4098851,36.6173566],[129.4100126,36.6174309],[129.4101019,36.6175092],[129.4100931,36.6175212],[129.4100851,36.6175615],[129.4100669,36.6176102],[129.4099493,36.6177205],[129.4098844,36.6177486],[129.4098063,36.6178039],[129.4096272,36.6178555]]]]}},{"type":"Feature","properties":{"r":369,"k":0,"d":91.5},"geometry":{"type":"MultiPolygon","coordinates":[[[[129.411455,36.6233197],[129.4114972,36.6232484],[129.4115791,36.6232382],[129.4115871,36.6233096],[129.4115506,36.6233198],[129.411455,36.6233197]]]]}},{"type":"Feature","properties":{"r":89,"k":0,"d":37.9},"geometry":{"type":"MultiPolygon","coordinates":[[[[129.4121566,36.6230511],[129.4121425,36.6230643],[129.4120677,36.6229406],[129.4121566,36.6230511]]]]}},{"type":"Feature","properties":{"r":338,"k":0,"d":86.7},"geometry":{"type":"MultiPolygon","coordinates":[[[[129.4111014,36.6222131],[129.4109987,36.6221787],[129.4109084,36.6221437],[129.4108607,36.6221303],[129.4108259,36.6220085],[129.4111098,36.6220435],[129.4111014,36.6222131]]]]}},{"type":"Feature","properties":{"r":668,"k":0,"d":150.3},"geometry":{"type":"MultiPolygon","coordinates":[[[[129.4107929,36.6153252],[129.4107316,36.6153169],[129.4105825,36.6153656],[129.4106194,36.6152868],[129.4107178,36.6151901],[129.4108052,36.6152161],[129.4108042,36.6152368],[129.4107929,36.6153252]]]]}},{"type":"Feature","properties":{"r":362,"k":0,"d":90.3},"geometry":{"type":"MultiPolygon","coordinates":[[[[129.4116567,36.6144208],[129.4116349,36.6144205],[129.4116293,36.6141566],[129.4116437,36.6139233],[129.4116975,36.6137991],[129.411671,36.6140068],[129.4116567,36.6144208]]]]}},{"type":"Feature","properties":{"r":739,"k":0,"d":163.3},"geometry":{"type":"MultiPolygon","coordinates":[[[[129.4109859,36.6137954],[129.4109139,36.6137785],[129.4108618,36.613756],[129.4108134,36.6138614],[129.4107934,36.6139967],[129.4107929,36.6138996],[129.4108319,36.613723],[129.4108335,36.613539],[129.4108867,36.6132565],[129.4109379,36.6131385],[129.4109376,36.6131349],[129.4110589,36.6130682],[129.4110756,36.6131959],[129.4110653,36.6133654],[129.4110629,36.6135368],[129.4109859,36.6137954]]]]}},{"type":"Feature","properties":{"r":752,"k":0,"d":165.2},"geometry":{"type":"MultiPolygon","coordinates":[[[[129.4120671,36.6076674],[129.4120146,36.6075472],[129.4120273,36.6075425],[129.4120851,36.6075275],[129.4122823,36.6074716],[129.412482,36.6074074],[129.4127326,36.6073369],[129.4128621,36.6072863],[129.4129151,36.6074021],[129.412799,36.6074474],[129.4125662,36.6075233],[129.4121606,36.607634],[129.4120671,36.6076674]]]]}},{"type":"Feature","properties":{"r":892,"k":0,"d":200.0},"geometry":{"type":"MultiPolygon","coordinates":[[[[129.410859,36.6127572],[129.4107749,36.6127614],[129.4107592,36.612574],[129.4105987,36.6125943],[129.4105807,36.6125089],[129.4105895,36.6124533],[129.4106221,36.6124113],[129.4106941,36.6124295],[129.410802,36.6124151],[129.4108231,36.61231],[129.4107638,36.6122246],[129.4106429,36.6121336],[129.4106484,36.6121024],[129.4106236,36.6120803],[129.4106564,36.6120581],[129.4107505,36.6120376],[129.4107943,36.6120464],[129.4108256,36.6120987],[129.4108746,36.6120965],[129.4108698,36.6124618],[129.4108584,36.6126489],[129.410859,36.6127572]]]]}},{"type":"Feature","properties":{"r":209,"k":0,"d":65.3},"geometry":{"type":"MultiPolygon","coordinates":[[[[129.411526,36.6199273],[129.4114575,36.619941],[129.4113514,36.6199706],[129.4112661,36.6199437],[129.4112882,36.6198597],[129.4113181,36.6198366],[129.4113855,36.6198491],[129.4114689,36.6198535],[129.4114774,36.619874],[129.4115288,36.6199009],[129.4115345,36.6199004],[129.4115361,36.6199131],[129.411526,36.6199273]]]]}},{"type":"Feature","properties":{"r":693,"k":0,"d":155.8},"geometry":{"type":"MultiPolygon","coordinates":[[[[129.4101304,36.6195051],[129.4101509,36.6194766],[129.4102788,36.6194778],[129.4103027,36.6194857],[129.4102995,36.6195127],[129.4102294,36.6194959],[129.4101555,36.6194997],[129.4101304,36.6195051]]]]}},{"type":"Feature","properties":{"r":353,"k":0,"d":89.0},"geometry":{"type":"MultiPolygon","coordinates":[[[[129.4122345,36.6122614],[129.4122061,36.6122193],[129.4123284,36.6118634],[129.4124292,36.611534],[129.4124483,36.6115315],[129.412476,36.611536],[129.4123685,36.6118694],[129.4122345,36.6122614]]]]}},{"type":"Feature","properties":{"r":834,"k":0,"d":183.7},"geometry":{"type":"MultiPolygon","coordinates":[[[[129.4122322,36.6248491],[129.4122415,36.6248424],[129.4122906,36.6248463],[129.4122757,36.6248806],[129.4122619,36.6249472],[129.4122322,36.6248491]]]]}},{"type":"Feature","properties":{"r":864,"k":0,"d":189.8},"geometry":{"type":"MultiPolygon","coordinates":[[[[129.4111623,36.6242306],[129.4111023,36.6242901],[129.4110012,36.6241903],[129.41097,36.6241867],[129.4109489,36.6242052],[129.4109001,36.6242659],[129.4108776,36.6242474],[129.4108599,36.6241708],[129.4108384,36.6240126],[129.4108814,36.6239827],[129.4108724,36.6239498],[129.4110038,36.6240122],[129.4110132,36.6240471],[129.4109867,36.6240584],[129.4109889,36.6241213],[129.4110284,36.6241369],[129.4110358,36.6241352],[129.4111559,36.6242196],[129.4111623,36.6242306]]]]}},{"type":"Feature","properties":{"r":19,"k":0,"d":16.2},"geometry":{"type":"MultiPolygon","coordinates":[[[[129.4129376,36.6122479],[129.4124329,36.6121356],[129.4126169,36.6115588],[129.4131734,36.6116486],[129.4132648,36.6117312],[129.4131216,36.6119852],[129.4130453,36.6121003],[129.4130656,36.6121041],[129.4130239,36.6122257],[129.4130141,36.6122368],[129.4129376,36.6122479]]]]}},{"type":"Feature","properties":{"r":344,"k":0,"d":87.0},"geometry":{"type":"MultiPolygon","coordinates":[[[[129.4116255,36.6145805],[129.4115886,36.6149106],[129.411405,36.6149023],[129.4114896,36.6145321],[129.4115023,36.6145281],[129.4116255,36.6145805]]]]}},{"type":"Feature","properties":{"r":785,"k":0,"d":173.7},"geometry":{"type":"MultiPolygon","coordinates":[[[[129.409752,36.6211128],[129.4097583,36.6209998],[129.4097928,36.6208576],[129.4099067,36.6208653],[129.4099531,36.6208617],[129.4100629,36.620888],[129.4101826,36.6208929],[129.4102809,36.6209186],[129.4101956,36.6210656],[129.4101192,36.6210581],[129.4099754,36.6210843],[129.4099071,36.6210665],[129.409752,36.6211128]]]]}},{"type":"Feature","properties":{"r":685,"k":0,"d":152.8},"geometry":{"type":"MultiPolygon","coordinates":[[[[129.4110122,36.61416],[129.4109853,36.6141562],[129.4110083,36.6141308],[129.4110122,36.61416]]]]}},{"type":"Feature","properties":{"r":735,"k":0,"d":162.5},"geometry":{"type":"MultiPolygon","coordinates":[[[[129.4102624,36.6146932],[129.4102736,36.6145777],[129.4103017,36.6145348],[129.4103779,36.6144913],[129.4103695,36.6144242],[129.4103697,36.6143703],[129.4104371,36.6143574],[129.4105078,36.6143648],[129.4106705,36.6143295],[129.4107222,36.6142335],[129.4108146,36.6142271],[129.4108124,36.6143472],[129.4107966,36.6143503],[129.4108148,36.6144278],[129.4108175,36.6144889],[129.4106787,36.6144982],[129.4105144,36.6146873],[129.4104378,36.614721],[129.4103867,36.6147358],[129.4102624,36.6146932]]]]}},{"type":"Feature","properties":{"r":159,"k":0,"d":51.4},"geometry":{"type":"MultiPolygon","coordinates":[[[[129.4116933,36.6202908],[129.4116935,36.6202942],[129.4116755,36.6202959],[129.4116268,36.6202903],[129.4115931,36.6202761],[129.4115629,36.6202523],[129.4115691,36.620225],[129.4115736,36.620222],[129.4115824,36.6202445],[129.4115956,36.620264],[129.4115994,36.6202678],[129.4116223,36.6202813],[129.4116353,36.6202839],[129.4116933,36.6202908]]]]}},{"type":"Feature","properties":{"r":322,"k":0,"d":84.2},"geometry":{"type":"MultiPolygon","coordinates":[[[[129.4122117,36.6238935],[129.4121967,36.6238626],[129.4122254,36.623864],[129.4123058,36.6238132],[129.4123742,36.6238483],[129.4124708,36.6238608],[129.412475,36.6239012],[129.4124903,36.6239191],[129.412423,36.6239281],[129.4123526,36.6239461],[129.4122505,36.6239238],[129.4122117,36.6238935]]]]}},{"type":"Feature","properties":{"r":851,"k":0,"d":186.3},"geometry":{"type":"MultiPolygon","coordinates":[[[[129.4113528,36.6115247],[129.411071,36.6114816],[129.4110746,36.6113795],[129.4110677,36.611201],[129.4110735,36.6110372],[129.4112965,36.6110143],[129.4113729,36.6109579],[129.4114053,36.6109708],[129.4114252,36.6110035],[129.411423,36.6110527],[129.4114588,36.6110866],[129.4114423,36.6112124],[129.4113528,36.6115247]]]]}},{"type":"Feature","properties":{"r":732,"k":0,"d":162.0},"geometry":{"type":"MultiPolygon","coordinates":[[[[129.4110334,36.6238114],[129.4110062,36.6237756],[129.4111029,36.6237483],[129.4110859,36.6237804],[129.4110334,36.6238114]]]]}},{"type":"Feature","properties":{"r":475,"k":0,"d":106.2},"geometry":{"type":"MultiPolygon","coordinates":[[[[129.4107073,36.6182566],[129.4107138,36.6182352],[129.4107211,36.6181306],[129.4107682,36.6181354],[129.4108548,36.6181817],[129.4107453,36.6182796],[129.4107354,36.618324],[129.4107073,36.6182566]]]]}},{"type":"Feature","properties":{"r":787,"k":0,"d":173.9},"geometry":{"type":"MultiPolygon","coordinates":[[[[129.4101311,36.6174692],[129.4099227,36.6173316],[129.4097828,36.6172719],[129.4097305,36.6172142],[129.4096017,36.6171926],[129.4095292,36.6172034],[129.4094261,36.6171852],[129.4095642,36.6169686],[129.4097515,36.6169926],[129.4097948,36.6171027],[129.4098635,36.6171754],[129.410194,36.6173829],[129.4101311,36.6174692]]]]}},{"type":"Feature","properties":{"r":157,"k":0,"d":51.4},"geometry":{"type":"MultiPolygon","coordinates":[[[[129.4117898,36.6228753],[129.4117209,36.622922],[129.4116186,36.6228576],[129.4117165,36.6228232],[129.4117898,36.6228753]]]]}},{"type":"Feature","properties":{"r":233,"k":0,"d":70.3},"geometry":{"type":"MultiPolygon","coordinates":[[[[129.4129789,36.6104794],[129.4129345,36.6104728],[129.413104,36.6099316],[129.4131167,36.6099347],[129.413123,36.6100216],[129.4129789,36.6104794]]]]}},{"type":"Feature","properties":{"r":634,"k":0,"d":142.1},"geometry":{"type":"MultiPolygon","coordinates":[[[[129.4101509,36.6227006],[129.4101161,36.6226619],[129.410079,36.6225405],[129.4100846,36.6224984],[129.4101172,36.6224696],[129.4102552,36.6224578],[129.410363,36.6224268],[129.4104236,36.6223631],[129.410502,36.6224356],[129.4104884,36.6224545],[129.4105339,36.6225552],[129.4105676,36.6226219],[129.4105206,36.6226339],[129.4104886,36.6226704],[129.4105253,36.6227105],[129.4105731,36.6227321],[129.4105115,36.6227564],[129.41042,36.6227417],[129.4103536,36.6227166],[129.410287,36.6227274],[129.4101509,36.6227006]]]]}},{"type":"Feature","properties":{"r":260,"k":0,"d":74.8},"geometry":{"type":"MultiPolygon","coordinates":[[[[129.4119256,36.6140982],[129.411845,36.614098],[129.4118441,36.6139963],[129.411856,36.6139204],[129.4119366,36.6139294],[129.4119256,36.6140982]]]]}},{"type":"Feature","properties":{"r":649,"k":0,"d":145.6},"geometry":{"type":"MultiPolygon","coordinates":[[[[129.410442,36.6207508],[129.4104477,36.6206811],[129.410444,36.6206601],[129.410532,36.6205726],[129.4105899,36.6206131],[129.4106001,36.6206409],[129.4104855,36.6206921],[129.410472,36.6207257],[129.4104733,36.6207617],[129.410442,36.6207508]]]]}},{"type":"Feature","properties":{"r":298,"k":0,"d":81.0},"geometry":{"type":"MultiPolygon","coordinates":[[[[129.4104847,36.6194525],[129.4104977,36.619373],[129.4105486,36.6190938],[129.4105503,36.6189989],[129.4105572,36.6188722],[129.4105924,36.6187274],[129.4108445,36.6187071],[129.4109522,36.6188538],[129.4109528,36.6188593],[129.410968,36.6188742],[129.411062,36.6190021],[129.4110758,36.6189993],[129.4110364,36.61904],[129.4107804,36.6191137],[129.4107412,36.6191344],[129.4107296,36.6193265],[129.4106992,36.6193429],[129.4106307,36.6194766],[129.4104847,36.6194525]]]]}},{"type":"Feature","properties":{"r":865,"k":0,"d":190.7},"geometry":{"type":"MultiPolygon","coordinates":[[[[129.4128431,36.6068491],[129.4127981,36.6067837],[129.4127768,36.6067543],[129.4128116,36.6067415],[129.4128832,36.6068368],[129.4128431,36.6068491]]]]}},{"type":"Feature","properties":{"r":861,"k":0,"d":188.3},"geometry":{"type":"MultiPolygon","coordinates":[[[[129.4115676,36.6245301],[129.4115546,36.6245252],[129.4114275,36.6245515],[129.4114037,36.6245178],[129.41136,36.6244857],[129.411372,36.6244248],[129.4114102,36.6243826],[129.4114432,36.6243758],[129.4115676,36.6245301]]]]}},{"type":"Feature","properties":{"r":564,"k":0,"d":127.6},"geometry":{"type":"MultiPolygon","coordinates":[[[[129.4122268,36.6242056],[129.412053,36.6242234],[129.4120276,36.6242284],[129.4120269,36.6242171],[129.4120175,36.6242138],[129.4120072,36.6241709],[129.4120132,36.6241563],[129.412075,36.6241585],[129.4121092,36.6241273],[129.4122268,36.6242056]]]]}},{"type":"Feature","properties":{"r":15,"k":0,"d":14.7},"geometry":{"type":"MultiPolygon","coordinates":[[[[129.4144892,36.6075558],[129.4144107,36.6080434],[129.4137284,36.607919],[129.4137901,36.607784],[129.4138963,36.6074903],[129.4138964,36.607475],[129.4144892,36.6075558]]]]}},{"type":"Feature","properties":{"r":115,"k":0,"d":43.3},"geometry":{"type":"MultiPolygon","coordinates":[[[[129.4133685,36.6101231],[129.4132932,36.6101216],[129.4132205,36.6101681],[129.4131238,36.6100321],[129.4131167,36.6099347],[129.4134383,36.6100135],[129.4133685,36.6101231]]]]}},{"type":"Feature","properties":{"r":41,"k":0,"d":23.8},"geometry":{"type":"MultiPolygon","coordinates":[[[[129.4139115,36.6093974],[129.4133524,36.6092815],[129.4133127,36.609272],[129.4133214,36.609244],[129.4133743,36.6092553],[129.4134227,36.6091023],[129.4135941,36.6091535],[129.4138029,36.6091795],[129.4138962,36.6092527],[129.4139115,36.6093974]]]]}},{"type":"Feature","properties":{"r":513,"k":0,"d":114.0},"geometry":{"type":"MultiPolygon","coordinates":[[[[129.412808,36.6095031],[129.4127968,36.6095341],[129.4127978,36.6094519],[129.4128692,36.6093396],[129.4128191,36.6094337],[129.412808,36.6095031]]]]}},{"type":"Feature","properties":{"r":252,"k":0,"d":74.0},"geometry":{"type":"MultiPolygon","coordinates":[[[[129.4119412,36.613858],[129.4119504,36.6137147],[129.4120004,36.6135546],[129.4120571,36.6135571],[129.4120058,36.6137214],[129.4119969,36.6138611],[129.4119412,36.613858]]]]}},{"type":"Feature","properties":{"r":849,"k":0,"d":185.2},"geometry":{"type":"MultiPolygon","coordinates":[[[[129.410011,36.6220314],[129.409969,36.6221587],[129.4099801,36.6220813],[129.410011,36.6220314]]]]}},{"type":"Feature","properties":{"r":762,"k":0,"d":167.4},"geometry":{"type":"MultiPolygon","coordinates":[[[[129.4102337,36.620906],[129.4102454,36.6209025],[129.4103106,36.620819],[129.4103528,36.6208196],[129.4102809,36.6209186],[129.4102337,36.620906]]]]}},{"type":"Feature","properties":{"r":584,"k":0,"d":132.4},"geometry":{"type":"MultiPolygon","coordinates":[[[[129.4107426,36.6162167],[129.4107362,36.6162183],[129.4107878,36.6160732],[129.4108347,36.6160766],[129.4108317,36.6161418],[129.4108416,36.6161914],[129.4107426,36.6162167]]]]}},{"type":"Feature","properties":{"r":612,"k":0,"d":136.8},"geometry":{"type":"MultiPolygon","coordinates":[[[[129.4108638,36.6153698],[129.4108575,36.6153341],[129.4107999,36.6153262],[129.4108052,36.6152161],[129.4108476,36.6152288],[129.410954,36.615199],[129.4109734,36.6152086],[129.4109414,36.615267],[129.4109273,36.6153829],[129.4108638,36.6153698]]]]}},{"type":"Feature","properties":{"r":648,"k":0,"d":145.5},"geometry":{"type":"MultiPolygon","coordinates":[[[[129.4108836,36.6144926],[129.4109632,36.614314],[129.4109094,36.6142256],[129.4109188,36.6142289],[129.4109796,36.6142616],[129.4110248,36.6142982],[129.4109966,36.614451],[129.4110003,36.61454],[129.4109945,36.6145411],[129.4108836,36.6144926]]]]}},{"type":"Feature","properties":{"r":502,"k":0,"d":112.1},"geometry":{"type":"MultiPolygon","coordinates":[[[[129.4125441,36.6103318],[129.4124403,36.6103253],[129.4124309,36.6101948],[129.4123571,36.6097334],[129.4123336,36.6094296],[129.4123856,36.609383],[129.4124312,36.6093638],[129.4125603,36.609385],[129.4125794,36.609664],[129.4125702,36.6097917],[129.4125676,36.610172],[129.4125441,36.6103318]]]]}},{"type":"Feature","properties":{"r":18,"k":0,"d":15.7},"geometry":{"type":"MultiPolygon","coordinates":[[[[129.4133092,36.6109732],[129.413342,36.6109783],[129.4134509,36.6109994],[129.4134178,36.6111481],[129.413406,36.6111824],[129.4133182,36.6111759],[129.4131283,36.6111681],[129.4129503,36.6111447],[129.412747,36.6111152],[129.4127679,36.6110399],[129.4133447,36.6111222],[129.4133469,36.61105],[129.4133092,36.6109732]]]]}},{"type":"Feature","properties":{"r":306,"k":0,"d":82.2},"geometry":{"type":"MultiPolygon","coordinates":[[[[129.4124439,36.6118808],[129.4124057,36.611875],[129.4125075,36.6115411],[129.412543,36.6115468],[129.4124439,36.6118808]]]]}},{"type":"Feature","properties":{"r":225,"k":0,"d":68.7},"geometry":{"type":"MultiPolygon","coordinates":[[[[129.4141494,36.606816],[129.4141032,36.6068013],[129.414127,36.6066673],[129.4142122,36.6065539],[129.4142245,36.6064683],[129.4143496,36.6064217],[129.4144103,36.6063622],[129.4145585,36.6063936],[129.4144596,36.6064533],[129.4143683,36.6065276],[129.4142782,36.6066275],[129.4141494,36.606816]]]]}},{"type":"Feature","properties":{"r":558,"k":0,"d":126.3},"geometry":{"type":"MultiPolygon","coordinates":[[[[129.4117361,36.6238406],[129.41173,36.6238031],[129.411747,36.6238355],[129.4117361,36.6238406]]]]}},{"type":"Feature","properties":{"r":321,"k":0,"d":84.1},"geometry":{"type":"MultiPolygon","coordinates":[[[[129.4124962,36.6114615],[129.4125621,36.6113019],[129.412579,36.6113061],[129.4125293,36.6114665],[129.4124962,36.6114615]]]]}},{"type":"Feature","properties":{"r":399,"k":0,"d":95.6},"geometry":{"type":"MultiPolygon","coordinates":[[[[129.4117652,36.6237131],[129.4117679,36.6236623],[129.4117577,36.6235811],[129.4118266,36.6235714],[129.4119197,36.6235493],[129.411938,36.6235913],[129.4119479,36.6236658],[129.4119482,36.6236814],[129.4118803,36.6237043],[129.4117652,36.6237131]]]]}},{"type":"Feature","properties":{"r":483,"k":0,"d":108.3},"geometry":{"type":"MultiPolygon","coordinates":[[[[129.4116106,36.6236162],[129.4115454,36.6236101],[129.4114233,36.6235817],[129.4114044,36.6235581],[129.4113802,36.6234465],[129.4115471,36.6234646],[129.4116141,36.6234623],[129.4116396,36.6235052],[129.4116383,36.6235672],[129.4116106,36.6236162]]]]}},{"type":"Feature","properties":{"r":339,"k":0,"d":86.8},"geometry":{"type":"MultiPolygon","coordinates":[[[[129.4119197,36.6235493],[129.4118266,36.6235714],[129.4117369,36.6235841],[129.4117121,36.6235432],[129.4117096,36.62351],[129.4117162,36.6234922],[129.4118836,36.6234721],[129.4118848,36.6234524],[129.4118741,36.62343],[129.4118748,36.6234022],[129.4119357,36.6234612],[129.4119399,36.6235113],[129.4119197,36.6235493]]]]}},{"type":"Feature","properties":{"r":162,"k":0,"d":51.8},"geometry":{"type":"MultiPolygon","coordinates":[[[[129.4121135,36.6234506],[129.4120855,36.6234266],[129.4120157,36.6233066],[129.4121544,36.6232492],[129.4121889,36.6232998],[129.4122735,36.623277],[129.4123015,36.6233216],[129.412203,36.6234022],[129.4121135,36.6234506]]]]}},{"type":"Feature","properties":{"r":325,"k":0,"d":84.9},"geometry":{"type":"MultiPolygon","coordinates":[[[[129.4110472,36.6229137],[129.4110254,36.6228451],[129.4112157,36.6228219],[129.411311,36.6227783],[129.4113317,36.6228353],[129.4112966,36.6229127],[129.4110472,36.6229137]]]]}},{"type":"Feature","properties":{"r":774,"k":0,"d":171.1},"geometry":{"type":"MultiPolygon","coordinates":[[[[129.4101067,36.6222963],[129.4100131,36.62226],[129.4099586,36.6221912],[129.409969,36.6221587],[129.4100422,36.6221719],[129.4100821,36.6222121],[129.4101281,36.6222269],[129.4101643,36.6222749],[129.4101067,36.6222963]]]]}},{"type":"Feature","properties":{"r":706,"k":0,"d":158.1},"geometry":{"type":"MultiPolygon","coordinates":[[[[129.4108675,36.6144855],[129.4108175,36.6144889],[129.4108163,36.614462],[129.4108675,36.6144855]]]]}},{"type":"Feature","properties":{"r":591,"k":0,"d":133.3},"geometry":{"type":"MultiPolygon","coordinates":[[[[129.4127409,36.6089826],[129.4124977,36.6088072],[129.4124503,36.6087578],[129.4123406,36.6085064],[129.412451,36.6084962],[129.4126483,36.6084523],[129.4128317,36.608393],[129.4129358,36.6083475],[129.4129257,36.6085491],[129.4128347,36.6086342],[129.4127944,36.6087525],[129.4127649,36.6088154],[129.4127409,36.6089826]]]]}},{"type":"Feature","properties":{"r":177,"k":0,"d":55.9},"geometry":{"type":"MultiPolygon","coordinates":[[[[129.4115741,36.6210489],[129.4115269,36.6210695],[129.4114414,36.6210817],[129.4114197,36.6210242],[129.4114067,36.6209953],[129.4114078,36.6209393],[129.4115024,36.6208757],[129.4115233,36.620856],[129.4115962,36.6208831],[129.4115971,36.6209175],[129.4115676,36.6209486],[129.4115474,36.6210216],[129.4115741,36.6210489]]]]}},{"type":"Feature","properties":{"r":819,"k":0,"d":180.5},"geometry":{"type":"MultiPolygon","coordinates":[[[[129.4107874,36.6137784],[129.4107027,36.6137634],[129.4106567,36.6138011],[129.4106588,36.6137139],[129.4105704,36.6136704],[129.4106888,36.6133968],[129.4107083,36.6131995],[129.410804,36.613218],[129.4108446,36.6132369],[129.4108376,36.6133609],[129.4108335,36.613539],[129.4108138,36.6136431],[129.4108206,36.6137167],[129.4107874,36.6137784]]]]}},{"type":"Feature","properties":{"r":275,"k":0,"d":77.3},"geometry":{"type":"MultiPolygon","coordinates":[[[[129.411949,36.6137364],[129.4118831,36.6137353],[129.4119148,36.613551],[129.4120837,36.6130475],[129.4121332,36.6128703],[129.4120956,36.612868],[129.4120376,36.6130468],[129.4119835,36.6130458],[129.4120238,36.6128629],[129.4120988,36.612579],[129.4121864,36.6123944],[129.4122121,36.6124567],[129.4123146,36.6125209],[129.4120997,36.6132299],[129.4119504,36.6137147],[129.411949,36.6137364]]]]}},{"type":"Feature","properties":{"r":543,"k":0,"d":122.6},"geometry":{"type":"MultiPolygon","coordinates":[[[[129.4132723,36.6077226],[129.4132378,36.6076387],[129.4132506,36.6076383],[129.4132723,36.6077226]]]]}},{"type":"Feature","properties":{"r":135,"k":0,"d":46.9},"geometry":{"type":"MultiPolygon","coordinates":[[[[129.4115823,36.6205182],[129.4115825,36.6204828],[129.4117,36.6204388],[129.4117048,36.6205528],[129.4116131,36.620503],[129.4115823,36.6205182]]]]}},{"type":"Feature","properties":{"r":361,"k":0,"d":90.0},"geometry":{"type":"MultiPolygon","coordinates":[[[[129.4119441,36.6132177],[129.4119835,36.6130458],[129.4120376,36.6130468],[129.411985,36.6132209],[129.4119441,36.6132177]]]]}},{"type":"Feature","properties":{"r":763,"k":0,"d":167.7},"geometry":{"type":"MultiPolygon","coordinates":[[[[129.4129672,36.6072445],[129.412926,36.607167],[129.4129191,36.6071564],[129.4129315,36.6071521],[129.4129712,36.6072429],[129.4129672,36.6072445]]]]}},{"type":"Feature","properties":{"r":219,"k":0,"d":67.9},"geometry":{"type":"MultiPolygon","coordinates":[[[[129.4115019,36.6203085],[129.4113865,36.6202985],[129.4113265,36.6202717],[129.4112908,36.6203045],[129.4111958,36.6203184],[129.4111187,36.6203047],[129.411103,36.6202901],[129.4110561,36.6202846],[129.4110573,36.6202778],[129.4110311,36.6201653],[129.4111797,36.6201205],[129.411283,36.6201285],[129.4112824,36.6201776],[129.4112968,36.6202236],[129.4113545,36.6202617],[129.4114354,36.6202884],[129.4115087,36.6202759],[129.4115019,36.6203085]]]]}},{"type":"Feature","properties":{"r":380,"k":0,"d":93.4},"geometry":{"type":"MultiPolygon","coordinates":[[[[129.4122061,36.6122193],[129.4121844,36.612187],[129.4122373,36.6120139],[129.4122759,36.612018],[129.4122061,36.6122193]]]]}},{"type":"Feature","properties":{"r":151,"k":0,"d":50.5},"geometry":{"type":"MultiPolygon","coordinates":[[[[129.411212,36.619074],[129.411179,36.6189788],[129.411358,36.6189221],[129.4113783,36.6189521],[129.4114144,36.6190488],[129.4113084,36.61906],[129.4113091,36.6190644],[129.411212,36.619074]]]]}},{"type":"Feature","properties":{"r":147,"k":0,"d":49.2},"geometry":{"type":"MultiPolygon","coordinates":[[[[129.4114285,36.619053],[129.4113091,36.6190644],[129.4113084,36.61906],[129.4114144,36.6190488],[129.4113783,36.6189521],[129.411405,36.6189915],[129.4114285,36.619053]]]]}},{"type":"Feature","properties":{"r":609,"k":0,"d":136.6},"geometry":{"type":"MultiPolygon","coordinates":[[[[129.4120753,36.6245869],[129.4120678,36.6244681],[129.4120441,36.6244102],[129.412046,36.6243608],[129.4121712,36.6243228],[129.4122049,36.624359],[129.4122947,36.6243343],[129.4123941,36.6243985],[129.4123884,36.6244138],[129.4123833,36.6244981],[129.4122499,36.6245148],[129.4122369,36.6245436],[129.4121447,36.6245816],[129.4120753,36.6245869]]]]}},{"type":"Feature","properties":{"r":610,"k":0,"d":136.6},"geometry":{"type":"MultiPolygon","coordinates":[[[[129.4121508,36.6243286],[129.412046,36.6243608],[129.4120129,36.624271],[129.4120765,36.6242511],[129.4121244,36.6242424],[129.4121508,36.6243286]]]]}},{"type":"Feature","properties":{"r":171,"k":0,"d":54.2},"geometry":{"type":"MultiPolygon","coordinates":[[[[129.4114246,36.6200347],[129.4113693,36.6199656],[129.4114575,36.619941],[129.411526,36.6199273],[129.4116489,36.6199328],[129.4116604,36.6199808],[129.4115954,36.6199779],[129.4115585,36.6199833],[129.4115058,36.6200248],[129.4114463,36.6200304],[129.4114246,36.6200347]]]]}},{"type":"Feature","properties":{"r":796,"k":0,"d":175.0},"geometry":{"type":"MultiPolygon","coordinates":[[[[129.4109376,36.6131349],[129.4109211,36.612961],[129.4109429,36.6128635],[129.4109386,36.6127373],[129.4109178,36.6125963],[129.410923,36.6123935],[129.4110003,36.6124417],[129.4110732,36.6125422],[129.411086,36.6127134],[129.4110445,36.6129798],[129.4110589,36.6130682],[129.4109376,36.6131349]]]]}},{"type":"Feature","properties":{"r":10,"k":0,"d":11.7},"geometry":{"type":"MultiPolygon","coordinates":[[[[129.4123241,36.6150055],[129.4123647,36.6148179],[129.4124042,36.6148164],[129.4124352,36.6149354],[129.4123937,36.6149993],[129.4123241,36.6150055]]]]}},{"type":"Feature","properties":{"r":470,"k":0,"d":105.5},"geometry":{"type":"MultiPolygon","coordinates":[[[[129.4111944,36.615788],[129.4111297,36.6157818],[129.4110431,36.6157524],[129.411001,36.6157429],[129.4110021,36.6157068],[129.4110141,36.6155255],[129.4109989,36.6153488],[129.4110048,36.6152164],[129.4110343,36.6152236],[129.4111194,36.6152635],[129.4112524,36.6153586],[129.4112911,36.615373],[129.4112163,36.6156736],[129.4111944,36.615788]]]]}},{"type":"Feature","properties":{"r":548,"k":0,"d":124.7},"geometry":{"type":"MultiPolygon","coordinates":[[[[129.411001,36.6157429],[129.4108912,36.6157182],[129.4109268,36.6154461],[129.4109273,36.6153829],[129.4109414,36.615267],[129.4109734,36.6152086],[129.4110048,36.6152164],[129.4109989,36.6153488],[129.4110141,36.6155255],[129.4110021,36.6157068],[129.411001,36.6157429]]]]}},{"type":"Feature","properties":{"r":813,"k":0,"d":179.3},"geometry":{"type":"MultiPolygon","coordinates":[[[[129.4119662,36.6094491],[129.4118981,36.6094378],[129.4118727,36.6092361],[129.4118535,36.6091406],[129.4118618,36.6091104],[129.4119658,36.6089998],[129.4119885,36.6089257],[129.4119256,36.6088514],[129.412131,36.6089279],[129.4122457,36.6089573],[129.4121965,36.6091037],[129.4120679,36.6094257],[129.4120521,36.6094448],[129.4120526,36.6094634],[129.4119662,36.6094491]]]]}},{"type":"Feature","properties":{"r":14,"k":0,"d":14.5},"geometry":{"type":"MultiPolygon","coordinates":[[[[129.412747,36.6111152],[129.4129503,36.6111447],[129.4131283,36.6111681],[129.4133182,36.6111759],[129.4133294,36.6112918],[129.413372,36.6113034],[129.4133186,36.6114531],[129.4132579,36.6114765],[129.4127246,36.6114964],[129.412642,36.6114838],[129.4126671,36.6114033],[129.412747,36.6111152]]]]}},{"type":"Feature","properties":{"r":883,"k":0,"d":195.2},"geometry":{"type":"MultiPolygon","coordinates":[[[[129.4095176,36.6188201],[129.4095551,36.6187709],[129.4096574,36.6186061],[129.409681,36.6184907],[129.4098276,36.6184701],[129.4097949,36.6187571],[129.4097408,36.618931],[129.4097346,36.6189445],[129.4095176,36.6188201]]]]}},{"type":"Feature","properties":{"r":534,"k":0,"d":118.8},"geometry":{"type":"MultiPolygon","coordinates":[[[[129.4106976,36.6182885],[129.4106932,36.6182733],[129.4106535,36.6181627],[129.4106929,36.6181277],[129.4107175,36.6181302],[129.4106877,36.6182095],[129.4107073,36.6182566],[129.4106976,36.6182885]]]]}},{"type":"Feature","properties":{"r":340,"k":0,"d":86.8},"geometry":{"type":"MultiPolygon","coordinates":[[[[129.4117162,36.6234922],[129.411723,36.6234723],[129.4116906,36.6234484],[129.4117626,36.623362],[129.4118507,36.6233845],[129.4118748,36.6234022],[129.4118741,36.62343],[129.4118848,36.6234524],[129.4118836,36.6234721],[129.4117162,36.6234922]]]]}},{"type":"Feature","properties":{"r":6,"k":0,"d":10.0},"geometry":{"type":"MultiPolygon","coordinates":[[[[129.4134771,36.6111411],[129.4134731,36.6111873],[129.413406,36.6111824],[129.4134178,36.6111481],[129.4134212,36.6111331],[129.4134771,36.6111411]]]]}},{"type":"Feature","properties":{"r":574,"k":0,"d":128.6},"geometry":{"type":"MultiPolygon","coordinates":[[[[129.4138069,36.606251],[129.4136789,36.6060796],[129.4136017,36.6059315],[129.4135281,36.6057755],[129.4137057,36.6056621],[129.4138003,36.6058818],[129.4138677,36.6060293],[129.4138837,36.6060886],[129.4139349,36.6061901],[129.4138069,36.606251]]]]}},{"type":"Feature","properties":{"r":753,"k":0,"d":165.3},"geometry":{"type":"MultiPolygon","coordinates":[[[[129.4103629,36.6167605],[129.4102951,36.6164357],[129.410359,36.6164202],[129.4103737,36.6167145],[129.4103841,36.6167364],[129.4103754,36.6167596],[129.4103629,36.6167605]]]]}},{"type":"Feature","properties":{"r":395,"k":0,"d":95.3},"geometry":{"type":"MultiPolygon","coordinates":[[[[129.4127576,36.6100134],[129.4128063,36.6098906],[129.4127987,36.6098188],[129.4128515,36.6098229],[129.4128517,36.6098643],[129.4128718,36.6099083],[129.41283,36.6099533],[129.4128039,36.6100233],[129.4127576,36.6100134]]]]}},{"type":"Feature","properties":{"r":290,"k":0,"d":80.2},"geometry":{"type":"MultiPolygon","coordinates":[[[[129.4130978,36.6097741],[129.4130671,36.6097662],[129.4131814,36.6094228],[129.4132029,36.6094286],[129.4130978,36.6097741]]]]}},{"type":"Feature","properties":{"r":684,"k":0,"d":152.7},"geometry":{"type":"MultiPolygon","coordinates":[[[[129.4104583,36.6217235],[129.4104396,36.6217271],[129.410366,36.6218236],[129.4103051,36.6217384],[129.4102124,36.621675],[129.4101085,36.6216095],[129.4100485,36.6215869],[129.4100538,36.621565],[129.410014,36.6212946],[129.4100336,36.6212324],[129.4100562,36.6212243],[129.410104,36.6212544],[129.4101428,36.6212407],[129.4102335,36.6212466],[129.4103546,36.6214431],[129.410405,36.6215009],[129.4104578,36.6216057],[129.4104583,36.6217235]]]]}},{"type":"Feature","properties":{"r":411,"k":0,"d":96.9},"geometry":{"type":"MultiPolygon","coordinates":[[[[129.4109598,36.6212341],[129.4109099,36.6211865],[129.4108278,36.6211469],[129.4108027,36.6211045],[129.410911,36.6209987],[129.4109151,36.6210041],[129.4109451,36.6210301],[129.4110453,36.6210591],[129.4110485,36.6210429],[129.4111368,36.6210858],[129.4111058,36.6211193],[129.4110589,36.6211476],[129.411049,36.6211678],[129.4110468,36.6212132],[129.4109598,36.6212341]]]]}},{"type":"Feature","properties":{"r":803,"k":0,"d":177.6},"geometry":{"type":"MultiPolygon","coordinates":[[[[129.4106651,36.6141223],[129.4106537,36.6140863],[129.4106772,36.6140322],[129.4106857,36.6140575],[129.410745,36.6140975],[129.4107127,36.6140995],[129.4106651,36.6141223]]]]}},{"type":"Feature","properties":{"r":848,"k":0,"d":185.0},"geometry":{"type":"MultiPolygon","coordinates":[[[[129.4106772,36.6140322],[129.4106537,36.6140863],[129.4105943,36.6139776],[129.4105509,36.6139472],[129.4105361,36.6139048],[129.4105599,36.6138335],[129.410594,36.6137597],[129.4106423,36.6138129],[129.4106567,36.6138011],[129.4106529,36.61396],[129.4106772,36.6140322]]]]}},{"type":"Feature","properties":{"r":131,"k":0,"d":46.0},"geometry":{"type":"MultiPolygon","coordinates":[[[[129.4117114,36.6207205],[129.4116162,36.620709],[129.4115871,36.6206888],[129.4115757,36.6206358],[129.411687,36.6205693],[129.411709,36.6206129],[129.4117114,36.6207205]]]]}},{"type":"Feature","properties":{"r":172,"k":0,"d":54.8},"geometry":{"type":"MultiPolygon","coordinates":[[[[129.4115361,36.6199131],[129.4115345,36.6199004],[129.4115288,36.6199009],[129.4114774,36.619874],[129.4114689,36.6198535],[129.4114879,36.6197857],[129.4116102,36.6197664],[129.4116478,36.6198196],[129.4116315,36.6198794],[129.4116435,36.6199178],[129.4115361,36.6199131]]]]}},{"type":"Feature","properties":{"r":853,"k":0,"d":186.7},"geometry":{"type":"MultiPolygon","coordinates":[[[[129.4119808,36.6251194],[129.4119403,36.6250224],[129.4120223,36.6250321],[129.4120977,36.6249502],[129.4120753,36.6248888],[129.4122135,36.6248643],[129.4122322,36.6248491],[129.4122619,36.6249472],[129.4122574,36.6249686],[129.4122063,36.6249833],[129.4121179,36.6249782],[129.4120831,36.6250466],[129.4120341,36.6250922],[129.4119808,36.6251194]]]]}},{"type":"Feature","properties":{"r":686,"k":0,"d":152.9},"geometry":{"type":"MultiPolygon","coordinates":[[[[129.4117782,36.6242799],[129.4117344,36.6242781],[129.4117155,36.6242449],[129.411604,36.624167],[129.4117069,36.6241702],[129.4117595,36.624177],[129.4117782,36.6242799]]]]}},{"type":"Feature","properties":{"r":413,"k":0,"d":96.9},"geometry":{"type":"MultiPolygon","coordinates":[[[[129.4126553,36.6242528],[129.4126125,36.6242301],[129.4126088,36.6241991],[129.4126348,36.6240857],[129.4126553,36.6242528]]]]}},{"type":"Feature","properties":{"r":173,"k":0,"d":55.1},"geometry":{"type":"MultiPolygon","coordinates":[[[[129.4114646,36.6213814],[129.4115661,36.6213726],[129.4115889,36.6214138],[129.4115971,36.6214514],[129.4114668,36.62152],[129.4113992,36.6214867],[129.4112602,36.6215153],[129.4112315,36.6214582],[129.4112535,36.6214185],[129.411277,36.6213861],[129.4114646,36.6213814]]]]}},{"type":"Feature","properties":{"r":144,"k":0,"d":49.0},"geometry":{"type":"MultiPolygon","coordinates":[[[[129.4109047,36.6195948],[129.4108974,36.6194745],[129.4109475,36.619349],[129.4111676,36.6193502],[129.4112726,36.6193287],[129.411475,36.6193071],[129.4114858,36.6195723],[129.411396,36.619622],[129.411101,36.6196919],[129.4109399,36.6196365],[129.4109047,36.6195948]]]]}},{"type":"Feature","properties":{"r":183,"k":0,"d":56.7},"geometry":{"type":"MultiPolygon","coordinates":[[[[129.411953,36.6148067],[129.4118971,36.6148089],[129.4119079,36.614562],[129.4119637,36.6145618],[129.411953,36.6148067]]]]}},{"type":"Feature","properties":{"r":841,"k":0,"d":184.1},"geometry":{"type":"MultiPolygon","coordinates":[[[[129.4101627,36.6229846],[129.4100871,36.6229128],[129.4101582,36.6228407],[129.4101826,36.622954],[129.4101922,36.6230038],[129.4101872,36.6230079],[129.4101627,36.6229846]]]]}},{"type":"Feature","properties":{"r":786,"k":0,"d":173.8},"geometry":{"type":"MultiPolygon","coordinates":[[[[129.4100839,36.6183227],[129.4098488,36.6183543],[129.40988,36.6182111],[129.4100134,36.6178412],[129.4100839,36.6183227]]]]}},{"type":"Feature","properties":{"r":617,"k":0,"d":137.7},"geometry":{"type":"MultiPolygon","coordinates":[[[[129.4105279,36.6178237],[129.4105249,36.61784],[129.4104175,36.6177812],[129.4103909,36.6176501],[129.410539,36.6177381],[129.4105279,36.6178237]]]]}},{"type":"Feature","properties":{"r":721,"k":0,"d":160.4},"geometry":{"type":"MultiPolygon","coordinates":[[[[129.410423,36.6167829],[129.4103946,36.6167583],[129.4103841,36.6167364],[129.4104071,36.6166751],[129.4104166,36.616725],[129.4104317,36.6167803],[129.410423,36.6167829]]]]}},{"type":"Feature","properties":{"r":621,"k":0,"d":138.7},"geometry":{"type":"MultiPolygon","coordinates":[[[[129.410954,36.615199],[129.4108476,36.6152288],[129.4108089,36.6152172],[129.4108656,36.6150687],[129.4109058,36.6148991],[129.4109231,36.6148609],[129.4109995,36.6148495],[129.4109025,36.6149588],[129.4108924,36.6150408],[129.4109303,36.6151114],[129.410954,36.615199]]]]}},{"type":"Feature","properties":{"r":586,"k":0,"d":132.7},"geometry":{"type":"MultiPolygon","coordinates":[[[[129.4109995,36.6148495],[129.4109231,36.6148609],[129.410992,36.6147088],[129.4109208,36.6146641],[129.4109181,36.6145719],[129.4108739,36.6145133],[129.4108836,36.6144926],[129.4109945,36.6145411],[129.4111505,36.614512],[129.4110733,36.6147073],[129.4110703,36.6147783],[129.4109995,36.6148495]]]]}},{"type":"Feature","properties":{"r":830,"k":0,"d":183.3},"geometry":{"type":"MultiPolygon","coordinates":[[[[129.4108867,36.6132565],[129.4108335,36.613539],[129.4108376,36.6133609],[129.4108446,36.6132369],[129.4108867,36.6132565]]]]}},{"type":"Feature","properties":{"r":578,"k":0,"d":130.8},"geometry":{"type":"MultiPolygon","coordinates":[[[[129.4117621,36.6239608],[129.4116777,36.6239489],[129.4116598,36.6239524],[129.4116544,36.623961],[129.411559,36.6239753],[129.4115378,36.6239089],[129.4115425,36.6238868],[129.4117273,36.6238631],[129.4117242,36.6239066],[129.4117597,36.6239482],[129.4117621,36.6239608]]]]}},{"type":"Feature","properties":{"r":393,"k":0,"d":95.0},"geometry":{"type":"MultiPolygon","coordinates":[[[[129.4140577,36.6066257],[129.4138069,36.606251],[129.4139349,36.6061901],[129.4140026,36.6061676],[129.4140966,36.6061682],[129.4142691,36.6061341],[129.4142713,36.6062068],[129.4142557,36.6062755],[129.4142395,36.6063346],[129.4141816,36.6064132],[129.4141683,36.6064848],[129.4141117,36.6065587],[129.4140577,36.6066257]]]]}},{"type":"Feature","properties":{"r":409,"k":0,"d":96.7},"geometry":{"type":"MultiPolygon","coordinates":[[[[129.4124175,36.6112616],[129.4124115,36.6112604],[129.4124596,36.6109293],[129.4125356,36.6109602],[129.4125412,36.610964],[129.4124175,36.6112616]]]]}},{"type":"Feature","properties":{"r":374,"k":0,"d":92.1},"geometry":{"type":"MultiPolygon","coordinates":[[[[129.4125507,36.6109677],[129.4125356,36.6109602],[129.4126223,36.6107082],[129.4126561,36.6107251],[129.4125862,36.6109808],[129.4125507,36.6109677]]]]}},{"type":"Feature","properties":{"r":514,"k":0,"d":114.5},"geometry":{"type":"MultiPolygon","coordinates":[[[[129.4109402,36.6233819],[129.4108784,36.623308],[129.4108691,36.6232152],[129.4109745,36.6230694],[129.4108461,36.6230328],[129.4108422,36.6230046],[129.4108354,36.6229738],[129.4111004,36.623047],[129.4111375,36.6231294],[129.4112168,36.6232894],[129.4112204,36.6233087],[129.4109402,36.6233819]]]]}},{"type":"Feature","properties":{"r":746,"k":0,"d":164.2},"geometry":{"type":"MultiPolygon","coordinates":[[[[129.4119312,36.6099861],[129.4119435,36.6101726],[129.4119266,36.6103776],[129.4119047,36.6103103],[129.4118059,36.6100882],[129.4117856,36.6099563],[129.4119106,36.609964],[129.4119312,36.6099861]]]]}},{"type":"Feature","properties":{"r":214,"k":0,"d":66.4},"geometry":{"type":"MultiPolygon","coordinates":[[[[129.4113275,36.6162046],[129.4113586,36.6157124],[129.4115842,36.6157115],[129.4115879,36.6158501],[129.4116127,36.6158524],[129.4116088,36.6161974],[129.4114212,36.6162055],[129.4113275,36.6162046]]]]}},{"type":"Feature","properties":{"r":872,"k":0,"d":193.3},"geometry":{"type":"MultiPolygon","coordinates":[[[[129.4113495,36.609948],[129.4113202,36.609911],[129.4113508,36.6098766],[129.4113504,36.6098367],[129.4112812,36.6097675],[129.4111719,36.6096298],[129.411145,36.6095369],[129.4113069,36.6095682],[129.4112727,36.6094384],[129.4111797,36.6092468],[129.4111801,36.6092131],[129.4111906,36.6090308],[129.4111998,36.6090184],[129.4113585,36.6089664],[129.4114215,36.6089121],[129.4114314,36.6088682],[129.4114276,36.6087466],[129.4114543,36.6087222],[129.4114633,36.6086408],[129.4114148,36.6085316],[129.4113791,36.6083401],[129.4114129,36.6083761],[129.4114724,36.608575],[129.411603,36.6086109],[129.4117027,36.6087056],[129.4116925,36.6087132],[129.4116843,36.6087706],[129.4117366,36.6088051],[129.4117473,36.6088727],[129.4115404,36.6090315],[129.4114541,36.6091786],[129.4114384,36.6092411],[129.411567,36.6094666],[129.4116228,36.6095138],[129.4117017,36.609498],[129.4117853,36.6096482],[129.4117637,36.6098831],[129.4115635,36.6099152],[129.4114952,36.6100074],[129.4114448,36.6099616],[129.4113495,36.609948]]]]}},{"type":"Feature","properties":{"r":496,"k":0,"d":110.4},"geometry":{"type":"MultiPolygon","coordinates":[[[[129.4127006,36.6098352],[129.4126136,36.6098361],[129.4125794,36.609664],[129.4125603,36.609385],[129.4126278,36.609315],[129.4126554,36.6092499],[129.4127236,36.6090739],[129.4128263,36.6090966],[129.412962,36.609102],[129.4127806,36.609419],[129.412757,36.6095374],[129.4127789,36.609684],[129.4126704,36.6097213],[129.4126453,36.609791],[129.4127006,36.6098352]]]]}},{"type":"Feature","properties":{"r":665,"k":0,"d":149.2},"geometry":{"type":"MultiPolygon","coordinates":[[[[129.4104553,36.6159235],[129.4105276,36.6158373],[129.4105592,36.615707],[129.4104453,36.6154649],[129.4105825,36.6153656],[129.4107316,36.6153169],[129.4107929,36.6153252],[129.4107801,36.6154268],[129.4107329,36.6155941],[129.4106475,36.6157641],[129.4105893,36.6159804],[129.4105839,36.6159803],[129.4104553,36.6159235]]]]}},{"type":"Feature","properties":{"r":273,"k":0,"d":76.9},"geometry":{"type":"MultiPolygon","coordinates":[[[[129.4116544,36.6151854],[129.4116188,36.6151865],[129.4116202,36.6150656],[129.4116544,36.6151854]]]]}},{"type":"Feature","properties":{"r":747,"k":0,"d":164.4},"geometry":{"type":"MultiPolygon","coordinates":[[[[129.4101858,36.6160352],[129.4101824,36.6159111],[129.4100834,36.6155526],[129.4101426,36.6155547],[129.4102434,36.6155269],[129.4103014,36.6155127],[129.4104453,36.6154649],[129.4105592,36.615707],[129.4105276,36.6158373],[129.4104553,36.6159235],[129.4103916,36.6159308],[129.4102834,36.6160273],[129.4102268,36.6160378],[129.4101858,36.6160352]]]]}},{"type":"Feature","properties":{"r":211,"k":0,"d":65.6},"geometry":{"type":"MultiPolygon","coordinates":[[[[129.4118176,36.6148395],[129.4118201,36.6145625],[129.4118488,36.6145623],[129.4118446,36.6148384],[129.4118176,36.6148395]]]]}},{"type":"Feature","properties":{"r":773,"k":0,"d":171.0},"geometry":{"type":"MultiPolygon","coordinates":[[[[129.4107857,36.6141248],[129.4107873,36.614102],[129.4108108,36.614139],[129.4108039,36.6141371],[129.4107857,36.6141248]]]]}},{"type":"Feature","properties":{"r":749,"k":0,"d":164.5},"geometry":{"type":"MultiPolygon","coordinates":[[[[129.4102123,36.6210368],[129.4102809,36.6209186],[129.4103528,36.6208196],[129.4103855,36.620819],[129.410289,36.6210715],[129.4102731,36.6210867],[129.4102123,36.6210368]]]]}},{"type":"Feature","properties":{"r":783,"k":0,"d":173.5},"geometry":{"type":"MultiPolygon","coordinates":[[[[129.4107857,36.6141248],[129.410745,36.6140975],[129.4107829,36.6140951],[129.4107873,36.614102],[129.4107857,36.6141248]]]]}},{"type":"Feature","properties":{"r":530,"k":0,"d":118.2},"geometry":{"type":"MultiPolygon","coordinates":[[[[129.4129358,36.6083475],[129.4128317,36.608393],[129.4126483,36.6084523],[129.412451,36.6084962],[129.4123406,36.6085064],[129.4122472,36.6083261],[129.4122551,36.6082329],[129.4122358,36.6081985],[129.4123131,36.6081802],[129.4124524,36.6081529],[129.4123933,36.6080397],[129.4124186,36.6080259],[129.4125712,36.6079643],[129.4127356,36.607918],[129.4128974,36.6078674],[129.4130945,36.6078018],[129.4131739,36.6080658],[129.4131989,36.6081316],[129.4131506,36.6082175],[129.4130472,36.6083052],[129.4129358,36.6083475]]]]}},{"type":"Feature","properties":{"r":282,"k":0,"d":79.3},"geometry":{"type":"MultiPolygon","coordinates":[[[[129.4135682,36.6081686],[129.4135695,36.6081585],[129.4136124,36.6080904],[129.4137537,36.6077776],[129.4138498,36.6074792],[129.4138552,36.6074782],[129.4137631,36.6077761],[129.4136224,36.6080848],[129.4135682,36.6081686]]]]}},{"type":"Feature","properties":{"r":53,"k":0,"d":28.9},"geometry":{"type":"MultiPolygon","coordinates":[[[[129.4128319,36.6126556],[129.4123725,36.6125571],[129.4122121,36.6124567],[129.4121864,36.6123944],[129.4122014,36.6123067],[129.4121642,36.6122548],[129.412113,36.6122614],[129.4120943,36.6122604],[129.4121189,36.6121718],[129.4121756,36.6121739],[129.4122813,36.6123309],[129.4126885,36.6124095],[129.4128237,36.6123835],[129.4128319,36.6126556]]]]}},{"type":"Feature","properties":{"r":736,"k":0,"d":162.8},"geometry":{"type":"MultiPolygon","coordinates":[[[[129.4101462,36.619441],[129.4099217,36.6195],[129.4097495,36.619497],[129.4097175,36.6194769],[129.4097231,36.6194267],[129.4097161,36.6193628],[129.4097292,36.619331],[129.4097162,36.6192749],[129.4098194,36.6192124],[129.4099921,36.6192208],[129.4101676,36.6192866],[129.4101874,36.6193253],[129.4101462,36.619441]]]]}},{"type":"Feature","properties":{"r":647,"k":0,"d":144.7},"geometry":{"type":"MultiPolygon","coordinates":[[[[129.410308,36.6194408],[129.4102136,36.6194233],[129.4102025,36.6193548],[129.4101874,36.6193253],[129.4102713,36.6190943],[129.410339,36.6187522],[129.410375,36.618851],[129.4102926,36.6192246],[129.410316,36.6193734],[129.410308,36.6194408]]]]}},{"type":"Feature","properties":{"r":885,"k":0,"d":196.5},"geometry":{"type":"MultiPolygon","coordinates":[[[[129.4125051,36.6253461],[129.4124579,36.6253644],[129.4123649,36.6253868],[129.4123014,36.6254123],[129.4122528,36.6253966],[129.4122025,36.6253609],[129.4120983,36.625272],[129.4119686,36.6251526],[129.4119763,36.6251253],[129.4119808,36.6251194],[129.4120341,36.6250922],[129.4120831,36.6250466],[129.4121179,36.6249782],[129.4122063,36.6249833],[129.4122574,36.6249686],[129.4122685,36.6249694],[129.4122844,36.6250204],[129.4124042,36.6251702],[129.4125367,36.62533],[129.4125051,36.6253461]]]]}},{"type":"Feature","properties":{"r":126,"k":0,"d":45.1},"geometry":{"type":"MultiPolygon","coordinates":[[[[129.4115471,36.6213315],[129.4114932,36.6212738],[129.4115662,36.621217],[129.4116663,36.6212263],[129.4117122,36.6212526],[129.4116812,36.6213163],[129.4116194,36.6213384],[129.4115471,36.6213315]]]]}},{"type":"Feature","properties":{"r":114,"k":0,"d":43.2},"geometry":{"type":"MultiPolygon","coordinates":[[[[129.4134382,36.6100134],[129.4131575,36.6099447],[129.4132485,36.6096569],[129.4133913,36.6096531],[129.4135455,36.6096947],[129.4134382,36.6100134]]]]}},{"type":"Feature","properties":{"r":465,"k":0,"d":104.9},"geometry":{"type":"MultiPolygon","coordinates":[[[[129.4143108,36.6061126],[129.4142939,36.6060871],[129.4142824,36.6060472],[129.4142905,36.6059921],[129.4143129,36.6059979],[129.4143108,36.6061126]]]]}},{"type":"Feature","properties":{"r":541,"k":0,"d":121.7},"geometry":{"type":"MultiPolygon","coordinates":[[[[129.4106249,36.6185867],[129.4104557,36.6186297],[129.4104192,36.6185771],[129.4104175,36.6184333],[129.4103948,36.6183417],[129.4106176,36.6184783],[129.4106534,36.6184442],[129.4106249,36.6185867]]]]}},{"type":"Feature","properties":{"r":532,"k":0,"d":118.4},"geometry":{"type":"MultiPolygon","coordinates":[[[[129.4107073,36.6182566],[129.4106877,36.6182095],[129.4107175,36.6181302],[129.4107211,36.6181306],[129.4107138,36.6182352],[129.4107073,36.6182566]]]]}},{"type":"Feature","properties":{"r":539,"k":0,"d":120.5},"geometry":{"type":"MultiPolygon","coordinates":[[[[129.4114233,36.6235817],[129.4112896,36.623565],[129.4112829,36.6235661],[129.4112628,36.6234755],[129.4112559,36.6234559],[129.4113327,36.6234426],[129.4113802,36.6234465],[129.4114044,36.6235581],[129.4114233,36.6235817]]]]}},{"type":"Feature","properties":{"r":258,"k":0,"d":74.4},"geometry":{"type":"MultiPolygon","coordinates":[[[[129.4126786,36.6111049],[129.412746,36.6108886],[129.4128067,36.6108979],[129.412747,36.6111152],[129.4126786,36.6111049]]]]}},{"type":"Feature","properties":{"r":454,"k":0,"d":103.4},"geometry":{"type":"MultiPolygon","coordinates":[[[[129.4124851,36.6107694],[129.4124963,36.6106986],[129.4125355,36.6103907],[129.4126055,36.6103905],[129.4125302,36.6105645],[129.4125414,36.6106678],[129.4124851,36.6107694]]]]}},{"type":"Feature","properties":{"r":207,"k":0,"d":62.9},"geometry":{"type":"MultiPolygon","coordinates":[[[[129.4117637,36.6232598],[129.4116908,36.6231353],[129.4118511,36.6230902],[129.4119153,36.6231818],[129.4118848,36.6231933],[129.4117637,36.6232598]]]]}},{"type":"Feature","properties":{"r":698,"k":0,"d":156.9},"geometry":{"type":"MultiPolygon","coordinates":[[[[129.4104369,36.6169885],[129.4104203,36.6169957],[129.410393,36.6168508],[129.4103658,36.6167745],[129.4103629,36.6167605],[129.4103946,36.6167583],[129.410423,36.6167829],[129.4104371,36.6168753],[129.4104369,36.6169885]]]]}},{"type":"Feature","properties":{"r":414,"k":0,"d":97.2},"geometry":{"type":"MultiPolygon","coordinates":[[[[129.4126338,36.6103375],[129.4126887,36.6101807],[129.4127429,36.6101926],[129.4127096,36.6102864],[129.4127023,36.6103751],[129.4126338,36.6103375]]]]}},{"type":"Feature","properties":{"r":428,"k":0,"d":99.4},"geometry":{"type":"MultiPolygon","coordinates":[[[[129.4111107,36.6227979],[129.4110126,36.6228027],[129.4109358,36.6226153],[129.4108868,36.6224441],[129.4108884,36.6223891],[129.4109602,36.6224414],[129.4110694,36.62263],[129.4111038,36.6227301],[129.4111107,36.6227979]]]]}},{"type":"Feature","properties":{"r":153,"k":0,"d":50.8},"geometry":{"type":"MultiPolygon","coordinates":[[[[129.4116892,36.6227076],[129.411672,36.6227116],[129.4116132,36.6226239],[129.4115819,36.6226027],[129.4115957,36.6225923],[129.4116212,36.6226117],[129.4116892,36.6227076]]]]}},{"type":"Feature","properties":{"r":308,"k":0,"d":82.5},"geometry":{"type":"MultiPolygon","coordinates":[[[[129.4130157,36.6099207],[129.4129542,36.6099157],[129.4130079,36.609749],[129.4130373,36.6097586],[129.4130671,36.6097662],[129.4130157,36.6099207]]]]}},{"type":"Feature","properties":{"r":460,"k":0,"d":104.2},"geometry":{"type":"MultiPolygon","coordinates":[[[[129.4127006,36.6098352],[129.4126453,36.609791],[129.4126704,36.6097213],[129.4127789,36.609684],[129.4128108,36.6097392],[129.4127987,36.6098188],[129.4127006,36.6098352]]]]}},{"type":"Feature","properties":{"r":133,"k":0,"d":46.1},"geometry":{"type":"MultiPolygon","coordinates":[[[[129.4116401,36.6224865],[129.4116118,36.62251],[129.4116027,36.6225226],[129.411584,36.6225166],[129.4115689,36.6225225],[129.4115536,36.622523],[129.4114993,36.6225081],[129.4114541,36.6224846],[129.411439,36.6224576],[129.4114407,36.6224299],[129.4116401,36.6224865]]]]}},{"type":"Feature","properties":{"r":242,"k":0,"d":72.1},"geometry":{"type":"MultiPolygon","coordinates":[[[[129.4113123,36.6224775],[129.4112926,36.6224847],[129.4112502,36.6223618],[129.4112468,36.6223336],[129.4112465,36.622306],[129.4112574,36.6222691],[129.4112735,36.6222685],[129.4112679,36.6223359],[129.4112826,36.6224113],[129.4113123,36.6224775]]]]}},{"type":"Feature","properties":{"r":495,"k":0,"d":110.4},"geometry":{"type":"MultiPolygon","coordinates":[[[[129.4108232,36.6219972],[129.4107953,36.6218924],[129.4106919,36.6217561],[129.4106979,36.621709],[129.4107504,36.6216237],[129.4108305,36.6216736],[129.4108369,36.6217517],[129.4108515,36.6218619],[129.410872,36.6219492],[129.4108232,36.6219972]]]]}},{"type":"Feature","properties":{"r":619,"k":0,"d":138.0},"geometry":{"type":"MultiPolygon","coordinates":[[[[129.4105799,36.6216999],[129.4104964,36.6216127],[129.4104514,36.6215542],[129.410503,36.6214813],[129.4105773,36.6214066],[129.4106258,36.6215687],[129.4106571,36.6216664],[129.4106131,36.6217126],[129.4105799,36.6216999]]]]}},{"type":"Feature","properties":{"r":351,"k":0,"d":88.6},"geometry":{"type":"MultiPolygon","coordinates":[[[[129.413331,36.6089612],[129.4133858,36.608652],[129.4134044,36.6086531],[129.413358,36.6089618],[129.413331,36.6089612]]]]}},{"type":"Feature","properties":{"r":304,"k":0,"d":81.8},"geometry":{"type":"MultiPolygon","coordinates":[[[[129.411845,36.614098],[129.4118076,36.6140979],[129.4118081,36.6140331],[129.4118241,36.6139168],[129.411856,36.6139204],[129.4118441,36.6139963],[129.411845,36.614098]]]]}},{"type":"Feature","properties":{"r":479,"k":0,"d":106.8},"geometry":{"type":"MultiPolygon","coordinates":[[[[129.4132896,36.6078705],[129.4133457,36.6080725],[129.4133099,36.6080401],[129.4132628,36.6079565],[129.4132896,36.6078705]]]]}},{"type":"Feature","properties":{"r":367,"k":0,"d":90.8},"geometry":{"type":"MultiPolygon","coordinates":[[[[129.413342,36.6086495],[129.4133775,36.6085847],[129.4133936,36.6085509],[129.4133884,36.6086375],[129.4133858,36.608652],[129.413342,36.6086495]]]]}},{"type":"Feature","properties":{"r":485,"k":0,"d":108.4},"geometry":{"type":"MultiPolygon","coordinates":[[[[129.4108897,36.6209373],[129.4108138,36.6208711],[129.4108126,36.6208319],[129.4108355,36.6207642],[129.4108776,36.6207258],[129.4109212,36.6207039],[129.4109089,36.6207331],[129.4109413,36.6207806],[129.4110123,36.6207976],[129.4110069,36.6208603],[129.4109582,36.6208769],[129.4109249,36.6208954],[129.4108897,36.6209373]]]]}},{"type":"Feature","properties":{"r":132,"k":0,"d":46.0},"geometry":{"type":"MultiPolygon","coordinates":[[[[129.4115661,36.6207132],[129.4115871,36.6206888],[129.4116162,36.620709],[129.4117114,36.6207205],[129.4115725,36.6207281],[129.4115661,36.6207132]]]]}},{"type":"Feature","properties":{"r":579,"k":0,"d":131.1},"geometry":{"type":"MultiPolygon","coordinates":[[[[129.413054,36.6075445],[129.4130759,36.607535],[129.4131024,36.6076115],[129.4131455,36.60779],[129.4131224,36.6077925],[129.413054,36.6075445]]]]}},{"type":"Feature","properties":{"r":217,"k":0,"d":66.5},"geometry":{"type":"MultiPolygon","coordinates":[[[[129.4114085,36.6202795],[129.4114377,36.6201934],[129.4114391,36.6201714],[129.4114188,36.6201237],[129.4114418,36.6201241],[129.4114414,36.6201318],[129.4115241,36.6201882],[129.4115087,36.6202759],[129.4114354,36.6202884],[129.4114085,36.6202795]]]]}},{"type":"Feature","properties":{"r":155,"k":0,"d":51.1},"geometry":{"type":"MultiPolygon","coordinates":[[[[129.4116862,36.6201125],[129.4116595,36.6200064],[129.4116579,36.6199807],[129.4116604,36.6199808],[129.4116951,36.620048],[129.4116862,36.6201125]]]]}},{"type":"Feature","properties":{"r":569,"k":0,"d":127.9},"geometry":{"type":"MultiPolygon","coordinates":[[[[129.4104847,36.6194525],[129.4104378,36.61945],[129.4104603,36.6192949],[129.410488,36.6191829],[129.4105382,36.6189503],[129.4105572,36.6188722],[129.4105503,36.6189989],[129.4105486,36.6190938],[129.4104977,36.619373],[129.4104847,36.6194525]]]]}},{"type":"Feature","properties":{"r":112,"k":0,"d":43.0},"geometry":{"type":"MultiPolygon","coordinates":[[[[129.4115015,36.6191831],[129.4114304,36.6190006],[129.411413,36.6189182],[129.4114372,36.6189992],[129.4115146,36.6191807],[129.4115015,36.6191831]]]]}},{"type":"Feature","properties":{"r":12,"k":0,"d":12.3},"geometry":{"type":"MultiPolygon","coordinates":[[[[129.4125459,36.613892],[129.412572,36.6135803],[129.4125851,36.6135809],[129.4127062,36.6136078],[129.4127244,36.6137708],[129.4126905,36.6139005],[129.4125459,36.613892]]]]}},{"type":"Feature","properties":{"r":689,"k":0,"d":153.5},"geometry":{"type":"MultiPolygon","coordinates":[[[[129.4108836,36.6144926],[129.4108163,36.614462],[129.4108148,36.6144278],[129.4107966,36.6143503],[129.4108124,36.6143472],[129.4108146,36.6142271],[129.4108985,36.6142217],[129.4109094,36.6142256],[129.4109632,36.614314],[129.4108836,36.6144926]]]]}},{"type":"Feature","properties":{"r":879,"k":0,"d":194.2},"geometry":{"type":"MultiPolygon","coordinates":[[[[129.4103708,36.6235945],[129.4103121,36.6235832],[129.4100825,36.623582],[129.4100217,36.6235315],[129.4099301,36.6234993],[129.4099838,36.6234384],[129.4100972,36.6234563],[129.4102891,36.6234195],[129.410346,36.6234329],[129.4103708,36.6235945]]]]}},{"type":"Feature","properties":{"r":839,"k":0,"d":184.0},"geometry":{"type":"MultiPolygon","coordinates":[[[[129.4097234,36.6220534],[129.4095658,36.6219616],[129.4096516,36.6219762],[129.4097318,36.6220127],[129.4098971,36.6219793],[129.4100358,36.6219532],[129.4100177,36.6220053],[129.409976,36.6220129],[129.4098153,36.6220648],[129.4097386,36.6220623],[129.4097234,36.6220534]]]]}},{"type":"Feature","properties":{"r":511,"k":0,"d":113.9},"geometry":{"type":"MultiPolygon","coordinates":[[[[129.4112246,36.6144644],[129.4112224,36.6144581],[129.4112042,36.6144063],[129.411027,36.6142861],[129.4109278,36.6142199],[129.4109853,36.6141562],[129.4110122,36.61416],[129.4110337,36.6141799],[129.4111931,36.6143195],[129.4112331,36.6143538],[129.4112457,36.6143611],[129.4113828,36.6144413],[129.4112448,36.6144745],[129.4112246,36.6144644]]]]}},{"type":"Feature","properties":{"r":226,"k":0,"d":68.9},"geometry":{"type":"MultiPolygon","coordinates":[[[[129.4113659,36.6156074],[129.4113841,36.6154244],[129.4114506,36.6154429],[129.4115411,36.6154628],[129.4116063,36.6154851],[129.4116154,36.6154469],[129.4116127,36.6158524],[129.4115879,36.6158501],[129.4115821,36.6156065],[129.4113659,36.6156074]]]]}},{"type":"Feature","properties":{"r":221,"k":0,"d":68.4},"geometry":{"type":"MultiPolygon","coordinates":[[[[129.412228,36.6236553],[129.4122094,36.6236415],[129.4122059,36.6236496],[129.412171,36.6236478],[129.4121606,36.6236423],[129.4121377,36.6236385],[129.4121194,36.6236308],[129.4121079,36.6235679],[129.4121391,36.6235187],[129.4122455,36.6234872],[129.4122536,36.6235028],[129.4122507,36.6235624],[129.4122625,36.6235642],[129.412228,36.6236553]]]]}},{"type":"Feature","properties":{"r":1,"k":0,"d":0.0},"geometry":{"type":"MultiPolygon","coordinates":[[[[129.412082,36.6181389],[129.4118408,36.618151],[129.4118436,36.6176738],[129.4121466,36.617653],[129.412082,36.6181389]]]]}},{"type":"Feature","properties":{"r":38,"k":0,"d":23.0},"geometry":{"type":"MultiPolygon","coordinates":[[[[129.4118171,36.6176757],[129.4118044,36.6174657],[129.4118454,36.6174588],[129.4118436,36.6176738],[129.4118171,36.6176757]]]]}},{"type":"Feature","properties":{"r":106,"k":0,"d":42.6},"geometry":{"type":"MultiPolygon","coordinates":[[[[129.4123734,36.6232633],[129.4123635,36.6232712],[129.4123373,36.6232323],[129.4123492,36.6232214],[129.4123734,36.6232633]]]]}},{"type":"Feature","properties":{"r":58,"k":0,"d":29.9},"geometry":{"type":"MultiPolygon","coordinates":[[[[129.4117916,36.6174676],[129.4117545,36.6171555],[129.4118097,36.6171616],[129.4118044,36.6174657],[129.4117916,36.6174676]]]]}},{"type":"Feature","properties":{"r":100,"k":0,"d":41.6},"geometry":{"type":"MultiPolygon","coordinates":[[[[129.4123373,36.6232323],[129.4123047,36.6232673],[129.4122352,36.6231635],[129.4122746,36.6231438],[129.4123373,36.6232323]]]]}},{"type":"Feature","properties":{"r":163,"k":0,"d":51.9},"geometry":{"type":"MultiPolygon","coordinates":[[[[129.4112765,36.6169775],[129.4112089,36.616711],[129.4111221,36.6163309],[129.4111335,36.6162193],[129.4112248,36.6162092],[129.4113272,36.6162094],[129.4116086,36.6162137],[129.4116048,36.6166738],[129.4116087,36.6170659],[129.4115575,36.6170344],[129.4115453,36.6169378],[129.4114181,36.6169498],[129.4112765,36.6169775]]]]}},{"type":"Feature","properties":{"r":303,"k":0,"d":81.7},"geometry":{"type":"MultiPolygon","coordinates":[[[[129.4111607,36.6222253],[129.4111413,36.6222262],[129.4111014,36.6222131],[129.4111098,36.6220435],[129.411115,36.6219391],[129.4111159,36.621906],[129.4111437,36.6219181],[129.4111542,36.6221056],[129.4111607,36.6222253]]]]}},{"type":"Feature","properties":{"r":315,"k":0,"d":83.2},"geometry":{"type":"MultiPolygon","coordinates":[[[[129.4134313,36.6084715],[129.4134523,36.6085243],[129.4134952,36.6085257],[129.4134888,36.6085326],[129.4134044,36.6086531],[129.4134313,36.6084715]]]]}},{"type":"Feature","properties":{"r":599,"k":0,"d":135.2},"geometry":{"type":"MultiPolygon","coordinates":[[[[129.4124186,36.6080259],[129.4124143,36.6079649],[129.4124668,36.6079092],[129.4124646,36.6078071],[129.412529,36.6077766],[129.4125173,36.6077177],[129.4127228,36.6076497],[129.4128894,36.6076027],[129.4129904,36.6075665],[129.4130875,36.6077784],[129.4130945,36.6078018],[129.4128974,36.6078674],[129.4127356,36.607918],[129.4125712,36.6079643],[129.4124186,36.6080259]]]]}},{"type":"Feature","properties":{"r":712,"k":0,"d":159.2},"geometry":{"type":"MultiPolygon","coordinates":[[[[129.4104,36.6207375],[129.4104256,36.6206783],[129.410444,36.6206601],[129.4104477,36.6206811],[129.410442,36.6207508],[129.4104,36.6207375]]]]}},{"type":"Feature","properties":{"r":335,"k":0,"d":86.0},"geometry":{"type":"MultiPolygon","coordinates":[[[[129.4120252,36.6132241],[129.411985,36.6132209],[129.4120376,36.6130468],[129.4120837,36.6130475],[129.4120252,36.6132241]]]]}},{"type":"Feature","properties":{"r":535,"k":0,"d":118.9},"geometry":{"type":"MultiPolygon","coordinates":[[[[129.4142248,36.6059698],[129.4141745,36.6058398],[129.4141503,36.6057441],[129.414084,36.6055402],[129.4140489,36.6054432],[129.4141546,36.6053745],[129.4141691,36.6054258],[129.4142548,36.605662],[129.4142609,36.6057587],[129.4142417,36.605841],[129.4142698,36.6059557],[129.4142248,36.6059698]]]]}},{"type":"Feature","properties":{"r":676,"k":0,"d":151.8},"geometry":{"type":"MultiPolygon","coordinates":[[[[129.4114667,36.6124947],[129.4114506,36.6121688],[129.4115552,36.6121908],[129.4114667,36.6124947]]]]}},{"type":"Feature","properties":{"r":582,"k":0,"d":132.1},"geometry":{"type":"MultiPolygon","coordinates":[[[[129.4126009,36.624578],[129.4125778,36.624513],[129.4125673,36.6244426],[129.4126087,36.6244665],[129.4126804,36.6244891],[129.4126667,36.6245322],[129.4126368,36.6245955],[129.4126009,36.624578]]]]}},{"type":"Feature","properties":{"r":604,"k":0,"d":135.7},"geometry":{"type":"MultiPolygon","coordinates":[[[[129.4116835,36.6240647],[129.4116312,36.6240531],[129.4116129,36.624033],[129.4115248,36.6240462],[129.4115197,36.6239078],[129.4115221,36.6238903],[129.4115425,36.6238868],[129.4115378,36.6239089],[129.411559,36.6239753],[129.4116544,36.623961],[129.4116598,36.6239524],[129.4116777,36.6239489],[129.4117621,36.6239608],[129.4117744,36.6240266],[129.4117528,36.6240263],[129.4116835,36.6240647]]]]}},{"type":"Feature","properties":{"r":52,"k":0,"d":28.7},"geometry":{"type":"MultiPolygon","coordinates":[[[[129.4125851,36.6135809],[129.4120004,36.6135546],[129.4120919,36.6132557],[129.4121547,36.6132616],[129.4121368,36.6134008],[129.4124539,36.6134279],[129.4124636,36.6133755],[129.4126373,36.613391],[129.4126388,36.613412],[129.4125851,36.6135809]]]]}},{"type":"Feature","properties":{"r":178,"k":0,"d":56.1},"geometry":{"type":"MultiPolygon","coordinates":[[[[129.4131741,36.6103999],[129.4131472,36.6104579],[129.413052,36.6104903],[129.4129789,36.6104794],[129.413123,36.6100216],[129.4131238,36.6100321],[129.4132205,36.6101681],[129.4132162,36.6102495],[129.4131741,36.6103999]]]]}},{"type":"Feature","properties":{"r":656,"k":0,"d":146.8},"geometry":{"type":"MultiPolygon","coordinates":[[[[129.4105344,36.6149092],[129.4105978,36.6148648],[129.4107793,36.6148209],[129.4108611,36.6148703],[129.4109231,36.6148609],[129.4109058,36.6148991],[129.4108656,36.6150687],[129.4108089,36.6152172],[129.4107178,36.6151901],[129.4107134,36.6150273],[129.4106129,36.6150407],[129.4105344,36.6149092]]]]}},{"type":"Feature","properties":{"r":836,"k":0,"d":183.8},"geometry":{"type":"MultiPolygon","coordinates":[[[[129.4100892,36.6199562],[129.4100757,36.6199657],[129.4100238,36.6199325],[129.4099615,36.619936],[129.4098393,36.6198655],[129.4098063,36.6198797],[129.4097999,36.6197264],[129.4098366,36.6196814],[129.409831,36.6195837],[129.4098849,36.6195491],[129.4099914,36.6195203],[129.4100245,36.6196857],[129.4099751,36.6197225],[129.4099747,36.619809],[129.4100426,36.6198572],[129.4100847,36.6198829],[129.4100892,36.6199562]]]]}},{"type":"Feature","properties":{"r":595,"k":0,"d":134.4},"geometry":{"type":"MultiPolygon","coordinates":[[[[129.4105226,36.6178526],[129.4105249,36.61784],[129.4105674,36.6178633],[129.4105226,36.6178526]]]]}},{"type":"Feature","properties":{"r":655,"k":0,"d":146.6},"geometry":{"type":"MultiPolygon","coordinates":[[[[129.4103909,36.6176501],[129.4103503,36.617626],[129.4103924,36.6175537],[129.4104153,36.6174792],[129.4104303,36.6173947],[129.4104569,36.6173974],[129.4104712,36.6174238],[129.4104827,36.6174726],[129.4104693,36.6175478],[129.410389,36.6176409],[129.4103909,36.6176501]]]]}},{"type":"Feature","properties":{"r":682,"k":0,"d":152.6},"geometry":{"type":"MultiPolygon","coordinates":[[[[129.4104205,36.6174497],[129.4104153,36.6174792],[129.4103238,36.6174495],[129.4102078,36.6173915],[129.410194,36.6173829],[129.4102617,36.6172899],[129.4102257,36.6172002],[129.4102115,36.6171035],[129.4102305,36.6171028],[129.4103308,36.617226],[129.4103251,36.6172661],[129.4104205,36.6174497]]]]}},{"type":"Feature","properties":{"r":596,"k":0,"d":134.7},"geometry":{"type":"MultiPolygon","coordinates":[[[[129.4107878,36.6160732],[129.4107644,36.6160377],[129.4107715,36.6158846],[129.4107877,36.6157027],[129.4107903,36.6155264],[129.4107999,36.6153262],[129.4108575,36.6153341],[129.4108638,36.6153698],[129.4108792,36.615436],[129.4109268,36.6154461],[129.4108876,36.6157462],[129.4108389,36.6158541],[129.4108347,36.6160766],[129.4107878,36.6160732]]]]}},{"type":"Feature","properties":{"r":602,"k":0,"d":135.6},"geometry":{"type":"MultiPolygon","coordinates":[[[[129.4117659,36.6121398],[129.411509,36.6120915],[129.4115116,36.6120557],[129.411605,36.6120049],[129.4116818,36.6117046],[129.4116992,36.6116185],[129.4117986,36.6116332],[129.4118845,36.6116439],[129.4117659,36.6121398]]]]}},{"type":"Feature","properties":{"r":856,"k":0,"d":187.2},"geometry":{"type":"MultiPolygon","coordinates":[[[[129.4119818,36.6087935],[129.4120047,36.608602],[129.4118215,36.6085199],[129.4116862,36.6084068],[129.4116865,36.6084045],[129.4117586,36.6083789],[129.4118674,36.608377],[129.4119185,36.6083452],[129.4119603,36.6084486],[129.4120351,36.6085682],[129.4120857,36.6086032],[129.4121845,36.6087919],[129.412224,36.6088324],[129.412072,36.6088221],[129.4119937,36.6088014],[129.4119818,36.6087935]]]]}},{"type":"Feature","properties":{"r":356,"k":0,"d":89.5},"geometry":{"type":"MultiPolygon","coordinates":[[[[129.4106135,36.6173597],[129.410851,36.617384],[129.4108773,36.6172169],[129.4109092,36.6172469],[129.4109522,36.6172307],[129.4110624,36.6173689],[129.4110619,36.6175316],[129.4110831,36.6177143],[129.4110475,36.6177589],[129.4110071,36.6177914],[129.4106652,36.6177719],[129.4106212,36.617876],[129.4105739,36.6178648],[129.4105279,36.6178237],[129.410539,36.6177381],[129.4105617,36.6177516],[129.4106502,36.6176699],[129.4107138,36.6174705],[129.4106777,36.6174339],[129.4106023,36.6174166],[129.4106135,36.6173597]]]]}},{"type":"Feature","properties":{"r":432,"k":0,"d":99.8},"geometry":{"type":"MultiPolygon","coordinates":[[[[129.412348,36.6114398],[129.4123537,36.6113848],[129.4123934,36.6113023],[129.412402,36.6113013],[129.4123623,36.6114418],[129.412348,36.6114398]]]]}},{"type":"Feature","properties":{"r":278,"k":0,"d":78.3},"geometry":{"type":"MultiPolygon","coordinates":[[[[129.413435,36.6088645],[129.4134896,36.6088739],[129.4134738,36.6089265],[129.4134193,36.608917],[129.413435,36.6088645]]]]}},{"type":"Feature","properties":{"r":521,"k":0,"d":116.2},"geometry":{"type":"MultiPolygon","coordinates":[[[[129.4107235,36.6183773],[129.4107127,36.6183875],[129.4106834,36.6183351],[129.4106976,36.6182885],[129.4107235,36.6183773]]]]}},{"type":"Feature","properties":{"r":810,"k":0,"d":178.6},"geometry":{"type":"MultiPolygon","coordinates":[[[[129.41131,36.6118785],[129.4111185,36.6118932],[129.4110791,36.6118865],[129.4110672,36.6117389],[129.4110678,36.6115663],[129.411071,36.6114816],[129.4113528,36.6115247],[129.4113732,36.6117447],[129.41131,36.6118785]]]]}},{"type":"Feature","properties":{"r":208,"k":0,"d":63.8},"geometry":{"type":"MultiPolygon","coordinates":[[[[129.4119571,36.623663],[129.4119479,36.6236658],[129.411938,36.6235913],[129.4119197,36.6235493],[129.4119399,36.6235113],[129.4119397,36.6235064],[129.4119684,36.6235067],[129.4120583,36.6234746],[129.4121135,36.6234506],[129.412203,36.6234022],[129.4122665,36.6234534],[129.4122508,36.6234609],[129.4122643,36.6234691],[129.4122856,36.6234618],[129.4122854,36.6234708],[129.412255,36.623482],[129.4122536,36.6235028],[129.4122455,36.6234872],[129.4121391,36.6235187],[129.4121079,36.6235679],[129.412116,36.6236147],[129.4120863,36.6236182],[129.4119571,36.623663]]]]}},{"type":"Feature","properties":{"r":192,"k":0,"d":58.9},"geometry":{"type":"MultiPolygon","coordinates":[[[[129.412494,36.6236549],[129.4124804,36.623658],[129.4124608,36.6235476],[129.412494,36.6236549]]]]}},{"type":"Feature","properties":{"r":840,"k":0,"d":184.0},"geometry":{"type":"MultiPolygon","coordinates":[[[[129.4097011,36.6182906],[129.4096272,36.6178555],[129.4098063,36.6178039],[129.4098844,36.6177486],[129.4099493,36.6177205],[129.4099901,36.6176822],[129.4100134,36.6178412],[129.40988,36.6182111],[129.4098488,36.6183543],[129.4097815,36.6183637],[129.4097011,36.6182906]]]]}},{"type":"Feature","properties":{"r":386,"k":0,"d":94.5},"geometry":{"type":"MultiPolygon","coordinates":[[[[129.4124175,36.6112616],[129.4125412,36.610964],[129.4125507,36.6109677],[129.4124649,36.6112563],[129.4124175,36.6112616]]]]}},{"type":"Feature","properties":{"r":148,"k":0,"d":50.0},"geometry":{"type":"MultiPolygon","coordinates":[[[[129.4123583,36.623412],[129.4123015,36.6233216],[129.4123282,36.6232995],[129.4123685,36.6233533],[129.4123921,36.623402],[129.4123707,36.6234057],[129.4123583,36.623412]]]]}},{"type":"Feature","properties":{"r":113,"k":0,"d":43.1},"geometry":{"type":"MultiPolygon","coordinates":[[[[129.4123921,36.623402],[129.4123685,36.6233533],[129.4123282,36.6232995],[129.4123734,36.6232633],[129.4124076,36.6232821],[129.4124583,36.6233788],[129.4124132,36.6233975],[129.4123921,36.623402]]]]}},{"type":"Feature","properties":{"r":90,"k":0,"d":37.9},"geometry":{"type":"MultiPolygon","coordinates":[[[[129.4121425,36.6230643],[129.4121143,36.6230913],[129.4120648,36.623119],[129.4120459,36.6230954],[129.4120259,36.623084],[129.412019,36.6230864],[129.4119526,36.622986],[129.4119754,36.6229733],[129.412017,36.6229615],[129.4120677,36.6229406],[129.4121425,36.6230643]]]]}},{"type":"Feature","properties":{"r":264,"k":0,"d":75.4},"geometry":{"type":"MultiPolygon","coordinates":[[[[129.4116154,36.6154469],[129.411618,36.6152551],[129.4116289,36.6152727],[129.4116352,36.6153517],[129.4116154,36.6154469]]]]}},{"type":"Feature","properties":{"r":497,"k":0,"d":110.8},"geometry":{"type":"MultiPolygon","coordinates":[[[[129.4127409,36.6089826],[129.4127649,36.6088154],[129.4127944,36.6087525],[129.4128347,36.6086342],[129.4129257,36.6085491],[129.4130165,36.6085594],[129.4130963,36.6085772],[129.4131633,36.6086146],[129.4131013,36.6089281],[129.4130592,36.6089211],[129.4129757,36.6089503],[129.4128099,36.6089848],[129.4127409,36.6089826]]]]}},{"type":"Feature","properties":{"r":673,"k":0,"d":150.8},"geometry":{"type":"MultiPolygon","coordinates":[[[[129.4102376,36.619883],[129.4102134,36.6198358],[129.4102734,36.6197328],[129.410284,36.619643],[129.410377,36.6196088],[129.4104073,36.6196324],[129.4103951,36.619841],[129.410357,36.6198701],[129.4102376,36.619883]]]]}},{"type":"Feature","properties":{"r":35,"k":0,"d":22.1},"geometry":{"type":"MultiPolygon","coordinates":[[[[129.4128272,36.6125015],[129.4128237,36.6123835],[129.412893,36.6123275],[129.4129376,36.6122479],[129.4130141,36.6122368],[129.413045,36.6122018],[129.4130118,36.6122691],[129.4129114,36.6125195],[129.4128272,36.6125015]]]]}},{"type":"Feature","properties":{"r":731,"k":0,"d":162.0},"geometry":{"type":"MultiPolygon","coordinates":[[[[129.4102136,36.6194233],[129.4101462,36.619441],[129.4101874,36.6193253],[129.4102025,36.6193548],[129.4102136,36.6194233]]]]}},{"type":"Feature","properties":{"r":305,"k":0,"d":81.9},"geometry":{"type":"MultiPolygon","coordinates":[[[[129.4123594,36.6120267],[129.4124057,36.611875],[129.4124439,36.6118808],[129.4124,36.612031],[129.4123594,36.6120267]]]]}},{"type":"Feature","properties":{"r":108,"k":0,"d":42.9},"geometry":{"type":"MultiPolygon","coordinates":[[[[129.4115326,36.6192609],[129.411509,36.6192609],[129.4114821,36.6191871],[129.411405,36.6189915],[129.4113539,36.618916],[129.4111903,36.618957],[129.4112731,36.618913],[129.4114046,36.6188787],[129.4114304,36.6190006],[129.4115326,36.6192609]]]]}},{"type":"Feature","properties":{"r":130,"k":0,"d":45.9},"geometry":{"type":"MultiPolygon","coordinates":[[[[129.4114821,36.6191871],[129.4113253,36.619207],[129.4113112,36.619083],[129.4114353,36.61907],[129.4114821,36.6191871]]]]}},{"type":"Feature","properties":{"r":247,"k":0,"d":73.0},"geometry":{"type":"MultiPolygon","coordinates":[[[[129.4113432,36.6207126],[129.4113406,36.620714],[129.4113316,36.6206993],[129.411316,36.6207023],[129.4112704,36.620688],[129.4112527,36.6206326],[129.411282,36.6206075],[129.4112891,36.6205818],[129.4113195,36.6205282],[129.4113587,36.6205256],[129.4113618,36.6205743],[129.411368,36.6205985],[129.4114109,36.6206568],[129.4113883,36.6206801],[129.4113432,36.6207126]]]]}},{"type":"Feature","properties":{"r":828,"k":0,"d":182.4},"geometry":{"type":"MultiPolygon","coordinates":[[[[129.4106115,36.6110079],[129.41068,36.6107185],[129.4106384,36.6105475],[129.4108884,36.6105178],[129.4109366,36.610488],[129.4110406,36.6105258],[129.411114,36.6105907],[129.411318,36.6107886],[129.4113746,36.610837],[129.4115127,36.6108025],[129.4116229,36.610737],[129.4115435,36.6108762],[129.4114763,36.6109346],[129.4114252,36.6110035],[129.4114053,36.6109708],[129.4113729,36.6109579],[129.4112965,36.6110143],[129.4109172,36.6110523],[129.4107892,36.6110697],[129.4106729,36.6110425],[129.4106115,36.6110079]]]]}},{"type":"Feature","properties":{"r":86,"k":0,"d":37.5},"geometry":{"type":"MultiPolygon","coordinates":[[[[129.411886,36.6159384],[129.4119418,36.6159447],[129.4119418,36.6161148],[129.4118863,36.6161046],[129.411886,36.6159384]]]]}},{"type":"Feature","properties":{"r":561,"k":0,"d":127.0},"geometry":{"type":"MultiPolygon","coordinates":[[[[129.4118147,36.6111134],[129.4118267,36.611038],[129.4120476,36.6111348],[129.4121169,36.6111804],[129.4118147,36.6111134]]]]}},{"type":"Feature","properties":{"r":824,"k":0,"d":182.0},"geometry":{"type":"MultiPolygon","coordinates":[[[[129.4100757,36.6199657],[129.4101428,36.6199185],[129.4101642,36.6199204],[129.4101479,36.6199481],[129.4100733,36.6199837],[129.4100757,36.6199657]]]]}},{"type":"Feature","properties":{"r":670,"k":0,"d":150.4},"geometry":{"type":"MultiPolygon","coordinates":[[[[129.4104569,36.6173974],[129.4104303,36.6173947],[129.4103738,36.6173293],[129.4103344,36.6172303],[129.4103662,36.61722],[129.4103782,36.6172206],[129.4103821,36.6172589],[129.4104569,36.6173974]]]]}},{"type":"Feature","properties":{"r":707,"k":0,"d":158.2},"geometry":{"type":"MultiPolygon","coordinates":[[[[129.4103026,36.6170468],[129.4102946,36.6169888],[129.4103678,36.6167799],[129.410393,36.6168508],[129.4104203,36.6169957],[129.4103026,36.6170468]]]]}},{"type":"Feature","properties":{"r":439,"k":0,"d":100.8},"geometry":{"type":"MultiPolygon","coordinates":[[[[129.4113828,36.6144413],[129.4112457,36.6143611],[129.4113271,36.6143208],[129.4113579,36.6142938],[129.4113979,36.6142116],[129.41143,36.6139761],[129.4114236,36.6137904],[129.4114425,36.6136544],[129.411443,36.6134923],[129.4114678,36.6132931],[129.4114926,36.6131552],[129.4115936,36.6131528],[129.4115573,36.6135475],[129.4115194,36.6139882],[129.4115381,36.6144194],[129.4113875,36.6144441],[129.4113828,36.6144413]]]]}},{"type":"Feature","properties":{"r":557,"k":0,"d":126.3},"geometry":{"type":"MultiPolygon","coordinates":[[[[129.4114453,36.6131563],[129.4114713,36.6126091],[129.4114667,36.6124947],[129.4115552,36.6121908],[129.4116274,36.6122061],[129.4116258,36.6126958],[129.4115936,36.6131528],[129.4114453,36.6131563]]]]}},{"type":"Feature","properties":{"r":61,"k":0,"d":30.2},"geometry":{"type":"MultiPolygon","coordinates":[[[[129.4132485,36.6096569],[129.4133122,36.6094551],[129.4134556,36.60949],[129.41374,36.6095286],[129.4137023,36.6097298],[129.4136115,36.6097125],[129.4133913,36.6096531],[129.4132485,36.6096569]]]]}},{"type":"Feature","properties":{"r":433,"k":0,"d":99.9},"geometry":{"type":"MultiPolygon","coordinates":[[[[129.4121823,36.6120081],[129.4122224,36.6118484],[129.4122455,36.6118508],[129.4121996,36.6120099],[129.4121823,36.6120081]]]]}},{"type":"Feature","properties":{"r":59,"k":0,"d":30.0},"geometry":{"type":"MultiPolygon","coordinates":[[[[129.4138082,36.6089843],[129.4134738,36.6089265],[129.4135685,36.6086108],[129.4135841,36.6084875],[129.4140924,36.6085345],[129.4140451,36.6086604],[129.4140029,36.6087905],[129.4139387,36.6089075],[129.4139149,36.6089675],[129.4138833,36.608977],[129.4138082,36.6089843]]]]}},{"type":"Feature","properties":{"r":717,"k":0,"d":160.0},"geometry":{"type":"MultiPolygon","coordinates":[[[[129.4111045,36.6237341],[129.4109781,36.6237434],[129.4108798,36.6237298],[129.4108083,36.6237318],[129.4108255,36.6236798],[129.4108969,36.6236619],[129.4109165,36.6236804],[129.4110063,36.6237052],[129.4110743,36.6237027],[129.4111045,36.6237341]]]]}},{"type":"Feature","properties":{"r":328,"k":0,"d":85.4},"geometry":{"type":"MultiPolygon","coordinates":[[[[129.4123594,36.6120267],[129.4123169,36.6120222],[129.4123685,36.6118694],[129.4124057,36.611875],[129.4123594,36.6120267]]]]}},{"type":"Feature","properties":{"r":575,"k":0,"d":129.1},"geometry":{"type":"MultiPolygon","coordinates":[[[[129.4112829,36.6235661],[129.4111613,36.6235935],[129.4110646,36.6236328],[129.4110516,36.6235624],[129.4110798,36.6235531],[129.4111727,36.6234695],[129.4112559,36.6234559],[129.4112628,36.6234755],[129.4112829,36.6235661]]]]}},{"type":"Feature","properties":{"r":118,"k":0,"d":44.2},"geometry":{"type":"MultiPolygon","coordinates":[[[[129.4123635,36.6232712],[129.4123282,36.6232995],[129.4123047,36.6232673],[129.4123373,36.6232323],[129.4123635,36.6232712]]]]}},{"type":"Feature","properties":{"r":309,"k":0,"d":82.5},"geometry":{"type":"MultiPolygon","coordinates":[[[[129.4127807,36.610436],[129.4129542,36.6099157],[129.4130157,36.6099207],[129.4128315,36.6104574],[129.4128026,36.6104531],[129.4127807,36.610436]]]]}},{"type":"Feature","properties":{"r":251,"k":0,"d":73.6},"geometry":{"type":"MultiPolygon","coordinates":[[[[129.4112502,36.6223618],[129.411116,36.6223887],[129.4111032,36.6223654],[129.4111047,36.6223468],[129.4110879,36.6223054],[129.4110528,36.622281],[129.411039,36.6222408],[129.4111229,36.6222725],[129.4112574,36.6222691],[129.4112465,36.622306],[129.4112468,36.6223336],[129.4112502,36.6223618]]]]}},{"type":"Feature","properties":{"r":5,"k":0,"d":4.4},"geometry":{"type":"MultiPolygon","coordinates":[[[[129.4122442,36.6159093],[129.4120622,36.6159021],[129.4120722,36.615711],[129.4123536,36.6157449],[129.4123113,36.615883],[129.4122442,36.6159093]]]]}},{"type":"Feature","properties":{"r":197,"k":0,"d":59.7},"geometry":{"type":"MultiPolygon","coordinates":[[[[129.4112552,36.6213677],[129.4112399,36.6213094],[129.4112451,36.6212153],[129.411253,36.6211773],[129.4112952,36.621156],[129.4113277,36.6211746],[129.4113943,36.6211793],[129.4114376,36.621244],[129.4114932,36.6212738],[129.4115471,36.6213315],[129.4114815,36.6213296],[129.4114402,36.6213539],[129.4112552,36.6213677]]]]}},{"type":"Feature","properties":{"r":784,"k":0,"d":173.6},"geometry":{"type":"MultiPolygon","coordinates":[[[[129.4119287,36.6246084],[129.4118903,36.6245801],[129.4118583,36.6245137],[129.4118627,36.6245136],[129.4119206,36.6245357],[129.411936,36.6246015],[129.4119287,36.6246084]]]]}},{"type":"Feature","properties":{"r":320,"k":0,"d":83.9},"geometry":{"type":"MultiPolygon","coordinates":[[[[129.4116255,36.6145805],[129.4116222,36.6149181],[129.4115886,36.6149106],[129.4116255,36.6145805]]]]}},{"type":"Feature","properties":{"r":84,"k":0,"d":37.2},"geometry":{"type":"MultiPolygon","coordinates":[[[[129.4142297,36.6072484],[129.4143034,36.606996],[129.4145441,36.6070962],[129.4145027,36.6072199],[129.4144008,36.6075437],[129.4139031,36.6074759],[129.4139454,36.607345],[129.4141877,36.6073925],[129.4142297,36.6072484]]]]}},{"type":"Feature","properties":{"r":201,"k":0,"d":60.6},"geometry":{"type":"MultiPolygon","coordinates":[[[[129.4142297,36.6072484],[129.4141877,36.6073925],[129.4139454,36.607345],[129.4139917,36.6072018],[129.4142297,36.6072484]]]]}},{"type":"Feature","properties":{"r":868,"k":0,"d":192.3},"geometry":{"type":"MultiPolygon","coordinates":[[[[129.4100485,36.6215869],[129.4099551,36.621554],[129.40986,36.6214732],[129.4097546,36.621336],[129.4098053,36.6212639],[129.4100285,36.6212067],[129.4100562,36.6212243],[129.4100336,36.6212324],[129.410014,36.6212946],[129.4100538,36.621565],[129.4100485,36.6215869]]]]}},{"type":"Feature","properties":{"r":742,"k":0,"d":164.0},"geometry":{"type":"MultiPolygon","coordinates":[[[[129.4103754,36.6167596],[129.4103841,36.6167364],[129.4103946,36.6167583],[129.4103754,36.6167596]]]]}},{"type":"Feature","properties":{"r":462,"k":0,"d":104.3},"geometry":{"type":"MultiPolygon","coordinates":[[[[129.4115311,36.6138589],[129.4115573,36.6135475],[129.4115936,36.6131528],[129.4117278,36.6131534],[129.411717,36.6134231],[129.4116737,36.613718],[129.411655,36.6138582],[129.4115311,36.6138589]]]]}},{"type":"Feature","properties":{"r":501,"k":0,"d":111.6},"geometry":{"type":"MultiPolygon","coordinates":[[[[129.4117616,36.6131535],[129.4115936,36.6131528],[129.4116258,36.6126958],[129.4116274,36.6122061],[129.4118308,36.612245],[129.4117836,36.612705],[129.4117701,36.612914],[129.4117583,36.6130451],[129.4117616,36.6131535]]]]}},{"type":"Feature","properties":{"r":31,"k":0,"d":20.6},"geometry":{"type":"MultiPolygon","coordinates":[[[[129.4137023,36.6097298],[129.41374,36.6095286],[129.4138744,36.6095468],[129.4138627,36.6096194],[129.4137618,36.6097411],[129.4137023,36.6097298]]]]}},{"type":"Feature","properties":{"r":265,"k":0,"d":75.4},"geometry":{"type":"MultiPolygon","coordinates":[[[[129.4116168,36.6153408],[129.4116154,36.6154469],[129.4114911,36.6154173],[129.411512,36.6153167],[129.4115599,36.615343],[129.4116168,36.6153408]]]]}},{"type":"Feature","properties":{"r":867,"k":0,"d":191.3},"geometry":{"type":"MultiPolygon","coordinates":[[[[129.4128164,36.606982],[129.412802,36.6069869],[129.4127341,36.6068825],[129.4127499,36.6068776],[129.4128164,36.606982]]]]}},{"type":"Feature","properties":{"r":466,"k":0,"d":105.1},"geometry":{"type":"MultiPolygon","coordinates":[[[[129.4108009,36.6185972],[129.4108016,36.6185159],[129.4107904,36.6184618],[129.4107289,36.6184125],[129.4107015,36.6183983],[129.4107235,36.6183773],[129.4108063,36.6184435],[129.4108214,36.618462],[129.4108189,36.6185853],[129.410827,36.6186854],[129.4108009,36.6185972]]]]}},{"type":"Feature","properties":{"r":406,"k":0,"d":96.4},"geometry":{"type":"MultiPolygon","coordinates":[[[[129.4122373,36.6120139],[129.4121996,36.6120099],[129.4122455,36.6118508],[129.4122849,36.6118568],[129.4122373,36.6120139]]]]}},{"type":"Feature","properties":{"r":136,"k":0,"d":47.4},"geometry":{"type":"MultiPolygon","coordinates":[[[[129.4109352,36.6181807],[129.4107882,36.6181177],[129.4107232,36.6181098],[129.4107273,36.6180571],[129.4107436,36.6179788],[129.4109122,36.6179267],[129.4111827,36.617985],[129.4113428,36.6180336],[129.4114771,36.6180468],[129.4115109,36.6182034],[129.4113658,36.6182359],[129.4112987,36.6182357],[129.4111623,36.6181941],[129.4109352,36.6181807]]]]}},{"type":"Feature","properties":{"r":116,"k":0,"d":43.7},"geometry":{"type":"MultiPolygon","coordinates":[[[[129.412494,36.6235157],[129.4124521,36.6234121],[129.4124861,36.6233892],[129.4125162,36.6233972],[129.4125748,36.6234747],[129.412494,36.6235157]]]]}},{"type":"Feature","properties":{"r":400,"k":0,"d":96.2},"geometry":{"type":"MultiPolygon","coordinates":[[[[129.4130036,36.6095299],[129.4130139,36.6093781],[129.4130483,36.6093872],[129.413003,36.6095388],[129.4130036,36.6095299]]]]}},{"type":"Feature","properties":{"r":611,"k":0,"d":136.7},"geometry":{"type":"MultiPolygon","coordinates":[[[[129.4102999,36.6222246],[129.4103678,36.6222099],[129.4104723,36.6221915],[129.4105317,36.6221898],[129.4105453,36.6222095],[129.4104443,36.6222393],[129.410304,36.6222467],[129.4102999,36.6222246]]]]}},{"type":"Feature","properties":{"r":237,"k":0,"d":71.3},"geometry":{"type":"MultiPolygon","coordinates":[[[[129.4111607,36.6222253],[129.4111542,36.6221056],[129.4112272,36.6220977],[129.4112768,36.6222173],[129.4111607,36.6222253]]]]}},{"type":"Feature","properties":{"r":88,"k":0,"d":37.6},"geometry":{"type":"MultiPolygon","coordinates":[[[[129.411665,36.6220948],[129.4116427,36.6220586],[129.4116125,36.6220627],[129.4115982,36.6219095],[129.4116381,36.6218956],[129.4116457,36.6220189],[129.411665,36.6220948]]]]}},{"type":"Feature","properties":{"r":238,"k":0,"d":71.5},"geometry":{"type":"MultiPolygon","coordinates":[[[[129.4113126,36.6219598],[129.4113141,36.6219682],[129.4111576,36.6219235],[129.411066,36.6218846],[129.4112997,36.6218397],[129.411303,36.6219267],[129.4113126,36.6219598]]]]}},{"type":"Feature","properties":{"r":404,"k":0,"d":96.3},"geometry":{"type":"MultiPolygon","coordinates":[[[[129.4110962,36.6217195],[129.4111115,36.6217628],[129.4110093,36.6217776],[129.4110066,36.62173],[129.4110962,36.6217195]]]]}},{"type":"Feature","properties":{"r":222,"k":0,"d":68.5},"geometry":{"type":"MultiPolygon","coordinates":[[[[129.4119045,36.6144257],[129.4117561,36.6144264],[129.4117516,36.6140981],[129.4117704,36.6139109],[129.4118241,36.6139168],[129.4118081,36.6140331],[129.4118076,36.6140979],[129.4119256,36.6140982],[129.4119045,36.6144257]]]]}},{"type":"Feature","properties":{"r":104,"k":0,"d":42.4},"geometry":{"type":"MultiPolygon","coordinates":[[[[129.4117157,36.620901],[129.4117333,36.6209562],[129.4117466,36.6210248],[129.4117199,36.6210286],[129.4117157,36.620901]]]]}},{"type":"Feature","properties":{"r":336,"k":0,"d":86.2},"geometry":{"type":"MultiPolygon","coordinates":[[[[129.4138498,36.6074792],[129.4136962,36.6075089],[129.4135096,36.6076355],[129.4134344,36.6076363],[129.4133714,36.6074659],[129.4136111,36.6073784],[129.4138002,36.6073412],[129.4138842,36.6073567],[129.4138552,36.6074782],[129.4138498,36.6074792]]]]}},{"type":"Feature","properties":{"r":417,"k":0,"d":97.8},"geometry":{"type":"MultiPolygon","coordinates":[[[[129.4145364,36.606005],[129.414416,36.6060244],[129.4142905,36.6059921],[129.4143125,36.60589],[129.4143208,36.6057731],[129.4143812,36.6056652],[129.4145676,36.6057264],[129.4146187,36.6057373],[129.4145373,36.6058945],[129.4145364,36.606005]]]]}},{"type":"Feature","properties":{"r":227,"k":0,"d":69.0},"geometry":{"type":"MultiPolygon","coordinates":[[[[129.410936,36.6197616],[129.411026,36.6197513],[129.4112271,36.6197342],[129.4114509,36.619697],[129.4114557,36.6197087],[129.4112338,36.619743],[129.410936,36.6197616]]]]}},{"type":"Feature","properties":{"r":697,"k":0,"d":156.7},"geometry":{"type":"MultiPolygon","coordinates":[[[[129.410284,36.619643],[129.410277,36.6196456],[129.410195,36.6197248],[129.4101505,36.6196576],[129.4101555,36.6194997],[129.4102294,36.6194959],[129.4102995,36.6195127],[129.410284,36.619643]]]]}},{"type":"Feature","properties":{"r":67,"k":0,"d":31.0},"geometry":{"type":"MultiPolygon","coordinates":[[[[129.4147006,36.6069058],[129.4145491,36.6068636],[129.4143342,36.6067702],[129.4142088,36.6067281],[129.4142782,36.6066275],[129.4143683,36.6065276],[129.4144596,36.6064533],[129.4145585,36.6063936],[129.4148741,36.6064523],[129.4148304,36.6067076],[129.4147006,36.6069058]]]]}},{"type":"Feature","properties":{"r":63,"k":0,"d":30.5},"geometry":{"type":"MultiPolygon","coordinates":[[[[129.4145441,36.6070962],[129.4141556,36.6069345],[129.4140553,36.6070349],[129.4140352,36.6070671],[129.4139031,36.6074759],[129.4138964,36.607475],[129.4138973,36.6074032],[129.4139095,36.607361],[129.4140231,36.6070763],[129.4140865,36.6069381],[129.4141494,36.606816],[129.4142088,36.6067281],[129.4143342,36.6067702],[129.4145491,36.6068636],[129.4147006,36.6069058],[129.4146272,36.6071314],[129.4145441,36.6070962]]]]}},{"type":"Feature","properties":{"r":430,"k":0,"d":99.6},"geometry":{"type":"MultiPolygon","coordinates":[[[[129.4118414,36.6109506],[129.4120285,36.6107402],[129.4121013,36.6107595],[129.412408,36.6109083],[129.4124596,36.6109293],[129.4124115,36.6112604],[129.4123435,36.6112467],[129.4121169,36.6111804],[129.4120476,36.6111348],[129.4118267,36.611038],[129.4118011,36.6109959],[129.4118414,36.6109506]]]]}},{"type":"Feature","properties":{"r":776,"k":0,"d":171.3},"geometry":{"type":"MultiPolygon","coordinates":[[[[129.4100847,36.6198829],[129.4100426,36.6198572],[129.4099747,36.619809],[129.4099751,36.6197225],[129.4100245,36.6196857],[129.4099914,36.6195203],[129.4101304,36.6195051],[129.410113,36.6196194],[129.4100797,36.6198022],[129.4100847,36.6198829]]]]}},{"type":"Feature","properties":{"r":780,"k":0,"d":172.1},"geometry":{"type":"MultiPolygon","coordinates":[[[[129.4097346,36.6189445],[129.4097408,36.618931],[129.4097949,36.6187571],[129.4098276,36.6184701],[129.4099012,36.6184598],[129.4100091,36.6183923],[129.410095,36.6183824],[129.4100656,36.618488],[129.4099724,36.6187054],[129.4098794,36.6189052],[129.4098082,36.6189867],[129.4097346,36.6189445]]]]}},{"type":"Feature","properties":{"r":615,"k":0,"d":137.0},"geometry":{"type":"MultiPolygon","coordinates":[[[[129.4107313,36.616383],[129.4107067,36.6162735],[129.4107362,36.6162183],[129.4107426,36.6162167],[129.4107397,36.6162459],[129.4107494,36.6164028],[129.4107313,36.616383]]]]}},{"type":"Feature","properties":{"r":606,"k":0,"d":135.9},"geometry":{"type":"MultiPolygon","coordinates":[[[[129.4109273,36.6153829],[129.4109268,36.6154461],[129.4108792,36.615436],[129.4108638,36.6153698],[129.4109273,36.6153829]]]]}},{"type":"Feature","properties":{"r":772,"k":0,"d":170.6},"geometry":{"type":"MultiPolygon","coordinates":[[[[129.4097515,36.6169926],[129.4095642,36.6169686],[129.4094261,36.6171852],[129.4093106,36.6172022],[129.4092654,36.6171882],[129.4092568,36.6171837],[129.4092946,36.6171731],[129.4093387,36.617153],[129.4092717,36.6170537],[129.4092971,36.6170588],[129.4093908,36.6169704],[129.4094929,36.6168696],[129.4095596,36.6168605],[129.4096303,36.6168728],[129.4097268,36.6168609],[129.4097771,36.6168883],[129.4098676,36.6168895],[129.4099752,36.6169879],[129.4100852,36.616988],[129.4102153,36.61702],[129.4102602,36.6170653],[129.4102684,36.6170767],[129.4102099,36.6170928],[129.4102115,36.6171035],[129.4100749,36.6171091],[129.4099526,36.6170821],[129.4098227,36.6170067],[129.4097515,36.6169926]]]]}},{"type":"Feature","properties":{"r":547,"k":0,"d":124.0},"geometry":{"type":"MultiPolygon","coordinates":[[[[129.4118755,36.6107438],[129.4118937,36.6107205],[129.4119696,36.6105973],[129.4120627,36.6104864],[129.4121895,36.6103974],[129.4122866,36.6103666],[129.4123329,36.6103844],[129.4123853,36.6103912],[129.4123599,36.6104208],[129.4122322,36.6104738],[129.4120815,36.6105909],[129.4120228,36.610694],[129.4120285,36.6107402],[129.4118414,36.6109506],[129.4118755,36.6107438]]]]}},{"type":"Feature","properties":{"r":725,"k":0,"d":161.1},"geometry":{"type":"MultiPolygon","coordinates":[[[[129.4119289,36.6098983],[129.4119217,36.6096259],[129.4118981,36.6094378],[129.4119662,36.6094491],[129.4119778,36.6095317],[129.4120223,36.6097443],[129.4120362,36.6098448],[129.4120833,36.6100521],[129.4120245,36.6099646],[129.4119495,36.6098995],[129.4119289,36.6098983]]]]}},{"type":"Feature","properties":{"r":588,"k":0,"d":132.9},"geometry":{"type":"MultiPolygon","coordinates":[[[[129.4115197,36.6239078],[129.4114328,36.6239386],[129.4113594,36.6237859],[129.4113819,36.6237618],[129.4114356,36.6237161],[129.4114987,36.6236992],[129.4115443,36.6237203],[129.4115185,36.6237971],[129.4115221,36.6238903],[129.4115197,36.6239078]]]]}},{"type":"Feature","properties":{"r":294,"k":0,"d":80.6},"geometry":{"type":"MultiPolygon","coordinates":[[[[129.4121967,36.6238626],[129.4121281,36.6238487],[129.4121407,36.6237957],[129.4121688,36.623739],[129.4121982,36.6236681],[129.4122565,36.6237007],[129.4123386,36.62372],[129.412322,36.6237754],[129.4123058,36.6238132],[129.4122254,36.623864],[129.4121967,36.6238626]]]]}},{"type":"Feature","properties":{"r":236,"k":0,"d":70.9},"geometry":{"type":"MultiPolygon","coordinates":[[[[129.412484,36.6238278],[129.4124708,36.6238608],[129.4123742,36.6238483],[129.4123058,36.6238132],[129.412322,36.6237754],[129.4123386,36.62372],[129.41246,36.6236876],[129.412484,36.6238278]]]]}},{"type":"Feature","properties":{"r":512,"k":0,"d":114.0},"geometry":{"type":"MultiPolygon","coordinates":[[[[129.4117178,36.6237801],[129.4117081,36.6237624],[129.41156,36.623743],[129.411567,36.6237208],[129.411616,36.6236464],[129.4116573,36.6236492],[129.4116582,36.6236591],[129.4117679,36.6236623],[129.4117652,36.6237131],[129.4117681,36.6237613],[129.4117178,36.6237801]]]]}},{"type":"Feature","properties":{"r":79,"k":0,"d":34.9},"geometry":{"type":"MultiPolygon","coordinates":[[[[129.4116286,36.6181667],[129.4116285,36.6180748],[129.4116293,36.6178977],[129.4116295,36.6178254],[129.4116665,36.6178238],[129.4116585,36.6180747],[129.4116581,36.6181389],[129.4116286,36.6181667]]]]}},{"type":"Feature","properties":{"r":295,"k":0,"d":80.8},"geometry":{"type":"MultiPolygon","coordinates":[[[[129.4115131,36.6231667],[129.4113609,36.6232715],[129.4112204,36.6233087],[129.4112168,36.6232894],[129.4111375,36.6231294],[129.411065,36.6229679],[129.4111352,36.622984],[129.4111278,36.6230132],[129.4111356,36.6230509],[129.4112315,36.6230638],[129.4112683,36.6230341],[129.4113207,36.6229421],[129.4113876,36.6229159],[129.4114524,36.6229453],[129.4114749,36.6229669],[129.4115131,36.6231667]]]]}},{"type":"Feature","properties":{"r":461,"k":0,"d":104.2},"geometry":{"type":"MultiPolygon","coordinates":[[[[129.4125441,36.6103318],[129.4125676,36.610172],[129.4125702,36.6097917],[129.4125794,36.609664],[129.4126136,36.6098361],[129.4126977,36.610156],[129.4126338,36.6103375],[129.4125441,36.6103318]]]]}},{"type":"Feature","properties":{"r":191,"k":0,"d":58.8},"geometry":{"type":"MultiPolygon","coordinates":[[[[129.4116908,36.6231353],[129.4117131,36.6229774],[129.4118461,36.6230363],[129.4118511,36.6230902],[129.4116908,36.6231353]]]]}},{"type":"Feature","properties":{"r":71,"k":0,"d":33.3},"geometry":{"type":"MultiPolygon","coordinates":[[[[129.4120677,36.6229406],[129.4120252,36.6228863],[129.4119993,36.6228543],[129.4119642,36.62281],[129.4119289,36.6227664],[129.4120885,36.6229152],[129.4121556,36.6229977],[129.412168,36.6230393],[129.4121566,36.6230511],[129.4120677,36.6229406]]]]}},{"type":"Feature","properties":{"r":384,"k":0,"d":93.8},"geometry":{"type":"MultiPolygon","coordinates":[[[[129.411161,36.621619],[129.4111056,36.6216313],[129.4110298,36.6216355],[129.4109958,36.621577],[129.410988,36.6215159],[129.4110397,36.6214765],[129.4110828,36.6214566],[129.4111188,36.621447],[129.411161,36.621619]]]]}},{"type":"Feature","properties":{"r":349,"k":0,"d":88.4},"geometry":{"type":"MultiPolygon","coordinates":[[[[129.4117704,36.6139109],[129.4118,36.6137059],[129.4118517,36.613731],[129.4118426,36.6137751],[129.4118241,36.6139168],[129.4117704,36.6139109]]]]}},{"type":"Feature","properties":{"r":291,"k":0,"d":80.4},"geometry":{"type":"MultiPolygon","coordinates":[[[[129.4134044,36.6086531],[129.4134888,36.6085326],[129.4134952,36.6085257],[129.4134523,36.6085243],[129.4134313,36.6084715],[129.4134608,36.6083756],[129.4135147,36.6082915],[129.4135509,36.6083071],[129.4135133,36.6086033],[129.4134987,36.6086521],[129.4134044,36.6086531]]]]}},{"type":"Feature","properties":{"r":287,"k":0,"d":80.0},"geometry":{"type":"MultiPolygon","coordinates":[[[[129.4116188,36.6151865],[129.4115764,36.6151877],[129.4115607,36.6151608],[129.4115886,36.6149106],[129.4116222,36.6149181],[129.4116213,36.6150173],[129.4116149,36.6150449],[129.4116202,36.6150656],[129.4116188,36.6151865]]]]}},{"type":"Feature","properties":{"r":727,"k":0,"d":161.2},"geometry":{"type":"MultiPolygon","coordinates":[[[[129.4131611,36.607008],[129.4131462,36.6069815],[129.4131729,36.6069724],[129.4131611,36.607008]]]]}},{"type":"Feature","properties":{"r":70,"k":0,"d":31.6},"geometry":{"type":"MultiPolygon","coordinates":[[[[129.4115146,36.6191807],[129.4114372,36.6189992],[129.411413,36.6189182],[129.4114261,36.6189004],[129.4116032,36.6188458],[129.4116232,36.618882],[129.4116279,36.6191595],[129.4115146,36.6191807]]]]}},{"type":"Feature","properties":{"r":504,"k":0,"d":112.3},"geometry":{"type":"MultiPolygon","coordinates":[[[[129.4125627,36.6244134],[129.4125372,36.6242493],[129.4125799,36.6242455],[129.4126487,36.6242684],[129.4126791,36.6243333],[129.4127032,36.6244353],[129.4126827,36.6244647],[129.4126223,36.6244552],[129.4125857,36.6244269],[129.4125627,36.6244134]]]]}},{"type":"Feature","properties":{"r":525,"k":0,"d":117.1},"geometry":{"type":"MultiPolygon","coordinates":[[[[129.4123941,36.6243985],[129.4123502,36.6243703],[129.4123519,36.6243302],[129.4123701,36.6243066],[129.4123906,36.6242943],[129.4124234,36.6242418],[129.4124369,36.6242463],[129.4125264,36.6242502],[129.4125373,36.6243881],[129.412543,36.6244044],[129.412517,36.624398],[129.4124244,36.6244033],[129.4123941,36.6243985]]]]}},{"type":"Feature","properties":{"r":669,"k":0,"d":150.4},"geometry":{"type":"MultiPolygon","coordinates":[[[[129.4122179,36.6247434],[129.4121785,36.6246575],[129.4123114,36.6246189],[129.4124068,36.6246069],[129.4124225,36.6245593],[129.412435,36.6245653],[129.4124355,36.6245849],[129.4124282,36.6246219],[129.4124209,36.6246172],[129.4123843,36.6246422],[129.4123577,36.624681],[129.412338,36.6247166],[129.4122218,36.6247486],[129.4122179,36.6247434]]]]}},{"type":"Feature","properties":{"r":17,"k":0,"d":15.7},"geometry":{"type":"MultiPolygon","coordinates":[[[[129.4135293,36.6084776],[129.4135509,36.6083071],[129.4135147,36.6082915],[129.413592,36.6081944],[129.4137789,36.6082282],[129.413889,36.6082694],[129.4140601,36.6083198],[129.4142566,36.6083466],[129.414252,36.6085432],[129.4135293,36.6084776]]]]}},{"type":"Feature","properties":{"r":56,"k":0,"d":29.4},"geometry":{"type":"MultiPolygon","coordinates":[[[[129.4126373,36.613391],[129.4124636,36.6133755],[129.4124539,36.6134279],[129.4121368,36.6134008],[129.4121547,36.6132616],[129.4120919,36.6132557],[129.4120997,36.6132299],[129.412543,36.6132667],[129.41263,36.6132918],[129.4126373,36.613391]]]]}},{"type":"Feature","properties":{"r":821,"k":0,"d":181.3},"geometry":{"type":"MultiPolygon","coordinates":[[[[129.4101161,36.6226619],[129.4100216,36.6225532],[129.4100846,36.6224984],[129.410079,36.6225405],[129.4101161,36.6226619]]]]}},{"type":"Feature","properties":{"r":827,"k":0,"d":182.4},"geometry":{"type":"MultiPolygon","coordinates":[[[[129.4101582,36.6228407],[129.4100871,36.6229128],[129.4100577,36.6228324],[129.4101087,36.6227311],[129.4101315,36.6227146],[129.4101582,36.6228407]]]]}},{"type":"Feature","properties":{"r":580,"k":0,"d":131.9},"geometry":{"type":"MultiPolygon","coordinates":[[[[129.4103308,36.617226],[129.4102305,36.6171028],[129.4102115,36.6171035],[129.4102099,36.6170928],[129.4102684,36.6170767],[129.4103204,36.61715],[129.4103561,36.6171667],[129.4103866,36.6171595],[129.4106868,36.6171893],[129.4106888,36.6172157],[129.4106239,36.6172872],[129.4106211,36.6173204],[129.4105702,36.6172916],[129.4105972,36.6172414],[129.4104875,36.617226],[129.4103662,36.61722],[129.4103344,36.6172303],[129.4103308,36.617226]]]]}},{"type":"Feature","properties":{"r":447,"k":0,"d":101.6},"geometry":{"type":"MultiPolygon","coordinates":[[[[129.411655,36.6138582],[129.4116737,36.613718],[129.4117325,36.6134852],[129.4117745,36.6133303],[129.4117984,36.61327],[129.4117921,36.6133942],[129.4117389,36.6135134],[129.4117017,36.6137634],[129.4116975,36.6137991],[129.4116437,36.6139233],[129.4116442,36.6139154],[129.411655,36.6138582]]]]}},{"type":"Feature","properties":{"r":696,"k":0,"d":156.6},"geometry":{"type":"MultiPolygon","coordinates":[[[[129.4122457,36.6089573],[129.412131,36.6089279],[129.4119256,36.6088514],[129.4118028,36.6087851],[129.4117241,36.6087254],[129.4117027,36.6087056],[129.411756,36.6086658],[129.4117504,36.608647],[129.4118085,36.6086633],[129.411845,36.6087016],[129.4119937,36.6088014],[129.412072,36.6088221],[129.412224,36.6088324],[129.412432,36.6088184],[129.4124936,36.6088553],[129.4125201,36.6089829],[129.4123943,36.6089319],[129.4122457,36.6089573]]]]}},{"type":"Feature","properties":{"r":241,"k":0,"d":72.1},"geometry":{"type":"MultiPolygon","coordinates":[[[[129.4142245,36.6064682],[129.4142739,36.6064011],[129.4143112,36.6062747],[129.4143449,36.6062167],[129.4143355,36.6061498],[129.4143108,36.6061126],[129.4143129,36.6059979],[129.414416,36.6060244],[129.4145364,36.606005],[129.4145373,36.6058945],[129.4146273,36.6057207],[129.4147029,36.6056076],[129.4147697,36.6055327],[129.4148405,36.6054878],[129.4149384,36.6054736],[129.4150379,36.6054807],[129.4150867,36.6054776],[129.4149199,36.6060056],[129.4149107,36.6060205],[129.4148039,36.6061275],[129.414691,36.6060883],[129.4146546,36.6061344],[129.4146543,36.6062063],[129.4145536,36.606294],[129.4144103,36.6063622],[129.4143496,36.6064217],[129.4142245,36.6064682]]]]}},{"type":"Feature","properties":{"r":45,"k":0,"d":26.1},"geometry":{"type":"MultiPolygon","coordinates":[[[[129.4116377,36.618808],[129.4116749,36.6187108],[129.4116963,36.6185187],[129.4117057,36.6187853],[129.4116377,36.618808]]]]}},{"type":"Feature","properties":{"r":635,"k":0,"d":142.2},"geometry":{"type":"MultiPolygon","coordinates":[[[[129.4111725,36.6239675],[129.4111637,36.6239579],[129.4111565,36.6238768],[129.4111029,36.6237483],[129.4111045,36.6237341],[129.4110743,36.6237027],[129.4111451,36.6236881],[129.4111778,36.6236712],[129.4112984,36.6236499],[129.4113041,36.6236527],[129.4113594,36.6237859],[129.4112609,36.6238969],[129.4111725,36.6239675]]]]}},{"type":"Feature","properties":{"r":254,"k":0,"d":74.1},"geometry":{"type":"MultiPolygon","coordinates":[[[[129.4125635,36.6114718],[129.4126133,36.6113147],[129.412658,36.6113259],[129.4126885,36.6113259],[129.4126671,36.6114033],[129.412642,36.6114838],[129.4125635,36.6114718]]]]}},{"type":"Feature","properties":{"r":250,"k":0,"d":73.4},"geometry":{"type":"MultiPolygon","coordinates":[[[[129.4126133,36.6113147],[129.4126786,36.6111049],[129.412747,36.6111152],[129.4126885,36.6113259],[129.412658,36.6113259],[129.4126133,36.6113147]]]]}},{"type":"Feature","properties":{"r":158,"k":0,"d":51.4},"geometry":{"type":"MultiPolygon","coordinates":[[[[129.4124568,36.6235309],[129.4123976,36.6234212],[129.4124322,36.6234255],[129.412494,36.6235157],[129.4124568,36.6235309]]]]}},{"type":"Feature","properties":{"r":146,"k":0,"d":49.1},"geometry":{"type":"MultiPolygon","coordinates":[[[[129.412494,36.6235157],[129.4124608,36.6234676],[129.4124322,36.6234255],[129.4124521,36.6234121],[129.412494,36.6235157]]]]}},{"type":"Feature","properties":{"r":62,"k":0,"d":30.2},"geometry":{"type":"MultiPolygon","coordinates":[[[[129.4133933,36.6106215],[129.4127735,36.6105042],[129.4126835,36.6104556],[129.4126055,36.6103905],[129.4125355,36.6103907],[129.4125441,36.6103318],[129.4126338,36.6103375],[129.4127023,36.6103751],[129.4128026,36.6104531],[129.413052,36.6104903],[129.4131472,36.6104579],[129.4131741,36.6103999],[129.4132806,36.6104012],[129.4133839,36.6103226],[129.4133933,36.6106215]]]]}},{"type":"Feature","properties":{"r":75,"k":0,"d":34.3},"geometry":{"type":"MultiPolygon","coordinates":[[[[129.4119642,36.62281],[129.4119236,36.6228258],[129.4118448,36.6228861],[129.4118081,36.6228542],[129.411857,36.6227985],[129.4119289,36.6227664],[129.4119642,36.62281]]]]}},{"type":"Feature","properties":{"r":711,"k":0,"d":159.0},"geometry":{"type":"MultiPolygon","coordinates":[[[[129.410359,36.6164202],[129.4102996,36.6164347],[129.4102118,36.6161644],[129.4102012,36.6160812],[129.4102268,36.6160378],[129.4102834,36.6160273],[129.4103916,36.6159308],[129.4104553,36.6159235],[129.4105839,36.6159803],[129.4105893,36.6159804],[129.4104963,36.6163295],[129.4104786,36.6163293],[129.4104291,36.6163667],[129.4103924,36.616346],[129.4103568,36.6163895],[129.410359,36.6164202]]]]}},{"type":"Feature","properties":{"r":49,"k":0,"d":28.3},"geometry":{"type":"MultiPolygon","coordinates":[[[[129.4120622,36.6159021],[129.41204,36.6159012],[129.4118859,36.6158838],[129.4118813,36.6151807],[129.4119959,36.615178],[129.4120932,36.6151484],[129.4120722,36.615711],[129.4120622,36.6159021]]]]}},{"type":"Feature","properties":{"r":577,"k":0,"d":130.3},"geometry":{"type":"MultiPolygon","coordinates":[[[[129.4106919,36.6217561],[129.4106836,36.6218209],[129.4106394,36.6218387],[129.4105752,36.6218842],[129.4104861,36.6218552],[129.410549,36.6218032],[129.4105797,36.6217698],[129.4106301,36.6217564],[129.4106979,36.621709],[129.4106919,36.6217561]]]]}},{"type":"Feature","properties":{"r":161,"k":0,"d":51.6},"geometry":{"type":"MultiPolygon","coordinates":[[[[129.4114797,36.6217761],[129.4114744,36.6217126],[129.4114737,36.621675],[129.4115654,36.6217118],[129.4116267,36.6217113],[129.4116371,36.6217364],[129.4116279,36.6217585],[129.4115391,36.621767],[129.4114797,36.6217761]]]]}},{"type":"Feature","properties":{"r":738,"k":0,"d":163.2},"geometry":{"type":"MultiPolygon","coordinates":[[[[129.4110629,36.6135368],[129.4110653,36.6133654],[129.4110756,36.6131959],[129.4110589,36.6130682],[129.4110871,36.6130975],[129.4111048,36.6131716],[129.4111018,36.6133747],[129.411076,36.6134938],[129.4110629,36.6135368]]]]}},{"type":"Feature","properties":{"r":526,"k":0,"d":117.2},"geometry":{"type":"MultiPolygon","coordinates":[[[[129.410911,36.6209987],[129.4108027,36.6211045],[129.4107716,36.6211052],[129.4106896,36.6211105],[129.4105968,36.621078],[129.4105651,36.6210139],[129.4105997,36.620936],[129.4105562,36.620895],[129.4105618,36.6208331],[129.4104746,36.6207949],[129.4104733,36.6207617],[129.4105261,36.6207465],[129.4106322,36.6206978],[129.4106595,36.6207389],[129.4107194,36.6207844],[129.4107425,36.620827],[129.410771,36.6208448],[129.4108126,36.6208319],[129.4108138,36.6208711],[129.4108897,36.6209373],[129.410911,36.6209987]]]]}},{"type":"Feature","properties":{"r":503,"k":0,"d":112.3},"geometry":{"type":"MultiPolygon","coordinates":[[[[129.4129257,36.6085491],[129.4129358,36.6083475],[129.4130472,36.6083052],[129.4131506,36.6082175],[129.4131989,36.6081316],[129.4131771,36.6084671],[129.4130165,36.6085594],[129.4129257,36.6085491]]]]}},{"type":"Feature","properties":{"r":791,"k":0,"d":174.7},"geometry":{"type":"MultiPolygon","coordinates":[[[[129.4102432,36.6205519],[129.4101326,36.6205725],[129.4101333,36.6205238],[129.4101277,36.6204313],[129.4101984,36.6204474],[129.4102775,36.6204963],[129.4102432,36.6205519]]]]}},{"type":"Feature","properties":{"r":394,"k":0,"d":95.2},"geometry":{"type":"MultiPolygon","coordinates":[[[[129.4133714,36.6074659],[129.413279,36.6072142],[129.4134862,36.6072337],[129.413576,36.6072296],[129.4138002,36.6073412],[129.4136111,36.6073784],[129.4133714,36.6074659]]]]}},{"type":"Feature","properties":{"r":691,"k":0,"d":155.1},"geometry":{"type":"MultiPolygon","coordinates":[[[[129.4130713,36.6073378],[129.4130157,36.6073615],[129.4129871,36.6072793],[129.4129712,36.6072429],[129.4130256,36.607221],[129.4130713,36.6073378]]]]}},{"type":"Feature","properties":{"r":156,"k":0,"d":51.2},"geometry":{"type":"MultiPolygon","coordinates":[[[[129.4114879,36.6197857],[129.4114509,36.619697],[129.411609,36.619598],[129.411599,36.6196805],[129.4116102,36.6197664],[129.4114879,36.6197857]]]]}},{"type":"Feature","properties":{"r":659,"k":0,"d":147.1},"geometry":{"type":"MultiPolygon","coordinates":[[[[129.410377,36.6196088],[129.410284,36.619643],[129.4102995,36.6195127],[129.4104177,36.6195409],[129.4104048,36.6195949],[129.410377,36.6196088]]]]}},{"type":"Feature","properties":{"r":51,"k":0,"d":28.7},"geometry":{"type":"MultiPolygon","coordinates":[[[[129.4116279,36.6191595],[129.4116232,36.618882],[129.4116304,36.6188951],[129.4116581,36.6190487],[129.4116641,36.6191527],[129.4116279,36.6191595]]]]}},{"type":"Feature","properties":{"r":354,"k":0,"d":89.0},"geometry":{"type":"MultiPolygon","coordinates":[[[[129.4110535,36.6214371],[129.4110484,36.6214303],[129.4110968,36.6214116],[129.4112191,36.6213838],[129.4111598,36.6214102],[129.4110535,36.6214371]]]]}},{"type":"Feature","properties":{"r":800,"k":0,"d":176.4},"geometry":{"type":"MultiPolygon","coordinates":[[[[129.4095434,36.6223469],[129.4096944,36.6221417],[129.4097386,36.6220623],[129.4098153,36.6220648],[129.409976,36.6220129],[129.4100289,36.6220032],[129.4099801,36.6220813],[129.409969,36.6221587],[129.4099586,36.6221912],[129.4100131,36.62226],[129.4101067,36.6222963],[129.4099759,36.6223435],[129.4098985,36.6222534],[129.4098224,36.6222751],[129.4097482,36.6222616],[129.4097147,36.6223042],[129.4096493,36.622315],[129.4095993,36.6223647],[129.4095434,36.6223469]]]]}},{"type":"Feature","properties":{"r":818,"k":0,"d":180.4},"geometry":{"type":"MultiPolygon","coordinates":[[[[129.4100577,36.6228324],[129.409994,36.6228282],[129.4099394,36.6227437],[129.4099713,36.6226962],[129.4099204,36.622645],[129.4098778,36.622661],[129.4098211,36.6225995],[129.4098783,36.6225959],[129.4100216,36.6225532],[129.4101509,36.6227006],[129.4101087,36.6227311],[129.4100577,36.6228324]]]]}},{"type":"Feature","properties":{"r":845,"k":0,"d":184.7},"geometry":{"type":"MultiPolygon","coordinates":[[[[129.4101603,36.6208162],[129.4101277,36.6208209],[129.4100967,36.6208094],[129.4101071,36.6207848],[129.4101565,36.6208007],[129.4101603,36.6208162]]]]}},{"type":"Feature","properties":{"r":48,"k":0,"d":27.4},"geometry":{"type":"MultiPolygon","coordinates":[[[[129.4116236,36.6187782],[129.4116174,36.6182215],[129.41164,36.6182179],[129.4116756,36.6182006],[129.4116786,36.6181651],[129.4117298,36.618139],[129.411719,36.6183107],[129.411721,36.6183449],[129.4117145,36.6184288],[129.411683,36.6185079],[129.4116545,36.6187046],[129.4116236,36.6187782]]]]}},{"type":"Feature","properties":{"r":650,"k":0,"d":145.7},"geometry":{"type":"MultiPolygon","coordinates":[[[[129.4102018,36.6186718],[129.4102656,36.6183489],[129.4103848,36.6183073],[129.4103964,36.6183479],[129.4103248,36.6184208],[129.4103018,36.6186486],[129.4103303,36.6187282],[129.4102018,36.6186718]]]]}},{"type":"Feature","properties":{"r":85,"k":0,"d":37.2},"geometry":{"type":"MultiPolygon","coordinates":[[[[129.4115109,36.6182034],[129.4114771,36.6180468],[129.4113428,36.6180336],[129.4111827,36.617985],[129.4109122,36.6179267],[129.4107436,36.6179788],[129.4107893,36.6177789],[129.4110071,36.6177914],[129.4110475,36.6177589],[129.4110831,36.6177143],[129.4111184,36.6176898],[129.4112088,36.6177079],[129.4112709,36.6177061],[129.4112694,36.617782],[129.4112298,36.6178678],[129.4113099,36.6179515],[129.4113423,36.6179739],[129.4114008,36.6179919],[129.4114655,36.6179846],[129.4115632,36.6179042],[129.4116293,36.6178977],[129.4116286,36.6181667],[129.4115109,36.6182034]]]]}},{"type":"Feature","properties":{"r":286,"k":0,"d":79.9},"geometry":{"type":"MultiPolygon","coordinates":[[[[129.4126133,36.6113147],[129.412579,36.6113061],[129.4126419,36.6110994],[129.4126786,36.6111049],[129.4126133,36.6113147]]]]}},{"type":"Feature","properties":{"r":724,"k":0,"d":161.0},"geometry":{"type":"MultiPolygon","coordinates":[[[[129.4132251,36.6064426],[129.4131961,36.6062691],[129.413174,36.6061629],[129.4131172,36.60603],[129.4131793,36.606002],[129.4131783,36.6059988],[129.413249,36.6059536],[129.4133835,36.6064238],[129.4132889,36.6064311],[129.4132251,36.6064426]]]]}},{"type":"Feature","properties":{"r":524,"k":0,"d":117.1},"geometry":{"type":"MultiPolygon","coordinates":[[[[129.4140966,36.6061682],[129.4140026,36.6061676],[129.4139349,36.6061901],[129.4138837,36.6060886],[129.4138677,36.6060293],[129.4138003,36.6058818],[129.4137057,36.6056621],[129.4138485,36.6055711],[129.4138687,36.6056335],[129.4139147,36.6057473],[129.4139379,36.6058385],[129.4140281,36.6059973],[129.4140966,36.6061682]]]]}},{"type":"Feature","properties":{"r":390,"k":0,"d":94.9},"geometry":{"type":"MultiPolygon","coordinates":[[[[129.412614,36.610704],[129.4125414,36.6106678],[129.4125302,36.6105645],[129.4126055,36.6103905],[129.4126835,36.6104556],[129.4126911,36.6104853],[129.412614,36.610704]]]]}},{"type":"Feature","properties":{"r":111,"k":0,"d":43.0},"geometry":{"type":"MultiPolygon","coordinates":[[[[129.4117089,36.6170696],[129.4116746,36.617069],[129.4116773,36.6166723],[129.4116837,36.616166],[129.4117233,36.616154],[129.4117123,36.6162261],[129.4117084,36.6163149],[129.4116895,36.6164476],[129.4117066,36.6166587],[129.4117089,36.6170696]]]]}},{"type":"Feature","properties":{"r":381,"k":0,"d":93.5},"geometry":{"type":"MultiPolygon","coordinates":[[[[129.4128921,36.6099104],[129.4128718,36.6099083],[129.4128517,36.6098643],[129.4128529,36.6096968],[129.4129462,36.6097285],[129.4128921,36.6099104]]]]}},{"type":"Feature","properties":{"r":429,"k":0,"d":99.5},"geometry":{"type":"MultiPolygon","coordinates":[[[[129.4127987,36.6098188],[129.4128108,36.6097392],[129.4127789,36.609684],[129.412774,36.6096508],[129.4127956,36.609647],[129.4128529,36.6096968],[129.4128515,36.6098229],[129.4127987,36.6098188]]]]}},{"type":"Feature","properties":{"r":876,"k":0,"d":193.9},"geometry":{"type":"MultiPolygon","coordinates":[[[[129.4117734,36.6093926],[129.4118257,36.6092597],[129.4118535,36.6091406],[129.4118727,36.6092361],[129.4118981,36.6094378],[129.4118882,36.6094361],[129.4117734,36.6093926]]]]}},{"type":"Feature","properties":{"r":285,"k":0,"d":79.8},"geometry":{"type":"MultiPolygon","coordinates":[[[[129.4116609,36.6148459],[129.4116805,36.6147319],[129.4116816,36.614845],[129.4116609,36.6148459]]]]}},{"type":"Feature","properties":{"r":121,"k":0,"d":44.5},"geometry":{"type":"MultiPolygon","coordinates":[[[[129.4117196,36.6212423],[129.4117122,36.6212526],[129.4116663,36.6212263],[129.4115662,36.621217],[129.4115472,36.6212318],[129.4115572,36.6210988],[129.4115833,36.6210976],[129.4117188,36.6211055],[129.4117196,36.6212423]]]]}},{"type":"Feature","properties":{"r":375,"k":0,"d":92.3},"geometry":{"type":"MultiPolygon","coordinates":[[[[129.4116349,36.6144205],[129.4115381,36.6144194],[129.4115327,36.6143063],[129.4116437,36.6139233],[129.4116293,36.6141566],[129.4116349,36.6144205]]]]}},{"type":"Feature","properties":{"r":758,"k":0,"d":165.8},"geometry":{"type":"MultiPolygon","coordinates":[[[[129.4108247,36.6141609],[129.4108108,36.614139],[129.4108658,36.6141547],[129.4108247,36.6141609]]]]}},{"type":"Feature","properties":{"r":95,"k":0,"d":40.4},"geometry":{"type":"MultiPolygon","coordinates":[[[[129.411731,36.621226],[129.4117343,36.6211738],[129.411739,36.6211166],[129.411766,36.6211763],[129.411731,36.621226]]]]}},{"type":"Feature","properties":{"r":123,"k":0,"d":44.8},"geometry":{"type":"MultiPolygon","coordinates":[[[[129.4117199,36.6210286],[129.4115741,36.6210489],[129.4115474,36.6210216],[129.4115676,36.6209486],[129.4115971,36.6209175],[129.4115962,36.6208831],[129.4116521,36.6208656],[129.4117048,36.6208666],[129.4117157,36.620901],[129.4117199,36.6210286]]]]}},{"type":"Feature","properties":{"r":442,"k":0,"d":101.2},"geometry":{"type":"MultiPolygon","coordinates":[[[[129.4110123,36.6207976],[129.4109413,36.6207806],[129.4109089,36.6207331],[129.4109212,36.6207039],[129.4109269,36.6206999],[129.4109816,36.6206294],[129.4110528,36.6204734],[129.4110986,36.6204775],[129.4110638,36.6205424],[129.4110905,36.6206151],[129.4110532,36.6207026],[129.4110585,36.6207298],[129.4110123,36.6207976]]]]}},{"type":"Feature","properties":{"r":549,"k":0,"d":125.0},"geometry":{"type":"MultiPolygon","coordinates":[[[[129.4132195,36.607782],[129.4131455,36.60779],[129.4131024,36.6076115],[129.4130759,36.607535],[129.4131107,36.6075197],[129.4131847,36.6076466],[129.4132195,36.607782]]]]}},{"type":"Feature","properties":{"r":391,"k":0,"d":94.9},"geometry":{"type":"MultiPolygon","coordinates":[[[[129.4110399,36.6203664],[129.4110561,36.6202846],[129.411103,36.6202901],[129.4111187,36.6203047],[129.4111958,36.6203184],[129.411162,36.6203903],[129.4111586,36.6204279],[129.4110464,36.6204081],[129.4110399,36.6203664]]]]}},{"type":"Feature","properties":{"r":270,"k":0,"d":76.4},"geometry":{"type":"MultiPolygon","coordinates":[[[[129.4123654,36.6123474],[129.4123012,36.6123348],[129.4124,36.612031],[129.4124641,36.6120378],[129.4123654,36.6123474]]]]}},{"type":"Feature","properties":{"r":23,"k":0,"d":17.2},"geometry":{"type":"MultiPolygon","coordinates":[[[[129.4130239,36.6122257],[129.4130656,36.6121041],[129.4131192,36.6121142],[129.413045,36.6122018],[129.4130239,36.6122257]]]]}},{"type":"Feature","properties":{"r":775,"k":0,"d":171.2},"geometry":{"type":"MultiPolygon","coordinates":[[[[129.4129502,36.6069364],[129.4128874,36.6068423],[129.4126938,36.6065842],[129.412661,36.6065942],[129.4125747,36.6064749],[129.412607,36.6064632],[129.412555,36.6063871],[129.4127107,36.6062888],[129.4128035,36.6063899],[129.413094,36.6068915],[129.413058,36.6068997],[129.4129502,36.6069364]]]]}},{"type":"Feature","properties":{"r":743,"k":0,"d":164.1},"geometry":{"type":"MultiPolygon","coordinates":[[[[129.41141,36.6243494],[129.4114018,36.6243541],[129.4112936,36.6242553],[129.4112346,36.6241744],[129.4112828,36.6241375],[129.4112792,36.6241008],[129.4113113,36.6240315],[129.4113895,36.6240048],[129.4114072,36.6240274],[129.4113341,36.6240581],[129.4113998,36.6241573],[129.4114714,36.6241753],[129.4113755,36.6242481],[129.4113812,36.6242918],[129.41141,36.6243494]]]]}},{"type":"Feature","properties":{"r":420,"k":0,"d":98.0},"geometry":{"type":"MultiPolygon","coordinates":[[[[129.4125236,36.6242201],[129.4124553,36.6242292],[129.4123518,36.6241899],[129.41231,36.6241033],[129.4123037,36.624034],[129.4123328,36.6239968],[129.4123613,36.6239827],[129.4123742,36.6239583],[129.4123864,36.6239981],[129.4124265,36.6240361],[129.4124707,36.6240343],[129.4124809,36.6241011],[129.4125127,36.6240997],[129.4125236,36.6242201]]]]}},{"type":"Feature","properties":{"r":167,"k":0,"d":52.8},"geometry":{"type":"MultiPolygon","coordinates":[[[[129.4114579,36.6174354],[129.4114354,36.6175056],[129.4114728,36.6177018],[129.4113733,36.617703],[129.4112088,36.6177079],[129.4111184,36.6176898],[129.4110831,36.6177143],[129.4110619,36.6175316],[129.4110624,36.6173689],[129.4109522,36.6172307],[129.4110486,36.6171727],[129.4111115,36.6171463],[129.4115112,36.6171178],[129.4115405,36.6172217],[129.4115609,36.617365],[129.4114579,36.6174354]]]]}},{"type":"Feature","properties":{"r":92,"k":0,"d":38.5},"geometry":{"type":"MultiPolygon","coordinates":[[[[129.4119418,36.6158901],[129.4119418,36.6159447],[129.411886,36.6159384],[129.4118859,36.6158838],[129.4119418,36.6158901]]]]}},{"type":"Feature","properties":{"r":631,"k":0,"d":141.1},"geometry":{"type":"MultiPolygon","coordinates":[[[[129.4104963,36.6163295],[129.4105893,36.6159804],[129.4107097,36.6159822],[129.4106876,36.6160322],[129.4106354,36.6160679],[129.4106887,36.6161177],[129.4106808,36.6161961],[129.4107362,36.6162183],[129.4107067,36.6162735],[129.4105562,36.6163302],[129.4104963,36.6163295]]]]}},{"type":"Feature","properties":{"r":622,"k":0,"d":139.2},"geometry":{"type":"MultiPolygon","coordinates":[[[[129.4114453,36.6131563],[129.4112809,36.6131644],[129.4113908,36.6127558],[129.4114667,36.6124947],[129.4114713,36.6126091],[129.4114453,36.6131563]]]]}},{"type":"Feature","properties":{"r":426,"k":0,"d":99.1},"geometry":{"type":"MultiPolygon","coordinates":[[[[129.412348,36.6114398],[129.4123132,36.6114348],[129.4123435,36.6112467],[129.4124175,36.6112616],[129.412402,36.6113013],[129.4123934,36.6113023],[129.4123537,36.6113848],[129.412348,36.6114398]]]]}},{"type":"Feature","properties":{"r":134,"k":0,"d":46.4},"geometry":{"type":"MultiPolygon","coordinates":[[[[129.4117073,36.6205543],[129.4117093,36.6205705],[129.4116892,36.6205736],[129.411687,36.6205693],[129.4115823,36.6205182],[129.4116131,36.620503],[129.4117073,36.6205543]]]]}},{"type":"Feature","properties":{"r":125,"k":0,"d":45.0},"geometry":{"type":"MultiPolygon","coordinates":[[[[129.4116401,36.6197405],[129.4116353,36.6195763],[129.4116641,36.6195648],[129.4116709,36.6197344],[129.4116401,36.6197405]]]]}},{"type":"Feature","properties":{"r":798,"k":0,"d":175.7},"geometry":{"type":"MultiPolygon","coordinates":[[[[129.4108384,36.6240126],[129.4107714,36.6240329],[129.4107264,36.6240074],[129.4107584,36.6239324],[129.410812,36.6238455],[129.4108271,36.6238118],[129.4109593,36.6238098],[129.4109587,36.623874],[129.4108582,36.6238995],[129.4108814,36.6239827],[129.4108384,36.6240126]]]]}},{"type":"Feature","properties":{"r":150,"k":0,"d":50.5},"geometry":{"type":"MultiPolygon","coordinates":[[[[129.411413,36.6189182],[129.4114103,36.6189053],[129.4114261,36.6189004],[129.411413,36.6189182]]]]}},{"type":"Feature","properties":{"r":182,"k":0,"d":56.4},"geometry":{"type":"MultiPolygon","coordinates":[[[[129.4108845,36.6186749],[129.4108467,36.6186217],[129.4108388,36.6185976],[129.4108438,36.6185267],[129.4108744,36.6184297],[129.4109002,36.6184171],[129.4109376,36.6183644],[129.4109629,36.6182861],[129.4109592,36.6182246],[129.411128,36.618222],[129.411184,36.6182443],[129.4111647,36.6183176],[129.4113886,36.6183329],[129.411382,36.6184143],[129.4113762,36.6185359],[129.4110711,36.6185171],[129.4110403,36.6186223],[129.4108845,36.6186749]]]]}},{"type":"Feature","properties":{"r":253,"k":0,"d":74.0},"geometry":{"type":"MultiPolygon","coordinates":[[[[129.412746,36.6108886],[129.4128618,36.6105213],[129.4129165,36.610532],[129.4128067,36.6108979],[129.412746,36.6108886]]]]}},{"type":"Feature","properties":{"r":560,"k":0,"d":126.5},"geometry":{"type":"MultiPolygon","coordinates":[[[[129.4107728,36.6227329],[129.4106753,36.6227281],[129.4105731,36.6227321],[129.4105253,36.6227105],[129.4104886,36.6226704],[129.4105206,36.6226339],[129.4105676,36.6226219],[129.4105339,36.6225552],[129.4104884,36.6224545],[129.410502,36.6224356],[129.4104236,36.6223631],[129.410481,36.622337],[129.4104929,36.6223622],[129.4106361,36.6224424],[129.4106767,36.6223934],[129.410705,36.6224783],[129.4107537,36.6226656],[129.4107728,36.6227329]]]]}},{"type":"Feature","properties":{"r":489,"k":0,"d":108.7},"geometry":{"type":"MultiPolygon","coordinates":[[[[129.4127956,36.609647],[129.412774,36.6096508],[129.412757,36.6095374],[129.4127806,36.609419],[129.412962,36.609102],[129.4130374,36.6090318],[129.4130605,36.6090339],[129.4130489,36.6090723],[129.4129615,36.6091765],[129.4128692,36.6093395],[129.4127978,36.6094519],[129.4127956,36.609647]]]]}},{"type":"Feature","properties":{"r":581,"k":0,"d":132.0},"geometry":{"type":"MultiPolygon","coordinates":[[[[129.4131787,36.6075345],[129.4131967,36.6075281],[129.4132176,36.607585],[129.4132188,36.6076052],[129.4131787,36.6075345]]]]}},{"type":"Feature","properties":{"r":8,"k":0,"d":10.6},"geometry":{"type":"MultiPolygon","coordinates":[[[[129.4126195,36.6142428],[129.4125912,36.6143159],[129.4124563,36.6144201],[129.4119045,36.6144257],[129.4119256,36.6140982],[129.4121579,36.6141001],[129.4121666,36.6142624],[129.4123608,36.6142552],[129.4126195,36.6142428]]]]}},{"type":"Feature","properties":{"r":766,"k":0,"d":169.2},"geometry":{"type":"MultiPolygon","coordinates":[[[[129.4108247,36.6141609],[129.4107827,36.6141673],[129.4107857,36.6141248],[129.4108039,36.6141371],[129.4108108,36.614139],[129.4108247,36.6141609]]]]}},{"type":"Feature","properties":{"r":329,"k":0,"d":85.5},"geometry":{"type":"MultiPolygon","coordinates":[[[[129.411856,36.6139204],[129.4118241,36.6139168],[129.4118426,36.6137751],[129.4118517,36.613731],[129.4118595,36.6137348],[129.4118831,36.6137353],[129.411856,36.6139204]]]]}},{"type":"Feature","properties":{"r":355,"k":0,"d":89.2},"geometry":{"type":"MultiPolygon","coordinates":[[[[129.4134044,36.6086531],[129.4133858,36.608652],[129.4133884,36.6086375],[129.4133936,36.6085509],[129.4134313,36.6084715],[129.4134044,36.6086531]]]]}},{"type":"Feature","properties":{"r":350,"k":0,"d":88.6},"geometry":{"type":"MultiPolygon","coordinates":[[[[129.4110069,36.6208603],[129.4110123,36.6207976],[129.4110585,36.6207298],[129.4111879,36.6207673],[129.4112017,36.620802],[129.4112338,36.6208316],[129.4111522,36.6208651],[129.4111432,36.6208786],[129.4110354,36.6208613],[129.4110069,36.6208603]]]]}},{"type":"Feature","properties":{"r":103,"k":0,"d":42.3},"geometry":{"type":"MultiPolygon","coordinates":[[[[129.4117114,36.6207205],[129.411709,36.6206129],[129.411753,36.6207001],[129.4117333,36.6207233],[129.4117447,36.6207742],[129.4117377,36.6208338],[129.4117145,36.6208412],[129.4117114,36.6207205]]]]}},{"type":"Feature","properties":{"r":613,"k":0,"d":136.8},"geometry":{"type":"MultiPolygon","coordinates":[[[[129.4131967,36.6075281],[129.4131787,36.6075345],[129.4131363,36.6074005],[129.4131363,36.6073549],[129.4131967,36.6075281]]]]}},{"type":"Feature","properties":{"r":710,"k":0,"d":158.6},"geometry":{"type":"MultiPolygon","coordinates":[[[[129.4130157,36.6073615],[129.4130018,36.6073674],[129.4129672,36.6072445],[129.4129712,36.6072429],[129.4129871,36.6072793],[129.4130157,36.6073615]]]]}},{"type":"Feature","properties":{"r":565,"k":0,"d":127.6},"geometry":{"type":"MultiPolygon","coordinates":[[[[129.4121508,36.6243286],[129.4121244,36.6242424],[129.4122305,36.6242239],[129.4122745,36.624229],[129.4122739,36.6243397],[129.4122049,36.624359],[129.4121712,36.6243228],[129.4121508,36.6243286]]]]}},{"type":"Feature","properties":{"r":352,"k":0,"d":88.9},"geometry":{"type":"MultiPolygon","coordinates":[[[[129.4125696,36.6242051],[129.4125268,36.6242201],[129.4125236,36.6242201],[129.4125004,36.6239495],[129.4125844,36.6239732],[129.4126076,36.6240147],[129.4126071,36.6240696],[129.4125696,36.6242051]]]]}},{"type":"Feature","properties":{"r":802,"k":0,"d":177.6},"geometry":{"type":"MultiPolygon","coordinates":[[[[129.4121992,36.6248119],[129.4121484,36.6247729],[129.4122179,36.6247434],[129.4122531,36.6247907],[129.4121992,36.6248119]]]]}},{"type":"Feature","properties":{"r":27,"k":0,"d":19.9},"geometry":{"type":"MultiPolygon","coordinates":[[[[129.4123847,36.6147254],[129.4123647,36.6148179],[129.4119518,36.6148338],[129.4119637,36.6145618],[129.4122261,36.6145606],[129.4123847,36.6147254]]]]}},{"type":"Feature","properties":{"r":193,"k":0,"d":59.0},"geometry":{"type":"MultiPolygon","coordinates":[[[[129.4113432,36.6207126],[129.4113883,36.6206801],[129.4114109,36.6206568],[129.411368,36.6205985],[129.4113618,36.6205743],[129.4113587,36.6205256],[129.4113919,36.6205233],[129.4113928,36.6205807],[129.4114138,36.6206075],[129.4114087,36.6206207],[129.4114735,36.6206551],[129.411518,36.620661],[129.41154,36.620652],[129.4115661,36.6207132],[129.4114883,36.6208059],[129.4113986,36.6207985],[129.4113695,36.6208037],[129.4113188,36.6207351],[129.4113448,36.6207209],[129.4113406,36.620714],[129.4113432,36.6207126]]]]}},{"type":"Feature","properties":{"r":332,"k":0,"d":85.8},"geometry":{"type":"MultiPolygon","coordinates":[[[[129.4110484,36.6214303],[129.4109933,36.6213559],[129.410964,36.6212664],[129.4109598,36.6212341],[129.4110468,36.6212132],[129.4110868,36.6212462],[129.4112205,36.621212],[129.4112451,36.6212153],[129.4112399,36.6213094],[129.4112552,36.6213677],[129.4112191,36.6213838],[129.4110968,36.6214116],[129.4110484,36.6214303]]]]}},{"type":"Feature","properties":{"r":598,"k":0,"d":135.1},"geometry":{"type":"MultiPolygon","coordinates":[[[[129.4105511,36.617986],[129.4104669,36.6181173],[129.4104982,36.6179663],[129.4105511,36.617986]]]]}},{"type":"Feature","properties":{"r":690,"k":0,"d":153.9},"geometry":{"type":"MultiPolygon","coordinates":[[[[129.4104369,36.6169885],[129.4104371,36.6168753],[129.410423,36.6167829],[129.4104317,36.6167803],[129.4104583,36.6168777],[129.4104714,36.6169854],[129.4104369,36.6169885]]]]}},{"type":"Feature","properties":{"r":472,"k":0,"d":105.6},"geometry":{"type":"MultiPolygon","coordinates":[[[[129.4116737,36.613718],[129.411717,36.6134231],[129.4117278,36.6131534],[129.4117616,36.6131535],[129.4118044,36.6131465],[129.4117984,36.61327],[129.4117745,36.6133303],[129.4117325,36.6134852],[129.4116737,36.613718]]]]}},{"type":"Feature","properties":{"r":450,"k":0,"d":102.2},"geometry":{"type":"MultiPolygon","coordinates":[[[[129.4121706,36.6118407],[129.4122145,36.6116765],[129.4123077,36.6114658],[129.4123132,36.6114348],[129.412348,36.6114398],[129.4123194,36.6115485],[129.4122372,36.6117526],[129.4122224,36.6118484],[129.4121706,36.6118407]]]]}},{"type":"Feature","properties":{"r":704,"k":0,"d":157.8},"geometry":{"type":"MultiPolygon","coordinates":[[[[129.4103205,36.6202556],[129.4104213,36.6202349],[129.4104989,36.6202375],[129.4104356,36.6203338],[129.4104316,36.6203872],[129.4104138,36.620386],[129.4103592,36.6203148],[129.4103205,36.6202556]]]]}},{"type":"Feature","properties":{"r":859,"k":0,"d":188.3},"geometry":{"type":"MultiPolygon","coordinates":[[[[129.4094081,36.6207865],[129.409425,36.6207565],[129.4094636,36.6205998],[129.4095002,36.6205513],[129.4096097,36.6205489],[129.4096461,36.6204633],[129.40974,36.6204622],[129.4098374,36.6204476],[129.4098536,36.6203995],[129.4100202,36.6204074],[129.4101277,36.6204313],[129.4099768,36.6205882],[129.4100282,36.6207439],[129.409996,36.6207137],[129.4099011,36.6207072],[129.4098609,36.6207372],[129.4097739,36.6207128],[129.4096717,36.6207663],[129.4095553,36.6208925],[129.4094801,36.6209636],[129.409466,36.6209853],[129.4094611,36.6208839],[129.4094081,36.6207865]]]]}},{"type":"Feature","properties":{"r":276,"k":0,"d":77.6},"geometry":{"type":"MultiPolygon","coordinates":[[[[129.4116168,36.6153408],[129.4115599,36.615343],[129.411512,36.6153167],[129.4115274,36.6152427],[129.4115607,36.6151608],[129.411618,36.6152551],[129.4116168,36.6153408]]]]}},{"type":"Feature","properties":{"r":341,"k":0,"d":86.9},"geometry":{"type":"MultiPolygon","coordinates":[[[[129.4118898,36.6135504],[129.411985,36.6132209],[129.4120252,36.6132241],[129.4119148,36.613551],[129.4118898,36.6135504]]]]}},{"type":"Feature","properties":{"r":723,"k":0,"d":160.7},"geometry":{"type":"MultiPolygon","coordinates":[[[[129.4106604,36.6239006],[129.4105617,36.6239033],[129.4104734,36.6239018],[129.4103942,36.6237539],[129.4103708,36.6235945],[129.4105008,36.6236202],[129.4106125,36.6236678],[129.4107231,36.6236356],[129.4108255,36.6236798],[129.4108083,36.6237318],[129.4108798,36.6237298],[129.4109781,36.6237434],[129.4111045,36.6237341],[129.4111029,36.6237483],[129.4110062,36.6237756],[129.4108604,36.6237776],[129.4108271,36.6238118],[129.410812,36.6238455],[129.4107584,36.6239324],[129.4107057,36.6238993],[129.4106604,36.6239006]]]]}},{"type":"Feature","properties":{"r":269,"k":0,"d":76.0},"geometry":{"type":"MultiPolygon","coordinates":[[[[129.4124439,36.6118808],[129.412543,36.6115468],[129.4126169,36.6115588],[129.4125116,36.6118912],[129.4124439,36.6118808]]]]}},{"type":"Feature","properties":{"r":169,"k":0,"d":53.4},"geometry":{"type":"MultiPolygon","coordinates":[[[[129.4124568,36.6235309],[129.412428,36.6235459],[129.4123684,36.6234326],[129.4123976,36.6234212],[129.4124568,36.6235309]]]]}},{"type":"Feature","properties":{"r":410,"k":0,"d":96.8},"geometry":{"type":"MultiPolygon","coordinates":[[[[129.4113802,36.6234465],[129.411455,36.6233197],[129.4115506,36.6233198],[129.4115871,36.6233096],[129.411589,36.6233339],[129.4116112,36.623345],[129.4116062,36.623363],[129.4115537,36.6234641],[129.4115471,36.6234646],[129.4113802,36.6234465]]]]}},{"type":"Feature","properties":{"r":556,"k":0,"d":126.2},"geometry":{"type":"MultiPolygon","coordinates":[[[[129.4104669,36.6181173],[129.4105511,36.617986],[129.4105755,36.617995],[129.4106364,36.6181154],[129.4104615,36.6181433],[129.4104669,36.6181173]]]]}},{"type":"Feature","properties":{"r":2,"k":0,"d":0.0},"geometry":{"type":"MultiPolygon","coordinates":[[[[129.4118436,36.6176738],[129.4118454,36.6174588],[129.4118507,36.6174579],[129.4118396,36.6171647],[129.4118468,36.6170608],[129.4120893,36.6170304],[129.4121466,36.617653],[129.4118436,36.6176738]]]]}},{"type":"Feature","properties":{"r":633,"k":0,"d":141.6},"geometry":{"type":"MultiPolygon","coordinates":[[[[129.4108784,36.623308],[129.4108367,36.6232588],[129.4108691,36.6232152],[129.4108784,36.623308]]]]}},{"type":"Feature","properties":{"r":82,"k":0,"d":35.3},"geometry":{"type":"MultiPolygon","coordinates":[[[[129.4116814,36.6174846],[129.4116855,36.6171478],[129.4117082,36.6171504],[129.4117417,36.6174753],[129.4116814,36.6174846]]]]}},{"type":"Feature","properties":{"r":440,"k":0,"d":100.8},"geometry":{"type":"MultiPolygon","coordinates":[[[[129.410956,36.6171038],[129.4109253,36.6169938],[129.4109095,36.616994],[129.4109587,36.6167966],[129.4109631,36.6167488],[129.4109678,36.6167458],[129.4109858,36.6166734],[129.4110543,36.6170738],[129.4109873,36.6171034],[129.410956,36.6171038]]]]}},{"type":"Feature","properties":{"r":166,"k":0,"d":52.3},"geometry":{"type":"MultiPolygon","coordinates":[[[[129.411672,36.6227116],[129.4116334,36.6227221],[129.4116054,36.6227545],[129.4115484,36.6227798],[129.4115381,36.6227548],[129.4114837,36.6227533],[129.4114471,36.6227086],[129.4115744,36.6226526],[129.4115704,36.6226447],[129.4115925,36.6226287],[129.4115819,36.6226027],[129.4116132,36.6226239],[129.411672,36.6227116]]]]}},{"type":"Feature","properties":{"r":562,"k":0,"d":127.1},"geometry":{"type":"MultiPolygon","coordinates":[[[[129.4106586,36.6223392],[129.4106767,36.6223934],[129.4106361,36.6224424],[129.4104929,36.6223622],[129.410481,36.622337],[129.4105966,36.6222845],[129.4106586,36.6223392]]]]}},{"type":"Feature","properties":{"r":50,"k":0,"d":28.4},"geometry":{"type":"MultiPolygon","coordinates":[[[[129.4117033,36.622092],[129.4116809,36.6220128],[129.411676,36.6219208],[129.4117489,36.621911],[129.4117783,36.6220738],[129.4117033,36.622092]]]]}},{"type":"Feature","properties":{"r":4,"k":0,"d":3.8},"geometry":{"type":"MultiPolygon","coordinates":[[[[129.4120722,36.615711],[129.4120932,36.6151484],[129.4121564,36.6150205],[129.4123937,36.6149993],[129.4124265,36.6150687],[129.412458,36.6153013],[129.4123536,36.6157449],[129.4120722,36.615711]]]]}},{"type":"Feature","properties":{"r":199,"k":0,"d":60.2},"geometry":{"type":"MultiPolygon","coordinates":[[[[129.4118145,36.6151825],[129.4118176,36.6148395],[129.4118446,36.6148384],[129.4118427,36.6151819],[129.4118145,36.6151825]]]]}},{"type":"Feature","properties":{"r":299,"k":0,"d":81.3},"geometry":{"type":"MultiPolygon","coordinates":[[[[129.4111979,36.6216778],[129.4112207,36.6216607],[129.4112446,36.6216301],[129.4112977,36.6216233],[129.411301,36.621636],[129.4112432,36.6216476],[129.4112443,36.621671],[129.4112151,36.6216918],[129.4111979,36.6216778]]]]}},{"type":"Feature","properties":{"r":152,"k":0,"d":50.5},"geometry":{"type":"MultiPolygon","coordinates":[[[[129.4114543,36.6216404],[129.4114683,36.6215584],[129.4114668,36.62152],[129.4115971,36.6214514],[129.4116475,36.6214859],[129.411631,36.6216612],[129.4116083,36.6216714],[129.4115764,36.6216797],[129.4114543,36.6216404]]]]}},{"type":"Feature","properties":{"r":641,"k":0,"d":143.3},"geometry":{"type":"MultiPolygon","coordinates":[[[[129.4108097,36.6148392],[129.4107793,36.6148209],[129.4105978,36.6148648],[129.4105344,36.6149092],[129.410448,36.6148148],[129.4103867,36.6147358],[129.4104378,36.614721],[129.4105144,36.6146873],[129.4106787,36.6144982],[129.4108675,36.6144855],[129.4108836,36.6144926],[129.4108739,36.6145133],[129.4109181,36.6145719],[129.4109208,36.6146641],[129.410992,36.6147088],[129.4109231,36.6148609],[129.4108611,36.6148703],[129.4108097,36.6148392]]]]}},{"type":"Feature","properties":{"r":216,"k":0,"d":66.4},"geometry":{"type":"MultiPolygon","coordinates":[[[[129.4114543,36.6216404],[129.4114424,36.6216366],[129.411301,36.621636],[129.4112846,36.6215726],[129.4112602,36.6215153],[129.4113992,36.6214867],[129.4114668,36.62152],[129.4114683,36.6215584],[129.4114543,36.6216404]]]]}},{"type":"Feature","properties":{"r":855,"k":0,"d":186.9},"geometry":{"type":"MultiPolygon","coordinates":[[[[129.4101071,36.6207848],[129.4100537,36.6207677],[129.4100282,36.6207439],[129.4099768,36.6205882],[129.4101277,36.6204313],[129.4101333,36.6205238],[129.4101326,36.6205725],[129.4101215,36.6205745],[129.41012,36.6206053],[129.4101345,36.6206068],[129.4101367,36.6207193],[129.4101342,36.6207212],[129.4101071,36.6207848]]]]}},{"type":"Feature","properties":{"r":812,"k":0,"d":179.2},"geometry":{"type":"MultiPolygon","coordinates":[[[[129.4102167,36.6206155],[129.4102242,36.6206516],[129.4101367,36.6207193],[129.4101345,36.6206068],[129.4102167,36.6206155]]]]}},{"type":"Feature","properties":{"r":889,"k":0,"d":198.7},"geometry":{"type":"MultiPolygon","coordinates":[[[[129.4118798,36.6072576],[129.4118226,36.6071533],[129.4120029,36.6071196],[129.4122608,36.6070491],[129.4126549,36.6069103],[129.4127158,36.6070156],[129.4124419,36.6071037],[129.4120809,36.6072124],[129.4120222,36.6072198],[129.4118904,36.6072534],[129.4118798,36.6072576]]]]}},{"type":"Feature","properties":{"r":365,"k":0,"d":90.6},"geometry":{"type":"MultiPolygon","coordinates":[[[[129.4123742,36.6239583],[129.4124238,36.6239444],[129.4124639,36.6239397],[129.4125004,36.6239495],[129.4125127,36.6240997],[129.4124809,36.6241011],[129.4124707,36.6240343],[129.4124265,36.6240361],[129.4123864,36.6239981],[129.4123742,36.6239583]]]]}},{"type":"Feature","properties":{"r":72,"k":0,"d":33.5},"geometry":{"type":"MultiPolygon","coordinates":[[[[129.4112026,36.6189195],[129.4111121,36.6185981],[129.4110403,36.6186223],[129.4110711,36.6185171],[129.4113762,36.6185359],[129.411382,36.6184143],[129.4113935,36.6182737],[129.4115286,36.6182354],[129.4116174,36.6182215],[129.4116236,36.6187782],[129.4116205,36.6187856],[129.4114806,36.6188335],[129.4114246,36.6188455],[129.4114191,36.6188545],[129.4113418,36.6188798],[129.4112026,36.6189195]]]]}},{"type":"Feature","properties":{"r":87,"k":0,"d":37.6},"geometry":{"type":"MultiPolygon","coordinates":[[[[129.4116094,36.6224041],[129.4115711,36.6223852],[129.41146,36.6223935],[129.4114156,36.622287],[129.4114162,36.6222414],[129.4115179,36.6222214],[129.4116347,36.6222144],[129.4116956,36.6223782],[129.4116094,36.6224041]]]]}},{"type":"Feature","properties":{"r":677,"k":0,"d":152.1},"geometry":{"type":"MultiPolygon","coordinates":[[[[129.4107829,36.6140951],[129.4107934,36.6139967],[129.4108134,36.6138614],[129.4108618,36.613756],[129.4109139,36.6137785],[129.4109859,36.6137954],[129.411076,36.6134938],[129.4111018,36.6133747],[129.4111048,36.6131716],[129.4110871,36.6130975],[129.4111551,36.6131507],[129.4112262,36.6131615],[129.41122,36.6133765],[129.4111398,36.6136391],[129.411112,36.6138189],[129.4110353,36.6141009],[129.4109853,36.6141562],[129.4109187,36.6141467],[129.4108658,36.6141547],[129.4108108,36.614139],[129.4107829,36.6140951]]]]}},{"type":"Feature","properties":{"r":83,"k":0,"d":36.4},"geometry":{"type":"MultiPolygon","coordinates":[[[[129.4116665,36.6178238],[129.4116295,36.6178254],[129.4116297,36.6177914],[129.4116252,36.6177638],[129.4116139,36.6175363],[129.4116125,36.6172147],[129.4116378,36.6174907],[129.4116675,36.6177897],[129.4116665,36.6178238]]]]}},{"type":"Feature","properties":{"r":769,"k":0,"d":169.9},"geometry":{"type":"MultiPolygon","coordinates":[[[[129.4099926,36.6224093],[129.4099168,36.6224036],[129.4098368,36.6224235],[129.4097419,36.6224867],[129.4096559,36.6224972],[129.4095603,36.6225023],[129.4096586,36.6224053],[129.4095993,36.6223647],[129.4096493,36.622315],[129.4097147,36.6223042],[129.4097482,36.6222616],[129.4098224,36.6222751],[129.4098985,36.6222534],[129.4099759,36.6223435],[129.4101067,36.6222963],[129.4101788,36.6223242],[129.4101883,36.6223654],[129.4100925,36.6224378],[129.4100904,36.6224549],[129.4099926,36.6224093]]]]}},{"type":"Feature","properties":{"r":833,"k":0,"d":183.7},"geometry":{"type":"MultiPolygon","coordinates":[[[[129.4100892,36.6199562],[129.4100847,36.6198829],[129.4101428,36.6199185],[129.4100892,36.6199562]]]]}},{"type":"Feature","properties":{"r":444,"k":0,"d":101.4},"geometry":{"type":"MultiPolygon","coordinates":[[[[129.4112911,36.615373],[129.4112596,36.6153613],[129.4113648,36.6145264],[129.4113813,36.6145337],[129.4114901,36.6145229],[129.4115023,36.6145281],[129.4114896,36.6145321],[129.4114014,36.6149182],[129.4112911,36.615373]]]]}},{"type":"Feature","properties":{"r":663,"k":0,"d":148.5},"geometry":{"type":"MultiPolygon","coordinates":[[[[129.411027,36.6142861],[129.4110248,36.6142982],[129.4109796,36.6142616],[129.4109188,36.6142289],[129.4108985,36.6142217],[129.4109278,36.6142199],[129.411027,36.6142861]]]]}},{"type":"Feature","properties":{"r":389,"k":0,"d":94.7},"geometry":{"type":"MultiPolygon","coordinates":[[[[129.4127956,36.609647],[129.4127968,36.6095341],[129.412808,36.6095031],[129.4128191,36.6094337],[129.4128692,36.6093395],[129.4129068,36.60935],[129.4128334,36.6094471],[129.4128315,36.6095049],[129.4130036,36.6095299],[129.413003,36.6095388],[129.4129462,36.6097285],[129.4128529,36.6096968],[129.4127956,36.609647]]]]}},{"type":"Feature","properties":{"r":415,"k":0,"d":97.3},"geometry":{"type":"MultiPolygon","coordinates":[[[[129.4109002,36.6197594],[129.410936,36.6197616],[129.4109087,36.6198249],[129.4108949,36.6198972],[129.4109202,36.6200209],[129.4111148,36.6199949],[129.4111286,36.6200257],[129.4111797,36.6201205],[129.4110311,36.6201653],[129.4110573,36.6202778],[129.4110399,36.6203664],[129.4110098,36.6203579],[129.411022,36.6203286],[129.4108675,36.6203193],[129.4108707,36.6203399],[129.4107589,36.6203378],[129.4107295,36.6203435],[129.4107133,36.6203103],[129.410722,36.6202889],[129.410752,36.6202446],[129.4108332,36.6201586],[129.4108594,36.6201246],[129.4108768,36.6200893],[129.4108834,36.6200629],[129.410889,36.6200197],[129.4108805,36.6198708],[129.4109002,36.6197594]]]]}},{"type":"Feature","properties":{"r":467,"k":0,"d":105.1},"geometry":{"type":"MultiPolygon","coordinates":[[[[129.41048,36.6187583],[129.4104947,36.6186862],[129.4104557,36.6186297],[129.4106317,36.618585],[129.4108009,36.6185972],[129.410827,36.6186854],[129.4108006,36.6187001],[129.4106405,36.6187096],[129.4105927,36.6187257],[129.41048,36.6187583]]]]}},{"type":"Feature","properties":{"r":448,"k":0,"d":101.9},"geometry":{"type":"MultiPolygon","coordinates":[[[[129.4117679,36.6236623],[129.4116582,36.6236591],[129.4116573,36.6236492],[129.411616,36.6236464],[129.4116341,36.623619],[129.4116521,36.6235747],[129.4116638,36.6234813],[129.4116906,36.6234484],[129.411723,36.6234723],[129.4117096,36.62351],[129.4117121,36.6235432],[129.4117369,36.6235841],[129.4117577,36.6235811],[129.4117679,36.6236623]]]]}},{"type":"Feature","properties":{"r":536,"k":0,"d":119.6},"geometry":{"type":"MultiPolygon","coordinates":[[[[129.4106834,36.6183351],[129.4106276,36.6182354],[129.4106354,36.6181668],[129.4106535,36.6181627],[129.4106932,36.6182733],[129.4106976,36.6182885],[129.4106834,36.6183351]]]]}},{"type":"Feature","properties":{"r":143,"k":0,"d":48.8},"geometry":{"type":"MultiPolygon","coordinates":[[[[129.4125009,36.6235309],[129.4125342,36.6235165],[129.4125797,36.6235077],[129.4126176,36.6236301],[129.4125471,36.6236442],[129.4125009,36.6235309]]]]}},{"type":"Feature","properties":{"r":101,"k":0,"d":41.8},"geometry":{"type":"MultiPolygon","coordinates":[[[[129.4117637,36.6232598],[129.411673,36.6232987],[129.4116709,36.6232134],[129.4116236,36.6232248],[129.4115787,36.6231877],[129.4115131,36.6231667],[129.4114673,36.6229296],[129.4113317,36.6228353],[129.411311,36.6227783],[129.4115468,36.6228242],[129.4116555,36.6227415],[129.4117918,36.6227399],[129.411857,36.6227985],[129.4117898,36.6228753],[129.4117165,36.6228232],[129.4116186,36.6228576],[129.4117209,36.622922],[129.4116908,36.6231353],[129.4117637,36.6232598]]]]}},{"type":"Feature","properties":{"r":516,"k":0,"d":115.0},"geometry":{"type":"MultiPolygon","coordinates":[[[[129.4106868,36.6171893],[129.410682,36.6171268],[129.4107338,36.6168931],[129.4108139,36.6168427],[129.4108104,36.616887],[129.4108546,36.6169951],[129.4109095,36.616994],[129.4108704,36.617131],[129.4106909,36.6171897],[129.4106868,36.6171893]]]]}},{"type":"Feature","properties":{"r":119,"k":0,"d":44.3},"geometry":{"type":"MultiPolygon","coordinates":[[[[129.4116346,36.6224849],[129.4114407,36.6224299],[129.41146,36.6223935],[129.4115711,36.6223852],[129.4116094,36.6224041],[129.4116288,36.6224176],[129.4116413,36.6224451],[129.4116346,36.6224849]]]]}},{"type":"Feature","properties":{"r":618,"k":0,"d":137.9},"geometry":{"type":"MultiPolygon","coordinates":[[[[129.4101643,36.6222749],[129.4101281,36.6222269],[129.4100821,36.6222121],[129.4100422,36.6221719],[129.409969,36.6221587],[129.410011,36.6220314],[129.4100289,36.6220032],[129.4101863,36.6219748],[129.4103222,36.6219132],[129.4104657,36.6218626],[129.4104734,36.621967],[129.4105378,36.6220522],[129.4105209,36.6220515],[129.4105317,36.6221898],[129.4104723,36.6221915],[129.4103678,36.6222099],[129.4102999,36.6222246],[129.4101643,36.6222749]]]]}},{"type":"Feature","properties":{"r":376,"k":0,"d":92.6},"geometry":{"type":"MultiPolygon","coordinates":[[[[129.4129462,36.6097285],[129.4130483,36.6093872],[129.4130775,36.6093949],[129.412968,36.6097359],[129.4129462,36.6097285]]]]}},{"type":"Feature","properties":{"r":81,"k":0,"d":35.0},"geometry":{"type":"MultiPolygon","coordinates":[[[[129.4115411,36.6221853],[129.4115218,36.6220772],[129.411613,36.6220679],[129.4116125,36.6220627],[129.4116427,36.6220586],[129.411665,36.6220948],[129.411682,36.6221652],[129.4115411,36.6221853]]]]}},{"type":"Feature","properties":{"r":154,"k":0,"d":50.8},"geometry":{"type":"MultiPolygon","coordinates":[[[[129.4115217,36.6220667],[129.4113338,36.6220864],[129.4113126,36.6219598],[129.411505,36.6219302],[129.4115217,36.6220667]]]]}},{"type":"Feature","properties":{"r":102,"k":0,"d":42.2},"geometry":{"type":"MultiPolygon","coordinates":[[[[129.4116656,36.6217546],[129.4116598,36.6217132],[129.4116648,36.6216441],[129.4117366,36.6216221],[129.4117412,36.6217507],[129.4116656,36.6217546]]]]}},{"type":"Feature","properties":{"r":194,"k":0,"d":59.2},"geometry":{"type":"MultiPolygon","coordinates":[[[[129.4114932,36.6212738],[129.4114376,36.621244],[129.4113943,36.6211793],[129.4113277,36.6211746],[129.4112952,36.621156],[129.4113166,36.6211452],[129.4113549,36.621105],[129.4114475,36.6211038],[129.4115572,36.6210988],[129.4115472,36.6212318],[129.4114932,36.6212738]]]]}},{"type":"Feature","properties":{"r":342,"k":0,"d":86.9},"geometry":{"type":"MultiPolygon","coordinates":[[[[129.4118831,36.6137353],[129.4118595,36.6137348],[129.4118517,36.613731],[129.4118867,36.6135612],[129.4118898,36.6135504],[129.4119148,36.613551],[129.4118831,36.6137353]]]]}},{"type":"Feature","properties":{"r":764,"k":0,"d":168.5},"geometry":{"type":"MultiPolygon","coordinates":[[[[129.4129315,36.6071521],[129.4129209,36.6071277],[129.4128797,36.6070701],[129.4129773,36.6070379],[129.4130287,36.6071193],[129.4129315,36.6071521]]]]}},{"type":"Feature","properties":{"r":568,"k":0,"d":127.9},"geometry":{"type":"MultiPolygon","coordinates":[[[[129.4104378,36.61945],[129.4103254,36.619444],[129.410308,36.6194408],[129.410316,36.6193734],[129.4102926,36.6192246],[129.410375,36.618851],[129.410339,36.6187522],[129.4103428,36.6187335],[129.4104462,36.6187773],[129.41048,36.6187583],[129.4105698,36.6187323],[129.4105616,36.6187818],[129.4105572,36.6188722],[129.4105382,36.6189503],[129.410488,36.6191829],[129.4104603,36.6192949],[129.4104378,36.61945]]]]}},{"type":"Feature","properties":{"r":737,"k":0,"d":163.0},"geometry":{"type":"MultiPolygon","coordinates":[[[[129.4118103,36.6245137],[129.4116835,36.6245153],[129.4116095,36.6245473],[129.4115676,36.6245301],[129.4114432,36.6243758],[129.4115096,36.6243617],[129.4115661,36.6243353],[129.4116704,36.6243022],[129.4117722,36.6243077],[129.4117629,36.6243581],[129.4117358,36.6243577],[129.4117532,36.6244091],[129.4118103,36.6245137]]]]}},{"type":"Feature","properties":{"r":522,"k":0,"d":116.4},"geometry":{"type":"MultiPolygon","coordinates":[[[[129.4125627,36.6244134],[129.4125489,36.624406],[129.412543,36.6244044],[129.4125373,36.6243881],[129.4125264,36.6242502],[129.4125372,36.6242493],[129.4125627,36.6244134]]]]}},{"type":"Feature","properties":{"r":748,"k":0,"d":164.4},"geometry":{"type":"MultiPolygon","coordinates":[[[[129.4114714,36.6241753],[129.4113998,36.6241573],[129.4113341,36.6240581],[129.4114072,36.6240274],[129.4114414,36.624071],[129.411461,36.6241206],[129.411513,36.6241437],[129.4114714,36.6241753]]]]}},{"type":"Feature","properties":{"r":451,"k":0,"d":102.5},"geometry":{"type":"MultiPolygon","coordinates":[[[[129.4123336,36.6241517],[129.4122326,36.6241638],[129.4121556,36.6241582],[129.4121092,36.6241273],[129.4121151,36.6240912],[129.412141,36.6240401],[129.4121666,36.6240179],[129.4121749,36.6240222],[129.4122181,36.6240129],[129.4123246,36.6239779],[129.4123037,36.624034],[129.41231,36.6241033],[129.4123336,36.6241517]]]]}},{"type":"Feature","properties":{"r":653,"k":0,"d":146.5},"geometry":{"type":"MultiPolygon","coordinates":[[[[129.4126389,36.6246675],[129.4125777,36.6247181],[129.4125585,36.6247563],[129.4125216,36.6247675],[129.4124944,36.6247682],[129.4124647,36.6247434],[129.4124499,36.6247061],[129.4124469,36.6246803],[129.4124269,36.6246309],[129.4124355,36.6245849],[129.4124947,36.6245772],[129.4125666,36.6245873],[129.4126033,36.6246044],[129.4126355,36.6246457],[129.4126389,36.6246675]]]]}},{"type":"Feature","properties":{"r":873,"k":0,"d":193.4},"geometry":{"type":"MultiPolygon","coordinates":[[[[129.4116926,36.6246838],[129.4116852,36.6246874],[129.4115705,36.6247059],[129.411558,36.6247117],[129.4115431,36.6246074],[129.4115073,36.6245884],[129.4114566,36.6245457],[129.4115546,36.6245252],[129.4115676,36.6245301],[129.4116926,36.6246838]]]]}},{"type":"Feature","properties":{"r":316,"k":0,"d":83.5},"geometry":{"type":"MultiPolygon","coordinates":[[[[129.4128138,36.6105122],[129.412692,36.6108804],[129.4126791,36.6108784],[129.4127056,36.6107414],[129.4127594,36.610541],[129.4127735,36.6105042],[129.4128138,36.6105122]]]]}},{"type":"Feature","properties":{"r":794,"k":0,"d":175.0},"geometry":{"type":"MultiPolygon","coordinates":[[[[129.4110267,36.6120928],[129.410859,36.6120315],[129.4107989,36.6119689],[129.4106948,36.6119807],[129.4106168,36.6120065],[129.4104827,36.6119705],[129.410323,36.6119842],[129.4103003,36.6119623],[129.4101945,36.6120342],[129.4102324,36.6119144],[129.4103428,36.6117635],[129.410492,36.6117203],[129.4107398,36.6118283],[129.4111185,36.6118932],[129.41131,36.6118785],[129.4113365,36.6120598],[129.4112718,36.6120725],[129.4111495,36.6120574],[129.4110267,36.6120928]]]]}},{"type":"Feature","properties":{"r":662,"k":0,"d":148.3},"geometry":{"type":"MultiPolygon","coordinates":[[[[129.4115113,36.6240695],[129.4114963,36.624086],[129.411513,36.6241437],[129.411461,36.6241206],[129.4114414,36.624071],[129.4113895,36.6240048],[129.4114253,36.6239415],[129.4115197,36.6239078],[129.4115248,36.624055],[129.4115113,36.6240695]]]]}},{"type":"Feature","properties":{"r":870,"k":0,"d":192.4},"geometry":{"type":"MultiPolygon","coordinates":[[[[129.4100871,36.6229128],[129.4099315,36.622968],[129.409689,36.6229881],[129.4098819,36.6229229],[129.4100577,36.6228324],[129.4100871,36.6229128]]]]}},{"type":"Feature","properties":{"r":572,"k":0,"d":128.1},"geometry":{"type":"MultiPolygon","coordinates":[[[[129.4107433,36.6165645],[129.4107492,36.6164493],[129.4107494,36.6164028],[129.4107974,36.6164551],[129.4108441,36.6164809],[129.4108385,36.6165279],[129.4107433,36.6165645]]]]}},{"type":"Feature","properties":{"r":540,"k":0,"d":121.2},"geometry":{"type":"MultiPolygon","coordinates":[[[[129.4122736,36.6101567],[129.4121704,36.6096755],[129.4121406,36.6094456],[129.412206,36.6094509],[129.4122973,36.6094443],[129.4123336,36.6094296],[129.4123571,36.6097334],[129.4124309,36.6101948],[129.4124403,36.6103253],[129.412365,36.6103291],[129.4123101,36.6102819],[129.4122736,36.6101567]]]]}},{"type":"Feature","properties":{"r":424,"k":0,"d":98.8},"geometry":{"type":"MultiPolygon","coordinates":[[[[129.4119178,36.613045],[129.4119756,36.6128595],[129.4119798,36.6128597],[129.4119379,36.6130452],[129.4119178,36.613045]]]]}},{"type":"Feature","properties":{"r":140,"k":0,"d":48.3},"geometry":{"type":"MultiPolygon","coordinates":[[[[129.4134193,36.608917],[129.4138082,36.6089843],[129.4136281,36.6090019],[129.4135013,36.60899],[129.4134026,36.6089726],[129.4134193,36.608917]]]]}},{"type":"Feature","properties":{"r":73,"k":0,"d":33.7},"geometry":{"type":"MultiPolygon","coordinates":[[[[129.4114806,36.6188335],[129.4116205,36.6187856],[129.4115987,36.6188376],[129.4115081,36.6188277],[129.4114806,36.6188335]]]]}},{"type":"Feature","properties":{"r":844,"k":0,"d":184.4},"geometry":{"type":"MultiPolygon","coordinates":[[[[129.412912,36.6069494],[129.4128164,36.606982],[129.4127499,36.6068776],[129.4128431,36.6068491],[129.412912,36.6069494]]]]}},{"type":"Feature","properties":{"r":185,"k":0,"d":56.9},"geometry":{"type":"MultiPolygon","coordinates":[[[[129.4125002,36.6237949],[129.4125133,36.6237717],[129.4124871,36.6236803],[129.4125427,36.6236681],[129.4126259,36.6236447],[129.4126586,36.6237183],[129.412657,36.6237748],[129.4126371,36.623881],[129.4126138,36.6239219],[129.4125639,36.6239441],[129.4125156,36.6239391],[129.4125159,36.6239271],[129.4125002,36.6237949]]]]}},{"type":"Feature","properties":{"r":317,"k":0,"d":83.6},"geometry":{"type":"MultiPolygon","coordinates":[[[[129.4120879,36.6238432],[129.4120461,36.6238322],[129.4119985,36.6238152],[129.4119685,36.6237632],[129.4119491,36.6237131],[129.4119479,36.6236658],[129.4119571,36.623663],[129.4119692,36.623673],[129.4120231,36.6236897],[129.4121588,36.6236539],[129.4122037,36.623655],[129.4121688,36.623739],[129.4121407,36.6237957],[129.4121281,36.6238487],[129.4120879,36.6238432]]]]}},{"type":"Feature","properties":{"r":78,"k":0,"d":34.8},"geometry":{"type":"MultiPolygon","coordinates":[[[[129.4114261,36.6189004],[129.4114103,36.6189053],[129.4114046,36.6188787],[129.4114246,36.6188455],[129.4115081,36.6188277],[129.4115987,36.6188376],[129.4116032,36.6188458],[129.4114261,36.6189004]]]]}},{"type":"Feature","properties":{"r":224,"k":0,"d":68.6},"geometry":{"type":"MultiPolygon","coordinates":[[[[129.412484,36.6238278],[129.41246,36.6236876],[129.4124871,36.6236803],[129.4125002,36.6237949],[129.412484,36.6238278]]]]}},{"type":"Feature","properties":{"r":202,"k":0,"d":60.8},"geometry":{"type":"MultiPolygon","coordinates":[[[[129.4124579,36.6236629],[129.4123237,36.6236914],[129.4122655,36.6236826],[129.412228,36.6236553],[129.4122625,36.6235642],[129.4123276,36.6235741],[129.4123709,36.6235757],[129.412428,36.6235459],[129.4124579,36.6236629]]]]}},{"type":"Feature","properties":{"r":168,"k":0,"d":53.3},"geometry":{"type":"MultiPolygon","coordinates":[[[[129.4122665,36.6234534],[129.412203,36.6234022],[129.4123015,36.6233216],[129.4123583,36.623412],[129.4122665,36.6234534]]]]}},{"type":"Feature","properties":{"r":97,"k":0,"d":40.7},"geometry":{"type":"MultiPolygon","coordinates":[[[[129.4115609,36.617365],[129.4115405,36.6172217],[129.4115112,36.6171178],[129.411608,36.6171393],[129.4116125,36.6172147],[129.4116139,36.6175363],[129.4116252,36.6177638],[129.4115609,36.617365]]]]}},{"type":"Feature","properties":{"r":397,"k":0,"d":95.4},"geometry":{"type":"MultiPolygon","coordinates":[[[[129.4125356,36.6109602],[129.4125251,36.6109559],[129.412614,36.610704],[129.4126223,36.6107082],[129.4125356,36.6109602]]]]}},{"type":"Feature","properties":{"r":139,"k":0,"d":48.2},"geometry":{"type":"MultiPolygon","coordinates":[[[[129.4120648,36.623119],[129.4120282,36.6231399],[129.4119153,36.6231818],[129.4118511,36.6230902],[129.4118469,36.6230455],[129.4119526,36.622986],[129.412019,36.6230864],[129.4120259,36.623084],[129.4120459,36.6230954],[129.4120648,36.623119]]]]}},{"type":"Feature","properties":{"r":170,"k":0,"d":53.9},"geometry":{"type":"MultiPolygon","coordinates":[[[[129.4115957,36.6225923],[129.4115819,36.6226027],[129.411509,36.6225464],[129.4113755,36.6225971],[129.4113123,36.6224775],[129.4114407,36.6224299],[129.411439,36.6224576],[129.4114567,36.6224899],[129.4115957,36.6225923]]]]}},{"type":"Feature","properties":{"r":257,"k":0,"d":74.4},"geometry":{"type":"MultiPolygon","coordinates":[[[[129.4133214,36.609244],[129.4133699,36.6090865],[129.4134227,36.6091023],[129.4133743,36.6092553],[129.4133214,36.609244]]]]}},{"type":"Feature","properties":{"r":793,"k":0,"d":175.0},"geometry":{"type":"MultiPolygon","coordinates":[[[[129.4105052,36.6143379],[129.4105638,36.6142099],[129.4106106,36.6141503],[129.4106553,36.6141273],[129.4107552,36.6141714],[129.4107196,36.6141768],[129.4106831,36.6141583],[129.4106325,36.6142332],[129.4105935,36.6142975],[129.4105052,36.6143379]]]]}},{"type":"Feature","properties":{"r":453,"k":0,"d":103.0},"geometry":{"type":"MultiPolygon","coordinates":[[[[129.4133457,36.6080725],[129.4132896,36.6078705],[129.4133042,36.6078235],[129.4133803,36.6081038],[129.4133457,36.6080725]]]]}},{"type":"Feature","properties":{"r":790,"k":0,"d":174.5},"geometry":{"type":"MultiPolygon","coordinates":[[[[129.4119696,36.607444],[129.4120565,36.6074141],[129.4122922,36.6073503],[129.4125523,36.6072766],[129.412814,36.6071896],[129.4128621,36.6072863],[129.4127326,36.6073369],[129.412482,36.6074074],[129.4122823,36.6074716],[129.4120851,36.6075275],[129.4120273,36.6075425],[129.4120146,36.6075472],[129.4119696,36.607444]]]]}},{"type":"Feature","properties":{"r":888,"k":0,"d":198.3},"geometry":{"type":"MultiPolygon","coordinates":[[[[129.4131172,36.60603],[129.4131037,36.6059862],[129.4131625,36.6059494],[129.4131793,36.606002],[129.4131172,36.60603]]]]}},{"type":"Feature","properties":{"r":383,"k":0,"d":93.5},"geometry":{"type":"MultiPolygon","coordinates":[[[[129.4133877,36.607075],[129.4132508,36.606845],[129.4132631,36.6067745],[129.4132735,36.6067356],[129.4132786,36.6066697],[129.4132824,36.6065057],[129.4132889,36.6064311],[129.4133835,36.6064238],[129.413249,36.6059536],[129.4135281,36.6057755],[129.4136017,36.6059315],[129.4136789,36.6060796],[129.4138069,36.606251],[129.4140577,36.6066257],[129.4140444,36.6066931],[129.413994,36.6067765],[129.4139941,36.6068447],[129.4138578,36.6069083],[129.4137854,36.6069364],[129.4136402,36.6069968],[129.4133877,36.607075]]]]}},{"type":"Feature","properties":{"r":869,"k":0,"d":192.3},"geometry":{"type":"MultiPolygon","coordinates":[[[[129.4127158,36.6070156],[129.4126549,36.6069103],[129.4127341,36.6068825],[129.412802,36.6069869],[129.4127158,36.6070156]]]]}},{"type":"Feature","properties":{"r":660,"k":0,"d":147.4},"geometry":{"type":"MultiPolygon","coordinates":[[[[129.4120071,36.6244165],[129.4119622,36.624438],[129.4119495,36.6244483],[129.411897,36.6244089],[129.4118815,36.6243828],[129.4118642,36.6243651],[129.4118391,36.6243205],[129.4118327,36.6242998],[129.4118976,36.6242912],[129.4119808,36.6242726],[129.4120227,36.6243614],[129.4120071,36.6244165]]]]}},{"type":"Feature","properties":{"r":726,"k":0,"d":161.1},"geometry":{"type":"MultiPolygon","coordinates":[[[[129.4115842,36.6242961],[129.4115658,36.624261],[129.4115734,36.6241663],[129.411604,36.624167],[129.4117155,36.6242449],[129.4117344,36.6242781],[129.411682,36.6242763],[129.4115842,36.6242961]]]]}},{"type":"Feature","properties":{"r":527,"k":0,"d":117.5},"geometry":{"type":"MultiPolygon","coordinates":[[[[129.4122268,36.6242056],[129.4121556,36.6241582],[129.4122326,36.6241638],[129.4123336,36.6241517],[129.4123518,36.6241899],[129.4122268,36.6242056]]]]}},{"type":"Feature","properties":{"r":37,"k":0,"d":22.8},"geometry":{"type":"MultiPolygon","coordinates":[[[[129.4133092,36.6109732],[129.4128067,36.6108979],[129.4129165,36.610532],[129.4133933,36.6106215],[129.4134348,36.6107452],[129.4134153,36.6108503],[129.413342,36.6109783],[129.4133092,36.6109732]]]]}},{"type":"Feature","properties":{"r":817,"k":0,"d":180.2},"geometry":{"type":"MultiPolygon","coordinates":[[[[129.4137368,36.6052399],[129.4137751,36.6053365],[129.4138331,36.6055222],[129.413685,36.6056144],[129.4135673,36.6053176],[129.4137368,36.6052399]]]]}},{"type":"Feature","properties":{"r":212,"k":0,"d":65.9},"geometry":{"type":"MultiPolygon","coordinates":[[[[129.4112443,36.621671],[129.411278,36.6216754],[129.4112927,36.6216609],[129.4114268,36.6216563],[129.4114737,36.621675],[129.4114744,36.6217126],[129.4114797,36.6217761],[129.4113179,36.621798],[129.4112954,36.6217869],[129.4112591,36.621782],[129.4112352,36.6217365],[129.4112244,36.6216995],[129.4111979,36.6216778],[129.4112151,36.6216918],[129.4112443,36.621671]]]]}},{"type":"Feature","properties":{"r":110,"k":0,"d":42.9},"geometry":{"type":"MultiPolygon","coordinates":[[[[129.411676,36.6219208],[129.4116729,36.621857],[129.411669,36.6217946],[129.4116718,36.6217943],[129.4116763,36.6218569],[129.4116802,36.6219202],[129.411676,36.6219208]]]]}},{"type":"Feature","properties":{"r":687,"k":0,"d":153.0},"geometry":{"type":"MultiPolygon","coordinates":[[[[129.410405,36.6171613],[129.4103866,36.6171595],[129.4104104,36.6170851],[129.4104346,36.6170385],[129.4104369,36.6169885],[129.4104714,36.6169854],[129.4104752,36.6170161],[129.410405,36.6171613]]]]}},{"type":"Feature","properties":{"r":643,"k":0,"d":143.7},"geometry":{"type":"MultiPolygon","coordinates":[[[[129.4107579,36.6160279],[129.4107054,36.6160815],[129.4106887,36.6161177],[129.4106354,36.6160679],[129.4106876,36.6160322],[129.4107097,36.6159822],[129.4107579,36.6160279]]]]}},{"type":"Feature","properties":{"r":392,"k":0,"d":95.0},"geometry":{"type":"MultiPolygon","coordinates":[[[[129.412402,36.6113013],[129.4124175,36.6112616],[129.4124649,36.6112563],[129.412453,36.6112956],[129.412402,36.6113013]]]]}},{"type":"Feature","properties":{"r":262,"k":0,"d":75.4},"geometry":{"type":"MultiPolygon","coordinates":[[[[129.4116063,36.6154851],[129.4115411,36.6154628],[129.4114506,36.6154429],[129.4113841,36.6154244],[129.4113856,36.6154084],[129.4114911,36.6154173],[129.4116154,36.6154469],[129.4116063,36.6154851]]]]}},{"type":"Feature","properties":{"r":674,"k":0,"d":151.7},"geometry":{"type":"MultiPolygon","coordinates":[[[[129.4110871,36.6130975],[129.4110589,36.6130682],[129.4110445,36.6129798],[129.411086,36.6127134],[129.4110732,36.6125422],[129.4111596,36.6125109],[129.4111144,36.6121568],[129.41123,36.612148],[129.4114506,36.6121688],[129.4114667,36.6124947],[129.4113908,36.6127558],[129.4112809,36.6131644],[129.4112539,36.6131657],[129.4111551,36.6131507],[129.4110871,36.6130975]]]]}},{"type":"Feature","properties":{"r":377,"k":0,"d":92.6},"geometry":{"type":"MultiPolygon","coordinates":[[[[129.4122373,36.6120139],[129.4122849,36.6118568],[129.4123284,36.6118634],[129.4122759,36.612018],[129.4122373,36.6120139]]]]}},{"type":"Feature","properties":{"r":174,"k":0,"d":55.2},"geometry":{"type":"MultiPolygon","coordinates":[[[[129.412494,36.6236549],[129.4124608,36.6235476],[129.4125009,36.6235309],[129.4125471,36.6236442],[129.412494,36.6236549]]]]}},{"type":"Feature","properties":{"r":21,"k":0,"d":16.7},"geometry":{"type":"MultiPolygon","coordinates":[[[[129.4133948,36.6111815],[129.4133512,36.6112977],[129.4133294,36.6112918],[129.4133182,36.6111759],[129.4133948,36.6111815]]]]}},{"type":"Feature","properties":{"r":820,"k":0,"d":180.5},"geometry":{"type":"MultiPolygon","coordinates":[[[[129.4099901,36.6176822],[129.4100669,36.6176102],[129.4100623,36.6177056],[129.4100134,36.6178412],[129.4099901,36.6176822]]]]}},{"type":"Feature","properties":{"r":651,"k":0,"d":145.9},"geometry":{"type":"MultiPolygon","coordinates":[[[[129.4109181,36.6233969],[129.4108841,36.6233655],[129.4108784,36.623308],[129.4109402,36.6233819],[129.4109181,36.6233969]]]]}},{"type":"Feature","properties":{"r":385,"k":0,"d":94.2},"geometry":{"type":"MultiPolygon","coordinates":[[[[129.412614,36.610704],[129.4126911,36.6104853],[129.4126945,36.6104984],[129.4126223,36.6107082],[129.412614,36.610704]]]]}},{"type":"Feature","properties":{"r":759,"k":0,"d":166.1},"geometry":{"type":"MultiPolygon","coordinates":[[[[129.4103026,36.6170468],[129.4102602,36.6170653],[129.4102153,36.61702],[129.4100852,36.616988],[129.4099752,36.6169879],[129.4098676,36.6168895],[129.4097771,36.6168883],[129.4097268,36.6168609],[129.4096303,36.6168728],[129.4095596,36.6168605],[129.4095601,36.6164314],[129.4095347,36.6163168],[129.409459,36.6161597],[129.4094464,36.6160941],[129.4095064,36.6160909],[129.409614,36.6160948],[129.4096557,36.6160736],[129.4097359,36.6160495],[129.4098424,36.6160095],[129.4099507,36.6160182],[129.410101,36.616042],[129.4101858,36.6160352],[129.4102268,36.6160378],[129.4102012,36.6160812],[129.4102118,36.6161644],[129.4102996,36.6164347],[129.4102951,36.6164357],[129.4103678,36.6167799],[129.4102946,36.6169888],[129.4103026,36.6170468]]]]}},{"type":"Feature","properties":{"r":484,"k":0,"d":108.4},"geometry":{"type":"MultiPolygon","coordinates":[[[[129.4107254,36.6225556],[129.410705,36.6224783],[129.4106586,36.6223392],[129.4106742,36.6223528],[129.4107486,36.6223806],[129.4108821,36.6223845],[129.4108884,36.6223891],[129.4108868,36.6224441],[129.4109093,36.622522],[129.4107254,36.6225556]]]]}},{"type":"Feature","properties":{"r":719,"k":0,"d":160.3},"geometry":{"type":"MultiPolygon","coordinates":[[[[129.410359,36.6164202],[129.4103568,36.6163895],[129.4103924,36.616346],[129.4104291,36.6163667],[129.4104786,36.6163293],[129.4104963,36.6163295],[129.4104192,36.616643],[129.4104071,36.6166751],[129.410359,36.6164202]]]]}},{"type":"Feature","properties":{"r":474,"k":0,"d":105.7},"geometry":{"type":"MultiPolygon","coordinates":[[[[129.4108884,36.6223891],[129.4108821,36.6223845],[129.4107486,36.6223806],[129.4106742,36.6223528],[129.4106586,36.6223392],[129.4106342,36.6222637],[129.4106794,36.6222383],[129.4108146,36.6222114],[129.4108804,36.6222063],[129.4108949,36.6222561],[129.4108884,36.6223891]]]]}},{"type":"Feature","properties":{"r":807,"k":0,"d":177.9},"geometry":{"type":"MultiPolygon","coordinates":[[[[129.4104453,36.6154649],[129.4103014,36.6155127],[129.4102434,36.6155269],[129.4101905,36.6153395],[129.4101216,36.6151776],[129.4099945,36.6150096],[129.4099984,36.6149479],[129.410098,36.6148987],[129.4101905,36.6149857],[129.410323,36.6151456],[129.4103921,36.6152833],[129.4104453,36.6154649]]]]}},{"type":"Feature","properties":{"r":781,"k":0,"d":172.7},"geometry":{"type":"MultiPolygon","coordinates":[[[[129.4107827,36.6141673],[129.4107552,36.6141714],[129.4106553,36.6141273],[129.4107127,36.6140995],[129.410745,36.6140975],[129.4107857,36.6141248],[129.4107827,36.6141673]]]]}},{"type":"Feature","properties":{"r":203,"k":0,"d":60.9},"geometry":{"type":"MultiPolygon","coordinates":[[[[129.4111368,36.6210858],[129.4110485,36.6210429],[129.4110828,36.6209703],[129.4111522,36.6208651],[129.4112489,36.6208255],[129.4113986,36.6207985],[129.4114883,36.6208059],[129.4115423,36.6208382],[129.4115261,36.6208534],[129.4114537,36.620815],[129.4114178,36.6208176],[129.4113097,36.6208417],[129.4113262,36.6209205],[129.4113042,36.6209155],[129.4112422,36.6209621],[129.4112116,36.6210884],[129.4111711,36.6211006],[129.4111368,36.6210858]]]]}},{"type":"Feature","properties":{"r":822,"k":0,"d":181.7},"geometry":{"type":"MultiPolygon","coordinates":[[[[129.4129502,36.6069364],[129.412912,36.6069494],[129.4128431,36.6068491],[129.4128832,36.6068368],[129.4129502,36.6069364]]]]}},{"type":"Feature","properties":{"r":239,"k":0,"d":72.0},"geometry":{"type":"MultiPolygon","coordinates":[[[[129.4110758,36.6189993],[129.4110854,36.6189894],[129.4111219,36.6189759],[129.4111731,36.6189618],[129.411179,36.6189788],[129.4110758,36.6189993]]]]}},{"type":"Feature","properties":{"r":854,"k":0,"d":186.7},"geometry":{"type":"MultiPolygon","coordinates":[[[[129.4108682,36.6245121],[129.4108473,36.6245177],[129.4107864,36.6245056],[129.4107061,36.6244217],[129.4108087,36.6244108],[129.4109919,36.6243392],[129.4110668,36.6243252],[129.4111623,36.6242306],[129.4112346,36.6241744],[129.4112936,36.6242553],[129.4114018,36.6243541],[129.4113067,36.6244081],[129.4111573,36.6244729],[129.4109534,36.6244898],[129.4108682,36.6245121]]]]}},{"type":"Feature","properties":{"r":607,"k":0,"d":136.2},"geometry":{"type":"MultiPolygon","coordinates":[[[[129.4107077,36.6204698],[129.4106759,36.6205055],[129.4106772,36.620528],[129.410674,36.6205289],[129.4106787,36.6206793],[129.4106322,36.6206978],[129.4106001,36.6206409],[129.4105899,36.6206131],[129.410532,36.6205726],[129.4105892,36.6205192],[129.4107077,36.6204698]]]]}},{"type":"Feature","properties":{"r":205,"k":0,"d":62.5},"geometry":{"type":"MultiPolygon","coordinates":[[[[129.4143034,36.606996],[129.4142297,36.6072484],[129.4139917,36.6072018],[129.4140352,36.6070671],[129.4140553,36.6070349],[129.4141556,36.6069345],[129.4143034,36.606996]]]]}},{"type":"Feature","properties":{"r":852,"k":0,"d":186.4},"geometry":{"type":"MultiPolygon","coordinates":[[[[129.410346,36.6234329],[129.4102891,36.6234195],[129.4100972,36.6234563],[129.4099838,36.6234384],[129.4099625,36.6233835],[129.41002,36.6233081],[129.4100396,36.6231528],[129.4101161,36.6231325],[129.4102233,36.6230883],[129.410315,36.6232226],[129.410346,36.6234329]]]]}},{"type":"Feature","properties":{"r":835,"k":0,"d":183.8},"geometry":{"type":"MultiPolygon","coordinates":[[[[129.4100358,36.6219532],[129.4098971,36.6219793],[129.4098116,36.6218156],[129.4097044,36.621678],[129.4096357,36.6216182],[129.4095733,36.6215189],[129.4096625,36.6214584],[129.4097146,36.6213973],[129.4097546,36.621336],[129.40986,36.6214732],[129.4099551,36.621554],[129.4100485,36.6215869],[129.4100292,36.6216548],[129.4100445,36.6219184],[129.4100358,36.6219532]]]]}},{"type":"Feature","properties":{"r":630,"k":0,"d":140.8},"geometry":{"type":"MultiPolygon","coordinates":[[[[129.4107453,36.6161928],[129.4107362,36.6162183],[129.4106808,36.6161961],[129.4106887,36.6161177],[129.4107054,36.6160815],[129.4107579,36.6160279],[129.4107644,36.6160377],[129.4107627,36.6160739],[129.4107453,36.6161928]]]]}},{"type":"Feature","properties":{"r":458,"k":0,"d":103.8},"geometry":{"type":"MultiPolygon","coordinates":[[[[129.4118308,36.612245],[129.4116274,36.6122061],[129.4115552,36.6121908],[129.411559,36.6121776],[129.4115054,36.6121433],[129.411509,36.6120915],[129.4117659,36.6121398],[129.4119438,36.6121769],[129.4120835,36.6121704],[129.4121189,36.6121718],[129.4120943,36.6122604],[129.4118308,36.612245]]]]}},{"type":"Feature","properties":{"r":478,"k":0,"d":106.6},"geometry":{"type":"MultiPolygon","coordinates":[[[[129.412408,36.6109083],[129.4121013,36.6107595],[129.4120285,36.6107402],[129.4120228,36.610694],[129.4120815,36.6105909],[129.4122322,36.6104738],[129.4123599,36.6104208],[129.4123853,36.6103912],[129.4125355,36.6103907],[129.4124963,36.6106986],[129.4124851,36.6107694],[129.412408,36.6109083]]]]}},{"type":"Feature","properties":{"r":243,"k":0,"d":72.3},"geometry":{"type":"MultiPolygon","coordinates":[[[[129.4132587,36.6094424],[129.4133122,36.6094551],[129.4133039,36.6094813],[129.4132505,36.6094684],[129.4132587,36.6094424]]]]}},{"type":"Feature","properties":{"r":13,"k":0,"d":13.6},"geometry":{"type":"MultiPolygon","coordinates":[[[[129.4142566,36.6083466],[129.4140601,36.6083198],[129.413889,36.6082694],[129.4137789,36.6082282],[129.413592,36.6081944],[129.4136493,36.6080934],[129.4137284,36.607919],[129.4144107,36.6080434],[129.4143991,36.6081154],[129.414313,36.6082707],[129.4142566,36.6083466]]]]}},{"type":"Feature","properties":{"r":418,"k":0,"d":97.9},"geometry":{"type":"MultiPolygon","coordinates":[[[[129.4119942,36.6126588],[129.4121209,36.6122667],[129.4121534,36.6122884],[129.4121003,36.6124524],[129.4119942,36.6126588]]]]}},{"type":"Feature","properties":{"r":412,"k":0,"d":96.9},"geometry":{"type":"MultiPolygon","coordinates":[[[[129.4121844,36.612187],[129.4121756,36.6121739],[129.4121794,36.6120803],[129.4121996,36.6120099],[129.4122373,36.6120139],[129.4121844,36.612187]]]]}},{"type":"Feature","properties":{"r":435,"k":0,"d":100.2},"geometry":{"type":"MultiPolygon","coordinates":[[[[129.4122455,36.6118508],[129.4122224,36.6118484],[129.4122372,36.6117526],[129.4123194,36.6115485],[129.4123315,36.6115469],[129.4122455,36.6118508]]]]}},{"type":"Feature","properties":{"r":573,"k":0,"d":128.5},"geometry":{"type":"MultiPolygon","coordinates":[[[[129.4117597,36.6239482],[129.4117242,36.6239066],[129.4117273,36.6238631],[129.4117268,36.6238442],[129.4117361,36.6238406],[129.4117468,36.6239138],[129.4117597,36.6239482]]]]}},{"type":"Feature","properties":{"r":597,"k":0,"d":134.8},"geometry":{"type":"MultiPolygon","coordinates":[[[[129.41048,36.6187583],[129.4104462,36.6187773],[129.4103428,36.6187335],[129.4103743,36.6185528],[129.4104068,36.6183899],[129.4104175,36.6184333],[129.4104192,36.6185771],[129.4104947,36.6186862],[129.41048,36.6187583]]]]}},{"type":"Feature","properties":{"r":455,"k":0,"d":103.5},"geometry":{"type":"MultiPolygon","coordinates":[[[[129.4105924,36.6187274],[129.4105927,36.6187257],[129.4106405,36.6187096],[129.4108006,36.6187001],[129.410827,36.6186854],[129.4108445,36.6187071],[129.4105924,36.6187274]]]]}},{"type":"Feature","properties":{"r":34,"k":0,"d":21.2},"geometry":{"type":"MultiPolygon","coordinates":[[[[129.4126169,36.6115588],[129.4124483,36.6115315],[129.4123194,36.6115485],[129.412348,36.6114398],[129.4127246,36.6114964],[129.4132579,36.6114765],[129.4131734,36.6116486],[129.4126169,36.6115588]]]]}},{"type":"Feature","properties":{"r":538,"k":0,"d":120.3},"geometry":{"type":"MultiPolygon","coordinates":[[[[129.4114356,36.6237161],[129.4112984,36.6236499],[129.4112896,36.623565],[129.4114233,36.6235817],[129.4115454,36.6236101],[129.4116106,36.6236162],[129.4115443,36.6237203],[129.4114987,36.6236992],[129.4114356,36.6237161]]]]}},{"type":"Feature","properties":{"r":398,"k":0,"d":95.4},"geometry":{"type":"MultiPolygon","coordinates":[[[[129.4123623,36.6114418],[129.412402,36.6113013],[129.412453,36.6112956],[129.4124066,36.6114482],[129.4123623,36.6114418]]]]}},{"type":"Feature","properties":{"r":559,"k":0,"d":126.4},"geometry":{"type":"MultiPolygon","coordinates":[[[[129.4107138,36.6174705],[129.4106502,36.6176699],[129.4105617,36.6177516],[129.410539,36.6177381],[129.4105507,36.6176477],[129.4105907,36.6174759],[129.4106023,36.6174166],[129.4106777,36.6174339],[129.4107138,36.6174705]]]]}},{"type":"Feature","properties":{"r":318,"k":0,"d":83.8},"geometry":{"type":"MultiPolygon","coordinates":[[[[129.4116236,36.6232248],[129.4116709,36.6232134],[129.411673,36.6232987],[129.4116406,36.6233118],[129.4116236,36.6232248]]]]}},{"type":"Feature","properties":{"r":76,"k":0,"d":34.5},"geometry":{"type":"MultiPolygon","coordinates":[[[[129.4118469,36.6230455],[129.4118461,36.6230363],[129.4117131,36.6229774],[129.4117209,36.622922],[129.4117898,36.6228753],[129.4118081,36.6228542],[129.4118448,36.6228861],[129.4119236,36.6228258],[129.4119642,36.62281],[129.4119993,36.6228543],[129.4119283,36.6228699],[129.4119754,36.6229733],[129.4118469,36.6230455]]]]}},{"type":"Feature","properties":{"r":310,"k":0,"d":82.7},"geometry":{"type":"MultiPolygon","coordinates":[[[[129.4110543,36.6170738],[129.4109858,36.6166734],[129.411097,36.6162251],[129.4111335,36.6162193],[129.4111221,36.6163309],[129.4112089,36.616711],[129.4112765,36.6169775],[129.4110543,36.6170738]]]]}},{"type":"Feature","properties":{"r":445,"k":0,"d":101.5},"geometry":{"type":"MultiPolygon","coordinates":[[[[129.4126977,36.610156],[129.4126136,36.6098361],[129.4127006,36.6098352],[129.4127987,36.6098188],[129.4128063,36.6098906],[129.4127576,36.6100134],[129.4126977,36.610156]]]]}},{"type":"Feature","properties":{"r":263,"k":0,"d":75.4},"geometry":{"type":"MultiPolygon","coordinates":[[[[129.4111696,36.6225239],[129.4111483,36.6224583],[129.411116,36.6223887],[129.4112502,36.6223618],[129.4112926,36.6224847],[129.4112021,36.6225173],[129.4111696,36.6225239]]]]}},{"type":"Feature","properties":{"r":431,"k":0,"d":99.7},"geometry":{"type":"MultiPolygon","coordinates":[[[[129.4108929,36.6223053],[129.4108949,36.6222561],[129.4108804,36.6222063],[129.4109175,36.6222034],[129.4109231,36.6222251],[129.4109392,36.6222471],[129.4109654,36.6222858],[129.4108929,36.6223053]]]]}},{"type":"Feature","properties":{"r":498,"k":0,"d":111.2},"geometry":{"type":"MultiPolygon","coordinates":[[[[129.4131633,36.6086146],[129.4130963,36.6085772],[129.4130165,36.6085594],[129.4131771,36.6084671],[129.4131697,36.6085819],[129.4131633,36.6086146]]]]}},{"type":"Feature","properties":{"r":141,"k":0,"d":48.4},"geometry":{"type":"MultiPolygon","coordinates":[[[[129.4115757,36.6206358],[129.4115184,36.6206618],[129.4114729,36.6206569],[129.4114068,36.6206215],[129.4114118,36.6206077],[129.4113902,36.6205814],[129.4113919,36.6205233],[129.4115085,36.6205132],[129.4115823,36.6205182],[129.411687,36.6205693],[129.4115757,36.6206358]]]]}},{"type":"Feature","properties":{"r":259,"k":0,"d":74.5},"geometry":{"type":"MultiPolygon","coordinates":[[[[129.4111586,36.6204279],[129.411162,36.6203903],[129.4111958,36.6203184],[129.4112908,36.6203045],[129.4113265,36.6202717],[129.4113865,36.6202985],[129.411352,36.6203675],[129.4114024,36.6204316],[129.4113068,36.620452],[129.4111586,36.6204279]]]]}},{"type":"Feature","properties":{"r":808,"k":0,"d":178.1},"geometry":{"type":"MultiPolygon","coordinates":[[[[129.4110732,36.6125422],[129.4110003,36.6124417],[129.410923,36.6123935],[129.410929,36.6122716],[129.4109672,36.6121468],[129.4111144,36.6121568],[129.4111596,36.6125109],[129.4110732,36.6125422]]]]}},{"type":"Feature","properties":{"r":874,"k":0,"d":193.5},"geometry":{"type":"MultiPolygon","coordinates":[[[[129.4109386,36.6127373],[129.410872,36.6127565],[129.410859,36.6127572],[129.4108584,36.6126489],[129.4108698,36.6124618],[129.4108746,36.6120965],[129.4108859,36.6120959],[129.4109672,36.6121468],[129.410929,36.6122716],[129.410923,36.6123935],[129.4109178,36.6125963],[129.4109386,36.6127373]]]]}},{"type":"Feature","properties":{"r":363,"k":0,"d":90.5},"geometry":{"type":"MultiPolygon","coordinates":[[[[129.413576,36.6072296],[129.4134862,36.6072337],[129.413279,36.6072142],[129.413209,36.6070944],[129.4133077,36.6070797],[129.4133719,36.6070799],[129.4136402,36.6069968],[129.4137854,36.6069364],[129.4138578,36.6069083],[129.4139941,36.6068447],[129.4140051,36.6069155],[129.413949,36.6069659],[129.413896,36.6071112],[129.4138214,36.6071234],[129.4137665,36.607166],[129.4136938,36.6072023],[129.413576,36.6072296]]]]}},{"type":"Feature","properties":{"r":757,"k":0,"d":165.8},"geometry":{"type":"MultiPolygon","coordinates":[[[[129.4130287,36.6071193],[129.4130598,36.6071088],[129.4130475,36.6071492],[129.4130287,36.6071193]]]]}},{"type":"Feature","properties":{"r":486,"k":0,"d":108.5},"geometry":{"type":"MultiPolygon","coordinates":[[[[129.4109398,36.6196974],[129.4109338,36.6197383],[129.410806,36.6197405],[129.4105453,36.6196822],[129.4104453,36.6196293],[129.4104287,36.6196087],[129.4104471,36.6195448],[129.4105319,36.6195542],[129.4107221,36.6196332],[129.4109398,36.6196974]]]]}},{"type":"Feature","properties":{"r":289,"k":0,"d":80.2},"geometry":{"type":"MultiPolygon","coordinates":[[[[129.4110758,36.6189993],[129.411062,36.6190021],[129.410968,36.6188742],[129.4110854,36.6189894],[129.4110758,36.6189993]]]]}},{"type":"Feature","properties":{"r":805,"k":0,"d":177.7},"geometry":{"type":"MultiPolygon","coordinates":[[[[129.4116926,36.6246838],[129.4115676,36.6245301],[129.4116095,36.6245473],[129.4116835,36.6245153],[129.4118103,36.6245137],[129.4117978,36.6245743],[129.4118057,36.6246299],[129.4116926,36.6246838]]]]}},{"type":"Feature","properties":{"r":301,"k":0,"d":81.6},"geometry":{"type":"MultiPolygon","coordinates":[[[[129.4111979,36.6216778],[129.411161,36.621619],[129.4111188,36.621447],[129.4111825,36.6214282],[129.4112535,36.6214185],[129.4112315,36.6214582],[129.4112602,36.6215153],[129.4112846,36.6215726],[129.4112977,36.6216233],[129.4112446,36.6216301],[129.4112207,36.6216607],[129.4111979,36.6216778]]]]}},{"type":"Feature","properties":{"r":64,"k":0,"d":30.7},"geometry":{"type":"MultiPolygon","coordinates":[[[[129.4123654,36.6123474],[129.4124329,36.6121356],[129.4129376,36.6122479],[129.412893,36.6123275],[129.4128237,36.6123835],[129.4126885,36.6124095],[129.4123654,36.6123474]]]]}},{"type":"Feature","properties":{"r":552,"k":0,"d":125.6},"geometry":{"type":"MultiPolygon","coordinates":[[[[129.4105602,36.6234708],[129.4104515,36.623457],[129.410346,36.6234329],[129.410315,36.6232226],[129.4102233,36.6230883],[129.4103829,36.6230426],[129.4104204,36.6229899],[129.4104848,36.6229259],[129.4105889,36.6229303],[129.410681,36.6228932],[129.4106834,36.6229627],[129.4108314,36.6230279],[129.4109745,36.6230694],[129.4108367,36.6232588],[129.4108784,36.623308],[129.4108841,36.6233655],[129.4109181,36.6233969],[129.4108286,36.6234544],[129.4107118,36.6234674],[129.4105602,36.6234708]]]]}},{"type":"Feature","properties":{"r":878,"k":0,"d":194.2},"geometry":{"type":"MultiPolygon","coordinates":[[[[129.4130632,36.6055887],[129.4132199,36.6055131],[129.4132364,36.605578],[129.4132988,36.6057326],[129.4133416,36.6058334],[129.4131625,36.6059494],[129.4130989,36.6057608],[129.4130746,36.605626],[129.4130632,36.6055887]]]]}},{"type":"Feature","properties":{"r":480,"k":0,"d":106.9},"geometry":{"type":"MultiPolygon","coordinates":[[[[129.4109935,36.6162263],[129.410993,36.6160763],[129.411001,36.6157429],[129.4110431,36.6157524],[129.4111297,36.6157818],[129.4111944,36.615788],[129.4111807,36.6158598],[129.411097,36.6162251],[129.4110636,36.6162303],[129.4109935,36.6162263]]]]}},{"type":"Feature","properties":{"r":639,"k":0,"d":143.0},"geometry":{"type":"MultiPolygon","coordinates":[[[[129.4107579,36.6160279],[129.4107097,36.6159822],[129.4105893,36.6159804],[129.4106475,36.6157641],[129.4107329,36.6155941],[129.4107801,36.6154268],[129.4107929,36.6153252],[129.4107999,36.6153262],[129.4107903,36.6155264],[129.4107877,36.6157027],[129.4107715,36.6158846],[129.4107644,36.6160377],[129.4107579,36.6160279]]]]}},{"type":"Feature","properties":{"r":528,"k":0,"d":117.8},"geometry":{"type":"MultiPolygon","coordinates":[[[[129.4114453,36.6131563],[129.4114926,36.6131552],[129.4114678,36.6132931],[129.411443,36.6134923],[129.4114425,36.6136544],[129.4114236,36.6137904],[129.41143,36.6139761],[129.4113979,36.6142116],[129.4113579,36.6142938],[129.4113271,36.6143208],[129.4112764,36.6143459],[129.4112978,36.6139794],[129.4113167,36.6139704],[129.4113273,36.6136525],[129.4113589,36.6132305],[129.4114453,36.6131563]]]]}},{"type":"Feature","properties":{"r":438,"k":0,"d":100.7},"geometry":{"type":"MultiPolygon","coordinates":[[[[129.4116975,36.6137991],[129.4117017,36.6137634],[129.4117389,36.6135134],[129.4117921,36.6133942],[129.4117873,36.6134786],[129.4117221,36.6137426],[129.4116975,36.6137991]]]]}},{"type":"Feature","properties":{"r":446,"k":0,"d":101.5},"geometry":{"type":"MultiPolygon","coordinates":[[[[129.4117873,36.6134786],[129.4117921,36.6133942],[129.4117984,36.61327],[129.4118044,36.6131465],[129.4118678,36.6129758],[129.4119525,36.6127474],[129.4119684,36.6127136],[129.4119328,36.6128494],[129.4118756,36.6130777],[129.4118631,36.6131039],[129.411866,36.6131165],[129.411838,36.613229],[129.4118101,36.6133865],[129.4117873,36.6134786]]]]}},{"type":"Feature","properties":{"r":477,"k":0,"d":106.5},"geometry":{"type":"MultiPolygon","coordinates":[[[[129.4117659,36.6121398],[129.4118845,36.6116439],[129.4119891,36.6116567],[129.4120674,36.6116573],[129.4122145,36.6116765],[129.4120835,36.6121704],[129.4119438,36.6121769],[129.4117659,36.6121398]]]]}},{"type":"Feature","properties":{"r":850,"k":0,"d":185.8},"geometry":{"type":"MultiPolygon","coordinates":[[[[129.4123406,36.6085064],[129.4123275,36.6085076],[129.4122686,36.6084921],[129.4122012,36.6084436],[129.4121579,36.6083677],[129.4120709,36.6083039],[129.4120338,36.6082538],[129.412137,36.6082173],[129.4122358,36.6081985],[129.4122551,36.6082329],[129.4122472,36.6083261],[129.4123406,36.6085064]]]]}},{"type":"Feature","properties":{"r":230,"k":0,"d":69.5},"geometry":{"type":"MultiPolygon","coordinates":[[[[129.4131582,36.6099426],[129.4131575,36.6099447],[129.413104,36.6099316],[129.4131496,36.6097874],[129.4132026,36.6098012],[129.413203,36.6097293],[129.4132435,36.6096571],[129.4132485,36.6096569],[129.4131582,36.6099426]]]]}},{"type":"Feature","properties":{"r":16,"k":0,"d":15.0},"geometry":{"type":"MultiPolygon","coordinates":[[[[129.4139149,36.6089675],[129.4139387,36.6089075],[129.4140029,36.6087905],[129.4140451,36.6086604],[129.4140924,36.6085345],[129.414252,36.6085493],[129.4142507,36.6086014],[129.4141312,36.60868],[129.4140877,36.6088143],[129.4140614,36.6089108],[129.4140143,36.6089375],[129.4139149,36.6089675]]]]}},{"type":"Feature","properties":{"r":768,"k":0,"d":169.6},"geometry":{"type":"MultiPolygon","coordinates":[[[[129.412932,36.6066118],[129.4128035,36.6063899],[129.4127107,36.6062888],[129.4131183,36.6060325],[129.413174,36.6061629],[129.4131961,36.6062691],[129.4132251,36.6064426],[129.4132095,36.6064462],[129.413224,36.6065006],[129.4132234,36.6065365],[129.4129947,36.6065911],[129.412932,36.6066118]]]]}},{"type":"Feature","properties":{"r":636,"k":0,"d":142.3},"geometry":{"type":"MultiPolygon","coordinates":[[[[129.4103997,36.6183446],[129.4103948,36.6183417],[129.4103848,36.6183073],[129.4104414,36.6182539],[129.4104399,36.6183038],[129.4103997,36.6183446]]]]}},{"type":"Feature","properties":{"r":187,"k":0,"d":57.5},"geometry":{"type":"MultiPolygon","coordinates":[[[[129.4113886,36.6183329],[129.4111647,36.6183176],[129.411184,36.6182443],[129.4112714,36.6182745],[129.4113935,36.6182737],[129.4113886,36.6183329]]]]}},{"type":"Feature","properties":{"r":314,"k":0,"d":83.2},"geometry":{"type":"MultiPolygon","coordinates":[[[[129.412579,36.6113061],[129.4125621,36.6113019],[129.4126216,36.6111042],[129.4126251,36.6110969],[129.4126419,36.6110994],[129.412579,36.6113061]]]]}},{"type":"Feature","properties":{"r":519,"k":0,"d":115.1},"geometry":{"type":"MultiPolygon","coordinates":[[[[129.4106891,36.6179956],[129.4106892,36.6179836],[129.4106572,36.6179128],[129.4106247,36.6178958],[129.4106212,36.617876],[129.4106652,36.6177719],[129.4107893,36.6177789],[129.4107436,36.6179788],[129.4106891,36.6179956]]]]}},{"type":"Feature","properties":{"r":716,"k":0,"d":159.9},"geometry":{"type":"MultiPolygon","coordinates":[[[[129.4101825,36.6231051],[129.4101627,36.6229846],[129.4101872,36.6230079],[129.4102481,36.6229586],[129.4103933,36.6229223],[129.4104848,36.6229259],[129.4104204,36.6229899],[129.4103829,36.6230426],[129.4102233,36.6230883],[129.4101825,36.6231051]]]]}},{"type":"Feature","properties":{"r":80,"k":0,"d":35.0},"geometry":{"type":"MultiPolygon","coordinates":[[[[129.4120677,36.6229406],[129.412017,36.6229615],[129.4119754,36.6229733],[129.4119283,36.6228699],[129.4119993,36.6228543],[129.4120677,36.6229406]]]]}},{"type":"Feature","properties":{"r":490,"k":0,"d":109.1},"geometry":{"type":"MultiPolygon","coordinates":[[[[129.4108704,36.617131],[129.4109095,36.616994],[129.4109253,36.6169938],[129.410956,36.6171038],[129.4108704,36.617131]]]]}},{"type":"Feature","properties":{"r":65,"k":0,"d":30.9},"geometry":{"type":"MultiPolygon","coordinates":[[[[129.4118107,36.6170665],[129.4117473,36.6170702],[129.4117438,36.6167241],[129.4117443,36.6163658],[129.4117766,36.6161376],[129.4118863,36.6161046],[129.4118734,36.6164822],[129.4118468,36.6170608],[129.4118107,36.6170665]]]]}},{"type":"Feature","properties":{"r":507,"k":0,"d":113.4},"geometry":{"type":"MultiPolygon","coordinates":[[[[129.4109095,36.616994],[129.4108546,36.6169951],[129.4108104,36.616887],[129.4108139,36.6168427],[129.4109631,36.6167488],[129.4109587,36.6167966],[129.4109095,36.616994]]]]}},{"type":"Feature","properties":{"r":388,"k":0,"d":94.7},"geometry":{"type":"MultiPolygon","coordinates":[[[[129.4130775,36.6093949],[129.4130483,36.6093872],[129.4131505,36.6090452],[129.4131872,36.6090521],[129.4130775,36.6093949]]]]}},{"type":"Feature","properties":{"r":218,"k":0,"d":66.9},"geometry":{"type":"MultiPolygon","coordinates":[[[[129.4111542,36.6221056],[129.4111437,36.6219181],[129.4111576,36.6219235],[129.4113141,36.6219682],[129.4113338,36.6220864],[129.4111542,36.6221056]]]]}},{"type":"Feature","properties":{"r":345,"k":0,"d":87.4},"geometry":{"type":"MultiPolygon","coordinates":[[[[129.4111098,36.6220435],[129.4108259,36.6220085],[129.4108232,36.6219972],[129.4109288,36.6218939],[129.4109421,36.6218129],[129.41099,36.6218532],[129.4111159,36.621906],[129.4111098,36.6220435]]]]}},{"type":"Feature","properties":{"r":229,"k":0,"d":69.2},"geometry":{"type":"MultiPolygon","coordinates":[[[[129.4116732,36.6154601],[129.4116154,36.6154469],[129.4116352,36.6153517],[129.4116289,36.6152727],[129.4115764,36.6151877],[129.4116544,36.6151854],[129.4117132,36.6153351],[129.4116732,36.6154601]]]]}},{"type":"Feature","properties":{"r":266,"k":0,"d":75.7},"geometry":{"type":"MultiPolygon","coordinates":[[[[129.4116816,36.614845],[129.4116805,36.6147319],[129.4117095,36.614563],[129.4117264,36.6145629],[129.4117288,36.614843],[129.4116816,36.614845]]]]}},{"type":"Feature","properties":{"r":624,"k":0,"d":139.4},"geometry":{"type":"MultiPolygon","coordinates":[[[[129.4106594,36.6212181],[129.4105922,36.6212536],[129.4106244,36.6213598],[129.4105773,36.6214066],[129.4105237,36.6212203],[129.4105126,36.6211444],[129.4105745,36.621193],[129.4106594,36.6212181]]]]}},{"type":"Feature","properties":{"r":871,"k":0,"d":193.0},"geometry":{"type":"MultiPolygon","coordinates":[[[[129.410594,36.6137597],[129.4105693,36.6136729],[129.4105704,36.6136704],[129.4106588,36.6137139],[129.4106567,36.6138011],[129.4106423,36.6138129],[129.410594,36.6137597]]]]}},{"type":"Feature","properties":{"r":638,"k":0,"d":142.6},"geometry":{"type":"MultiPolygon","coordinates":[[[[129.4104733,36.6207617],[129.410472,36.6207257],[129.4104855,36.6206921],[129.4106001,36.6206409],[129.4106322,36.6206978],[129.4105261,36.6207465],[129.4104733,36.6207617]]]]}},{"type":"Feature","properties":{"r":421,"k":0,"d":98.1},"geometry":{"type":"MultiPolygon","coordinates":[[[[129.4119379,36.6130452],[129.4118996,36.6132139],[129.4118878,36.6132137],[129.4118783,36.6131714],[129.4119178,36.613045],[129.4119379,36.6130452]]]]}},{"type":"Feature","properties":{"r":333,"k":0,"d":85.8},"geometry":{"type":"MultiPolygon","coordinates":[[[[129.4120376,36.6130468],[129.4120956,36.612868],[129.4121332,36.6128703],[129.4120837,36.6130475],[129.4120376,36.6130468]]]]}},{"type":"Feature","properties":{"r":843,"k":0,"d":184.4},"geometry":{"type":"MultiPolygon","coordinates":[[[[129.412767,36.6071041],[129.4127158,36.6070156],[129.412802,36.6069869],[129.4128597,36.6070756],[129.412767,36.6071041]]]]}},{"type":"Feature","properties":{"r":200,"k":0,"d":60.4},"geometry":{"type":"MultiPolygon","coordinates":[[[[129.4109475,36.619349],[129.4107296,36.6193265],[129.4107412,36.6191344],[129.4107804,36.6191137],[129.4110364,36.61904],[129.4110758,36.6189993],[129.411179,36.6189788],[129.411212,36.619074],[129.4111724,36.6190785],[129.4111659,36.6191404],[129.4111889,36.6192292],[129.4113264,36.6192287],[129.4113341,36.6193221],[129.4112726,36.6193287],[129.4111676,36.6193502],[129.4109475,36.619349]]]]}},{"type":"Feature","properties":{"r":506,"k":0,"d":113.2},"geometry":{"type":"MultiPolygon","coordinates":[[[[129.4120132,36.6241563],[129.4119935,36.6241559],[129.4119678,36.6241374],[129.4119847,36.6241191],[129.4120166,36.6240055],[129.4121167,36.6239524],[129.4121232,36.6239888],[129.4121666,36.6240179],[129.412141,36.6240401],[129.4121151,36.6240912],[129.4121092,36.6241273],[129.412075,36.6241585],[129.4120132,36.6241563]]]]}},{"type":"Feature","properties":{"r":29,"k":0,"d":20.2},"geometry":{"type":"MultiPolygon","coordinates":[[[[129.4138744,36.6095468],[129.4134556,36.60949],[129.4133111,36.6094549],[129.41336,36.6093012],[129.4133076,36.6092886],[129.4133127,36.609272],[129.4133524,36.6092815],[129.4139115,36.6093974],[129.4139205,36.6094831],[129.4138744,36.6095468]]]]}},{"type":"Feature","properties":{"r":180,"k":0,"d":56.3},"geometry":{"type":"MultiPolygon","coordinates":[[[[129.4119518,36.6148338],[129.4118959,36.6148361],[129.4118971,36.6148089],[129.411953,36.6148067],[129.4119518,36.6148338]]]]}},{"type":"Feature","properties":{"r":857,"k":0,"d":187.9},"geometry":{"type":"MultiPolygon","coordinates":[[[[129.4095018,36.6225048],[129.4096559,36.6224972],[129.4097419,36.6224867],[129.4098368,36.6224235],[129.4099168,36.6224036],[129.4099926,36.6224093],[129.4099519,36.6225073],[129.4098954,36.6225098],[129.4098694,36.6224773],[129.409758,36.622497],[129.4097367,36.6225285],[129.4096361,36.6225665],[129.4095371,36.6225312],[129.4095018,36.6225048]]]]}},{"type":"Feature","properties":{"r":823,"k":0,"d":181.9},"geometry":{"type":"MultiPolygon","coordinates":[[[[129.4101912,36.6208118],[129.4101603,36.6208162],[129.4101565,36.6208007],[129.4101912,36.6208118]]]]}},{"type":"Feature","properties":{"r":456,"k":0,"d":103.5},"geometry":{"type":"MultiPolygon","coordinates":[[[[129.4116437,36.6139233],[129.4115327,36.6143063],[129.4115194,36.6139882],[129.4115311,36.6138589],[129.411655,36.6138582],[129.4116437,36.6139233]]]]}},{"type":"Feature","properties":{"r":437,"k":0,"d":100.5},"geometry":{"type":"MultiPolygon","coordinates":[[[[129.4118783,36.6131714],[129.4118631,36.6131039],[129.4118914,36.6130447],[129.4119178,36.613045],[129.4118783,36.6131714]]]]}},{"type":"Feature","properties":{"r":407,"k":0,"d":96.6},"geometry":{"type":"MultiPolygon","coordinates":[[[[129.4122455,36.6118508],[129.4123315,36.6115469],[129.4123795,36.6115405],[129.4122849,36.6118568],[129.4122455,36.6118508]]]]}},{"type":"Feature","properties":{"r":890,"k":0,"d":199.0},"geometry":{"type":"MultiPolygon","coordinates":[[[[129.4127768,36.6067543],[129.4127225,36.6066792],[129.4127567,36.6066681],[129.4128116,36.6067415],[129.4127768,36.6067543]]]]}},{"type":"Feature","properties":{"r":555,"k":0,"d":125.9},"geometry":{"type":"MultiPolygon","coordinates":[[[[129.4105698,36.6187323],[129.4105927,36.6187257],[129.4105572,36.6188722],[129.4105616,36.6187818],[129.4105698,36.6187323]]]]}},{"type":"Feature","properties":{"r":47,"k":0,"d":27.0},"geometry":{"type":"MultiPolygon","coordinates":[[[[129.4117298,36.618139],[129.4117487,36.6181293],[129.4117258,36.618283],[129.411721,36.6183449],[129.411719,36.6183107],[129.4117298,36.618139]]]]}},{"type":"Feature","properties":{"r":292,"k":0,"d":80.5},"geometry":{"type":"MultiPolygon","coordinates":[[[[129.4126419,36.6110994],[129.4127063,36.6108826],[129.412746,36.6108886],[129.4126786,36.6111049],[129.4126419,36.6110994]]]]}},{"type":"Feature","properties":{"r":576,"k":0,"d":129.6},"geometry":{"type":"MultiPolygon","coordinates":[[[[129.4108461,36.6230328],[129.4108314,36.6230279],[129.4106834,36.6229627],[129.410681,36.6228932],[129.4107192,36.6228679],[129.4107398,36.622837],[129.4107632,36.6228258],[129.4107971,36.6228177],[129.410808,36.6228514],[129.4108422,36.6230046],[129.4108461,36.6230328]]]]}},{"type":"Feature","properties":{"r":256,"k":0,"d":74.3},"geometry":{"type":"MultiPolygon","coordinates":[[[[129.4128781,36.6104643],[129.4130513,36.6099236],[129.4130978,36.6097741],[129.4132029,36.6094286],[129.413314,36.609076],[129.4133699,36.6090865],[129.4133214,36.609244],[129.4133127,36.609272],[129.4133076,36.6092886],[129.4132587,36.6094424],[129.4131496,36.6097874],[129.413104,36.6099316],[129.4130155,36.6102135],[129.4129345,36.6104728],[129.4128781,36.6104643]]]]}},{"type":"Feature","properties":{"r":348,"k":0,"d":87.9},"geometry":{"type":"MultiPolygon","coordinates":[[[[129.4127511,36.610413],[129.4131872,36.6090521],[129.4132361,36.6090613],[129.4131184,36.6094061],[129.4129542,36.6099157],[129.4127807,36.610436],[129.4127511,36.610413]]]]}},{"type":"Feature","properties":{"r":283,"k":0,"d":79.3},"geometry":{"type":"MultiPolygon","coordinates":[[[[129.4130157,36.6099207],[129.4130671,36.6097662],[129.4130978,36.6097741],[129.4130513,36.6099236],[129.4130157,36.6099207]]]]}},{"type":"Feature","properties":{"r":46,"k":0,"d":26.7},"geometry":{"type":"MultiPolygon","coordinates":[[[[129.4116956,36.6223782],[129.4116347,36.6222144],[129.41176,36.6221989],[129.411788,36.622261],[129.4117916,36.6223535],[129.4116956,36.6223782]]]]}},{"type":"Feature","properties":{"r":117,"k":0,"d":43.9},"geometry":{"type":"MultiPolygon","coordinates":[[[[129.4116523,36.621398],[129.4117194,36.6214081],[129.4117198,36.6215953],[129.4116671,36.6216099],[129.4116753,36.6214775],[129.411637,36.6214239],[129.4116523,36.621398]]]]}},{"type":"Feature","properties":{"r":777,"k":0,"d":171.3},"geometry":{"type":"MultiPolygon","coordinates":[[[[129.4100562,36.6212243],[129.4101841,36.6211723],[129.4102731,36.6210867],[129.4103032,36.6211624],[129.410293,36.6211813],[129.4102335,36.6212466],[129.4101428,36.6212407],[129.410104,36.6212544],[129.4100562,36.6212243]]]]}},{"type":"Feature","properties":{"r":842,"k":0,"d":184.1},"geometry":{"type":"MultiPolygon","coordinates":[[[[129.4106553,36.6141273],[129.4106048,36.6140206],[129.4106033,36.6139941],[129.4106537,36.6140863],[129.4106651,36.6141223],[129.4106553,36.6141273]]]]}},{"type":"Feature","properties":{"r":149,"k":0,"d":50.2},"geometry":{"type":"MultiPolygon","coordinates":[[[[129.4115798,36.620408],[129.411579,36.620391],[129.4116013,36.6203776],[129.4115517,36.6203076],[129.411553,36.6203014],[129.4116243,36.6203113],[129.4116941,36.6203237],[129.4116976,36.6203656],[129.4116164,36.620398],[129.4115798,36.620408]]]]}},{"type":"Feature","properties":{"r":750,"k":0,"d":164.5},"geometry":{"type":"MultiPolygon","coordinates":[[[[129.4130256,36.607221],[129.4129712,36.6072429],[129.4129315,36.6071521],[129.4130287,36.6071193],[129.4130475,36.6071492],[129.4130256,36.607221]]]]}},{"type":"Feature","properties":{"r":55,"k":0,"d":29.3},"geometry":{"type":"MultiPolygon","coordinates":[[[[129.4115326,36.6192609],[129.4115015,36.6191831],[129.4116641,36.6191527],[129.4116697,36.6192492],[129.4115326,36.6192609]]]]}},{"type":"Feature","properties":{"r":709,"k":0,"d":158.5},"geometry":{"type":"MultiPolygon","coordinates":[[[[129.4118583,36.6245137],[129.4118103,36.6245137],[129.4117532,36.6244091],[129.4117358,36.6243577],[129.4117629,36.6243581],[129.4117722,36.6243077],[129.4118327,36.6242998],[129.4118391,36.6243205],[129.4118642,36.6243651],[129.4118815,36.6243828],[129.411897,36.6244089],[129.4119495,36.6244483],[129.4118986,36.6244919],[129.4118627,36.6245136],[129.4118583,36.6245137]]]]}},{"type":"Feature","properties":{"r":585,"k":0,"d":132.4},"geometry":{"type":"MultiPolygon","coordinates":[[[[129.4125754,36.6244974],[129.4125509,36.6244335],[129.4125673,36.6244426],[129.4125754,36.6244974]]]]}},{"type":"Feature","properties":{"r":664,"k":0,"d":148.7},"geometry":{"type":"MultiPolygon","coordinates":[[[[129.411604,36.624167],[129.4115734,36.6241663],[129.411513,36.6241437],[129.4114963,36.624086],[129.4115248,36.624055],[129.4115248,36.6240462],[129.4116129,36.624033],[129.4116312,36.6240531],[129.4116835,36.6240647],[129.4116378,36.6241353],[129.4116409,36.6241682],[129.411604,36.624167]]]]}},{"type":"Feature","properties":{"r":280,"k":0,"d":79.1},"geometry":{"type":"MultiPolygon","coordinates":[[[[129.4128618,36.6105213],[129.412746,36.6108886],[129.412692,36.6108804],[129.4128138,36.6105122],[129.4128618,36.6105213]]]]}},{"type":"Feature","properties":{"r":36,"k":0,"d":22.7},"geometry":{"type":"MultiPolygon","coordinates":[[[[129.4127679,36.6110399],[129.4128067,36.6108979],[129.4133092,36.6109732],[129.4133469,36.61105],[129.4133447,36.6111222],[129.4127679,36.6110399]]]]}},{"type":"Feature","properties":{"r":249,"k":0,"d":73.4},"geometry":{"type":"MultiPolygon","coordinates":[[[[129.4114418,36.6201241],[129.4113386,36.6201193],[129.4113343,36.6201054],[129.4113612,36.6200476],[129.4113514,36.6199706],[129.4113693,36.6199656],[129.4114246,36.6200347],[129.4114463,36.6200304],[129.4114418,36.6201241]]]]}},{"type":"Feature","properties":{"r":215,"k":0,"d":66.4},"geometry":{"type":"MultiPolygon","coordinates":[[[[129.4116127,36.6158524],[129.4116154,36.6154469],[129.4116732,36.6154601],[129.4116322,36.6155852],[129.4116401,36.615855],[129.4116127,36.6158524]]]]}},{"type":"Feature","properties":{"r":360,"k":0,"d":89.8},"geometry":{"type":"MultiPolygon","coordinates":[[[[129.4113531,36.615806],[129.4113272,36.6162094],[129.4112248,36.6162092],[129.4111335,36.6162193],[129.411097,36.6162251],[129.4111807,36.6158598],[129.4112163,36.6156736],[129.4112893,36.6153802],[129.4113825,36.615424],[129.4113842,36.615423],[129.4113639,36.6156273],[129.4113531,36.615806]]]]}},{"type":"Feature","properties":{"r":473,"k":0,"d":105.6},"geometry":{"type":"MultiPolygon","coordinates":[[[[129.4118147,36.6111134],[129.4121169,36.6111804],[129.4123435,36.6112467],[129.4123077,36.6114658],[129.4122145,36.6116765],[129.4120674,36.6116573],[129.4119891,36.6116567],[129.4117986,36.6116332],[129.4116992,36.6116185],[129.411719,36.6115204],[129.4117644,36.6113491],[129.4118147,36.6111134]]]]}},{"type":"Feature","properties":{"r":487,"k":0,"d":108.5},"geometry":{"type":"MultiPolygon","coordinates":[[[[129.4110048,36.6152164],[129.4110062,36.6151847],[129.4110007,36.614986],[129.4109995,36.6148495],[129.4110703,36.6147783],[129.4110733,36.6147073],[129.4111505,36.614512],[129.4112246,36.6144644],[129.4112448,36.6144745],[129.4113648,36.6145264],[129.4112596,36.6153613],[129.4112524,36.6153586],[129.4111194,36.6152635],[129.4110343,36.6152236],[129.4110048,36.6152164]]]]}},{"type":"Feature","properties":{"r":235,"k":0,"d":70.4},"geometry":{"type":"MultiPolygon","coordinates":[[[[129.4132505,36.6094684],[129.4133039,36.6094813],[129.4132485,36.6096569],[129.4132435,36.6096571],[129.413203,36.6097293],[129.4132026,36.6098012],[129.4131496,36.6097874],[129.4132505,36.6094684]]]]}},{"type":"Feature","properties":{"r":164,"k":0,"d":51.9},"geometry":{"type":"MultiPolygon","coordinates":[[[[129.4118813,36.6151807],[129.4118947,36.6148631],[129.4119506,36.6148609],[129.4119372,36.6151794],[129.4118813,36.6151807]]]]}},{"type":"Feature","properties":{"r":452,"k":0,"d":102.6},"geometry":{"type":"MultiPolygon","coordinates":[[[[129.41173,36.6238031],[129.4117178,36.6237801],[129.4117681,36.6237613],[129.4117652,36.6237131],[129.4118803,36.6237043],[129.4119482,36.6236814],[129.4119491,36.6237131],[129.4119685,36.6237632],[129.4118746,36.6237827],[129.411747,36.6238355],[129.41173,36.6238031]]]]}},{"type":"Feature","properties":{"r":533,"k":0,"d":118.5},"geometry":{"type":"MultiPolygon","coordinates":[[[[129.4107232,36.6181098],[129.4106743,36.6181034],[129.4106452,36.6180126],[129.4106891,36.6179956],[129.4107243,36.6180957],[129.4107232,36.6181098]]]]}},{"type":"Feature","properties":{"r":319,"k":0,"d":83.8},"geometry":{"type":"MultiPolygon","coordinates":[[[[129.4126251,36.6110969],[129.4126791,36.6108784],[129.4127063,36.6108826],[129.4126419,36.6110994],[129.4126251,36.6110969]]]]}},{"type":"Feature","properties":{"r":175,"k":0,"d":55.4},"geometry":{"type":"MultiPolygon","coordinates":[[[[129.4115819,36.6226027],[129.4115925,36.6226287],[129.4115704,36.6226447],[129.4115744,36.6226526],[129.4114471,36.6227086],[129.4114104,36.6226636],[129.4113755,36.6225971],[129.411509,36.6225464],[129.4115819,36.6226027]]]]}},{"type":"Feature","properties":{"r":68,"k":0,"d":31.5},"geometry":{"type":"MultiPolygon","coordinates":[[[[129.4118906,36.6226932],[129.4116892,36.6227076],[129.4116212,36.6226117],[129.4114567,36.6224899],[129.4114541,36.6224846],[129.4114993,36.6225081],[129.4115536,36.622523],[129.4115689,36.6225225],[129.411584,36.6225166],[129.4116027,36.6225226],[129.4116118,36.62251],[129.4116401,36.6224865],[129.411722,36.6225155],[129.4118078,36.6224878],[129.4118465,36.6225611],[129.4118906,36.6226932]]]]}},{"type":"Feature","properties":{"r":129,"k":0,"d":45.7},"geometry":{"type":"MultiPolygon","coordinates":[[[[129.4118055,36.6161289],[129.4118067,36.6158747],[129.4118495,36.6158792],[129.4118502,36.6161155],[129.4118055,36.6161289]]]]}},{"type":"Feature","properties":{"r":546,"k":0,"d":122.9},"geometry":{"type":"MultiPolygon","coordinates":[[[[129.4106594,36.6212181],[129.4105745,36.621193],[129.4105126,36.6211444],[129.410497,36.6210382],[129.4104604,36.6209416],[129.4104659,36.6208712],[129.4104347,36.6208348],[129.410442,36.6207508],[129.4104733,36.6207617],[129.4104746,36.6207949],[129.4105618,36.6208331],[129.4105562,36.620895],[129.4105997,36.620936],[129.4105651,36.6210139],[129.4105968,36.621078],[129.4106896,36.6211105],[129.4107716,36.6211052],[129.4108027,36.6211045],[129.4108278,36.6211469],[129.4108128,36.6211805],[129.4108426,36.6212406],[129.4108281,36.6212673],[129.4108012,36.6213078],[129.4107471,36.6212846],[129.4106594,36.6212181]]]]}},{"type":"Feature","properties":{"r":847,"k":0,"d":185.0},"geometry":{"type":"MultiPolygon","coordinates":[[[[129.4101071,36.6207848],[129.4101342,36.6207212],[129.4101367,36.6207193],[129.4101565,36.6208007],[129.4101071,36.6207848]]]]}},{"type":"Feature","properties":{"r":358,"k":0,"d":89.7},"geometry":{"type":"MultiPolygon","coordinates":[[[[129.4118517,36.613731],[129.4118,36.6137059],[129.4118408,36.6135486],[129.4119441,36.6132177],[129.411985,36.6132209],[129.4118867,36.6135612],[129.4118517,36.613731]]]]}},{"type":"Feature","properties":{"r":713,"k":0,"d":159.5},"geometry":{"type":"MultiPolygon","coordinates":[[[[129.4104217,36.6205079],[129.4103883,36.6204904],[129.4103319,36.620369],[129.410347,36.6202962],[129.4103592,36.6203148],[129.4104138,36.620386],[129.4104316,36.6203872],[129.4104506,36.62042],[129.4104217,36.6205079]]]]}},{"type":"Feature","properties":{"r":718,"k":0,"d":160.0},"geometry":{"type":"MultiPolygon","coordinates":[[[[129.4131602,36.6068765],[129.4131886,36.606829],[129.4132051,36.6067639],[129.4132541,36.6067547],[129.4132226,36.606862],[129.4131602,36.6068765]]]]}},{"type":"Feature","properties":{"r":542,"k":0,"d":122.0},"geometry":{"type":"MultiPolygon","coordinates":[[[[129.4122739,36.6243397],[129.4122745,36.624229],[129.4123558,36.6242202],[129.4124234,36.6242418],[129.4123906,36.6242943],[129.4123701,36.6243066],[129.4123519,36.6243302],[129.4123502,36.6243703],[129.4122947,36.6243343],[129.4122739,36.6243397]]]]}},{"type":"Feature","properties":{"r":545,"k":0,"d":122.9},"geometry":{"type":"MultiPolygon","coordinates":[[[[129.4118908,36.6241671],[129.4118753,36.6241351],[129.4118323,36.6241352],[129.411783,36.6241281],[129.4117994,36.6240537],[129.4117928,36.6240466],[129.4118359,36.6240314],[129.4118401,36.6240151],[129.4118698,36.6240062],[129.4120033,36.6239899],[129.4120166,36.6240055],[129.4119847,36.6241191],[129.4119678,36.6241374],[129.4118908,36.6241671]]]]}},{"type":"Feature","properties":{"r":675,"k":0,"d":151.7},"geometry":{"type":"MultiPolygon","coordinates":[[[[129.4103346,36.618301],[129.4100839,36.6183227],[129.4100134,36.6178412],[129.4100623,36.6177056],[129.4100669,36.6176102],[129.410104,36.617511],[129.4102551,36.6176169],[129.410282,36.6176562],[129.4103721,36.6178834],[129.4103446,36.6179632],[129.4103207,36.6180618],[129.4103346,36.618301]]]]}},{"type":"Feature","properties":{"r":667,"k":0,"d":149.6},"geometry":{"type":"MultiPolygon","coordinates":[[[[129.4107929,36.6153252],[129.4108042,36.6152368],[129.4107999,36.6153262],[129.4107929,36.6153252]]]]}},{"type":"Feature","properties":{"r":427,"k":0,"d":99.1},"geometry":{"type":"MultiPolygon","coordinates":[[[[129.4121756,36.6121739],[129.4120835,36.6121704],[129.4121706,36.6118407],[129.4122224,36.6118484],[129.4121823,36.6120081],[129.4121756,36.6121739]]]]}},{"type":"Feature","properties":{"r":343,"k":0,"d":87.0},"geometry":{"type":"MultiPolygon","coordinates":[[[[129.411512,36.6153167],[129.4114911,36.6154173],[129.4113856,36.6154084],[129.4112911,36.615373],[129.4113771,36.6150189],[129.411377,36.6151652],[129.4114135,36.6152372],[129.4114777,36.6152979],[129.411512,36.6153167]]]]}},{"type":"Feature","properties":{"r":267,"k":0,"d":75.8},"geometry":{"type":"MultiPolygon","coordinates":[[[[129.4113179,36.621798],[129.4113418,36.6217956],[129.4113418,36.6218026],[129.4112986,36.6218066],[129.4112997,36.6218397],[129.411066,36.6218846],[129.41099,36.6218532],[129.4109421,36.6218129],[129.4109477,36.6217819],[129.410938,36.6217189],[129.4109681,36.621659],[129.4110298,36.6216355],[129.411074,36.6217224],[129.4110066,36.62173],[129.4110093,36.6217776],[129.4111115,36.6217628],[129.4110962,36.6217195],[129.4111979,36.6216778],[129.4112244,36.6216995],[129.4112352,36.6217365],[129.4112591,36.621782],[129.4112954,36.6217869],[129.4113179,36.621798]]]]}},{"type":"Feature","properties":{"r":160,"k":0,"d":51.4},"geometry":{"type":"MultiPolygon","coordinates":[[[[129.4115736,36.620222],[129.4116862,36.6201487],[129.4116933,36.6202908],[129.4116223,36.6202813],[129.4115994,36.6202678],[129.4115956,36.620264],[129.4115824,36.6202445],[129.4115736,36.620222]]]]}},{"type":"Feature","properties":{"r":788,"k":0,"d":174.1},"geometry":{"type":"MultiPolygon","coordinates":[[[[129.4093946,36.6214004],[129.4094383,36.6213131],[129.4094656,36.6213007],[129.4094956,36.621266],[129.4095317,36.6212409],[129.4096549,36.6212423],[129.4096598,36.6212084],[129.4098188,36.6211511],[129.4099754,36.6210843],[129.4101192,36.6210581],[129.4101956,36.6210656],[129.4102123,36.6210368],[129.4102731,36.6210867],[129.4101841,36.6211723],[129.4100562,36.6212243],[129.4100285,36.6212067],[129.4098053,36.6212639],[129.4097546,36.621336],[129.4097146,36.6213973],[129.4096625,36.6214584],[129.4095733,36.6215189],[129.409536,36.6215415],[129.4095244,36.621672],[129.4094541,36.621709],[129.4093769,36.6217658],[129.4093331,36.621762],[129.4093449,36.621671],[129.4093827,36.6216475],[129.4094791,36.621521],[129.4095765,36.6214433],[129.4096851,36.621318],[129.409622,36.6213411],[129.4095487,36.6214168],[129.40943,36.621498],[129.4093499,36.621588],[129.4093682,36.621453],[129.4093946,36.6214004]]]]}},{"type":"Feature","properties":{"r":520,"k":0,"d":115.8},"geometry":{"type":"MultiPolygon","coordinates":[[[[129.4107235,36.6183773],[129.4106976,36.6182885],[129.4107073,36.6182566],[129.4107354,36.618324],[129.4107235,36.6183773]]]]}},{"type":"Feature","properties":{"r":387,"k":0,"d":94.7},"geometry":{"type":"MultiPolygon","coordinates":[[[[129.410827,36.6186854],[129.4108189,36.6185853],[129.4108214,36.618462],[129.4108769,36.6184217],[129.4108438,36.6185267],[129.4108388,36.6185976],[129.4108467,36.6186217],[129.4109398,36.6187529],[129.4108972,36.6187195],[129.410827,36.6186854]]]]}},{"type":"Feature","properties":{"r":323,"k":0,"d":84.8},"geometry":{"type":"MultiPolygon","coordinates":[[[[129.4124552,36.6114552],[129.4125178,36.6112907],[129.4125114,36.6112891],[129.412453,36.6112956],[129.4124649,36.6112563],[129.4124841,36.6112542],[129.4125801,36.611085],[129.4125862,36.6109808],[129.4127061,36.6105433],[129.4126835,36.6104556],[129.4127735,36.6105042],[129.4127594,36.610541],[129.4127056,36.6107414],[129.4126791,36.6108784],[129.4126251,36.6110969],[129.4126216,36.6111042],[129.4125621,36.6113019],[129.4124962,36.6114615],[129.4124552,36.6114552]]]]}},{"type":"Feature","properties":{"r":44,"k":0,"d":25.8},"geometry":{"type":"MultiPolygon","coordinates":[[[[129.4118044,36.6174657],[129.4118097,36.6171616],[129.4118396,36.6171647],[129.4118507,36.6174579],[129.4118044,36.6174657]]]]}},{"type":"Feature","properties":{"r":382,"k":0,"d":93.5},"geometry":{"type":"MultiPolygon","coordinates":[[[[129.4127023,36.6103751],[129.4127096,36.6102864],[129.4127429,36.6101926],[129.4128039,36.6100233],[129.41283,36.6099533],[129.4128718,36.6099083],[129.4128921,36.6099104],[129.4127266,36.610394],[129.4127023,36.6103751]]]]}},{"type":"Feature","properties":{"r":190,"k":0,"d":58.5},"geometry":{"type":"MultiPolygon","coordinates":[[[[129.4113123,36.6224775],[129.4112826,36.6224113],[129.4112679,36.6223359],[129.4112735,36.6222685],[129.4114162,36.6222414],[129.4114156,36.622287],[129.41146,36.6223935],[129.4114407,36.6224299],[129.4113123,36.6224775]]]]}},{"type":"Feature","properties":{"r":120,"k":0,"d":44.3},"geometry":{"type":"MultiPolygon","coordinates":[[[[129.4116094,36.6220266],[129.4115505,36.6220316],[129.4115357,36.6218343],[129.4115583,36.6218109],[129.4116302,36.6217997],[129.4116381,36.6218956],[129.4115982,36.6219095],[129.4116094,36.6220266]]]]}},{"type":"Feature","properties":{"r":703,"k":0,"d":157.7},"geometry":{"type":"MultiPolygon","coordinates":[[[[129.4100358,36.6219532],[129.4100445,36.6219184],[129.4100292,36.6216548],[129.4100485,36.6215869],[129.4101085,36.6216095],[129.4102124,36.621675],[129.4103051,36.6217384],[129.410366,36.6218236],[129.4102715,36.6218454],[129.4102092,36.6218991],[129.4100478,36.6219521],[129.4100358,36.6219532]]]]}},{"type":"Feature","properties":{"r":471,"k":0,"d":105.6},"geometry":{"type":"MultiPolygon","coordinates":[[[[129.410872,36.6219492],[129.4108515,36.6218619],[129.4108369,36.6217517],[129.4108305,36.6216736],[129.4107504,36.6216237],[129.4107774,36.6215759],[129.4109958,36.621577],[129.4110298,36.6216355],[129.4109681,36.621659],[129.410938,36.6217189],[129.4109477,36.6217819],[129.4109288,36.6218939],[129.410872,36.6219492]]]]}},{"type":"Feature","properties":{"r":652,"k":0,"d":146.4},"geometry":{"type":"MultiPolygon","coordinates":[[[[129.4104514,36.6215542],[129.410405,36.6215009],[129.4103717,36.6214349],[129.410293,36.6211813],[129.4103305,36.6211123],[129.4104247,36.621164],[129.4104768,36.6211164],[129.4105126,36.6211444],[129.4105237,36.6212203],[129.4105773,36.6214066],[129.410503,36.6214813],[129.4104514,36.6215542]]]]}},{"type":"Feature","properties":{"r":279,"k":0,"d":78.6},"geometry":{"type":"MultiPolygon","coordinates":[[[[129.4112205,36.621212],[129.4110868,36.6212462],[129.4110468,36.6212132],[129.411049,36.6211678],[129.4110589,36.6211476],[129.4111058,36.6211193],[129.4111368,36.6210858],[129.4111711,36.6211006],[129.4112116,36.6210884],[129.4112936,36.6210948],[129.4113409,36.6210923],[129.4113122,36.6211318],[129.4112347,36.62116],[129.4112205,36.621212]]]]}},{"type":"Feature","properties":{"r":570,"k":0,"d":127.9},"geometry":{"type":"MultiPolygon","coordinates":[[[[129.4132506,36.6076383],[129.4132378,36.6076387],[129.4132188,36.6076052],[129.4132176,36.607585],[129.4131967,36.6075281],[129.413218,36.6075206],[129.4132364,36.6075915],[129.4132506,36.6076383]]]]}},{"type":"Feature","properties":{"r":789,"k":0,"d":174.3},"geometry":{"type":"MultiPolygon","coordinates":[[[[129.410745,36.6140975],[129.4106857,36.6140575],[129.4106772,36.6140322],[129.4107874,36.6137784],[129.4108206,36.6137167],[129.4108138,36.6136431],[129.4108335,36.613539],[129.4108319,36.613723],[129.4107929,36.6138996],[129.4107934,36.6139967],[129.4107829,36.6140951],[129.410745,36.6140975]]]]}},{"type":"Feature","properties":{"r":866,"k":0,"d":191.1},"geometry":{"type":"MultiPolygon","coordinates":[[[[129.4118798,36.6072576],[129.4118904,36.6072534],[129.4120222,36.6072198],[129.4120809,36.6072124],[129.4124419,36.6071037],[129.4127158,36.6070156],[129.412767,36.6071041],[129.4126731,36.607133],[129.4123595,36.6072366],[129.4121046,36.6072981],[129.4119169,36.6073481],[129.4118883,36.6072731],[129.4118798,36.6072576]]]]}},{"type":"Feature","properties":{"r":396,"k":0,"d":95.4},"geometry":{"type":"MultiPolygon","coordinates":[[[[129.4121534,36.6122884],[129.4121772,36.6123044],[129.4121003,36.6124524],[129.4121534,36.6122884]]]]}},{"type":"Feature","properties":{"r":756,"k":0,"d":165.7},"geometry":{"type":"MultiPolygon","coordinates":[[[[129.413023,36.6070228],[129.4131159,36.606992],[129.4130643,36.6070995],[129.413023,36.6070228]]]]}},{"type":"Feature","properties":{"r":761,"k":0,"d":167.1},"geometry":{"type":"MultiPolygon","coordinates":[[[[129.4120282,36.6247976],[129.411983,36.6247958],[129.4119387,36.6248392],[129.4119072,36.6248184],[129.4119331,36.6247621],[129.4118936,36.6247193],[129.4118838,36.6246507],[129.411936,36.6246015],[129.4120496,36.6245814],[129.4120753,36.6245869],[129.4121447,36.6245816],[129.4122179,36.6247434],[129.4121169,36.624786],[129.4120282,36.6247976]]]]}},{"type":"Feature","properties":{"r":832,"k":0,"d":183.4},"geometry":{"type":"MultiPolygon","coordinates":[[[[129.4134306,36.6053795],[129.4135673,36.6053176],[129.413685,36.6056144],[129.4135079,36.6057274],[129.413461,36.605604],[129.4134062,36.6053963],[129.4134306,36.6053795]]]]}},{"type":"Feature","properties":{"r":366,"k":0,"d":90.7},"geometry":{"type":"MultiPolygon","coordinates":[[[[129.4132508,36.6089596],[129.413342,36.6086495],[129.4133858,36.608652],[129.413331,36.6089612],[129.4132508,36.6089596]]]]}},{"type":"Feature","properties":{"r":441,"k":0,"d":100.9},"geometry":{"type":"MultiPolygon","coordinates":[[[[129.4121967,36.6238626],[129.4122117,36.6238935],[129.4121394,36.6238892],[129.4120879,36.6238432],[129.4121281,36.6238487],[129.4121967,36.6238626]]]]}},{"type":"Feature","properties":{"r":20,"k":0,"d":16.7},"geometry":{"type":"MultiPolygon","coordinates":[[[[129.4124042,36.6148164],[129.4123647,36.6148179],[129.4123847,36.6147254],[129.4123875,36.6147284],[129.4124042,36.6148164]]]]}},{"type":"Feature","properties":{"r":608,"k":0,"d":136.5},"geometry":{"type":"MultiPolygon","coordinates":[[[[129.4107494,36.6164028],[129.4107492,36.6164493],[129.4107433,36.6165645],[129.4107311,36.6165693],[129.4106658,36.6165068],[129.4106854,36.6164385],[129.4107313,36.616383],[129.4107494,36.6164028]]]]}},{"type":"Feature","properties":{"r":551,"k":0,"d":125.3},"geometry":{"type":"MultiPolygon","coordinates":[[[[129.4112457,36.6143611],[129.4112331,36.6143538],[129.4111931,36.6143195],[129.41122,36.6133765],[129.4112402,36.6133124],[129.4112809,36.6131644],[129.4114453,36.6131563],[129.4113589,36.6132305],[129.4113273,36.6136525],[129.4113167,36.6139704],[129.4112978,36.6139794],[129.4112764,36.6143459],[129.4112457,36.6143611]]]]}},{"type":"Feature","properties":{"r":692,"k":0,"d":155.1},"geometry":{"type":"MultiPolygon","coordinates":[[[[129.4119696,36.6105973],[129.4118937,36.6107205],[129.4118755,36.6107438],[129.4119165,36.6104995],[129.4119266,36.6103776],[129.4119609,36.6104826],[129.4119696,36.6105973]]]]}},{"type":"Feature","properties":{"r":688,"k":0,"d":153.3},"geometry":{"type":"MultiPolygon","coordinates":[[[[129.41122,36.6133765],[129.4112262,36.6131615],[129.4112539,36.6131657],[129.4112809,36.6131644],[129.4112402,36.6133124],[129.41122,36.6133765]]]]}},{"type":"Feature","properties":{"r":368,"k":0,"d":91.1},"geometry":{"type":"MultiPolygon","coordinates":[[[[129.4142245,36.6064682],[129.4142295,36.6063993],[129.4142685,36.6063628],[129.414306,36.6062836],[129.4143112,36.6062747],[129.4142739,36.6064011],[129.4142245,36.6064682]]]]}},{"type":"Feature","properties":{"r":550,"k":0,"d":125.1},"geometry":{"type":"MultiPolygon","coordinates":[[[[129.4117273,36.6238631],[129.4115425,36.6238868],[129.4115425,36.6237962],[129.41156,36.623743],[129.4117081,36.6237624],[129.41173,36.6238031],[129.4117361,36.6238406],[129.4117268,36.6238442],[129.4117273,36.6238631]]]]}},{"type":"Feature","properties":{"r":359,"k":0,"d":89.7},"geometry":{"type":"MultiPolygon","coordinates":[[[[129.4124066,36.6114482],[129.412453,36.6112956],[129.4125114,36.6112891],[129.4125178,36.6112907],[129.4124552,36.6114552],[129.4124066,36.6114482]]]]}},{"type":"Feature","properties":{"r":210,"k":0,"d":65.4},"geometry":{"type":"MultiPolygon","coordinates":[[[[129.4121135,36.6234506],[129.4120583,36.6234746],[129.4119684,36.6235067],[129.4119397,36.6235064],[129.4119357,36.6234612],[129.4118977,36.6234235],[129.4118955,36.6234057],[129.4119231,36.6233454],[129.4119345,36.6233053],[129.4119866,36.6232956],[129.4119578,36.623202],[129.4119647,36.6231991],[129.4120054,36.6232901],[129.4120855,36.6234266],[129.4121135,36.6234506]]]]}},{"type":"Feature","properties":{"r":57,"k":0,"d":29.8},"geometry":{"type":"MultiPolygon","coordinates":[[[[129.4118396,36.6171647],[129.4118097,36.6171616],[129.4118107,36.6170665],[129.4118468,36.6170608],[129.4118396,36.6171647]]]]}},{"type":"Feature","properties":{"r":11,"k":0,"d":12.0},"geometry":{"type":"MultiPolygon","coordinates":[[[[129.4118468,36.6170608],[129.4118734,36.6164822],[129.4118863,36.6161046],[129.4119726,36.6161205],[129.4120288,36.6159957],[129.41204,36.6159012],[129.4122442,36.6159093],[129.4121271,36.616169],[129.4120929,36.6165026],[129.4120322,36.6168329],[129.4119231,36.6169419],[129.4119178,36.6170519],[129.4118468,36.6170608]]]]}},{"type":"Feature","properties":{"r":313,"k":0,"d":83.1},"geometry":{"type":"MultiPolygon","coordinates":[[[[129.4130079,36.609749],[129.4131184,36.6094061],[129.4131814,36.6094228],[129.4130671,36.6097662],[129.4130373,36.6097586],[129.4130079,36.609749]]]]}},{"type":"Feature","properties":{"r":324,"k":0,"d":84.9},"geometry":{"type":"MultiPolygon","coordinates":[[[[129.4131184,36.6094061],[129.4132361,36.6090613],[129.4132972,36.6090728],[129.4131814,36.6094228],[129.4131184,36.6094061]]]]}},{"type":"Feature","properties":{"r":127,"k":0,"d":45.5},"geometry":{"type":"MultiPolygon","coordinates":[[[[129.4117145,36.6208412],[129.4116911,36.6208487],[129.4115609,36.6208504],[129.4114883,36.6208059],[129.4115661,36.6207132],[129.4115725,36.6207281],[129.4117114,36.6207205],[129.4117145,36.6208412]]]]}},{"type":"Feature","properties":{"r":255,"k":0,"d":74.1},"geometry":{"type":"MultiPolygon","coordinates":[[[[129.411283,36.6201285],[129.4113343,36.6201054],[129.4113386,36.6201193],[129.4114188,36.6201237],[129.4114391,36.6201714],[129.4114377,36.6201934],[129.4114085,36.6202795],[129.4113545,36.6202617],[129.4112968,36.6202236],[129.4112824,36.6201776],[129.411283,36.6201285]]]]}},{"type":"Feature","properties":{"r":128,"k":0,"d":45.6},"geometry":{"type":"MultiPolygon","coordinates":[[[[129.4115687,36.6195255],[129.4114858,36.6195723],[129.411475,36.6193071],[129.4115058,36.6193038],[129.4115748,36.6194569],[129.4115687,36.6195255]]]]}},{"type":"Feature","properties":{"r":3,"k":0,"d":0.0},"geometry":{"type":"MultiPolygon","coordinates":[[[[129.4118439,36.6194227],[129.411833,36.6190323],[129.4120699,36.6190186],[129.4119639,36.6194073],[129.4118439,36.6194227]]]]}},{"type":"Feature","properties":{"r":124,"k":0,"d":45.0},"geometry":{"type":"MultiPolygon","coordinates":[[[[129.411475,36.6193071],[129.4113341,36.6193221],[129.4113253,36.619207],[129.4114821,36.6191871],[129.411509,36.6192609],[129.4115058,36.6193038],[129.411475,36.6193071]]]]}},{"type":"Feature","properties":{"r":181,"k":0,"d":56.4},"geometry":{"type":"MultiPolygon","coordinates":[[[[129.411179,36.6189788],[129.4111731,36.6189618],[129.4111903,36.618957],[129.4113539,36.618916],[129.411358,36.6189221],[129.411179,36.6189788]]]]}},{"type":"Feature","properties":{"r":795,"k":0,"d":175.0},"geometry":{"type":"MultiPolygon","coordinates":[[[[129.4120529,36.6248455],[129.4120181,36.6248837],[129.4119857,36.6249262],[129.4119627,36.6249647],[129.4118966,36.6249487],[129.4118215,36.6248458],[129.4116926,36.6246838],[129.4118057,36.6246299],[129.4117978,36.6245743],[129.4118103,36.6245137],[129.4118583,36.6245137],[129.4118903,36.6245801],[129.4119287,36.6246084],[129.4118838,36.6246507],[129.4118936,36.6247193],[129.4119331,36.6247621],[129.4119072,36.6248184],[129.4119387,36.6248392],[129.411983,36.6247958],[129.4120282,36.6247976],[129.4120529,36.6248455]]]]}},{"type":"Feature","properties":{"r":778,"k":0,"d":171.4},"geometry":{"type":"MultiPolygon","coordinates":[[[[129.4113113,36.6240315],[129.4112792,36.6241008],[129.4112828,36.6241375],[129.4112346,36.6241744],[129.4111745,36.6240696],[129.4111637,36.6239579],[129.4111725,36.6239675],[129.4113113,36.6240315]]]]}},{"type":"Feature","properties":{"r":571,"k":0,"d":128.1},"geometry":{"type":"MultiPolygon","coordinates":[[[[129.4107077,36.6204698],[129.4107174,36.6204657],[129.41079,36.6204548],[129.4107983,36.6205029],[129.4107613,36.6205044],[129.4106772,36.620528],[129.4106759,36.6205055],[129.4107077,36.6204698]]]]}},{"type":"Feature","properties":{"r":862,"k":0,"d":189.5},"geometry":{"type":"MultiPolygon","coordinates":[[[[129.4100967,36.6208094],[129.4100537,36.6207677],[129.4101071,36.6207848],[129.4100967,36.6208094]]]]}},{"type":"Feature","properties":{"r":614,"k":0,"d":136.9},"geometry":{"type":"MultiPolygon","coordinates":[[[[129.4106023,36.6174166],[129.4105693,36.617409],[129.4104569,36.6173974],[129.4103821,36.6172589],[129.4103782,36.6172206],[129.4104875,36.617226],[129.4105972,36.6172414],[129.4105702,36.6172916],[129.4106211,36.6173204],[129.4106023,36.6174166]]]]}},{"type":"Feature","properties":{"r":672,"k":0,"d":150.6},"geometry":{"type":"MultiPolygon","coordinates":[[[[129.4110337,36.6141799],[129.4110122,36.61416],[129.4110083,36.6141308],[129.4110353,36.6141009],[129.4110391,36.6140871],[129.4110337,36.6141799]]]]}},{"type":"Feature","properties":{"r":39,"k":0,"d":23.2},"geometry":{"type":"MultiPolygon","coordinates":[[[[129.4137023,36.6099134],[129.4136618,36.6100385],[129.4134382,36.6100134],[129.4135455,36.6096947],[129.4136115,36.6097125],[129.4137618,36.6097411],[129.4137023,36.6099134]]]]}},{"type":"Feature","properties":{"r":860,"k":0,"d":188.3},"geometry":{"type":"MultiPolygon","coordinates":[[[[129.4096807,36.6196778],[129.4097228,36.6196649],[129.4097476,36.6196123],[129.4097781,36.6195802],[129.409831,36.6195837],[129.4098366,36.6196814],[129.4097999,36.6197264],[129.4098063,36.6198797],[129.4098393,36.6198655],[129.4099615,36.619936],[129.4100238,36.6199325],[129.4100757,36.6199657],[129.4100656,36.6200411],[129.4101026,36.6201205],[129.4101182,36.6201318],[129.4101277,36.6204313],[129.4100202,36.6204074],[129.4098536,36.6203995],[129.4098374,36.6204476],[129.40974,36.6204622],[129.4096461,36.6204633],[129.4096542,36.620426],[129.4096636,36.6203103],[129.4097389,36.6202694],[129.4099086,36.6202377],[129.4099694,36.6200864],[129.4099229,36.6200142],[129.4098223,36.62],[129.4096867,36.619886],[129.4096751,36.6198821],[129.4096576,36.6197616],[129.4096885,36.6197302],[129.4096807,36.6196778]]]]}},{"type":"Feature","properties":{"r":733,"k":0,"d":162.0},"geometry":{"type":"MultiPolygon","coordinates":[[[[129.4109587,36.623874],[129.4109593,36.6238098],[129.4110334,36.6238114],[129.4110859,36.6237804],[129.4111029,36.6237483],[129.4111565,36.6238768],[129.4111637,36.6239579],[129.4111309,36.6239223],[129.4109587,36.623874]]]]}},{"type":"Feature","properties":{"r":272,"k":0,"d":76.9},"geometry":{"type":"MultiPolygon","coordinates":[[[[129.4125156,36.6239391],[129.4124998,36.6239267],[129.412484,36.6238278],[129.4124922,36.6238092],[129.4125002,36.6237949],[129.4125159,36.6239271],[129.4125156,36.6239391]]]]}},{"type":"Feature","properties":{"r":9,"k":0,"d":10.7},"geometry":{"type":"MultiPolygon","coordinates":[[[[129.4134212,36.6111331],[129.4134509,36.6109994],[129.4134901,36.6110069],[129.4134771,36.6111411],[129.4134212,36.6111331]]]]}},{"type":"Feature","properties":{"r":373,"k":0,"d":92.0},"geometry":{"type":"MultiPolygon","coordinates":[[[[129.4126561,36.6107251],[129.4126223,36.6107082],[129.4126945,36.6104984],[129.4127061,36.6105433],[129.4126561,36.6107251]]]]}},{"type":"Feature","properties":{"r":500,"k":0,"d":111.4},"geometry":{"type":"MultiPolygon","coordinates":[[[[129.4111004,36.623047],[129.4108354,36.6229738],[129.410808,36.6228514],[129.4107971,36.6228177],[129.4108925,36.6227944],[129.4110151,36.6228459],[129.4110254,36.6228451],[129.411065,36.6229679],[129.4111004,36.623047]]]]}},{"type":"Feature","properties":{"r":370,"k":0,"d":91.7},"geometry":{"type":"MultiPolygon","coordinates":[[[[129.4127511,36.610413],[129.4127266,36.610394],[129.4128921,36.6099104],[129.4129115,36.6099124],[129.4127511,36.610413]]]]}},{"type":"Feature","properties":{"r":493,"k":0,"d":109.7},"geometry":{"type":"MultiPolygon","coordinates":[[[[129.4107728,36.6227329],[129.4107254,36.6225556],[129.4109093,36.622522],[129.4109358,36.6226153],[129.4110126,36.6228027],[129.4108425,36.6227359],[129.4107728,36.6227329]]]]}},{"type":"Feature","properties":{"r":231,"k":0,"d":69.6},"geometry":{"type":"MultiPolygon","coordinates":[[[[129.4114837,36.6227533],[129.411486,36.6227802],[129.4113911,36.6227643],[129.4112735,36.6227423],[129.4112227,36.6226561],[129.4113771,36.6226003],[129.4114104,36.6226636],[129.4114837,36.6227533]]]]}},{"type":"Feature","properties":{"r":809,"k":0,"d":178.4},"geometry":{"type":"MultiPolygon","coordinates":[[[[129.4117637,36.6098831],[129.4117853,36.6096482],[129.4117017,36.609498],[129.4117094,36.6094362],[129.4117734,36.6093926],[129.4118882,36.6094361],[129.4118981,36.6094378],[129.4119217,36.6096259],[129.4119289,36.6098983],[129.4118121,36.6098916],[129.4117637,36.6098831]]]]}},{"type":"Feature","properties":{"r":405,"k":0,"d":96.4},"geometry":{"type":"MultiPolygon","coordinates":[[[[129.4128315,36.6095049],[129.4128334,36.6094471],[129.4129068,36.60935],[129.4130139,36.6093781],[129.4130036,36.6095299],[129.4128315,36.6095049]]]]}},{"type":"Feature","properties":{"r":105,"k":0,"d":42.4},"geometry":{"type":"MultiPolygon","coordinates":[[[[129.411669,36.6217946],[129.4116656,36.6217546],[129.4117412,36.6217507],[129.4117433,36.6217847],[129.411669,36.6217946]]]]}},{"type":"Feature","properties":{"r":302,"k":0,"d":81.6},"geometry":{"type":"MultiPolygon","coordinates":[[[[129.4116213,36.6150173],[129.4116255,36.6145805],[129.4117095,36.614563],[129.4116609,36.6148459],[129.4116213,36.6150173]]]]}},{"type":"Feature","properties":{"r":220,"k":0,"d":68.0},"geometry":{"type":"MultiPolygon","coordinates":[[[[129.4117672,36.6148416],[129.4117679,36.6145627],[129.4118201,36.6145625],[129.4118176,36.6148395],[129.4117672,36.6148416]]]]}},{"type":"Feature","properties":{"r":232,"k":0,"d":69.6},"geometry":{"type":"MultiPolygon","coordinates":[[[[129.4112116,36.6210884],[129.4112422,36.6209621],[129.4113042,36.6209155],[129.4114078,36.6209393],[129.4114067,36.6209953],[129.4114197,36.6210242],[129.4114414,36.6210817],[129.4113409,36.6210923],[129.4112936,36.6210948],[129.4112116,36.6210884]]]]}},{"type":"Feature","properties":{"r":469,"k":0,"d":105.4},"geometry":{"type":"MultiPolygon","coordinates":[[[[129.4131989,36.6081316],[129.4131739,36.6080658],[129.4132098,36.6080574],[129.4132272,36.6081326],[129.4132666,36.608232],[129.413266,36.6083964],[129.4132279,36.6084391],[129.4131771,36.6084671],[129.4131989,36.6081316]]]]}},{"type":"Feature","properties":{"r":24,"k":0,"d":17.7},"geometry":{"type":"MultiPolygon","coordinates":[[[[129.4127062,36.6136078],[129.4125851,36.6135809],[129.4126388,36.613412],[129.41263,36.6132918],[129.412775,36.6133099],[129.4127453,36.6134829],[129.4127062,36.6136078]]]]}},{"type":"Feature","properties":{"r":646,"k":0,"d":144.4},"geometry":{"type":"MultiPolygon","coordinates":[[[[129.4130759,36.607535],[129.4130157,36.6073615],[129.4130713,36.6073378],[129.4130853,36.6074159],[129.4131107,36.6075197],[129.4130759,36.607535]]]]}},{"type":"Feature","properties":{"r":468,"k":0,"d":105.4},"geometry":{"type":"MultiPolygon","coordinates":[[[[129.4109551,36.6206639],[129.4109135,36.6206736],[129.4108201,36.6206512],[129.4108201,36.6205102],[129.4107983,36.6205029],[129.41079,36.6204548],[129.4108302,36.6204488],[129.4110032,36.6204577],[129.4110528,36.6204734],[129.4109816,36.6206294],[129.4109551,36.6206639]]]]}},{"type":"Feature","properties":{"r":804,"k":0,"d":177.7},"geometry":{"type":"MultiPolygon","coordinates":[[[[129.4102167,36.6206155],[129.41012,36.6206053],[129.4101215,36.6205745],[129.4102432,36.6205519],[129.4102167,36.6206155]]]]}},{"type":"Feature","properties":{"r":195,"k":0,"d":59.6},"geometry":{"type":"MultiPolygon","coordinates":[[[[129.4114024,36.6204316],[129.411352,36.6203675],[129.4113865,36.6202985],[129.4115019,36.6203085],[129.411579,36.620391],[129.4114024,36.6204316]]]]}},{"type":"Feature","properties":{"r":307,"k":0,"d":82.2},"geometry":{"type":"MultiPolygon","coordinates":[[[[129.4122702,36.6123145],[129.4123594,36.6120267],[129.4124,36.612031],[129.4123012,36.6123348],[129.4122813,36.6123309],[129.4122702,36.6123145]]]]}},{"type":"Feature","properties":{"r":722,"k":0,"d":160.5},"geometry":{"type":"MultiPolygon","coordinates":[[[[129.4130598,36.6071088],[129.4131159,36.606992],[129.4131462,36.6069815],[129.4131611,36.607008],[129.4131303,36.6071007],[129.4130598,36.6071088]]]]}},{"type":"Feature","properties":{"r":268,"k":0,"d":75.9},"geometry":{"type":"MultiPolygon","coordinates":[[[[129.4124,36.612031],[129.4124439,36.6118808],[129.4125116,36.6118912],[129.4124641,36.6120378],[129.4124,36.612031]]]]}},{"type":"Feature","properties":{"r":708,"k":0,"d":158.4},"geometry":{"type":"MultiPolygon","coordinates":[[[[129.411936,36.6246015],[129.4119206,36.6245357],[129.4118627,36.6245136],[129.4118986,36.6244919],[129.4119622,36.624438],[129.4120071,36.6244165],[129.4120373,36.6244953],[129.4120496,36.6245814],[129.411936,36.6246015]]]]}},{"type":"Feature","properties":{"r":886,"k":0,"d":198.0},"geometry":{"type":"MultiPolygon","coordinates":[[[[129.4107061,36.6244217],[129.4106993,36.6244125],[129.4105014,36.623963],[129.4106231,36.6239295],[129.4106604,36.6239006],[129.4107057,36.6238993],[129.4107584,36.6239324],[129.4107264,36.6240074],[129.4107714,36.6240329],[129.4108384,36.6240126],[129.4108599,36.6241708],[129.4108776,36.6242474],[129.4109919,36.6243392],[129.4108087,36.6244108],[129.4107061,36.6244217]]]]}},{"type":"Feature","properties":{"r":891,"k":0,"d":199.1},"geometry":{"type":"MultiPolygon","coordinates":[[[[129.4116268,36.6250746],[129.4115347,36.6249969],[129.4114767,36.6249616],[129.4114251,36.6249343],[129.4114272,36.6249096],[129.4114734,36.624828],[129.4114493,36.6247697],[129.4115705,36.6247059],[129.4116852,36.6246874],[129.4116926,36.6246838],[129.4118215,36.6248458],[129.4118966,36.6249487],[129.4118774,36.6249435],[129.4118133,36.624992],[129.411704,36.6250663],[129.4116268,36.6250746]]]]}},{"type":"Feature","properties":{"r":792,"k":0,"d":174.7},"geometry":{"type":"MultiPolygon","coordinates":[[[[129.4111695,36.6240203],[129.4111003,36.6240155],[129.4110853,36.6241242],[129.4110284,36.6241369],[129.4109889,36.6241213],[129.4109867,36.6240584],[129.4110132,36.6240471],[129.4110038,36.6240122],[129.4108724,36.6239498],[129.4108582,36.6238995],[129.4109587,36.623874],[129.4111309,36.6239223],[129.4111637,36.6239579],[129.4111695,36.6240203]]]]}},{"type":"Feature","properties":{"r":770,"k":0,"d":170.0},"geometry":{"type":"MultiPolygon","coordinates":[[[[129.4109593,36.6238098],[129.4108271,36.6238118],[129.4108604,36.6237776],[129.4110062,36.6237756],[129.4110334,36.6238114],[129.4109593,36.6238098]]]]}},{"type":"Feature","properties":{"r":505,"k":0,"d":113.0},"geometry":{"type":"MultiPolygon","coordinates":[[[[129.4109858,36.6166734],[129.4109678,36.6167458],[129.4109631,36.6167488],[129.4109756,36.6166137],[129.4109858,36.6166734]]]]}},{"type":"Feature","properties":{"r":531,"k":0,"d":118.3},"geometry":{"type":"MultiPolygon","coordinates":[[[[129.4109935,36.6162263],[129.410874,36.6162202],[129.4108416,36.6161914],[129.4108317,36.6161418],[129.4108347,36.6160766],[129.4108389,36.6158541],[129.4108876,36.6157462],[129.4108912,36.6157182],[129.411001,36.6157429],[129.410993,36.6160763],[129.4109935,36.6162263]]]]}}]}